data;horario;n_da_ocorrencia;tipo_de_ocorrencia;km;trecho;sentido;tipo_de_acidente;automovel;bicicleta;caminhao;moto;onibus;outros;tracao_animal;transporte_de_cargas_especiais;trator_maquinas;utilitarios;ilesos;levemente_feridos;moderadamente_feridos;gravemente_feridos;mortos
10/05/2017;14:49:00;327;Acidente sem vítima;296;BR-101/ES;Norte;Colisão Traseira;1;0;0;0;0;0;0;1;;;4;0;0;0;0
10/05/2017;15:00:00;332;Acidente sem vítima;384;BR-101/ES;Sul;Colisão Lateral;2;0;0;0;0;0;0;0;;;2;0;0;0;0
10/05/2017;15:08:00;334;Acidente com vítima;268;BR-101/ES;Norte;Colisão Lateral;1;0;0;1;0;0;0;0;;;2;0;2;0;0
10/05/2017;15:22:00;341;Acidente sem vítima;266;BR-101/ES;Norte;Engavetamento;2;0;1;0;0;0;0;0;;;4;0;0;0;0
10/05/2017;16:05:00;353;Acidente com vítima;91;BR-101/ES;Norte;Colisão Traseira;1;0;0;1;0;0;0;0;;;2;0;1;0;0
10/05/2017;19:13:00;411;Acidente com vítima;145;BR-101/ES;Sul;Colisão Lateral;1;0;1;1;0;0;0;0;;;2;0;1;0;0
10/05/2017;19:29:00;414;Acidente sem vítima;145,5;BR-101/ES;Sul;Colisão Traseira;1;0;0;1;0;0;0;0;;;2;0;0;0;0
10/05/2017;20:03:00;426;Acidente com vítima;67;BR-101/ES;Norte;Colisão Transversal;2;0;0;0;0;0;0;0;;;1;2;0;0;0
10/05/2017;21:50:00;479;Acidente sem vítima;140;BR-101/ES;Norte;Choque com Objeto Fixo;1;0;0;0;0;0;0;0;;;1;0;0;0;0
10/05/2017;22:37:00;486;Acidente sem vítima;109;BR-101/ES;Sul;Colisão Lateral;1;0;1;0;0;0;0;0;;;2;0;0;0;0
11/05/2017;07:58:00;127;Acidente sem vítima;287;BR-101/ES;Sul;Colisão Traseira;2;0;0;0;0;0;0;0;;;2;0;0;0;0
11/05/2017;08:02:00;130;Acidente sem vítima;176;BR-101/ES;Norte;Colisão Traseira;2;0;0;0;0;0;0;0;;;2;0;0;0;0
11/05/2017;09:23:00;155;Acidente sem vítima;266;BR-101/ES;Sul;Engavetamento;3;0;0;0;0;0;0;0;;;6;0;0;0;0
11/05/2017;13:46:00;310;Acidente sem vítima;230;BR-101/ES;Norte;Colisão Traseira;1;0;1;0;0;0;0;0;;;5;0;0;0;0
11/05/2017;15:33:00;341;Acidente sem vítima;399;BR-101/ES;Sul;Colisão Traseira;0;0;0;0;1;0;0;2;;;3;0;0;0;0
11/05/2017;17:51:00;375;Acidente sem vítima;400;BR-101/ES;Sul;Saída de Pista;1;0;0;0;0;0;0;0;;;1;0;0;0;0
11/05/2017;21:29:00;439;Acidente sem vítima;263;BR-101/ES;Sul;Colisão Traseira;1;0;1;0;0;0;0;0;;;2;0;0;0;0
11/05/2017;22:33:00;470;Acidente sem vítima;269;BR-101/ES;Norte;Engavetamento;3;0;0;0;0;0;0;0;;;3;0;0;0;0
12/05/2017;14:24:00;322;Acidente sem vítima;287;BR-101/ES;Sul;Colisão Traseira;1;0;0;0;0;0;0;2;;;3;0;0;0;0
12/05/2017;15:20:00;336;Acidente sem vítima;293;BR-101/ES;Sul;Colisão Traseira;2;0;0;0;0;0;0;0;;;3;0;0;0;0
12/05/2017;18:10:00;383;Acidente sem vítima;298;BR-101/ES;Sul;Engavetamento;3;0;1;0;0;0;0;0;;;8;0;0;0;0
12/05/2017;23:09:00;491;Acidente com vítima;147;BR-101/ES;Sul;Colisão Lateral;1;0;0;1;0;0;0;0;;;2;0;1;0;0
13/05/2017;00:01:00;2;Acidente sem vítima;266;BR-101/ES;Sul;Colisão Transversal;2;0;0;0;0;0;0;0;;;2;0;0;0;0
13/05/2017;07:04:00;111;Acidente sem vítima;242;BR-101/ES;Norte;Engavetamento;3;0;0;0;0;0;0;0;;;5;0;0;0;0
13/05/2017;07:48:00;146;Acidente sem vítima;290;BR-101/ES;Norte;Choque com Objeto Fixo;1;0;0;0;0;0;0;0;;;2;0;0;0;0
13/05/2017;08:23:00;166;Acidente com vítima;181;BR-101/ES;Sul;Colisão Transversal;1;0;0;1;0;0;0;0;;;2;0;1;1;0
13/05/2017;11:43:00;265;Acidente sem vítima;210;BR-101/ES;Sul;Choque com Veículo Estacionado;2;0;0;0;0;0;0;0;;;2;0;0;0;0
13/05/2017;13:18:00;298;Acidente sem vítima;295;BR-101/ES;Sul;Veículo em Chamas;1;0;0;0;0;0;0;0;;;1;0;0;0;0
13/05/2017;15:18:00;341;Acidente com vítima;256;BR-101/ES;Norte;Colisão Traseira;1;0;0;1;0;0;0;0;;;0;1;2;0;0
13/05/2017;15:38:00;353;Acidente sem vítima;366;BR-101/ES;Sul;Colisão Traseira;2;0;0;0;0;0;0;0;;;2;0;0;0;0
13/05/2017;15:52:00;356;Acidente sem vítima;267;BR-101/ES;Sul;Engavetamento;3;0;0;0;0;0;0;0;;;8;0;0;0;0
13/05/2017;16:11:00;363;Acidente com vítima;285;BR-101/ES;Sul;Colisão Traseira;0;0;1;0;0;0;0;2;;;1;0;1;0;0
13/05/2017;20:35:00;429;Acidente sem vítima;88;BR-101/ES;Norte;Queda de Moto;0;0;0;1;0;0;0;0;;;1;0;0;0;0
13/05/2017;21:14:00;439;Acidente sem vítima;284,5;BR-101/ES;Norte;Saída de Pista;0;0;0;0;0;0;0;2;;;1;0;0;0;0
13/05/2017;23:09:00;471;Acidente com vítima;204;BR-101/ES;Norte;Colisão Transversal;2;0;0;0;0;0;0;0;;;0;3;0;0;0
14/05/2017;00:25:00;10;Acidente com vítima;82;BR-101/ES;Sul;Capotamento;1;0;0;0;0;0;0;0;;;0;0;2;0;0
14/05/2017;10:40:00;189;Acidente com vítima;301;BR-101/ES;Sul;Colisão Traseira;1;0;0;1;0;0;0;0;;;1;0;2;0;0
14/05/2017;15:04:00;322;Acidente sem vítima;203;BR-101/ES;Sul;Queda de Moto;0;0;0;1;0;0;0;0;;;1;0;0;0;0
14/05/2017;15:43:00;334;Acidente com vítima;254;BR-101/ES;Sul;Engavetamento;3;0;0;0;0;0;0;0;;;8;0;1;0;0
14/05/2017;16:45:00;358;Acidente sem vítima;271;BR-101/ES;Sul;Colisão Transversal;2;0;0;0;0;0;0;0;;;3;0;0;0;0
14/05/2017;17:50:00;378;Acidente sem vítima;261;BR-101/ES;Sul;Colisão Traseira;2;0;0;0;0;0;0;0;;;3;0;0;0;0
14/05/2017;19:15:00;400;Acidente com vítima;94,8;BR-101/ES;Norte;Colisão Transversal;1;0;0;1;0;0;0;0;;;4;0;1;0;0
15/05/2017;04:14:00;81;Acidente sem vítima;278;BR-101/ES;Sul;Capotamento;1;0;0;0;0;0;0;0;;;1;0;0;0;0
15/05/2017;09:20:00;162;Acidente sem vítima;298;BR-101/ES;Norte;Engavetamento;3;0;0;0;0;0;0;0;;;3;0;0;0;0
15/05/2017;10:29:00;203;Acidente sem vítima;297;BR-101/ES;Sul;Engavetamento;2;0;1;0;0;0;0;0;;;4;0;0;0;0
15/05/2017;11:08:00;227;Acidente sem vítima;297;BR-101/ES;Norte;Colisão Traseira;1;0;0;1;0;0;0;0;;;4;0;0;0;0
15/05/2017;12:55:00;278;Acidente com vítima;267;BR-101/ES;Norte;Colisão Traseira;3;0;0;0;0;0;0;0;;;7;0;1;0;0
15/05/2017;13:27:00;289;Acidente sem vítima;266;BR-101/ES;Sul;Colisão Traseira;2;0;0;0;0;0;0;0;;;3;0;0;0;0
15/05/2017;19:49:00;388;Acidente com vítima;149;BR-101/ES;Sul;Colisão Traseira;1;0;0;1;0;0;0;0;;;1;1;0;0;0
15/05/2017;21:11:00;420;Acidente sem vítima;125;BR-101/ES;Norte;Colisão Traseira;1;0;1;0;0;0;0;0;;;3;0;0;0;0
16/05/2017;07:59:00;131;Acidente sem vítima;270;BR-101/ES;Sul;Colisão Lateral;1;0;0;0;0;0;0;2;;;2;0;0;0;0
16/05/2017;16:28:00;367;Acidente com vítima;368,5;BR-101/ES;Sul;Saída de Pista;1;0;0;0;0;0;0;0;;;1;1;0;0;0
16/05/2017;17:03:00;377;Acidente com vítima;270;BR-101/ES;Sul;Queda de Moto;0;0;0;1;0;0;0;0;;;0;1;0;0;0
16/05/2017;17:27:00;385;Acidente sem vítima;306;BR-101/ES;Sul;Colisão Transversal;1;0;0;0;0;0;0;2;;;2;0;0;0;0
16/05/2017;18:14:00;393;Acidente com vítima;282;BR-101/ES;Norte;Queda de Moto;0;0;0;1;0;0;0;0;;;0;0;1;0;0
16/05/2017;19:41:00;411;Acidente sem vítima;266;BR-101/ES;Sul;Queda de Moto;0;0;0;1;0;0;0;0;;;1;0;0;0;0
17/05/2017;06:57:00;113;Acidente sem vítima;242;BR-101/ES;Sul;Colisão Lateral;0;0;1;0;0;0;0;4;;;2;0;0;0;0
17/05/2017;08:19:00;140;Acidente com vítima;125;BR-101/ES;Sul;Colisão Transversal;2;0;0;0;0;0;0;0;;;1;0;1;0;0
17/05/2017;09:01:00;156;Acidente sem vítima;420;BR-101/ES;Norte;Colisão Traseira;0;0;0;0;0;0;0;4;;;3;0;0;0;0
17/05/2017;09:57:00;203;Acidente sem vítima;266;BR-101/ES;Sul;Colisão Traseira;2;0;0;0;0;0;0;0;;;2;0;0;0;0
17/05/2017;10:02:00;207;Acidente com vítima;947;BR-101/BA;Sul;Tombamento;0;0;0;0;0;0;0;2;;;0;1;0;0;0
17/05/2017;12:21:00;286;Acidente sem vítima;266;BR-101/ES;Norte;Veículo em Chamas;1;0;0;0;0;0;0;0;;;2;0;0;0;0
17/05/2017;13:14:00;309;Acidente com vítima;145;BR-101/ES;Norte;Colisão Transversal;1;0;1;0;0;0;0;0;;;1;0;1;0;0
17/05/2017;13:55:00;329;Acidente sem vítima;271;BR-101/ES;Sul;Saída de Pista;1;0;0;0;0;0;0;0;;;3;0;0;0;0
17/05/2017;18:46:00;396;Acidente sem vítima;236;BR-101/ES;Norte;Colisão Lateral;1;0;1;0;0;0;0;0;;;4;0;0;0;0
17/05/2017;18:53:00;398;Acidente com vítima;269;BR-101/ES;Sul;Colisão Transversal;1;0;0;1;0;0;0;0;;;3;0;1;0;0
17/05/2017;22:47:00;485;Acidente sem vítima;455;BR-101/ES;Sul;Saída de Pista;1;0;0;0;0;0;0;0;;;1;0;0;0;0
18/05/2017;05:27:00;99;Acidente com vítima;147;BR-101/ES;Sul;Colisão Lateral;1;0;1;0;0;0;0;0;;;2;1;0;0;0
18/05/2017;05:36:00;101;Acidente sem vítima;168;BR-101/ES;Sul;Colisão Lateral;1;0;1;0;0;0;0;0;;;2;0;0;0;0
18/05/2017;07:47:00;132;Acidente sem vítima;266;BR-101/ES;Sul;Colisão Lateral;1;0;1;0;0;0;0;0;;;2;0;0;0;0
18/05/2017;09:23:00;198;Acidente sem vítima;65;BR-101/ES;Sul;Colisão Lateral;1;0;2;0;0;0;0;0;;;3;0;0;0;0
18/05/2017;11:41:00;267;Acidente sem vítima;237;BR-101/ES;Norte;Choque com Objeto Fixo;0;0;0;0;0;0;0;2;;;1;0;0;0;0
18/05/2017;16:13:00;361;Acidente com vítima;357;BR-101/ES;Norte;Tombamento;0;0;0;0;0;0;0;2;;;0;1;0;0;0
18/05/2017;17:30:00;380;Acidente sem vítima;298;BR-101/ES;Norte;Engavetamento;3;0;0;0;0;0;0;0;;;3;0;0;0;0
18/05/2017;21:57:00;461;Acidente sem vítima;433;BR-101/ES;Sul;Colisão Traseira;0;0;2;0;0;0;0;0;;;2;0;0;0;0
19/05/2017;02:54:00;67;Acidente com vítima;240;BR-101/ES;Norte;Choque com Objeto Fixo;0;0;0;0;0;0;0;2;;;0;0;1;0;0
19/05/2017;06:15:00;96;Acidente com vítima;255;BR-101/ES;Sul;Colisão Transversal;0;0;0;0;1;0;0;1;;;1;1;0;0;0
19/05/2017;12:40:00;253;Acidente com vítima;402;BR-101/ES;Sul;Choque com Objeto Fixo;1;0;0;0;0;0;0;0;;;0;1;0;0;0
19/05/2017;12:57:00;263;Acidente sem vítima;207;BR-101/ES;Sul;Engavetamento;2;0;0;0;0;0;0;2;;;7;0;0;0;0
19/05/2017;13:51:00;284;Acidente sem vítima;240;BR-101/ES;Norte;Colisão Traseira;2;0;0;0;0;0;0;0;;;2;0;0;0;0
19/05/2017;16:04:00;335;Acidente sem vítima;67,7;BR-101/ES;Norte;Colisão Transversal;1;0;1;0;0;0;0;0;;;4;0;0;0;0
19/05/2017;16:36:00;351;Acidente sem vítima;147,8;BR-101/ES;Sul;Engavetamento;3;0;0;0;0;0;0;0;;;3;0;0;0;0
19/05/2017;17:45:00;372;Acidente sem vítima;288;BR-101/ES;Norte;Colisão Lateral;0;0;0;2;0;0;0;0;;;2;0;0;0;0
19/05/2017;18:20:00;380;Acidente com vítima;459;BR-101/ES;Sul;Saída de Pista;1;0;0;0;0;0;0;0;;;0;1;0;0;0
19/05/2017;18:50:00;384;Acidente com vítima;262;BR-101/ES;Norte;Queda de Moto;0;0;0;1;0;0;0;0;;;0;0;2;0;0
19/05/2017;19:39:00;403;Acidente sem vítima;345;BR-101/ES;Norte;Colisão Lateral;1;0;1;0;0;0;0;0;;;2;0;0;0;0
19/05/2017;20:08:00;411;Acidente sem vítima;271,5;BR-101/ES;Sul;Colisão Lateral;1;0;0;0;0;0;0;2;;;2;0;0;0;0
19/05/2017;20:24:00;418;Acidente com vítima;188;BR-101/ES;Sul;Queda de Moto;0;0;0;1;0;0;0;0;;;0;0;1;0;0
19/05/2017;21:26:00;442;Acidente com vítima;439;BR-101/ES;Norte;Colisão Transversal;1;0;1;0;0;0;0;0;;;1;0;1;0;0
19/05/2017;22:47:00;472;Acidente com vítima;299;BR-101/ES;Sul;Colisão Traseira;1;0;1;0;0;0;0;0;;;2;0;1;0;0
20/05/2017;06:20:00;113;Acidente com vítima;145,9;BR-101/ES;Sul;Colisão Transversal;2;0;0;0;0;0;0;0;;;0;1;1;0;0
20/05/2017;06:59:00;117;Acidente sem vítima;72,8;BR-101/ES;Sul;Veículo em Chamas;1;0;0;0;0;0;0;0;;;1;0;0;0;0
20/05/2017;09:36:00;183;Acidente sem vítima;292;BR-101/ES;Norte;Choque com Objeto Fixo;1;0;0;0;0;0;0;0;;;1;0;0;0;0
20/05/2017;10:28:00;212;Acidente sem vítima;147;BR-101/ES;Norte;Engavetamento;3;0;0;0;0;0;0;0;;;3;0;0;0;0
20/05/2017;13:13:00;309;Acidente com vítima;187;BR-101/ES;Sul;Queda de ciclista;0;1;0;0;0;0;0;0;;;0;0;1;0;0
20/05/2017;14:08:00;324;Acidente sem vítima;289;BR-101/ES;Norte;Colisão Traseira;1;0;1;0;0;0;0;0;;;5;0;0;0;0
20/05/2017;18:05:00;395;Atropelamento com morte;12;BR-101/ES;Norte;Atropelamento e Fuga;1;1;0;0;0;0;0;0;;;0;0;0;0;1
21/05/2017;00:15:00;4;Acidente sem vítima;299;BR-101/ES;Norte;Colisão Frontal;2;0;0;0;0;0;0;0;;;2;0;0;0;0
21/05/2017;01:31:00;27;Acidente com vítima;264;BR-101/ES;Norte;Colisão Transversal;1;0;0;1;0;0;0;0;;;1;0;0;1;0
21/05/2017;04:08:00;78;Atropelamento sem morte;287;BR-101/ES;Sul;Atropelamento;0;0;1;0;0;0;0;0;;;1;0;0;1;0
21/05/2017;10:14:00;169;Acidente sem vítima;266;BR-101/ES;Norte;Colisão Transversal;2;0;0;0;0;0;0;0;;;3;0;0;0;0
21/05/2017;11:27:00;200;Acidente com vítima;301;BR-101/ES;Sul;Choque com Objeto Fixo;1;0;0;0;0;0;0;0;;;0;0;1;0;0
21/05/2017;14:07:00;271;Acidente sem vítima;254;BR-101/ES;Norte;Saída de Pista;1;0;0;0;0;0;0;0;;;2;0;0;0;0
21/05/2017;14:40:00;282;Acidente com vítima;945;BR-101/BA;Sul;Saída de Pista;2;0;0;0;0;0;0;0;;;0;3;0;0;0
21/05/2017;15:48:00;297;Acidente com vítima;272;BR-101/ES;Norte;Choque com Objeto Fixo;1;0;0;0;0;0;0;0;;;0;0;1;0;0
21/05/2017;16:38:00;313;Acidente com vítima;144;BR-101/ES;Sul;Colisão Transversal;1;0;0;0;0;0;0;0;;;0;1;0;0;0
21/05/2017;16:54:00;317;Acidente sem vítima;206;BR-101/ES;Sul;Saída de Pista;1;0;0;0;0;0;0;0;;;3;0;0;0;0
21/05/2017;17:09:00;322;Acidente com morte;47,3;BR-101/ES;Norte;Colisão Frontal;2;0;0;0;0;0;0;0;;;0;0;1;2;1
21/05/2017;17:57:00;337;Acidente com vítima;252;BR-101/ES;Sul;Queda de ciclista;0;1;0;0;0;0;0;0;;;0;1;0;0;0
21/05/2017;18:12:00;340;Acidente sem vítima;275;BR-101/ES;Sul;Saída de Pista;1;0;0;0;0;0;0;0;;;1;0;0;0;0
21/05/2017;19:08:00;354;Acidente sem vítima;68,5;BR-101/ES;Sul;Colisão Transversal;2;0;0;0;0;0;0;0;;;2;0;0;0;0
21/05/2017;22:12:00;434;Acidente sem vítima;458;BR-101/ES;Sul;Tombamento;0;0;1;0;0;0;0;0;;;1;0;0;0;0
21/05/2017;23:57:00;460;Acidente sem vítima;266;BR-101/ES;Norte;Colisão Traseira;2;0;0;0;0;0;0;0;;;2;0;0;0;0
22/05/2017;06:01:00;100;Acidente sem vítima;286;BR-101/ES;Sul;Queda de Moto;0;0;0;1;0;0;0;0;;;1;0;0;0;0
22/05/2017;10:05:00;237;Acidente sem vítima;294;BR-101/ES;Norte;Colisão Traseira;1;0;1;0;0;0;0;0;;;2;0;0;0;0
22/05/2017;11:05:00;267;Acidente com vítima;315;BR-101/ES;Sul;Colisão Traseira;2;0;1;0;0;0;0;1;;;5;1;0;0;0
22/05/2017;12:15:00;311;Acidente com vítima;213;BR-101/ES;Sul;Queda de Moto;1;0;0;1;0;0;0;0;;;0;1;0;0;0
22/05/2017;14:52:00;375;Acidente sem vítima;195;BR-101/ES;Sul;Saída de Pista;1;0;0;0;0;0;0;0;;;1;0;0;0;0
22/05/2017;15:16:00;383;Acidente sem vítima;261;BR-101/ES;Sul;Choque;2;0;0;0;0;0;0;0;;;3;0;0;0;0
22/05/2017;16:47:00;418;Acidente sem vítima;273,5;BR-101/ES;Norte;Tombamento;1;0;0;0;0;0;0;0;;;1;0;0;0;0
22/05/2017;19:50:00;469;Acidente sem vítima;138;BR-101/ES;Sul;Colisão Traseira;1;0;1;0;0;0;0;2;;;2;0;0;0;0
22/05/2017;21:31:00;510;Acidente com vítima;351,5;BR-101/ES;Sul;Colisão Lateral;1;0;2;0;0;0;0;2;;;3;0;2;0;0
23/05/2017;07:39:00;124;Acidente com vítima;266;BR-101/ES;Sul;Colisão Lateral;1;0;0;1;0;0;0;0;;;1;0;1;0;0
23/05/2017;15:57:00;352;Acidente sem vítima;266;BR-101/ES;Sul;Colisão Lateral;1;0;0;0;0;0;0;1;;;2;0;0;0;0
23/05/2017;16:38:00;368;Acidente com vítima;376,8;BR-101/ES;Norte;Queda de Moto;0;0;0;1;0;0;0;0;;;0;0;1;0;0
23/05/2017;17:01:00;376;Acidente sem vítima;242;BR-101/ES;Sul;Colisão Traseira;0;0;0;0;1;0;0;2;;;21;0;0;0;0
23/05/2017;17:07:00;379;Acidente sem vítima;269;BR-101/ES;Norte;Colisão Transversal;1;0;0;1;0;0;0;0;;;2;0;0;0;0
23/05/2017;21:41:00;460;Acidente com vítima;244;BR-101/ES;Norte;Saída de Pista;0;0;1;0;0;0;0;0;;;0;1;0;0;0
24/05/2017;12:13:00;273;Acidente sem vítima;147;BR-101/ES;Sul;Colisão Traseira;2;0;0;0;0;0;0;0;;;2;0;0;0;0
24/05/2017;16:15:00;353;Acidente sem vítima;231;BR-101/ES;Sul;Colisão Lateral;0;0;1;0;1;0;0;1;;;2;0;0;0;0
24/05/2017;17:05:00;369;Acidente sem vítima;272;BR-101/ES;Norte;Colisão Lateral;2;0;0;0;0;0;0;0;;;2;0;0;0;0
24/05/2017;18:40:00;392;Acidente sem vítima;144;BR-101/ES;Norte;Colisão Traseira;1;0;0;0;1;0;0;0;;;2;0;0;0;0
25/05/2017;07:13:00;120;Acidente sem vítima;394;BR-101/ES;Norte;Choque com Objeto Fixo;0;0;0;0;0;0;0;3;;;2;0;0;0;0
25/05/2017;08:37:00;154;Acidente com vítima;265;BR-101/ES;Sul;Colisão Traseira;0;0;1;0;0;0;0;2;;;1;0;2;0;0
25/05/2017;18:48:00;421;Acidente com vítima;141;BR-101/ES;Sul;Queda de Moto;0;0;0;1;0;0;0;0;;;0;1;0;0;0
25/05/2017;20:24:00;448;Acidente sem vítima;288;BR-101/ES;Sul;Choque com Objeto Fixo;1;0;0;0;0;0;0;0;;;2;0;0;0;0
26/05/2017;12:51:00;271;Acidente sem vítima;298;BR-101/ES;Sul;Colisão Traseira;2;0;0;0;0;0;0;0;;;2;0;0;0;0
26/05/2017;13:16:00;283;Acidente sem vítima;292;BR-101/ES;Norte;Colisão Lateral;2;0;0;0;0;0;0;0;;;2;0;0;0;0
26/05/2017;14:41:00;313;Acidente sem vítima;253;BR-101/ES;Norte;Engavetamento;3;0;0;0;0;0;0;0;;;4;0;0;0;0
26/05/2017;17:45:00;372;Acidente sem vítima;68;BR-101/ES;Sul;Colisão Traseira;2;0;0;0;0;0;0;0;;;4;0;0;0;0
26/05/2017;18:51:00;390;Acidente com vítima;301;BR-101/ES;Norte;Colisão Traseira;1;0;0;1;0;0;0;0;;;3;0;2;0;0
26/05/2017;21:09:00;437;Acidente com vítima;144;BR-101/ES;Norte;Colisão Lateral;1;0;0;1;0;0;0;0;;;1;1;0;0;0
27/05/2017;01:03:00;22;Acidente com vítima;189;BR-101/ES;Sul;Colisão Lateral;3;0;0;0;0;0;0;0;;;3;3;0;0;0
27/05/2017;02:21:00;49;Acidente com vítima;288;BR-101/ES;Norte;Choque com Objeto Fixo;1;0;0;0;0;0;0;0;;;0;0;1;0;0
27/05/2017;05:05:00;88;Acidente com vítima;163;BR-101/ES;Sul;Queda de Moto;0;0;0;1;0;0;0;0;;;0;1;0;0;0
27/05/2017;08:02:00;140;Acidente com vítima;319;BR-101/ES;Norte;Queda de Moto;0;0;0;1;0;0;0;0;;;0;1;0;0;0
27/05/2017;12:29:00;250;Acidente sem vítima;947;BR-101/BA;Norte;Choque com Objeto Fixo;1;0;0;0;0;0;0;0;;;2;0;0;0;0
27/05/2017;17:56:00;351;Atropelamento sem morte;32;BR-101/ES;Sul;Atropelamento;0;0;0;1;0;0;0;0;;;0;0;3;0;0
27/05/2017;18:17:00;358;Acidente com vítima;264;BR-101/ES;Norte;Colisão Lateral;0;0;0;1;0;0;0;3;;;1;0;1;0;0
27/05/2017;18:57:00;363;Acidente sem vítima;264;BR-101/ES;Sul;Colisão Traseira;2;0;0;0;0;0;0;0;;;4;0;0;0;0
27/05/2017;20:58:00;401;Acidente com vítima;139;BR-101/ES;Norte;Colisão Transversal;1;0;0;1;0;0;0;0;;;1;0;1;1;0
27/05/2017;22:11:00;432;Acidente com vítima;413;BR-101/ES;Norte;Colisão Frontal;1;0;1;0;0;0;0;0;;;1;0;1;0;0
27/05/2017;23:11:00;444;Acidente sem vítima;301;BR-101/ES;Sul;Capotamento;1;0;0;0;0;0;0;0;;;1;0;0;0;0
28/05/2017;11:04:00;215;Acidente sem vítima;297;BR-101/ES;Sul;Colisão Traseira;2;0;0;0;0;0;0;0;;;5;0;0;0;0
28/05/2017;11:08:00;218;Acidente sem vítima;66,5;BR-101/ES;Norte;Colisão Traseira;2;0;0;0;0;0;0;0;;;5;0;0;0;0
28/05/2017;15:53:00;312;Acidente sem vítima;254;BR-101/ES;Sul;Colisão Traseira;2;0;0;0;0;0;0;0;;;2;0;0;0;0
28/05/2017;16:25:00;320;Acidente com vítima;203;BR-101/ES;Sul;Queda de Moto;0;0;0;1;0;0;0;0;;;0;0;1;0;0
28/05/2017;17:15:00;327;Acidente com vítima;125;BR-101/ES;Sul;Colisão Traseira;2;0;0;0;0;0;0;0;;;5;0;1;0;0
28/05/2017;17:27:00;332;Acidente com vítima;36;BR-101/ES;Norte;Queda de ciclista;0;1;0;0;0;0;0;0;;;0;0;1;0;0
28/05/2017;18:07:00;341;Acidente sem vítima;156;BR-101/ES;Sul;Queda de Moto;0;0;0;1;0;0;0;0;;;1;0;0;0;0
29/05/2017;01:53:00;43;Acidente com vítima;309;BR-101/ES;Sul;Colisão Frontal;1;0;0;1;0;0;0;0;;;1;0;0;1;0
29/05/2017;07:05:00;120;Acidente sem vítima;288;BR-101/ES;Sul;Colisão Lateral;1;0;1;0;0;0;0;0;;;1;0;0;0;0
29/05/2017;07:21:00;122;Acidente com vítima;304;BR-101/ES;Norte;Colisão Traseira;1;0;0;1;0;0;0;0;;;1;1;0;0;0
29/05/2017;07:43:00;129;Acidente sem vítima;298;BR-101/ES;Sul;Colisão Traseira;2;0;0;0;0;0;0;0;;;2;0;0;0;0
29/05/2017;07:46:00;130;Acidente com vítima;277;BR-101/ES;Norte;Capotamento;1;0;1;0;0;0;0;0;;;2;0;1;0;0
29/05/2017;08:09:00;139;Atropelamento sem morte;269;BR-101/ES;Sul;Atropelamento e Fuga;0;1;0;0;0;0;0;0;;;0;0;1;0;0
29/05/2017;11:31:00;236;Acidente sem vítima;254;BR-101/ES;Norte;Colisão Traseira;1;0;0;1;0;0;0;0;;;3;0;0;0;0
29/05/2017;18:01:00;389;Acidente sem vítima;263;BR-101/ES;Norte;Engavetamento;3;0;0;0;0;0;0;0;;;5;0;0;0;0
29/05/2017;18:04:00;391;Acidente sem vítima;50,5;BR-101/ES;Sul;Saída de Pista;1;0;0;0;0;0;0;0;;;1;0;0;0;0
29/05/2017;18:35:00;396;Acidente sem vítima;303;BR-101/ES;Sul;Saída de Pista;0;0;1;0;0;0;0;0;;;2;0;0;0;0
30/05/2017;01:48:00;38;Acidente sem vítima;65;BR-101/ES;Sul;Saída de Pista;0;0;0;0;0;0;0;2;;;1;0;0;0;0
30/05/2017;02:52:00;56;Acidente sem vítima;430;BR-101/ES;Norte;Atropelamento de Bovino;0;0;0;0;0;0;0;2;;;1;0;0;0;0
30/05/2017;08:28:00;137;Acidente sem vítima;378;BR-101/ES;Norte;Saída de Pista;1;0;0;1;0;0;0;0;;;2;0;0;0;0
30/05/2017;10:33:00;198;Acidente sem vítima;180;BR-101/ES;Sul;Colisão Traseira;2;0;0;0;0;0;0;0;;;3;0;0;0;0
30/05/2017;10:52:00;210;Acidente sem vítima;335;BR-101/ES;Sul;Tombamento;0;0;0;0;0;0;0;1;;;1;0;0;0;0
30/05/2017;11:30:00;228;Acidente sem vítima;293;BR-101/ES;Sul;Colisão Traseira;2;0;0;0;0;0;0;0;;;2;0;0;0;0
30/05/2017;11:48:00;236;Acidente com vítima;297;BR-101/ES;Sul;Colisão Transversal;1;0;0;1;0;0;0;0;;;1;1;0;0;0
30/05/2017;12:14:00;249;Acidente com vítima;309;BR-101/ES;Norte;Colisão Traseira;0;0;1;1;0;0;0;0;;;1;0;1;0;0
30/05/2017;12:53:00;261;Acidente sem vítima;270;BR-101/ES;Norte;Engavetamento;3;0;0;0;0;0;0;0;;;4;0;0;0;0
30/05/2017;14:31:00;293;Acidente com vítima;356;BR-101/ES;Norte;Queda de Moto;0;0;0;1;0;0;0;0;;;0;2;0;0;0
30/05/2017;17:58:00;354;Acidente sem vítima;143;BR-101/ES;Sul;Colisão Lateral;1;0;1;0;0;0;0;0;;;2;0;0;0;0
30/05/2017;18:13:00;357;Atropelamento sem morte;271;BR-101/ES;Norte;Atropelamento;1;0;0;0;0;0;0;0;;;1;0;1;0;0
30/05/2017;19:20:00;369;Atropelamento sem morte;296;BR-101/ES;Norte;Atropelamento e Fuga;0;1;0;0;0;0;0;0;;;0;0;1;0;0