data;horario;n_da_ocorrencia;tipo_de_ocorrencia;km;trecho;sentido;tipo_de_acidente;automovel;bicicleta;caminhao;moto;onibus;outros;tracao_animal;transporte_de_cargas_especiais;trator_maquinas;utilitarios;ilesos;levemente_feridos;moderadamente_feridos;gravemente_feridos;mortos
17/06/2017;18:45:00;393;Acidente sem vítima;942,5;BR-101/BA;Norte;Saída de Pista;1;0;0;0;0;0;0;0;;;4;0;0;0;0
18/06/2017;00:52:00;18;Acidente com vítima;147;BR-101/ES;Norte;Colisão Traseira;1;0;1;0;0;0;0;0;;;1;1;0;0;0
18/06/2017;06:27:00;118;Acidente sem vítima;198;BR-101/ES;Sul;Saída de Pista;1;0;0;0;0;0;0;0;;;1;0;0;0;0
18/06/2017;12:07:00;233;Acidente sem vítima;394;BR-101/ES;Sul;Colisão Traseira;2;0;0;0;0;0;0;0;;;6;0;0;0;0
18/06/2017;14:50:00;305;Acidente sem vítima;120;BR-101/ES;Sul;Colisão Traseira;2;0;0;0;0;0;0;0;;;7;0;0;0;0
18/06/2017;15:17:00;314;Acidente sem vítima;448;BR-101/ES;Sul;Colisão Traseira;2;0;0;0;0;0;0;0;;;2;0;0;0;0
18/06/2017;15:40:00;317;Acidente com vítima;32;BR-101/ES;Norte;Colisão Traseira;1;0;2;0;0;0;0;0;;;3;0;3;0;0
19/06/2017;05:38:00;97;Acidente com vítima;269;BR-101/ES;Sul;Colisão Traseira;1;0;0;1;0;0;0;0;;;1;0;1;0;0
19/06/2017;06:17:00;103;Acidente com vítima;18;BR-101/ES;Norte;Colisão Frontal;1;0;0;1;0;0;0;0;;;1;0;1;0;0
19/06/2017;06:38:00;108;Acidente sem vítima;382;BR-101/ES;Norte;Saída de Pista;1;0;0;0;0;0;0;0;;;1;0;0;0;0
19/06/2017;07:26:00;116;Acidente sem vítima;265;BR-101/ES;Sul;Colisão Lateral;2;0;0;0;0;0;0;0;;;2;0;0;0;0
19/06/2017;07:45:00;125;Acidente sem vítima;264;BR-101/ES;Norte;Colisão Lateral;1;0;0;1;0;0;0;0;;;2;0;0;0;0
19/06/2017;09:22:00;182;Acidente sem vítima;297,8;BR-101/ES;Sul;Engavetamento;3;0;0;0;0;0;0;0;;;3;0;0;0;0
19/06/2017;10:04:00;208;Acidente sem vítima;293;BR-101/ES;Norte;Choque com Objeto Fixo;1;0;0;0;0;0;0;0;;;1;0;0;0;0
19/06/2017;11:37:00;274;Acidente com vítima;266;BR-101/ES;Sul;Colisão Lateral;1;0;0;0;1;0;0;0;;;3;1;0;0;0
19/06/2017;23:34:00;517;Acidente sem vítima;422;BR-101/ES;Norte;Colisão Traseira;2;0;0;0;0;0;0;0;;;2;0;0;0;0
20/06/2017;04:17:00;86;Acidente sem vítima;942;BR-101/BA;Norte;Atropelamento de Bovino;1;0;0;0;0;0;0;0;;;3;0;0;0;0
20/06/2017;04:29:00;87;Acidente sem vítima;270;BR-101/ES;Norte;Veículo em Chamas;1;0;0;0;0;0;0;0;;;3;0;0;0;0
20/06/2017;06:34:00;110;Acidente com vítima;389;BR-101/ES;Norte;Tombamento;0;0;0;0;0;0;0;2;;;0;0;1;0;0
20/06/2017;07:35:00;131;Acidente com vítima;267,2;BR-101/ES;Sul;Colisão Traseira;1;0;0;1;0;0;0;0;;;3;0;2;0;0
20/06/2017;07:52:00;136;Acidente com vítima;299;BR-101/ES;Sul;Colisão Traseira;0;0;0;1;1;0;0;0;;;2;1;0;0;0
20/06/2017;08:12:00;143;Acidente sem vítima;369;BR-101/ES;Norte;Colisão Lateral;0;0;0;0;0;0;0;7;;;4;0;0;0;0
20/06/2017;12:54:00;282;Acidente com vítima;375;BR-101/ES;Sul;Colisão Transversal;1;0;0;1;0;0;0;0;;;1;1;0;0;0
20/06/2017;13:55:00;313;Acidente sem vítima;293;BR-101/ES;Norte;Engavetamento;2;0;1;0;0;0;0;0;;;6;0;0;0;0
20/06/2017;18:50:00;402;Acidente com vítima;147;BR-101/ES;Sul;Colisão Lateral;1;0;0;1;0;0;0;0;;;0;1;1;0;0
21/06/2017;10:10:00;229;Acidente com morte;450;BR-101/ES;Sul;Colisão Frontal;0;0;2;0;0;0;0;0;;;0;0;0;0;2
21/06/2017;11:40:00;280;Acidente sem vítima;301;BR-101/ES;Norte;Colisão Traseira;2;0;1;0;0;0;0;0;;;3;0;0;0;0
21/06/2017;12:08:00;295;Acidente com vítima;241;BR-101/ES;Norte;Queda de Moto;0;0;0;1;0;0;0;0;;;0;0;1;0;0
21/06/2017;17:52:00;403;Acidente sem vítima;315;BR-101/ES;Sul;Colisão Transversal;2;0;0;0;0;0;0;0;;;2;0;0;0;0
21/06/2017;18:51:00;411;Acidente com vítima;146;BR-101/ES;Sul;Choque;0;0;0;1;0;0;0;0;;;1;1;0;0;0
21/06/2017;18:57:00;414;Acidente sem vítima;269;BR-101/ES;Sul;Engavetamento;2;0;1;0;0;0;0;0;;;7;0;0;0;0
21/06/2017;21:18:00;460;Acidente sem vítima;270;BR-101/ES;Sul;Colisão Traseira;1;0;0;0;0;0;0;2;;;2;0;0;0;0
22/06/2017;05:03:00;102;Acidente com vítima;292;BR-101/ES;Norte;Capotamento;2;0;0;0;0;0;0;0;;;1;0;0;1;0
22/06/2017;06:27:00;114;Acidente com morte;343,5;BR-101/ES;Norte;Tombamento;2;0;0;0;1;0;0;2;;;11;3;3;5;21
22/06/2017;07:33:00;129;Acidente com morte;17;BR-101/ES;Sul;Colisão Frontal;0;0;0;2;0;0;0;0;;;0;0;1;0;1
22/06/2017;07:40:00;135;Acidente com vítima;206;BR-101/ES;Norte;Colisão Transversal;2;0;0;0;0;0;0;0;;;4;0;1;0;0
22/06/2017;08:13:00;144;Acidente com vítima;276;BR-101/ES;Norte;Queda de Moto;0;0;0;1;0;0;0;0;;;0;0;1;0;0
22/06/2017;08:43:00;153;Acidente com vítima;270;BR-101/ES;Norte;Colisão Traseira;1;0;0;1;0;0;0;0;;;1;0;1;0;0
22/06/2017;09:46:00;175;Acidente com morte;187;BR-101/ES;Sul;Colisão Frontal;0;0;1;1;0;0;0;0;;;1;0;0;0;1
22/06/2017;10:35:00;201;Acidente sem vítima;257;BR-101/ES;Norte;Colisão Lateral;0;0;1;0;1;0;0;0;;;2;0;0;0;0
22/06/2017;10:43:00;207;Acidente com morte;457;BR-101/ES;Sul;Colisão Frontal;2;0;2;0;0;0;0;0;;;1;4;0;0;1
22/06/2017;10:47:00;210;Acidente sem vítima;264;BR-101/ES;Norte;Colisão Transversal;2;0;0;0;0;0;0;0;;;2;0;0;0;0
22/06/2017;15:10:00;316;Acidente com vítima;262;BR-101/ES;Norte;Colisão Lateral;1;0;0;1;0;0;0;0;;;1;0;2;0;0
22/06/2017;18:32:00;365;Acidente com vítima;268;BR-101/ES;Norte;Colisão;0;1;0;0;0;0;0;3;;;2;0;1;0;0
22/06/2017;20:57:00;408;Acidente sem vítima;315;BR-101/ES;Norte;Saída de Pista;1;0;0;0;0;0;0;0;;;2;0;0;0;0
22/06/2017;22:01:00;432;Atropelamento sem morte;298;BR-101/ES;Norte;Atropelamento;1;0;0;0;0;0;0;0;;;1;0;1;0;0
23/06/2017;06:50:00;118;Acidente com vítima;266;BR-101/ES;Sul;Colisão Traseira;2;0;0;0;0;0;0;0;;;3;1;0;0;0
23/06/2017;06:55:00;119;Acidente sem vítima;276;BR-101/ES;Norte;Choque;0;0;0;1;0;0;0;0;;;1;0;0;0;0
23/06/2017;07:28:00;127;Acidente com vítima;163;BR-101/ES;Sul;Queda de Moto;0;0;0;1;0;0;0;0;;;0;2;0;0;0
23/06/2017;07:39:00;131;Acidente sem vítima;265,8;BR-101/ES;Sul;Engavetamento;4;0;0;0;0;0;0;0;;;4;0;0;0;0
23/06/2017;08:48:00;155;Atropelamento sem morte;266;BR-101/ES;Sul;Atropelamento;0;0;1;0;0;0;0;0;;;1;0;0;1;0
23/06/2017;09:26:00;174;Acidente sem vítima;940;BR-101/BA;Norte;Colisão Traseira;2;0;0;0;0;0;0;0;;;2;0;0;0;0
23/06/2017;11:11:00;266;Acidente com vítima;22,2;BR-101/ES;Norte;Capotamento;1;0;0;0;0;0;0;0;;;0;0;2;0;0
23/06/2017;12:51:00;300;Acidente sem vítima;366;BR-101/ES;Sul;Colisão Lateral;1;0;0;0;0;0;0;2;;;3;0;0;0;0
23/06/2017;14:05:00;330;Acidente com vítima;166;BR-101/ES;Sul;Queda de Moto;0;0;0;1;0;0;0;0;;;1;0;1;0;0
23/06/2017;16:22:00;379;Acidente com vítima;301;BR-101/ES;Norte;Colisão Traseira;1;0;0;1;0;0;0;0;;;3;1;0;0;0
23/06/2017;16:48:00;388;Acidente com vítima;265;BR-101/ES;Norte;Colisão Traseira;0;1;0;2;0;0;0;0;;;0;1;2;0;0
23/06/2017;17:29:00;404;Acidente sem vítima;283,4;BR-101/ES;Sul;Saída de Pista;0;0;0;0;0;0;0;2;;;1;0;0;0;0
23/06/2017;17:40:00;409;Acidente com morte;135;BR-101/ES;Sul;Colisão Frontal;1;0;0;0;1;0;0;0;;;25;0;0;1;1
23/06/2017;18:22:00;416;Acidente sem vítima;293;BR-101/ES;Sul;Choque;1;0;0;0;0;0;0;2;;;2;0;0;0;0
23/06/2017;19:03:00;421;Acidente com vítima;264;BR-101/ES;Norte;Queda de Moto;0;0;0;1;0;0;0;0;;;0;0;1;0;0
24/06/2017;00:54:00;24;Acidente sem vítima;299,5;BR-101/ES;Sul;Saída de Pista;1;0;0;0;0;0;0;0;;;1;0;0;0;0
24/06/2017;01:01:00;27;Acidente com vítima;131;BR-101/ES;Sul;Queda de Moto;0;0;0;1;0;0;0;0;;;0;1;0;0;0
24/06/2017;06:57:00;122;Acidente sem vítima;459;BR-101/ES;Norte;Capotamento;1;0;0;0;0;0;0;0;;;1;0;0;0;0
24/06/2017;08:07:00;139;Acidente sem vítima;67;BR-101/ES;Sul;Colisão Traseira;1;0;0;0;0;0;0;2;;;3;0;0;0;0
24/06/2017;08:47:00;154;Acidente sem vítima;146;BR-101/ES;Sul;Colisão Traseira;1;0;0;0;0;0;0;2;;;4;0;0;0;0
24/06/2017;08:58:00;159;Acidente sem vítima;146;BR-101/ES;Norte;Colisão Traseira;0;0;1;1;0;0;0;0;;;2;0;0;0;0
24/06/2017;10:56:00;206;Acidente com vítima;274;BR-101/ES;Norte;Saída de Pista;1;0;0;0;0;0;0;0;;;0;0;1;0;0
24/06/2017;15:47:00;337;Acidente sem vítima;18;BR-101/ES;Norte;Tombamento;0;0;0;0;0;0;0;2;;;1;0;0;0;0
24/06/2017;17:28:00;364;Acidente com vítima;298;BR-101/ES;Sul;Queda de ciclista;0;2;0;0;0;0;0;0;;;1;0;1;0;0
24/06/2017;20:01:00;400;Acidente sem vítima;264;BR-101/ES;Norte;Colisão Transversal;2;0;0;0;0;0;0;0;;;2;0;0;0;0
24/06/2017;22:55:00;460;Acidente com vítima;223;BR-101/ES;Norte;Queda de Moto;0;0;0;1;0;0;0;0;;;0;0;1;0;0
25/06/2017;16:17:00;335;Acidente com vítima;269;BR-101/ES;Norte;Colisão Traseira;3;0;0;0;0;0;0;0;;;12;1;0;0;0
25/06/2017;19:15:00;387;Acidente com vítima;322,5;BR-101/ES;Sul;Queda de Moto;0;0;0;1;0;0;0;0;;;0;2;0;0;0
26/06/2017;04:58:00;102;Acidente sem vítima;293;BR-101/ES;Sul;Colisão Traseira;1;0;1;0;0;0;0;0;;;2;0;0;0;0
26/06/2017;05:46:00;108;Atropelamento sem morte;265;BR-101/ES;Sul;Atropelamento e Fuga;0;0;0;1;0;0;0;0;;;0;0;1;0;0
26/06/2017;07:59:00;136;Acidente sem vítima;265;BR-101/ES;Sul;Colisão Traseira;2;0;0;0;0;0;0;0;;;2;0;0;0;0
26/06/2017;08:03:00;141;Acidente com vítima;266;BR-101/ES;Sul;Colisão Traseira;1;0;0;1;0;0;0;0;;;1;0;1;0;0
26/06/2017;08:07:00;144;Acidente sem vítima;142;BR-101/ES;Sul;Colisão Traseira;2;0;0;0;0;0;0;0;;;2;0;0;0;0
26/06/2017;09:56:00;213;Acidente sem vítima;221;BR-101/ES;Norte;Colisão Traseira;2;0;0;0;0;0;0;0;;;4;0;0;0;0
26/06/2017;10:12:00;221;Acidente sem vítima;247;BR-101/ES;Sul;Saída de Pista;1;0;0;0;0;0;0;0;;;1;0;0;0;0
26/06/2017;13:29:00;313;Acidente sem vítima;68;BR-101/ES;Sul;Colisão Lateral;1;0;1;0;0;0;0;0;;;4;0;0;0;0
26/06/2017;16:30:00;387;Acidente com vítima;66,2;BR-101/ES;Norte;Colisão;1;1;0;0;0;0;0;0;;;0;0;1;0;0
26/06/2017;17:46:00;418;Acidente com vítima;147;BR-101/ES;Norte;Colisão Transversal;1;0;0;1;0;0;0;0;;;2;1;0;0;0
26/06/2017;18:15:00;423;Acidente com morte;143;BR-101/ES;Sul;Colisão Transversal;1;0;0;1;0;0;0;0;;;1;0;2;0;1
26/06/2017;18:54:00;431;Acidente com vítima;50;BR-101/ES;Sul;Queda de Moto;0;0;0;1;0;0;0;0;;;0;1;0;0;0
26/06/2017;19:35:00;447;Acidente sem vítima;146;BR-101/ES;Norte;Engavetamento;4;0;0;0;0;0;0;0;;;7;0;0;0;0
26/06/2017;22:38:00;518;Acidente sem vítima;284,5;BR-101/ES;Norte;Saída de Pista;1;0;0;0;0;0;0;0;;;1;0;0;0;0
26/06/2017;23:26:00;530;Acidente sem vítima;287,5;BR-101/ES;Sul;Saída de Pista;1;0;0;0;0;0;0;0;;;1;0;0;0;0
27/06/2017;06:13:00;100;Atropelamento sem morte;263,8;BR-101/ES;Sul;Atropelamento;1;0;0;0;0;0;0;0;;;1;0;1;0;0
27/06/2017;07:38:00;119;Acidente com vítima;122;BR-101/ES;Norte;Colisão Frontal;1;0;0;0;0;0;0;2;;;0;2;1;1;0
27/06/2017;10:25:00;225;Acidente sem vítima;276;BR-101/ES;Sul;Saída de Pista;1;0;0;0;0;0;0;0;;;3;0;0;0;0
27/06/2017;11:03:00;240;Acidente sem vítima;272;BR-101/ES;Norte;Choque com Objeto Fixo;1;0;0;0;0;0;0;0;;;1;0;0;0;0
27/06/2017;11:23:00;247;Acidente sem vítima;13,5;BR-101/ES;Norte;Choque com Objeto Fixo;1;0;0;0;0;0;0;0;;;1;0;0;0;0
27/06/2017;12:28:00;280;Acidente com vítima;284;BR-101/ES;Sul;Choque com Objeto Fixo;0;0;1;0;0;0;0;0;;;0;2;0;0;0
27/06/2017;12:38:00;286;Acidente sem vítima;284;BR-101/ES;Norte;Saída de Pista;0;0;1;0;0;0;0;0;;;1;0;0;0;0
27/06/2017;16:20:00;356;Acidente sem vítima;233;BR-101/ES;Sul;Engavetamento;2;0;1;0;0;0;0;0;;;2;0;0;0;0
27/06/2017;17:19:00;372;Acidente sem vítima;284;BR-101/ES;Norte;Choque com Objeto Fixo;1;0;0;0;0;0;0;0;;;1;0;0;0;0
27/06/2017;17:34:00;379;Acidente sem vítima;284,5;BR-101/ES;Sul;Colisão Traseira;2;0;0;0;0;0;0;0;;;2;0;0;0;0
27/06/2017;18:02:00;389;Acidente com vítima;269;BR-101/ES;Norte;Colisão Traseira;2;0;1;0;0;0;0;0;;;3;1;1;0;0
27/06/2017;18:57:00;402;Acidente com vítima;294;BR-101/ES;Sul;Colisão Traseira;0;0;0;2;0;0;0;0;;;0;2;0;0;0
27/06/2017;19:25:00;414;Acidente com vítima;296;BR-101/ES;Norte;Colisão Lateral;1;0;0;1;0;0;0;0;;;1;0;1;0;0
27/06/2017;19:33:00;416;Acidente com vítima;423;BR-101/ES;Norte;Colisão Lateral;0;0;1;0;0;0;0;5;;;3;0;1;0;0
27/06/2017;21:31:00;456;Acidente sem vítima;299;BR-101/ES;Norte;Colisão Lateral;1;0;1;0;0;0;0;0;;;2;0;0;0;0
28/06/2017;06:43:00;113;Acidente com vítima;287;BR-101/ES;Sul;Colisão Lateral;1;0;0;1;0;0;0;0;;;1;1;0;0;0
28/06/2017;07:23:00;126;Acidente com vítima;270;BR-101/ES;Norte;Colisão Traseira;1;0;1;0;0;0;0;0;;;1;1;0;0;0
28/06/2017;08:26:00;148;Acidente sem vítima;146;BR-101/ES;Sul;Colisão Transversal;1;0;1;0;0;0;0;0;;;2;0;0;0;0
28/06/2017;10:45:00;217;Acidente sem vítima;129;BR-101/ES;Sul;Colisão Traseira;3;0;0;0;0;0;0;0;;;9;0;0;0;0
28/06/2017;14:03:00;323;Acidente sem vítima;399;BR-101/ES;Sul;Colisão Lateral;1;0;0;0;0;0;0;2;;;2;0;0;0;0
28/06/2017;18:03:00;398;Acidente com vítima;164;BR-101/ES;Norte;Saída de Pista;1;0;0;0;0;0;0;0;;;0;0;1;0;0
28/06/2017;21:00:00;455;Acidente sem vítima;262;BR-101/ES;Norte;Queda de Moto;0;0;0;1;0;0;0;0;;;1;0;0;0;0
29/06/2017;02:06:00;53;Acidente sem vítima;264;BR-101/ES;Norte;Queda de ciclista;0;1;0;0;0;0;0;0;;;1;0;0;0;0
29/06/2017;07:09:00;140;Acidente com vítima;264;BR-101/ES;Sul;Colisão Transversal;1;1;0;0;0;0;0;0;;;1;0;1;0;0
29/06/2017;07:11:00;141;Acidente com vítima;65;BR-101/ES;Norte;Colisão Transversal;1;0;0;1;0;0;0;0;;;0;0;1;0;0
29/06/2017;08:15:00;161;Acidente com vítima;268;BR-101/ES;Norte;Colisão Traseira;1;0;0;1;0;0;0;0;;;1;0;1;0;0
29/06/2017;16:06:00;377;Acidente sem vítima;204,8;BR-101/ES;Norte;Colisão Traseira;0;0;1;0;1;0;0;0;;;2;0;0;0;0
29/06/2017;18:02:00;413;Acidente sem vítima;137;BR-101/ES;Norte;Colisão Traseira;1;0;0;1;0;0;0;0;;;2;0;0;0;0
29/06/2017;21:31:00;491;Acidente sem vítima;254;BR-101/ES;Sul;Colisão Traseira;0;0;2;0;0;0;0;0;;;2;0;0;0;0
30/06/2017;05:19:00;106;Atropelamento com morte;78;BR-101/ES;Norte;Atropelamento;0;0;1;0;0;0;0;0;;;2;0;0;0;1
30/06/2017;06:37:00;116;Acidente sem vítima;454,9;BR-101/ES;Sul;Saída de Pista;1;0;0;0;0;0;0;0;;;1;0;0;0;0
30/06/2017;06:38:00;117;Acidente com vítima;150;BR-101/ES;Norte;Saída de Pista;1;0;0;0;0;0;0;0;;;0;1;0;0;0
30/06/2017;08:59:00;205;Acidente com vítima;270;BR-101/ES;Sul;Colisão Lateral;1;0;0;1;0;0;0;0;;;1;0;1;0;0
30/06/2017;12:54:00;319;Acidente sem vítima;270;BR-101/ES;Norte;Colisão Lateral;1;0;0;0;0;0;0;3;;;2;0;0;0;0
30/06/2017;13:20:00;331;Acidente sem vítima;160;BR-101/ES;Sul;Veículo em Chamas;0;0;0;0;0;0;0;3;;;1;0;0;0;0
30/06/2017;14:52:00;373;Atropelamento sem morte;271;BR-101/ES;Sul;Atropelamento;0;0;0;1;0;0;0;0;;;1;0;1;0;0
30/06/2017;16:54:00;423;Acidente sem vítima;253;BR-101/ES;Sul;Colisão Traseira;2;0;0;0;0;0;0;0;;;3;0;0;0;0
30/06/2017;18:50:00;460;Acidente com vítima;63;BR-101/ES;Norte;Queda de Moto;0;0;0;1;0;0;0;0;;;0;0;0;1;0
30/06/2017;21:11:00;522;Acidente sem vítima;269;BR-101/ES;Sul;Colisão Lateral;1;0;0;2;0;0;0;0;;;3;0;0;0;0
30/06/2017;22:21:00;554;Acidente com vítima;325,5;BR-101/ES;Sul;Colisão Traseira;2;0;0;0;0;0;0;0;;;2;3;0;0;0
01/07/2017;01:58:00;54;Acidente sem vítima;266;BR-101/ES;Norte;Colisão Traseira;1;0;0;0;1;0;0;0;;;3;0;0;0;0
01/07/2017;03:42:00;91;Acidente com vítima;99;BR-101/ES;Norte;Saída de Pista;1;0;0;0;0;0;0;0;;;0;0;1;0;0
01/07/2017;04:33:00;102;Atropelamento com morte;66;BR-101/ES;Sul;Atropelamento e Fuga;1;0;0;0;0;0;0;0;;;1;0;0;0;1
01/07/2017;05:36:00;117;Acidente sem vítima;143;BR-101/ES;Norte;Colisão Traseira;1;0;0;0;1;0;0;0;;;3;0;0;0;0
01/07/2017;08:27:00;158;Acidente sem vítima;266;BR-101/ES;Sul;Engavetamento;3;0;0;0;0;0;0;0;;;5;0;0;0;0
01/07/2017;08:45:00;170;Acidente com vítima;247;BR-101/ES;Sul;Queda de Moto;0;0;0;1;0;0;0;0;;;0;1;0;0;0
01/07/2017;12:27:00;265;Acidente com vítima;296;BR-101/ES;Sul;Engavetamento;1;0;2;0;0;0;0;0;;;5;1;0;0;0
01/07/2017;13:01:00;276;Acidente com morte;234;BR-101/ES;Norte;Colisão Frontal;0;0;0;1;0;0;0;2;;;1;0;0;0;1
01/07/2017;14:17:00;303;Acidente sem vítima;144;BR-101/ES;Sul;Colisão Traseira;1;0;1;0;0;0;0;0;;;4;0;0;0;0
01/07/2017;14:23:00;306;Acidente sem vítima;257,2;BR-101/ES;Sul;Colisão Lateral;1;0;0;1;0;0;0;0;;;2;0;0;0;0
01/07/2017;19:06:00;395;Acidente com vítima;285;BR-101/ES;Norte;Queda de Moto;0;0;0;1;0;0;0;0;;;0;0;1;0;0
01/07/2017;21:26:00;447;Acidente com vítima;125;BR-101/ES;Norte;Colisão Transversal;1;0;0;0;0;0;0;3;;;0;2;0;0;0
01/07/2017;21:58:00;467;Acidente com vítima;146;BR-101/ES;Sul;Colisão Traseira;2;0;0;0;0;0;0;0;;;1;5;1;0;0
02/07/2017;01:34:00;34;Acidente com vítima;265,5;BR-101/ES;Norte;Colisão Frontal;2;0;0;0;0;0;0;0;;;0;1;1;0;0
02/07/2017;01:41:00;38;Acidente com vítima;261;BR-101/ES;Sul;Queda de Moto;0;0;0;1;0;0;0;0;;;0;1;0;0;0
02/07/2017;02:19:00;54;Acidente com vítima;125;BR-101/ES;Norte;Colisão Transversal;2;0;0;0;0;0;0;0;;;0;2;0;0;0
02/07/2017;03:23:00;67;Acidente sem vítima;945;BR-101/BA;Sul;Saída de Pista;1;0;0;0;0;0;0;0;;;1;0;0;0;0
02/07/2017;06:36:00;102;Acidente sem vítima;297;BR-101/ES;Norte;Colisão Traseira;2;0;1;0;0;0;0;0;;;4;0;0;0;0
02/07/2017;11:44:00;222;Acidente com vítima;214;BR-101/ES;Sul;Queda de Moto;0;0;0;1;0;0;0;0;;;1;1;0;0;0
02/07/2017;18:00:00;347;Atropelamento sem morte;292;BR-101/ES;Sul;Atropelamento;0;0;0;1;0;0;0;0;;;1;0;1;0;0
02/07/2017;19:15:00;362;Acidente com vítima;372;BR-101/ES;Sul;Colisão Lateral;1;0;0;1;0;0;0;0;;;2;2;0;0;0
02/07/2017;23:50:00;452;Acidente com morte;298;BR-101/ES;Norte;Choque com Objeto Fixo;1;0;0;0;0;0;0;0;;;0;0;0;0;1
03/07/2017;07:26:00;119;Acidente sem vítima;190;BR-101/ES;Norte;Colisão Lateral;1;0;0;0;0;0;0;2;;;5;0;0;0;0
03/07/2017;07:33:00;122;Acidente sem vítima;176;BR-101/ES;Norte;Engavetamento;3;0;0;0;0;0;0;0;;;6;0;0;0;0
03/07/2017;07:39:00;125;Acidente com vítima;77;BR-101/ES;Norte;Queda de Moto;0;0;0;1;0;0;0;0;;;0;1;0;0;0
03/07/2017;08:44:00;153;Acidente sem vítima;85;BR-101/ES;Sul;Colisão Lateral;0;0;1;1;0;0;0;1;;;3;0;0;0;0
03/07/2017;10:04:00;191;Acidente sem vítima;135,9;BR-101/ES;Norte;Saída de Pista;0;0;1;0;0;0;0;0;;;1;0;0;0;0
03/07/2017;12:59:00;283;Acidente com morte;247;BR-101/ES;Sul;Colisão Lateral;0;0;0;1;0;0;0;2;;;1;0;0;0;1
03/07/2017;13:06:00;285;Acidente com vítima;107;BR-101/ES;Sul;Colisão Transversal;1;0;0;1;0;0;0;0;;;1;1;1;0;0
03/07/2017;13:51:00;310;Acidente sem vítima;268;BR-101/ES;Norte;Colisão Traseira;1;0;1;0;0;0;0;0;;;1;0;0;0;0
03/07/2017;13:55:00;311;Acidente sem vítima;270;BR-101/ES;Norte;Colisão Traseira;1;0;1;0;0;0;0;0;;;2;0;0;0;0
03/07/2017;15:50:00;352;Acidente com vítima;150;BR-101/ES;Norte;Colisão Lateral;1;0;0;1;0;0;0;0;;;1;1;0;0;0
03/07/2017;18:15:00;399;Acidente com morte;25;BR-101/ES;Norte;Colisão Frontal;1;0;0;1;0;0;0;0;;;1;0;0;0;1
03/07/2017;19:08:00;408;Acidente sem vítima;218;BR-101/ES;Norte;Queda de Moto;0;0;0;1;0;0;0;0;;;1;0;0;0;0
04/07/2017;02:07:00;36;Acidente sem vítima;287;BR-101/ES;Norte;Atropelamento de Equino;0;0;1;0;0;0;0;0;;;1;0;0;0;0
04/07/2017;07:07:00;115;Acidente sem vítima;166;BR-101/ES;Norte;Colisão Traseira;2;0;0;0;0;0;0;0;;;3;0;0;0;0
04/07/2017;07:27:00;126;Acidente sem vítima;295;BR-101/ES;Sul;Colisão Traseira;0;0;1;0;1;0;0;0;;;3;0;0;0;0
04/07/2017;07:27:00;127;Acidente com vítima;140;BR-101/ES;Sul;Colisão Lateral;0;0;0;1;0;0;0;3;;;2;1;0;0;0
04/07/2017;08:35:00;162;Acidente com vítima;264;BR-101/ES;Sul;Colisão Traseira;1;0;0;1;0;0;0;0;;;1;1;0;0;0
04/07/2017;09:16:00;183;Acidente com vítima;942,5;BR-101/BA;Norte;Tombamento;0;0;0;0;0;0;0;3;;;0;1;0;0;0
04/07/2017;09:19:00;186;Acidente com vítima;292,8;BR-101/ES;Norte;Colisão Traseira;0;0;1;0;0;0;0;2;;;2;0;1;0;0
04/07/2017;12:31:00;309;Acidente sem vítima;438;BR-101/ES;Norte;Capotamento;1;0;0;0;0;0;0;0;;;1;0;0;0;0
04/07/2017;12:33:00;310;Acidente sem vítima;405;BR-101/ES;Norte;Saída de Pista;0;0;0;0;0;0;0;2;;;1;0;0;0;0
04/07/2017;13:39:00;336;Acidente sem vítima;450;BR-101/ES;Norte;Colisão Lateral;2;0;1;0;0;0;0;0;;;7;0;0;0;0
04/07/2017;15:03:00;360;Acidente com vítima;333,3;BR-101/ES;Norte;Saída de Pista;0;0;0;1;0;0;0;0;;;0;0;1;0;0
04/07/2017;16:54:00;399;Acidente com vítima;4,5;BR-101/ES;Sul;Saída de Pista;1;0;0;0;0;0;0;0;;;0;1;0;0;0
04/07/2017;17:53:00;420;Acidente com vítima;288;BR-101/ES;Norte;Choque;1;0;0;1;0;0;0;0;;;1;0;1;0;0
04/07/2017;18:39:00;426;Acidente com vítima;268;BR-101/ES;Sul;Colisão Lateral;1;0;0;1;0;0;0;0;;;1;0;2;0;0
04/07/2017;18:58:00;432;Acidente sem vítima;68;BR-101/ES;Norte;Colisão Traseira;1;0;0;0;1;0;0;0;;;2;0;0;0;0
04/07/2017;20:29:00;462;Acidente com morte;264;BR-101/ES;Norte;Colisão Traseira;1;0;1;0;0;0;0;0;;;0;1;0;0;2
04/07/2017;21:08:00;478;Acidente sem vítima;269;BR-101/ES;Norte;Colisão Traseira;2;0;0;0;0;0;0;0;;;2;0;0;0;0
05/07/2017;02:32:00;63;Acidente sem vítima;270;BR-101/ES;Norte;Choque com Objeto Fixo;1;0;0;0;0;0;0;0;;;1;0;0;0;0
05/07/2017;07:27:00;116;Acidente sem vítima;266;BR-101/ES;Sul;Colisão Traseira;2;0;0;0;0;0;0;0;;;1;0;0;0;0
05/07/2017;12:10:00;282;Acidente com vítima;267;BR-101/ES;Sul;Colisão Lateral;1;0;0;1;0;0;0;0;;;2;0;1;0;0
05/07/2017;15:24:00;366;Acidente sem vítima;329,5;BR-101/ES;Norte;Saída de Pista;1;0;0;0;0;0;0;0;;;1;0;0;0;0