data;horario;n_da_ocorrencia;tipo_de_ocorrencia;km;trecho;sentido;tipo_de_acidente;automovel;bicicleta;caminhao;moto;onibus;outros;tracao_animal;transporte_de_cargas_especiais;trator_maquinas;utilitarios;ilesos;levemente_feridos;moderadamente_feridos;gravemente_feridos;mortos
13/09/2017;18:23:00;347;Acidente sem vítima;205;BR-101/ES;Sul;Colisão Transversal;2;0;0;0;0;0;0;0;;;4;0;0;0;0
13/09/2017;18:24:00;348;Atropelamento sem morte;66;BR-101/ES;Sul;Atropelamento e Fuga;0;0;0;1;0;0;0;0;;;0;0;1;0;0
14/09/2017;06:12:00;88;Acidente sem vítima;127;BR-101/ES;Sul;Colisão Traseira;1;0;1;0;0;0;0;0;;;2;0;0;0;0
14/09/2017;08:40:00;140;Acidente sem vítima;254;BR-101/ES;Sul;Colisão Traseira;2;0;0;0;0;0;0;0;;;2;0;0;0;0
14/09/2017;11:38:00;238;Acidente com vítima;270;BR-101/ES;Sul;Colisão Traseira;0;0;0;1;1;0;0;0;;;2;1;0;0;0
14/09/2017;13:36:00;286;Acidente com vítima;371;BR-101/ES;Norte;Colisão Lateral;0;0;0;1;0;0;0;2;;;1;0;1;0;0
15/09/2017;06:28:00;75;Acidente com vítima;284;BR-101/ES;Sul;Queda de Moto;0;0;0;1;0;0;0;0;;;0;0;1;0;0
15/09/2017;07:41:00;95;Acidente sem vítima;268;BR-101/ES;Norte;Colisão Traseira;1;0;0;0;0;0;0;2;;;2;0;0;0;0
15/09/2017;08:18:00;113;Acidente sem vítima;85,8;BR-101/ES;Sul;Colisão Transversal;1;0;0;1;0;0;0;0;;;4;0;0;0;0
15/09/2017;10:34:00;173;Acidente sem vítima;269;BR-101/ES;Norte;Colisão Lateral;1;0;0;0;0;0;0;3;;;2;0;0;0;0
15/09/2017;13:08:00;247;Acidente com vítima;263;BR-101/ES;Sul;Queda de Moto;3;0;0;0;0;0;0;0;;;3;1;0;0;0
15/09/2017;16:22:00;307;Acidente com vítima;339,4;BR-101/ES;Sul;Colisão Traseira;3;0;0;0;0;0;0;0;;;5;1;0;0;0
15/09/2017;18:35:00;355;Acidente com vítima;290;BR-101/ES;Norte;Queda de Moto;0;0;0;1;0;0;0;0;;;0;0;1;0;0
16/09/2017;02:32:00;41;Acidente sem vítima;284,8;BR-101/ES;Sul;Atropelamento de Equino;1;0;0;0;0;0;0;2;;;2;0;0;0;0
16/09/2017;03:28:00;53;Acidente com vítima;268;BR-101/ES;Norte;Saída de Pista;1;0;0;0;0;0;0;0;;;0;0;1;0;0
16/09/2017;04:34:00;60;Acidente sem vítima;206;BR-101/ES;Norte;Saída de Pista;0;0;0;0;0;0;0;3;;;1;0;0;0;0
16/09/2017;07:37:00;93;Acidente sem vítima;257;BR-101/ES;Norte;Saída de Pista;1;0;0;0;0;0;0;0;;;1;0;0;0;0
16/09/2017;08:36:00;119;Acidente com vítima;268;BR-101/ES;Sul;Colisão Lateral;1;0;0;1;0;0;0;0;;;1;0;1;0;0
16/09/2017;11:07:00;181;Acidente sem vítima;266;BR-101/ES;Norte;Veículo em Chamas;1;0;0;0;0;0;0;0;;;1;0;0;0;0
16/09/2017;11:49:00;200;Acidente com vítima;298;BR-101/ES;Sul;Engavetamento;3;0;0;0;0;0;0;2;;;5;0;2;1;0
16/09/2017;11:58:00;202;Acidente com vítima;297,6;BR-101/ES;Sul;Colisão Lateral;1;0;0;1;0;0;0;0;;;2;0;1;0;0
16/09/2017;14:27:00;260;Acidente com vítima;295;BR-101/ES;Sul;Colisão Traseira;2;0;0;0;0;0;0;0;;;2;0;1;1;0
16/09/2017;18:01:00;338;Atropelamento sem morte;266;BR-101/ES;Norte;Atropelamento;1;0;0;0;0;0;0;0;;;2;0;1;0;0
16/09/2017;22:53:00;399;Acidente com vítima;268;BR-101/ES;Norte;Colisão Transversal;2;0;0;0;0;0;0;0;;;2;0;2;0;0
16/09/2017;23:49:00;414;Acidente com morte;239,9;BR-101/ES;Sul;Colisão Frontal;1;0;0;0;1;0;0;0;;;28;0;0;0;3
17/09/2017;01:52:00;28;Acidente com vítima;270;BR-101/ES;Norte;Colisão Frontal;2;0;0;0;0;0;0;0;;;1;0;1;0;0
17/09/2017;05:20:00;53;Acidente sem vítima;266;BR-101/ES;Norte;Colisão Transversal;0;0;0;1;1;0;0;0;;;3;0;0;0;0
17/09/2017;09:40:00;109;Acidente com vítima;448;BR-101/ES;Norte;Choque com Objeto Fixo;1;0;0;0;0;0;0;0;;;0;0;1;0;0
17/09/2017;18:13:00;266;Acidente com vítima;147;BR-101/ES;Norte;Colisão Lateral;1;0;0;1;0;0;0;0;;;2;1;0;0;0
17/09/2017;19:21:00;279;Acidente com vítima;147;BR-101/ES;Sul;Colisão Lateral;1;0;0;1;0;0;0;0;;;4;0;1;0;0
17/09/2017;19:44:00;285;Acidente sem vítima;238,8;BR-101/ES;Sul;Queda de ciclista;0;1;0;0;0;0;0;0;;;1;0;0;0;0
17/09/2017;21:55:00;315;Acidente sem vítima;268;BR-101/ES;Norte;Colisão Traseira;2;0;0;0;0;0;0;0;;;1;0;0;0;0
18/09/2017;00:08:00;2;Atropelamento com morte;266;BR-101/ES;Sul;Atropelamento;1;0;0;0;0;0;0;0;;;1;0;0;0;1
18/09/2017;00:08:00;3;Acidente sem vítima;401;BR-101/ES;Norte;Saída de Pista;1;0;0;0;0;0;0;0;;;1;0;0;0;0
18/09/2017;01:40:00;34;Acidente sem vítima;233;BR-101/ES;Sul;Saída de Pista;1;0;0;0;0;0;0;0;;;1;0;0;0;0
18/09/2017;07:23:00;96;Acidente sem vítima;253;BR-101/ES;Norte;Colisão Lateral;2;0;0;0;0;0;0;0;;;2;0;0;0;0
18/09/2017;07:44:00;105;Acidente sem vítima;149;BR-101/ES;Sul;Engavetamento;3;0;0;0;0;0;0;0;;;3;0;0;0;0
18/09/2017;08:22:00;118;Acidente com vítima;458;BR-101/ES;Sul;Colisão Lateral;2;0;0;0;0;0;0;0;;;2;0;3;0;0
18/09/2017;09:24:00;142;Acidente com vítima;298;BR-101/ES;Norte;Colisão;0;1;0;1;0;0;0;0;;;1;1;0;0;0
18/09/2017;09:57:00;155;Acidente sem vítima;213;BR-101/ES;Sul;Engavetamento;3;0;0;0;0;0;0;0;;;3;0;0;0;0
18/09/2017;11:55:00;225;Acidente com vítima;269;BR-101/ES;Sul;Queda de Moto;0;0;0;1;0;0;0;0;;;0;1;0;0;0
18/09/2017;13:55:00;286;Acidente com vítima;67;BR-101/ES;Sul;Colisão Transversal;2;0;0;0;0;0;0;0;;;5;2;0;0;0
18/09/2017;17:09:00;350;Acidente com vítima;213;BR-101/ES;Sul;Colisão Lateral;1;0;0;1;0;0;0;0;;;1;0;1;0;0
18/09/2017;17:30:00;358;Acidente sem vítima;272;BR-101/ES;Norte;Colisão Traseira;2;0;0;0;0;0;0;0;;;2;0;0;0;0
19/09/2017;08:35:00;102;Acidente com vítima;267;BR-101/ES;Norte;Colisão Traseira;0;0;0;1;1;0;0;0;;;2;0;1;0;0
19/09/2017;09:27:00;125;Acidente sem vítima;266;BR-101/ES;Sul;Engavetamento;3;0;1;0;0;0;0;0;;;4;0;0;0;0
19/09/2017;09:58:00;146;Acidente com vítima;294;BR-101/ES;Norte;Queda de Moto;1;0;0;0;0;0;0;0;;;0;0;1;0;0
19/09/2017;14:13:00;246;Acidente sem vítima;209,8;BR-101/ES;Sul;Saída de Pista;1;0;0;0;0;0;0;0;;;4;0;0;0;0
19/09/2017;16:48:00;296;Acidente com vítima;62;BR-101/ES;Sul;Queda de Moto;0;0;0;1;0;0;0;0;;;0;0;0;1;0
19/09/2017;17:36:00;317;Acidente com vítima;267;BR-101/ES;Sul;Colisão Lateral;1;0;0;1;0;0;0;0;;;2;0;1;0;0
19/09/2017;18:00:00;321;Acidente com vítima;266;BR-101/ES;Sul;Colisão Lateral;1;0;0;1;0;0;0;0;;;1;1;0;0;0
19/09/2017;18:26:00;329;Acidente sem vítima;268;BR-101/ES;Norte;Colisão Traseira;1;0;0;0;0;0;0;1;;;7;0;0;0;0
20/09/2017;08:12:00;92;Acidente sem vítima;297;BR-101/ES;Sul;Colisão Traseira;2;0;0;0;0;0;0;0;;;4;0;0;0;0
20/09/2017;14:23:00;282;Acidente com vítima;266;BR-101/ES;Norte;Colisão Lateral;0;0;0;1;0;0;0;2;;;1;0;1;0;0
20/09/2017;14:55:00;293;Acidente com vítima;253;BR-101/ES;Sul;Queda de Moto;0;0;0;1;0;0;0;0;;;0;1;0;0;0
20/09/2017;16:36:00;322;Acidente sem vítima;266;BR-101/ES;Sul;Engavetamento;4;0;0;0;0;0;0;0;;;5;0;0;0;0
20/09/2017;18:28:00;352;Acidente com vítima;265;BR-101/ES;Sul;Queda de Moto;0;0;0;1;0;0;0;0;;;0;0;1;0;0
20/09/2017;19:02:00;362;Acidente com vítima;288;BR-101/ES;Norte;Queda de Moto;0;0;0;1;0;0;0;0;;;0;1;0;0;0
20/09/2017;19:53:00;380;Acidente sem vítima;288,8;BR-101/ES;Norte;Saída de Pista;1;0;0;0;0;0;0;0;;;2;0;0;0;0
20/09/2017;22:19:00;426;Acidente sem vítima;281;BR-101/ES;Sul;Veículo em Chamas;1;0;0;0;0;0;0;0;;;1;0;0;0;0
20/09/2017;22:28:00;431;Acidente sem vítima;8;BR-101/ES;Norte;Capotamento;1;0;0;0;0;0;0;0;;;1;0;0;0;0
21/09/2017;04:32:00;47;Atropelamento sem morte;12;BR-101/ES;Norte;Atropelamento e Fuga;0;0;0;0;0;0;0;1;;;1;0;0;1;0
21/09/2017;06:35:00;69;Acidente com vítima;421;BR-101/ES;Norte;Queda de Moto;0;0;0;1;0;0;0;0;;;0;0;1;0;0
21/09/2017;09:34:00;140;Acidente sem vítima;255;BR-101/ES;Norte;Colisão Transversal;3;0;0;0;0;0;0;2;;;6;0;0;0;0
21/09/2017;10:32:00;159;Acidente com vítima;171;BR-101/ES;Sul;Queda de Moto;0;0;0;1;0;0;0;0;;;0;0;1;0;0
21/09/2017;19:04:00;352;Acidente sem vítima;54;BR-101/ES;Sul;Veículo em Chamas;0;0;1;0;0;0;0;0;;;3;0;0;0;0
21/09/2017;21:20:00;384;Acidente sem vítima;264;BR-101/ES;Sul;Veículo em Chamas;1;0;0;0;0;0;0;0;;;1;0;0;0;0
21/09/2017;23:35:00;431;Acidente sem vítima;264;BR-101/ES;Norte;Colisão Transversal;1;0;0;1;0;0;0;0;;;3;0;0;0;0
22/09/2017;08:57:00;147;Acidente com vítima;281;BR-101/ES;Norte;Queda de Moto;0;0;0;1;0;0;0;0;;;0;0;1;0;0
22/09/2017;09:38:00;162;Acidente sem vítima;67;BR-101/ES;Sul;Colisão Transversal;2;0;0;0;0;0;0;0;;;2;0;0;0;0
22/09/2017;09:58:00;171;Acidente sem vítima;266;BR-101/ES;Sul;Colisão Traseira;2;0;0;0;0;0;0;0;;;2;0;0;0;0
22/09/2017;12:13:00;224;Acidente com vítima;294;BR-101/ES;Sul;Colisão;1;1;0;0;0;0;0;0;;;2;1;0;0;0
22/09/2017;12:13:00;226;Acidente com vítima;23,06;BR-101/ES;Sul;Queda de Moto;0;0;0;1;0;0;0;0;;;0;1;0;0;0
22/09/2017;18:00:00;361;Acidente com vítima;147;BR-101/ES;Sul;Colisão Lateral;1;0;0;1;0;0;0;0;;;1;1;0;0;0
22/09/2017;18:27:00;365;Acidente sem vítima;70;BR-101/ES;Sul;Colisão Lateral;1;0;1;0;0;0;0;0;;;2;0;0;0;0
22/09/2017;18:57:00;373;Acidente com vítima;145;BR-101/ES;Norte;Colisão Lateral;0;0;1;1;0;0;0;0;;;2;0;0;1;0
22/09/2017;19:28:00;378;Acidente sem vítima;210;BR-101/ES;Sul;Engavetamento;4;0;0;0;0;0;0;0;;;5;0;0;0;0
22/09/2017;20:06:00;396;Acidente com vítima;441;BR-101/ES;Norte;Queda de Moto;0;0;0;1;0;0;0;0;;;0;0;2;0;0
22/09/2017;22:22:00;427;Acidente sem vítima;264;BR-101/ES;Sul;Engavetamento;3;0;0;0;0;0;0;0;;;5;0;0;0;0
23/09/2017;10:12:00;131;Acidente sem vítima;321;BR-101/ES;Sul;Danos Eventuais;0;0;1;0;0;0;0;0;;;1;0;0;0;0
23/09/2017;11:54:00;174;Acidente com vítima;66;BR-101/ES;Sul;Colisão Transversal;1;0;0;0;0;0;0;4;;;1;0;0;1;0
23/09/2017;16:09:00;246;Acidente com vítima;301,4;BR-101/ES;Sul;Colisão;1;1;0;0;0;0;0;0;;;1;0;1;0;0
23/09/2017;16:26:00;257;Acidente com vítima;210;BR-101/ES;Sul;Colisão Transversal;1;0;0;1;0;0;0;0;;;2;1;0;0;0
23/09/2017;17:45:00;280;Acidente com vítima;282;BR-101/ES;Norte;Queda de Moto;0;0;0;1;0;0;0;0;;;0;0;1;0;0
23/09/2017;18:22:00;290;Acidente sem vítima;321;BR-101/ES;Norte;Colisão Lateral;1;0;1;0;0;0;0;0;;;2;0;0;0;0
23/09/2017;21:16:00;312;Acidente com vítima;263;BR-101/ES;Sul;Queda de ciclista;0;1;0;0;0;0;0;0;;;0;1;0;0;0
23/09/2017;22:13:00;322;Acidente sem vítima;67;BR-101/ES;Norte;Saída de Pista;0;0;1;0;0;0;0;0;;;1;0;0;0;0
24/09/2017;09:07:00;104;Acidente com vítima;269;BR-101/ES;Norte;Colisão Traseira;0;0;1;1;0;0;0;0;;;1;2;0;0;0
24/09/2017;15:10:00;220;Acidente com vítima;64;BR-101/ES;Norte;Queda de Moto;0;0;0;1;0;0;0;0;;;0;2;0;0;0
24/09/2017;16:38:00;249;Acidente com vítima;126,8;BR-101/ES;Sul;Queda de Moto;0;0;0;1;0;0;0;0;;;0;1;0;0;0
24/09/2017;17:33:00;264;Acidente sem vítima;271;BR-101/ES;Norte;Colisão Transversal;2;0;0;0;0;0;0;0;;;3;0;0;0;0
24/09/2017;18:44:00;285;Acidente com vítima;93;BR-101/ES;Norte;Colisão Traseira;1;0;0;1;0;0;0;0;;;2;0;1;0;0
24/09/2017;18:44:00;286;Acidente sem vítima;266;BR-101/ES;Sul;Engavetamento;3;0;0;0;0;0;0;0;;;3;0;0;0;0
24/09/2017;18:54:00;289;Acidente sem vítima;289;BR-101/ES;Sul;Colisão Transversal;2;0;0;0;0;0;0;0;;;7;0;0;0;0
24/09/2017;18:55:00;290;Acidente sem vítima;288;BR-101/ES;Sul;Saída de Pista;1;0;0;0;0;0;0;0;;;1;0;0;0;0
24/09/2017;21:16:00;318;Acidente com vítima;331;BR-101/ES;Norte;Colisão Transversal;1;0;1;0;0;0;0;2;;;1;0;1;0;0
25/09/2017;07:04:00;74;Atropelamento sem morte;214;BR-101/ES;Norte;Atropelamento e Fuga;1;0;0;0;0;0;0;0;;;1;0;0;1;0
25/09/2017;07:50:00;88;Acidente com vítima;298;BR-101/ES;Norte;Colisão Traseira;2;0;0;0;0;0;0;0;;;2;1;0;0;0
25/09/2017;10:39:00;193;Acidente sem vítima;270;BR-101/ES;Norte;Colisão Lateral;1;0;0;0;0;0;0;3;;;2;0;0;0;0
25/09/2017;17:27:00;336;Acidente com vítima;262;BR-101/ES;Sul;Colisão Traseira;1;0;1;0;0;0;0;0;;;2;0;2;0;0
26/09/2017;02:25:00;41;Acidente com morte;378;BR-101/ES;Norte;Colisão Frontal;2;0;1;0;0;0;0;0;;;3;0;0;0;1
26/09/2017;10:37:00;170;Acidente sem vítima;266;BR-101/ES;Norte;Colisão Traseira;2;0;0;0;0;0;0;0;;;4;0;0;0;0
26/09/2017;14:58:00;271;Acidente com vítima;88;BR-101/ES;Norte;Saída de Pista;1;0;0;0;0;0;0;0;;;0;0;2;0;0
26/09/2017;16:26:00;299;Acidente com morte;318;BR-101/ES;Sul;Colisão Frontal;1;0;0;0;0;0;0;3;;;2;0;1;1;1
27/09/2017;10:03:00;158;Acidente sem vítima;241;BR-101/ES;Sul;Choque com Veículo Estacionado;1;0;1;0;0;0;0;0;;;2;0;0;0;0
27/09/2017;11:07:00;186;Acidente com vítima;265;BR-101/ES;Sul;Colisão Traseira;1;0;0;1;0;0;0;0;;;2;0;1;0;0
27/09/2017;13:29:00;242;Acidente sem vítima;296;BR-101/ES;Sul;Colisão Traseira;2;0;0;0;0;0;0;0;;;2;0;0;0;0
27/09/2017;14:07:00;252;Atropelamento sem morte;59;BR-101/ES;Sul;Atropelamento;0;0;1;0;0;0;0;0;;;1;0;0;1;0
27/09/2017;16:03:00;280;Acidente com vítima;448;BR-101/ES;Sul;Tombamento;0;0;0;0;0;0;0;2;;;0;2;0;0;0
27/09/2017;18:22:00;324;Acidente com vítima;327;BR-101/ES;Sul;Colisão Lateral;2;0;0;0;0;0;0;0;;;2;1;0;0;0
28/09/2017;12:48:00;242;Acidente com vítima;268;BR-101/ES;Sul;Colisão Lateral;1;0;0;1;0;0;0;0;;;4;1;0;0;0
28/09/2017;14:39:00;289;Acidente sem vítima;266;BR-101/ES;Sul;Colisão Traseira;1;0;1;0;0;0;0;0;;;5;0;0;0;0
28/09/2017;23:17:00;422;Acidente sem vítima;400,5;BR-101/ES;Sul;Saída de Pista;1;0;0;0;0;0;0;0;;;1;0;0;0;0
29/09/2017;05:03:00;72;Acidente com vítima;294;BR-101/ES;Sul;Saída de Pista;1;0;0;0;0;0;0;0;;;0;1;0;0;0
29/09/2017;06:44:00;103;Acidente com vítima;262;BR-101/ES;Norte;Colisão Traseira;0;0;1;1;0;0;0;0;;;1;1;0;0;0
29/09/2017;12:04:00;236;Acidente sem vítima;270;BR-101/ES;Norte;Colisão Lateral;0;0;0;0;0;1;0;2;;;1;0;0;0;0
29/09/2017;18:38:00;379;Acidente sem vítima;290;BR-101/ES;Sul;Colisão Lateral;2;0;0;0;0;0;0;0;;;7;0;0;0;0
29/09/2017;19:15:00;391;Acidente sem vítima;280;BR-101/ES;Sul;Choque;1;0;1;0;0;0;0;0;;;2;0;0;0;0
30/09/2017;04:50:00;50;Acidente com vítima;142;BR-101/ES;Norte;Queda de Moto;0;0;0;1;0;0;0;0;;;0;0;2;0;0
30/09/2017;06:35:00;68;Acidente com vítima;47;BR-101/ES;Sul;Saída de Pista;1;0;0;0;0;0;0;0;;;0;5;0;0;0
30/09/2017;11:36:00;176;Acidente com vítima;234;BR-101/ES;Norte;Capotamento;1;0;0;0;0;0;0;0;;;0;1;0;1;0
30/09/2017;12:18:00;187;Acidente com vítima;286;BR-101/ES;Sul;Queda de Moto;0;0;0;1;0;0;0;0;;;0;1;1;0;0
30/09/2017;16:09:00;259;Acidente com vítima;168;BR-101/ES;Sul;Queda de ciclista;0;1;0;0;0;0;0;0;;;0;0;1;0;0
30/09/2017;17:53:00;294;Acidente com vítima;179;BR-101/ES;Sul;Capotamento;1;0;0;0;0;0;0;0;;;1;1;0;0;0
30/09/2017;18:01:00;295;Acidente com vítima;67;BR-101/ES;Norte;Colisão Transversal;1;0;0;1;0;0;0;0;;;1;0;2;0;0
30/09/2017;18:04:00;296;Acidente sem vítima;208;BR-101/ES;Norte;Colisão Traseira;1;0;0;1;0;0;0;0;;;3;0;0;0;0
30/09/2017;20:27:00;325;Acidente sem vítima;367;BR-101/ES;Norte;Saída de Pista;1;0;0;0;0;0;0;0;;;2;0;0;0;0
30/09/2017;21:13:00;332;Acidente sem vítima;148,1;BR-101/ES;Sul;Colisão Transversal;2;0;0;0;0;0;0;0;;;2;0;0;0;0
30/09/2017;22:38:00;351;Acidente com vítima;148,7;BR-101/ES;Norte;Colisão Transversal;2;0;0;0;0;0;0;0;;;3;1;0;0;0
01/10/2017;06:17:00;71;Acidente sem vítima;272;BR-101/ES;Norte;Choque com Objeto Fixo;1;0;0;0;0;0;0;0;;;1;0;0;0;0
01/10/2017;06:32:00;73;Acidente sem vítima;284;BR-101/ES;Sul;Saída de Pista;1;0;0;0;0;0;0;0;;;3;0;0;0;0
01/10/2017;06:36:00;75;Acidente sem vítima;269;BR-101/ES;Sul;Saída de Pista;1;0;0;0;0;0;0;0;;;1;0;0;0;0
01/10/2017;06:58:00;77;Acidente com vítima;188;BR-101/ES;Sul;Queda de Moto;0;0;0;1;0;0;0;0;;;0;1;0;0;0
01/10/2017;09:19:00;108;Acidente com vítima;226;BR-101/ES;Sul;Saída de Pista;1;0;0;0;0;0;0;0;;;0;1;0;3;0
01/10/2017;10:28:00;132;Acidente com vítima;293,5;BR-101/ES;Sul;Saída de Pista;1;0;0;0;0;0;0;0;;;2;2;0;0;0
01/10/2017;11:40:00;165;Acidente com vítima;264;BR-101/ES;Norte;Colisão Lateral;0;0;1;1;0;0;0;1;;;1;0;1;0;0
01/10/2017;15:32:00;241;Acidente com vítima;343;BR-101/ES;Norte;Saída de Pista;1;0;0;0;0;0;0;0;;;0;1;0;0;0
01/10/2017;15:51:00;250;Acidente com vítima;379,8;BR-101/ES;Sul;Capotamento;1;0;0;0;0;0;0;0;;;0;2;0;0;0
01/10/2017;18:29:00;293;Acidente com vítima;156;BR-101/ES;Sul;Saída de Pista;1;0;0;0;0;0;0;0;;;0;1;0;0;0
02/10/2017;09:24:00;126;Acidente com vítima;281;BR-101/ES;Sul;Colisão Transversal;2;0;0;0;0;0;0;0;;;5;1;1;0;0
02/10/2017;11:46:00;214;Acidente com vítima;145,9;BR-101/ES;Norte;Queda de Moto;0;0;0;1;0;0;0;0;;;0;2;0;0;0
02/10/2017;15:26:00;299;Acidente sem vítima;248;BR-101/ES;Sul;Saída de Pista;1;0;0;0;0;0;0;0;;;1;0;0;0;0
02/10/2017;15:29:00;302;Acidente com vítima;269;BR-101/ES;Norte;Atropelamento Animal;0;0;0;1;0;0;0;0;;;0;0;1;0;0
02/10/2017;17:11:00;332;Acidente sem vítima;399;BR-101/ES;Norte;Danos Eventuais;1;0;0;0;0;0;0;0;;;1;0;0;0;0
02/10/2017;17:23:00;338;Acidente sem vítima;391;BR-101/ES;Norte;Choque com Objeto Fixo;1;0;0;0;0;0;0;0;;;1;0;0;0;0
02/10/2017;18:59:00;362;Acidente sem vítima;452;BR-101/ES;Norte;Choque;0;0;1;0;0;0;0;0;;;1;0;0;0;0
03/10/2017;00:53:00;15;Acidente com vítima;176;BR-101/ES;Norte;Queda de Moto;0;0;0;1;0;0;0;0;;;0;1;0;0;0
03/10/2017;08:54:00;119;Acidente sem vítima;266;BR-101/ES;Sul;Colisão Traseira;1;0;0;0;1;0;0;0;;;3;0;0;0;0
03/10/2017;10:36:00;173;Acidente com vítima;296;BR-101/ES;Norte;Colisão Traseira;1;0;1;0;0;0;0;0;;;3;0;2;0;0
03/10/2017;11:35:00;201;Acidente sem vítima;247;BR-101/ES;Sul;Colisão Transversal;2;0;0;0;0;0;0;0;;;5;0;0;0;0
03/10/2017;12:03:00;206;Acidente com vítima;253;BR-101/ES;Sul;Colisão Lateral;1;0;0;1;0;0;0;0;;;2;2;0;0;0
03/10/2017;12:48:00;231;Acidente sem vítima;271;BR-101/ES;Norte;Colisão Traseira;0;0;2;0;0;0;0;0;;;2;0;0;0;0
03/10/2017;13:24:00;242;Acidente com vítima;269;BR-101/ES;Sul;Colisão Traseira;0;0;0;1;0;0;0;2;;;1;0;1;0;0
03/10/2017;15:49:00;297;Acidente sem vítima;454;BR-101/ES;Norte;Saída de Pista;1;0;0;0;0;0;0;0;;;1;0;0;0;0
03/10/2017;19:03:00;345;Acidente sem vítima;146;BR-101/ES;Norte;Saída de Pista;1;0;0;0;0;0;0;0;;;1;0;0;0;0
04/10/2017;08:07:00;99;Acidente sem vítima;299,5;BR-101/ES;Sul;Colisão Traseira;2;0;0;0;0;0;0;0;;;3;0;0;0;0
04/10/2017;09:43:00;145;Acidente sem vítima;447;BR-101/ES;Sul;Saída de Pista;1;0;0;0;0;0;0;0;;;1;0;0;0;0
04/10/2017;10:04:00;168;Acidente sem vítima;361;BR-101/ES;Sul;Saída de Pista;0;0;1;0;0;0;0;0;;;1;0;0;0;0
04/10/2017;12:46:00;246;Acidente sem vítima;271;BR-101/ES;Sul;Colisão Traseira;0;0;1;0;0;0;0;1;;;3;0;0;0;0
04/10/2017;13:27:00;262;Acidente com vítima;276;BR-101/ES;Norte;Colisão Frontal;2;0;0;0;0;0;0;2;;;1;1;0;1;0
04/10/2017;14:16:00;277;Acidente com vítima;146;BR-101/ES;Sul;Colisão Transversal;0;0;0;2;0;0;0;0;;;1;1;1;0;0
04/10/2017;19:53:00;366;Acidente com vítima;266;BR-101/ES;Sul;Queda de Moto;0;0;0;1;0;0;0;0;;;0;0;1;0;0
05/10/2017;02:04:00;33;Acidente sem vítima;185;BR-101/ES;Sul;Capotamento;1;0;0;0;0;0;0;0;;;1;0;0;0;0
05/10/2017;02:36:00;37;Acidente sem vítima;140;BR-101/ES;Norte;Colisão Traseira;2;0;0;0;0;0;0;0;;;2;0;0;0;0
05/10/2017;03:11:00;41;Acidente sem vítima;171,3;BR-101/ES;Sul;Saída de Pista;0;0;0;0;0;1;0;0;;;1;0;0;0;0
05/10/2017;09:05:00;119;Acidente com vítima;258;BR-101/ES;Norte;Queda de Moto;0;0;0;1;0;0;0;0;;;0;0;1;0;0
05/10/2017;10:52:00;178;Acidente sem vítima;266;BR-101/ES;Sul;Colisão Traseira;2;0;0;0;0;0;0;0;;;3;0;0;0;0
05/10/2017;15:21:00;280;Acidente sem vítima;280;BR-101/ES;Sul;Veículo em Chamas;1;0;0;0;0;0;0;0;;;1;0;0;0;0
05/10/2017;17:10:00;324;Acidente sem vítima;149;BR-101/ES;Norte;Colisão Traseira;2;0;0;0;0;0;0;0;;;2;0;0;0;0
05/10/2017;17:52:00;339;Acidente com vítima;21,8;BR-101/ES;Norte;Queda de Moto;0;0;0;1;0;0;0;0;;;0;0;2;0;0
05/10/2017;18:38:00;348;Acidente sem vítima;42;BR-101/ES;Sul;Colisão Traseira;0;0;0;0;2;0;0;0;;;2;0;0;0;0
05/10/2017;20:53:00;381;Acidente com vítima;304;BR-101/ES;Sul;Queda de ciclista;0;1;0;0;0;0;0;0;;;0;1;0;0;0
06/10/2017;02:52:00;44;Acidente sem vítima;28,8;BR-101/ES;Sul;Saída de Pista;1;0;0;0;0;0;0;0;;;1;0;0;0;0
06/10/2017;07:07:00;86;Acidente sem vítima;261;BR-101/ES;Sul;Colisão Traseira;2;0;0;0;0;0;0;0;;;2;0;0;0;0
06/10/2017;08:57:00;126;Acidente com vítima;265,9;BR-101/ES;Norte;Colisão Lateral;1;0;0;1;0;0;0;0;;;1;0;1;0;0
06/10/2017;14:26:00;267;Acidente sem vítima;206;BR-101/ES;Norte;Engavetamento;3;0;0;0;0;0;0;0;;;8;0;0;0;0
07/10/2017;00:45:00;19;Acidente sem vítima;42;BR-101/ES;Norte;Atropelamento de Equino;0;0;1;0;0;0;0;0;;;1;0;0;0;0
07/10/2017;11:00:00;185;Acidente sem vítima;255;BR-101/ES;Norte;Colisão Traseira;2;0;0;0;0;0;0;0;;;4;0;0;0;0
07/10/2017;12:07:00;213;Acidente com vítima;288;BR-101/ES;Sul;Queda de Moto;0;0;0;1;0;0;0;0;;;0;0;1;0;0
07/10/2017;15:40:00;284;Acidente sem vítima;365;BR-101/ES;Sul;Colisão Lateral;2;0;0;0;0;0;0;0;;;4;0;0;0;0
07/10/2017;15:43:00;287;Acidente com vítima;272;BR-101/ES;Norte;Colisão Traseira;1;0;0;1;0;0;0;0;;;1;0;1;0;0
07/10/2017;19:49:00;351;Acidente com vítima;61;BR-101/ES;Sul;Colisão Transversal;1;0;0;1;0;0;0;0;;;1;0;1;1;0
08/10/2017;03:55:00;53;Acidente com vítima;270;BR-101/ES;Norte;Colisão Transversal;2;0;0;0;0;0;0;0;;;1;0;1;0;0
08/10/2017;04:23:00;61;Acidente sem vítima;458;BR-101/ES;Norte;Saída de Pista;1;0;0;0;0;0;0;0;;;4;0;0;0;0