data;horario;n_da_ocorrencia;tipo_de_ocorrencia;km;trecho;sentido;tipo_de_acidente;automovel;bicicleta;caminhao;moto;onibus;outros;tracao_animal;transporte_de_cargas_especiais;trator_maquinas;utilitarios;ilesos;levemente_feridos;moderadamente_feridos;gravemente_feridos;mortos
08/10/2017;08:12:00;110;Acidente com vítima;301;BR-101/ES;Sul;Colisão Traseira;2;0;0;0;0;0;0;0;;;1;1;1;0;0
08/10/2017;09:05:00;124;Acidente com vítima;266;BR-101/ES;Sul;Queda de Moto;0;0;0;1;0;0;0;0;;;0;0;1;0;0
08/10/2017;09:48:00;134;Acidente sem vítima;255,5;BR-101/ES;Sul;Queda de Moto;0;0;0;1;0;0;0;0;;;1;0;0;0;0
08/10/2017;13:46:00;234;Acidente sem vítima;258;BR-101/ES;Norte;Choque com Objeto Fixo;1;0;0;0;0;0;0;0;;;1;0;0;0;0
08/10/2017;15:48:00;269;Acidente com vítima;322;BR-101/ES;Sul;Colisão Lateral;2;0;0;0;0;0;0;0;;;4;1;0;0;0
08/10/2017;18:42:00;332;Acidente sem vítima;338;BR-101/ES;Norte;Queda de Moto;0;0;0;1;0;0;0;0;;;2;0;0;0;0
08/10/2017;18:50:00;334;Acidente com vítima;151;BR-101/ES;Sul;Colisão Frontal;1;0;0;1;0;0;0;0;;;1;0;1;0;0
08/10/2017;21:07:00;362;Acidente com vítima;294;BR-101/ES;Sul;Capotamento;1;0;0;0;0;0;0;0;;;3;1;0;0;0
08/10/2017;22:32:00;386;Atropelamento sem morte;268;BR-101/ES;Norte;Atropelamento e Fuga;1;0;0;0;0;0;0;0;;;0;0;1;0;0
09/10/2017;04:33:00;54;Acidente com vítima;257,4;BR-101/ES;Norte;Colisão Traseira;0;0;1;0;1;0;0;0;;;3;0;1;0;0
09/10/2017;06:35:00;72;Acidente com vítima;270;BR-101/ES;Sul;Engavetamento;4;0;0;0;0;0;0;0;;;3;1;0;0;0
09/10/2017;10:16:00;162;Acidente sem vítima;287;BR-101/ES;Sul;Colisão Transversal;2;0;0;0;0;0;0;0;;;5;0;0;0;0
09/10/2017;17:41:00;369;Acidente sem vítima;65;BR-101/ES;Sul;Colisão Lateral;1;0;1;0;0;0;0;0;;;2;0;0;0;0
09/10/2017;19:50:00;407;Acidente com vítima;259,5;BR-101/ES;Sul;Queda de Moto;0;0;0;1;0;0;0;0;;;0;0;1;0;0
10/10/2017;05:58:00;71;Acidente com vítima;299;BR-101/ES;Norte;Colisão Traseira;1;0;0;1;0;0;0;0;;;1;0;1;0;0
10/10/2017;06:58:00;79;Acidente sem vítima;146;BR-101/ES;Norte;Colisão Traseira;0;0;2;0;0;0;0;0;;;2;0;0;0;0
10/10/2017;08:39:00;115;Acidente com vítima;225;BR-101/ES;Norte;Saída de Pista;1;0;0;0;0;0;0;0;;;0;0;0;1;0
10/10/2017;08:58:00;121;Acidente com vítima;265;BR-101/ES;Sul;Colisão Lateral;1;0;0;0;0;0;0;3;;;3;1;0;0;0
10/10/2017;13:24:00;257;Acidente sem vítima;255;BR-101/ES;Sul;Engavetamento;2;0;0;0;0;2;0;0;;;6;0;0;0;0
10/10/2017;15:10:00;290;Acidente sem vítima;452;BR-101/ES;Sul;Colisão Traseira;0;0;1;0;0;0;0;3;;;2;0;0;0;0
10/10/2017;16:07:00;312;Acidente sem vítima;74,5;BR-101/ES;Norte;Atropelamento Animal;1;0;0;0;0;0;0;0;;;2;0;0;0;0
10/10/2017;19:26:00;369;Acidente sem vítima;143;BR-101/ES;Norte;Colisão Traseira;2;0;0;0;0;0;0;0;;;2;0;0;0;0
10/10/2017;22:48:00;422;Acidente com vítima;78,5;BR-101/ES;Norte;Colisão Lateral;0;0;2;0;0;0;0;0;;;0;2;0;0;0
11/10/2017;09:39:00;145;Acidente com vítima;276;BR-101/ES;Norte;Colisão Traseira;1;0;1;0;0;0;0;2;;;2;0;1;0;0
11/10/2017;10:14:00;181;Acidente sem vítima;265;BR-101/ES;Sul;Colisão Lateral;2;0;0;1;0;0;0;0;;;1;0;0;0;0
11/10/2017;11:57:00;234;Acidente com morte;303;BR-101/ES;Sul;Engavetamento;7;0;1;0;0;0;0;3;;;3;2;2;0;4
11/10/2017;17:21:00;335;Acidente com vítima;269;BR-101/ES;Sul;Colisão Lateral;1;0;0;0;0;0;0;2;;;4;1;0;0;0
11/10/2017;18:15:00;349;Acidente com vítima;229;BR-101/ES;Sul;Colisão;0;1;0;1;0;0;0;0;;;1;0;1;0;0
11/10/2017;18:26:00;354;Acidente com vítima;264;BR-101/ES;Norte;Queda de Moto;0;0;0;1;0;0;0;0;;;1;0;1;0;0
11/10/2017;23:11:00;440;Acidente sem vítima;296;BR-101/ES;Sul;Choque com Objeto Fixo;1;0;0;0;0;0;0;0;;;1;0;0;0;0
12/10/2017;01:45:00;37;Acidente sem vítima;144;BR-101/ES;Norte;Capotamento;1;0;0;0;0;0;0;0;;;2;0;0;0;0
12/10/2017;06:33:00;106;Acidente com vítima;141,9;BR-101/ES;Norte;Queda de ciclista;0;1;0;0;0;0;0;0;;;0;0;1;0;0
12/10/2017;07:40:00;131;Acidente sem vítima;230;BR-101/ES;Norte;Engavetamento;3;0;0;0;0;0;0;0;;;3;0;0;0;0
12/10/2017;08:22:00;143;Acidente com vítima;213;BR-101/ES;Norte;Colisão Lateral;0;0;0;2;0;0;0;0;;;1;0;1;0;0
12/10/2017;09:51:00;174;Acidente sem vítima;452;BR-101/ES;Norte;Engavetamento;3;0;0;0;0;0;0;0;;;11;0;0;0;0
12/10/2017;10:39:00;198;Acidente com vítima;66;BR-101/ES;Norte;Colisão Transversal;2;0;0;0;0;1;0;0;;;5;1;0;0;0
12/10/2017;13:57:00;282;Acidente sem vítima;166;BR-101/ES;Norte;Veículo em Chamas;1;0;0;0;0;0;0;0;;;1;0;0;0;0
12/10/2017;16:59:00;325;Acidente sem vítima;146;BR-101/ES;Sul;Colisão Traseira;2;0;0;0;0;0;0;0;;;2;0;0;0;0
13/10/2017;07:22:00;88;Acidente sem vítima;67;BR-101/ES;Sul;Colisão Lateral;1;0;0;1;0;0;0;0;;;2;0;0;0;0
13/10/2017;09:47:00;141;Acidente sem vítima;293;BR-101/ES;Sul;Colisão Traseira;2;0;0;0;0;0;0;0;;;2;0;0;0;0
13/10/2017;10:13:00;150;Acidente sem vítima;45;BR-101/ES;Sul;Veículo em Chamas;1;0;0;0;0;0;0;0;;;1;0;0;0;0
13/10/2017;19:53:00;347;Acidente com vítima;65;BR-101/ES;Norte;Choque com Objeto Fixo;0;0;0;1;0;0;0;0;;;0;0;1;0;0
13/10/2017;23:46:00;410;Atropelamento sem morte;266;BR-101/ES;Norte;Atropelamento;1;0;0;0;0;0;0;0;;;2;0;1;0;0
14/10/2017;13:36:00;221;Acidente com vítima;269;BR-101/ES;Sul;Queda de Moto;0;0;0;1;0;0;0;0;;;0;0;2;0;0
14/10/2017;13:54:00;227;Acidente sem vítima;266;BR-101/ES;Sul;Colisão Traseira;2;0;0;0;0;0;0;0;;;3;0;0;0;0
14/10/2017;13:58:00;231;Acidente com vítima;294;BR-101/ES;Norte;Colisão Traseira;2;0;0;0;0;0;0;0;;;8;1;0;0;0
14/10/2017;17:15:00;298;Acidente sem vítima;160;BR-101/ES;Norte;Colisão Traseira;1;0;1;0;0;0;0;0;;;2;0;0;0;0
15/10/2017;07:11:00;75;Acidente com vítima;182;BR-101/ES;Sul;Colisão Lateral;2;0;1;0;0;0;0;0;;;4;0;4;0;0
15/10/2017;09:46:00;106;Acidente sem vítima;180;BR-101/ES;Sul;Colisão Transversal;2;0;0;0;0;0;0;0;;;4;0;0;0;0
15/10/2017;10:30:00;118;Acidente com vítima;257;BR-101/ES;Norte;Saída de Pista;1;0;0;0;0;0;0;0;;;0;0;1;1;0
15/10/2017;11:26:00;145;Acidente sem vítima;145;BR-101/ES;Norte;Colisão Traseira;1;0;0;0;1;0;0;0;;;2;0;0;0;0
15/10/2017;12:55:00;186;Acidente com vítima;298;BR-101/ES;Norte;Colisão Traseira;1;0;0;1;0;0;0;0;;;2;0;1;0;0
15/10/2017;13:33:00;201;Acidente sem vítima;395;BR-101/ES;Sul;Colisão Lateral;3;0;0;0;0;0;0;0;;;6;0;0;0;0
15/10/2017;13:39:00;205;Acidente sem vítima;298;BR-101/ES;Sul;Colisão Traseira;0;0;0;1;1;0;0;0;;;3;0;0;0;0
15/10/2017;14:18:00;216;Acidente sem vítima;242;BR-101/ES;Sul;Queda de Moto;0;0;0;1;0;0;0;0;;;1;0;0;0;0
15/10/2017;16:39:00;266;Acidente sem vítima;146;BR-101/ES;Sul;Colisão Traseira;3;0;0;0;0;0;0;0;;;7;0;0;0;0
15/10/2017;18:47:00;311;Acidente com vítima;173;BR-101/ES;Sul;Saída de Pista;1;0;0;0;0;0;0;0;;;0;1;0;0;0
15/10/2017;19:23:00;321;Acidente com vítima;171,1;BR-101/ES;Norte;Colisão;0;1;0;0;0;0;0;0;;;0;0;1;0;0
15/10/2017;20:54:00;350;Acidente com vítima;292;BR-101/ES;Norte;Colisão Lateral;1;0;1;0;0;0;0;0;;;1;0;2;0;0
16/10/2017;07:14:00;80;Acidente sem vítima;269;BR-101/ES;Sul;Colisão Traseira;2;0;0;0;0;0;0;0;;;4;0;0;0;0
16/10/2017;08:19:00;96;Acidente com vítima;266;BR-101/ES;Norte;Colisão Traseira;2;0;0;0;0;0;0;0;;;1;2;2;0;0
16/10/2017;09:06:00;119;Acidente sem vítima;301,4;BR-101/ES;Sul;Colisão Traseira;2;0;0;0;0;0;0;0;;;3;0;0;0;0
16/10/2017;09:08:00;120;Acidente sem vítima;267;BR-101/ES;Norte;Engavetamento;2;0;1;0;0;0;0;0;;;3;0;0;0;0
16/10/2017;11:57:00;202;Acidente sem vítima;271;BR-101/ES;Norte;Colisão Traseira;0;0;1;0;0;0;0;3;;;2;0;0;0;0
16/10/2017;14:05:00;250;Acidente sem vítima;450;BR-101/ES;Sul;Saída de Pista;1;0;0;0;0;0;0;0;;;4;0;0;0;0
16/10/2017;14:46:00;264;Acidente sem vítima;105;BR-101/ES;Norte;Colisão Traseira;1;0;1;0;0;0;0;0;;;3;0;0;0;0
16/10/2017;15:37:00;286;Acidente sem vítima;256;BR-101/ES;Norte;Colisão Traseira;3;0;0;0;0;0;0;0;;;10;0;0;0;0
16/10/2017;16:41:00;311;Acidente sem vítima;211;BR-101/ES;Norte;Choque com Objeto Fixo;1;0;0;0;0;0;0;0;;;1;0;0;0;0
16/10/2017;17:06:00;318;Acidente com vítima;329;BR-101/ES;Norte;Colisão Frontal;1;0;0;1;0;0;0;0;;;1;1;0;1;0
16/10/2017;17:22:00;321;Acidente sem vítima;258;BR-101/ES;Sul;Saída de Pista;1;0;0;0;0;0;0;0;;;1;0;0;0;0
16/10/2017;17:25:00;322;Acidente sem vítima;352;BR-101/ES;Sul;Saída de Pista;1;0;0;0;0;0;0;0;;;4;0;0;0;0
16/10/2017;19:12:00;355;Acidente sem vítima;281;BR-101/ES;Norte;Saída de Pista;1;0;0;0;0;0;0;0;;;1;0;0;0;0
16/10/2017;21:03:00;379;Acidente sem vítima;394;BR-101/ES;Norte;Saída de Pista;0;0;1;0;0;0;0;0;;;2;0;0;0;0
17/10/2017;05:39:00;69;Acidente com vítima;438;BR-101/ES;Sul;Tombamento;0;0;1;0;0;0;0;0;;;2;1;0;0;0
17/10/2017;07:00:00;84;Acidente com vítima;145;BR-101/ES;Sul;Queda de Moto;0;0;0;1;0;0;0;0;;;0;2;0;0;0
17/10/2017;07:22:00;91;Acidente com vítima;271;BR-101/ES;Norte;Choque com Objeto Fixo;1;0;0;0;0;0;0;0;;;0;1;0;0;0
17/10/2017;07:36:00;103;Acidente sem vítima;235;BR-101/ES;Norte;Queda de Moto;0;0;0;1;0;0;0;0;;;1;0;0;0;0
17/10/2017;07:54:00;108;Acidente sem vítima;273;BR-101/ES;Norte;Engavetamento;2;0;1;0;0;0;0;0;;;3;0;0;0;0
17/10/2017;08:03:00;111;Acidente sem vítima;258;BR-101/ES;Norte;Capotamento;1;0;0;0;0;0;0;0;;;1;0;0;0;0
17/10/2017;08:23:00;122;Acidente sem vítima;17,5;BR-101/ES;Norte;Saída de Pista;1;0;0;0;0;0;0;0;;;1;0;0;0;0
17/10/2017;09:00:00;136;Acidente com vítima;226;BR-101/ES;Sul;Saída de Pista;1;0;0;0;0;0;0;0;;;1;1;1;0;0
17/10/2017;09:26:00;146;Acidente com vítima;292;BR-101/ES;Sul;Saída de Pista;1;0;0;0;0;0;0;0;;;1;0;1;0;0
17/10/2017;10:33:00;171;Acidente sem vítima;293;BR-101/ES;Norte;Colisão Traseira;2;0;0;0;0;0;0;0;;;3;0;0;0;0
17/10/2017;13:01:00;253;Acidente sem vítima;436;BR-101/ES;Sul;Capotamento;1;0;0;0;0;0;0;0;;;1;0;0;0;0
17/10/2017;13:40:00;266;Acidente com vítima;262;BR-101/ES;Sul;Colisão;1;1;0;0;0;0;0;0;;;1;1;1;0;0
17/10/2017;14:42:00;281;Acidente com vítima;231;BR-101/ES;Sul;Saída de Pista;0;0;0;0;0;0;0;2;;;2;1;0;0;0
17/10/2017;15:35:00;295;Acidente sem vítima;254;BR-101/ES;Sul;Engavetamento;3;0;1;0;0;0;0;0;;;6;0;0;0;0
17/10/2017;20:42:00;379;Acidente com vítima;67;BR-101/ES;Norte;Colisão Traseira;2;0;0;0;0;0;0;0;;;4;0;1;0;0
17/10/2017;20:46:00;381;Acidente com morte;25;BR-101/ES;Sul;Colisão Frontal;2;0;0;0;0;0;0;0;;;0;1;5;2;2
18/10/2017;07:00:00;81;Acidente com vítima;57;BR-101/ES;Sul;Saída de Pista;1;0;0;0;0;0;0;0;;;0;0;1;0;0
18/10/2017;09:15:00;126;Acidente sem vítima;35;BR-101/ES;Norte;Colisão Lateral;1;0;0;0;0;0;0;2;;;2;0;0;0;0
18/10/2017;19:30:00;348;Acidente sem vítima;298;BR-101/ES;Norte;Colisão Traseira;2;0;0;0;0;0;0;0;;;2;0;0;0;0
18/10/2017;21:27:00;380;Acidente com vítima;358;BR-101/ES;Sul;Queda de ciclista;0;1;0;0;0;0;0;0;;;0;1;0;0;0
19/10/2017;07:49:00;94;Acidente com vítima;268;BR-101/ES;Sul;Colisão Transversal;0;1;0;1;0;0;0;0;;;2;0;1;0;0
19/10/2017;10:36:00;164;Acidente com vítima;268;BR-101/ES;Norte;Colisão Lateral;1;0;1;0;0;0;0;0;;;2;0;1;0;0
19/10/2017;11:22:00;183;Acidente sem vítima;266,3;BR-101/ES;Norte;Colisão Traseira;2;0;0;0;0;0;0;0;;;2;0;0;0;0
19/10/2017;11:43:00;196;Atropelamento sem morte;294;BR-101/ES;Sul;Atropelamento;1;0;0;0;0;0;0;0;;;3;0;0;1;0
19/10/2017;13:06:00;237;Acidente com vítima;15;BR-101/ES;Norte;Colisão Transversal;1;0;0;1;0;0;0;0;;;3;1;0;0;0
19/10/2017;17:28:00;330;Acidente com vítima;143;BR-101/ES;Sul;Colisão Lateral;1;0;0;1;0;0;0;0;;;1;0;1;0;0
19/10/2017;17:43:00;336;Acidente sem vítima;315;BR-101/ES;Norte;Colisão Traseira;1;0;0;1;0;0;0;0;;;4;0;0;0;0
19/10/2017;17:54:00;338;Acidente com vítima;192;BR-101/ES;Norte;Capotamento;1;0;0;0;0;0;0;0;;;0;1;0;0;0
19/10/2017;20:01:00;365;Acidente com vítima;270;BR-101/ES;Norte;Colisão Lateral;1;0;0;0;0;0;0;2;;;1;1;0;0;0
19/10/2017;21:33:00;393;Acidente com vítima;382,7;BR-101/ES;Sul;Saída de Pista;1;0;0;0;0;0;0;0;;;0;1;0;0;0
19/10/2017;23:13:00;416;Acidente com vítima;147;BR-101/ES;Sul;Colisão Traseira;2;0;0;1;0;0;0;0;;;2;0;1;0;0
20/10/2017;11:04:00;208;Acidente com vítima;261;BR-101/ES;Sul;Queda de Moto;0;0;0;1;0;0;0;0;;;0;0;1;0;0
20/10/2017;15:51:00;328;Acidente com vítima;125;BR-101/ES;Norte;Colisão Frontal;1;0;0;1;0;0;0;0;;;1;1;0;0;0
20/10/2017;20:27:00;410;Acidente com vítima;204;BR-101/ES;Norte;Queda de Moto;0;0;0;1;0;0;0;0;;;0;1;0;0;0
20/10/2017;22:59:00;448;Acidente sem vítima;267;BR-101/ES;Norte;Colisão Lateral;1;0;1;0;0;0;0;0;;;3;0;0;0;0
21/10/2017;05:00:00;59;Acidente com morte;296;BR-101/ES;Sul;Colisão;1;1;0;0;0;0;0;0;;;1;0;0;0;1
21/10/2017;08:36:00;115;Acidente com vítima;271;BR-101/ES;Sul;Colisão Transversal;1;0;0;1;0;0;0;0;;;1;0;1;0;0
21/10/2017;08:41:00;116;Acidente sem vítima;399;BR-101/ES;Sul;Choque;1;0;0;0;0;0;0;0;;;1;0;0;0;0
21/10/2017;10:04:00;140;Acidente sem vítima;298;BR-101/ES;Sul;Colisão Traseira;2;0;0;0;0;0;0;0;;;4;0;0;0;0
21/10/2017;10:48:00;159;Acidente sem vítima;93;BR-101/ES;Sul;Veículo em Chamas;0;0;1;0;0;0;0;0;;;1;0;0;0;0
21/10/2017;13:54:00;245;Acidente com vítima;375;BR-101/ES;Sul;Queda de Moto;0;0;0;1;0;0;0;0;;;0;1;0;0;0
21/10/2017;14:26:00;258;Acidente sem vítima;181;BR-101/ES;Sul;Colisão Lateral;1;0;0;0;0;1;0;0;;;2;0;0;0;0
21/10/2017;16:04:00;280;Acidente sem vítima;242;BR-101/ES;Sul;Colisão Traseira;2;0;0;0;0;0;0;0;;;2;0;0;0;0
22/10/2017;00:56:00;16;Acidente com vítima;143;BR-101/ES;Sul;Queda de Moto;0;0;0;1;0;0;0;0;;;0;0;1;0;0
22/10/2017;09:53:00;124;Acidente com vítima;144;BR-101/ES;Sul;Colisão Transversal;1;0;1;0;0;0;0;0;;;1;1;0;0;0
22/10/2017;14:32:00;227;Acidente com vítima;299;BR-101/ES;Sul;Colisão Lateral;0;1;0;0;1;0;0;0;;;1;1;0;0;0
22/10/2017;16:08:00;261;Acidente sem vítima;262;BR-101/ES;Norte;Colisão Traseira;2;0;0;0;0;0;0;0;;;5;0;0;0;0
22/10/2017;18:19:00;309;Acidente com morte;294;BR-101/ES;Sul;Choque com Objeto Fixo;1;0;0;0;0;0;0;0;;;0;0;0;0;1
23/10/2017;13:58:00;297;Acidente sem vítima;300;BR-101/ES;Sul;Colisão Traseira;0;0;1;0;0;0;0;4;;;3;0;0;0;0
23/10/2017;16:18:00;351;Acidente sem vítima;293;BR-101/ES;Sul;Colisão Traseira;1;0;1;0;0;0;0;0;;;2;0;0;0;0
23/10/2017;19:29:00;402;Acidente com vítima;71;BR-101/ES;Sul;Queda de ciclista;0;1;0;0;0;0;0;0;;;0;0;1;0;0
24/10/2017;04:09:00;45;Acidente sem vítima;430;BR-101/ES;Norte;Saída de Pista;1;0;0;0;0;0;0;0;;;1;0;0;0;0
24/10/2017;07:41:00;87;Acidente sem vítima;270;BR-101/ES;Sul;Colisão Traseira;2;0;0;0;0;0;0;0;;;2;0;0;0;0
24/10/2017;10:09:00;154;Acidente sem vítima;270;BR-101/ES;Norte;Colisão Lateral;1;0;0;0;0;0;0;2;;;2;0;0;0;0
24/10/2017;12:21:00;205;Acidente sem vítima;270;BR-101/ES;Sul;Veículo em Chamas;1;0;0;0;0;0;0;0;;;1;0;0;0;0
24/10/2017;12:50:00;223;Acidente com vítima;261;BR-101/ES;Sul;Colisão Transversal;1;0;0;1;0;0;0;0;;;1;0;1;0;0
24/10/2017;16:49:00;298;Acidente sem vítima;79;BR-101/ES;Norte;Colisão Traseira;0;0;1;0;0;0;0;2;;;2;0;0;0;0
24/10/2017;17:09:00;304;Acidente sem vítima;299;BR-101/ES;Norte;Colisão Traseira;1;0;1;0;0;0;0;0;;;2;0;0;0;0
25/10/2017;06:52:00;74;Acidente com vítima;271;BR-101/ES;Sul;Queda de Moto;1;0;0;0;0;0;0;0;;;0;1;0;0;0
25/10/2017;07:49:00;89;Acidente com vítima;265;BR-101/ES;Sul;Colisão Traseira;2;0;1;0;0;0;0;0;;;3;0;1;0;0
25/10/2017;08:30:00;106;Acidente sem vítima;370,7;BR-101/ES;Norte;Colisão Transversal;2;0;0;0;0;0;0;0;;;2;0;0;0;0
25/10/2017;17:20:00;325;Acidente com vítima;140;BR-101/ES;Sul;Colisão Lateral;0;0;0;1;0;0;0;3;;;1;1;0;0;0
25/10/2017;18:27:00;341;Acidente sem vítima;271;BR-101/ES;Sul;Colisão Transversal;1;0;0;0;0;0;0;2;;;2;0;0;0;0
25/10/2017;23:11:00;392;Acidente com vítima;48;BR-101/ES;Norte;Colisão Traseira;0;0;1;0;0;0;0;3;;;1;0;0;2;0
26/10/2017;00:20:00;3;Acidente sem vítima;147;BR-101/ES;Sul;Colisão Transversal;1;0;1;0;0;0;0;0;;;2;0;0;0;0
26/10/2017;07:30:00;70;Acidente com vítima;291;BR-101/ES;Sul;Colisão Transversal;1;0;0;1;0;0;0;0;;;5;1;1;0;0
26/10/2017;07:49:00;77;Acidente sem vítima;268;BR-101/ES;Sul;Engavetamento;3;0;0;0;0;0;0;0;;;4;0;0;0;0
26/10/2017;08:09:00;83;Acidente sem vítima;270;BR-101/ES;Sul;Colisão Traseira;1;0;0;2;0;0;0;0;;;2;0;0;0;0
26/10/2017;09:05:00;100;Acidente sem vítima;430;BR-101/ES;Norte;Saída de Pista;1;0;0;0;0;0;0;0;;;1;0;0;0;0
26/10/2017;11:41:00;188;Acidente sem vítima;148;BR-101/ES;Norte;Colisão Transversal;2;0;0;0;0;0;0;0;;;3;0;0;0;0
26/10/2017;17:20:00;304;Acidente sem vítima;289;BR-101/ES;Sul;Saída de Pista;1;0;0;0;0;0;0;0;;;2;0;0;0;0
26/10/2017;18:54:00;331;Acidente sem vítima;148;BR-101/ES;Norte;Colisão Traseira;1;0;1;0;0;0;0;0;;;2;0;0;0;0
27/10/2017;07:00:00;88;Acidente com vítima;266;BR-101/ES;Sul;Colisão Lateral;1;0;0;1;0;0;0;0;;;2;0;1;0;0
27/10/2017;07:49:00;103;Acidente com vítima;267;BR-101/ES;Sul;Colisão Traseira;0;0;0;2;0;0;0;0;;;1;0;1;0;0
27/10/2017;10:21:00;173;Acidente sem vítima;31;BR-101/ES;Norte;Colisão Transversal;2;0;0;0;0;0;0;0;;;2;0;0;0;0
27/10/2017;10:29:00;177;Acidente sem vítima;189;BR-101/ES;Norte;Colisão Traseira;0;0;1;0;0;0;0;1;;;2;0;0;0;0
27/10/2017;10:54:00;189;Acidente com vítima;215;BR-101/ES;Norte;Queda de Moto;0;0;0;1;0;0;0;0;;;0;1;0;0;0
27/10/2017;12:24:00;233;Acidente com vítima;181;BR-101/ES;Norte;Colisão Transversal;1;0;1;0;0;0;0;0;;;1;0;1;0;0
27/10/2017;15:02:00;314;Acidente sem vítima;266;BR-101/ES;Norte;Colisão Lateral;2;0;0;0;0;0;0;0;;;2;0;0;0;0
27/10/2017;15:24:00;323;Acidente com vítima;262;BR-101/ES;Norte;Engavetamento;3;0;0;0;0;0;0;4;;;4;0;2;0;0
27/10/2017;15:26:00;324;Acidente sem vítima;316;BR-101/ES;Norte;Colisão Traseira;1;0;1;0;0;0;0;0;;;2;0;0;0;0
27/10/2017;17:02:00;364;Acidente com vítima;294;BR-101/ES;Norte;Queda de Moto;0;0;0;1;0;0;0;0;;;0;0;2;0;0
27/10/2017;17:50:00;384;Acidente com vítima;110,5;BR-101/ES;Norte;Colisão Traseira;2;0;0;0;0;0;0;2;;;5;2;0;0;0
27/10/2017;18:47:00;399;Acidente com vítima;268;BR-101/ES;Norte;Queda de Moto;0;0;0;1;0;0;0;0;;;1;0;1;0;0
27/10/2017;20:33:00;422;Atropelamento sem morte;266;BR-101/ES;Sul;Atropelamento;0;0;0;1;0;0;0;0;;;1;0;2;0;0
28/10/2017;03:51:00;60;Acidente com vítima;110;BR-101/ES;Norte;Colisão Transversal;0;0;2;0;0;0;0;0;;;2;0;1;0;0
28/10/2017;08:07:00;126;Acidente com vítima;262;BR-101/ES;Sul;Colisão Traseira;2;0;0;0;0;0;0;0;;;4;1;0;0;0
28/10/2017;09:06:00;142;Acidente sem vítima;267;BR-101/ES;Norte;Colisão Lateral;1;0;0;0;0;0;0;1;;;2;0;0;0;0
28/10/2017;12:31:00;211;Acidente sem vítima;213;BR-101/ES;Sul;Choque;1;0;0;0;0;0;0;3;;;3;0;0;0;0
28/10/2017;13:18:00;230;Acidente com vítima;166;BR-101/ES;Sul;Queda de Moto;0;0;0;1;0;0;0;0;;;0;2;0;0;0
28/10/2017;13:27:00;232;Acidente com vítima;65;BR-101/ES;Norte;Colisão Transversal;1;0;0;1;0;0;0;0;;;2;0;2;0;0
28/10/2017;13:30:00;233;Acidente sem vítima;420;BR-101/ES;Sul;Saída de Pista;1;0;0;0;0;0;0;0;;;1;0;0;0;0
28/10/2017;14:49:00;255;Acidente com vítima;360;BR-101/ES;Sul;Colisão Transversal;0;0;0;1;1;0;0;0;;;16;0;1;0;0
28/10/2017;15:25:00;261;Acidente sem vítima;290;BR-101/ES;Sul;Saída de Pista;1;0;0;0;0;0;0;0;;;1;0;0;0;0
28/10/2017;17:53:00;298;Acidente com vítima;142;BR-101/ES;Norte;Queda de Moto;0;0;0;1;0;0;0;0;;;0;1;0;0;0
28/10/2017;19:13:00;317;Acidente sem vítima;44;BR-101/ES;Sul;Choque;1;0;0;0;0;0;0;0;;;1;0;0;0;0
28/10/2017;19:16:00;320;Acidente sem vítima;44;BR-101/ES;Sul;Choque;0;0;1;0;0;0;0;0;;;1;0;0;0;0
28/10/2017;22:07:00;351;Acidente com vítima;50;BR-101/ES;Sul;Queda de Moto;0;0;0;1;0;0;0;0;;;0;0;1;0;0
28/10/2017;22:25:00;357;Acidente com vítima;22,5;BR-101/ES;Norte;Saída de Pista;1;0;0;0;0;0;0;0;;;0;0;1;0;0
28/10/2017;22:51:00;371;Acidente com vítima;257;BR-101/ES;Sul;Colisão Transversal;1;0;0;1;0;0;0;0;;;2;0;1;0;0
29/10/2017;01:09:00;18;Acidente com vítima;91;BR-101/ES;Norte;Queda de Moto;0;0;0;1;0;0;0;0;;;0;0;1;0;0
29/10/2017;05:16:00;69;Acidente com vítima;282;BR-101/ES;Norte;Queda de Moto;0;0;0;1;0;0;0;0;;;0;0;1;0;0
29/10/2017;09:00:00;120;Acidente com vítima;395,4;BR-101/ES;Norte;Queda de Moto;0;0;0;1;0;0;0;0;;;0;1;0;0;0
29/10/2017;15:41:00;279;Acidente com vítima;233,4;BR-101/ES;Norte;Saída de Pista;1;0;0;0;0;0;0;0;;;2;1;1;1;0
29/10/2017;17:02:00;310;Acidente sem vítima;301;BR-101/ES;Sul;Colisão Traseira;4;0;0;0;0;0;0;0;;;9;0;0;0;0
29/10/2017;17:48:00;327;Acidente com vítima;262;BR-101/ES;Norte;Queda de Moto;0;0;0;1;0;0;0;0;;;0;1;0;0;0
29/10/2017;18:38:00;333;Acidente sem vítima;288;BR-101/ES;Norte;Capotamento;1;0;0;0;0;0;0;0;;;1;0;0;0;0
30/10/2017;06:22:00;71;Acidente com vítima;263;BR-101/ES;Sul;Queda de Moto;0;0;0;1;0;0;0;0;;;0;0;1;0;0
30/10/2017;06:50:00;74;Acidente com vítima;268;BR-101/ES;Norte;Queda de Moto;0;0;0;1;0;0;0;0;;;0;0;1;0;0
30/10/2017;06:57:00;77;Acidente sem vítima;358;BR-101/ES;Sul;Colisão Traseira;1;0;0;0;0;0;0;2;;;5;0;0;0;0
30/10/2017;10:12:00;157;Acidente sem vítima;383;BR-101/ES;Sul;Colisão Traseira;2;0;0;0;0;0;0;0;;;3;0;0;0;0
30/10/2017;10:13:00;158;Acidente sem vítima;264;BR-101/ES;Sul;Colisão Transversal;0;0;0;0;1;0;0;2;;;2;0;0;0;0