data;horario;n_da_ocorrencia;tipo_de_ocorrencia;km;trecho;sentido;tipo_de_acidente;automovel;bicicleta;caminhao;moto;onibus;outros;tracao_animal;transporte_de_cargas_especiais;trator_maquinas;utilitarios;ilesos;levemente_feridos;moderadamente_feridos;gravemente_feridos;mortos
27/01/2018;03:28:00;63;Acidente com vítima;285;BR-101/ES;Norte;Capotamento;1;0;0;0;0;0;0;0;;;3;0;2;0;0
27/01/2018;03:29:00;64;Acidente com vítima;252;BR-101/ES;Norte;Colisão Frontal;2;0;0;0;0;0;0;0;;;0;0;3;0;0
27/01/2018;09:48:00;173;Acidente sem vítima;292;BR-101/ES;Sul;Colisão Traseira;2;0;0;0;0;0;0;0;;;1;0;0;0;0
27/01/2018;10:10:00;180;Acidente sem vítima;371;BR-101/ES;Sul;Colisão Traseira;1;0;1;0;0;0;0;0;;;2;0;0;0;0
27/01/2018;11:50:00;227;Acidente com vítima;17,5;BR-101/ES;Norte;Tombamento;0;0;0;0;0;0;0;2;;;0;1;0;0;0
27/01/2018;13:57:00;270;Acidente com vítima;286;BR-101/ES;Norte;Queda de Moto;0;0;0;1;0;0;0;0;;;0;0;1;0;0
27/01/2018;15:51:00;306;Acidente sem vítima;297;BR-101/ES;Sul;Choque com Objeto Fixo;0;0;1;0;0;0;0;0;;;1;0;0;0;0
27/01/2018;17:57:00;338;Acidente com vítima;380;BR-101/ES;Norte;Queda de Moto;0;0;0;1;0;0;0;0;;;0;1;0;0;0
27/01/2018;18:25:00;339;Acidente sem vítima;31;BR-101/ES;Sul;Colisão Transversal;1;0;1;0;0;0;0;0;;;2;0;0;0;0
27/01/2018;19:46:00;359;Acidente com vítima;296;BR-101/ES;Sul;Colisão Lateral;2;0;0;0;0;0;0;0;;;1;0;1;0;0
27/01/2018;21:33:00;390;Acidente com morte;95;BR-101/ES;Sul;Colisão Frontal;2;0;0;0;0;0;0;0;;;0;2;1;2;1
28/01/2018;01:25:00;22;Acidente com morte;95,9;BR-101/ES;Norte;Colisão Traseira;1;0;0;0;1;0;0;0;;;35;0;0;0;1
28/01/2018;12:29:00;201;Acidente com vítima;435;BR-101/ES;Sul;Saída de Pista;1;0;0;0;0;0;0;0;;;0;0;4;0;0
28/01/2018;14:31:00;239;Acidente com vítima;144;BR-101/ES;Norte;Colisão Transversal;0;0;1;1;0;0;0;0;;;2;2;0;0;0
28/01/2018;16:38:00;286;Acidente sem vítima;266;BR-101/ES;Norte;Colisão Traseira;2;0;0;0;0;0;0;0;;;3;0;0;0;0
28/01/2018;17:29:00;308;Acidente sem vítima;104;BR-101/ES;Sul;Colisão Traseira;2;0;0;0;0;0;0;0;;;6;0;0;0;0
28/01/2018;18:44:00;325;Acidente com vítima;311;BR-101/ES;Sul;Colisão Lateral;1;0;0;1;0;0;0;0;;;1;0;1;0;0
28/01/2018;19:12:00;330;Acidente com vítima;312;BR-101/ES;Sul;Colisão Frontal;1;0;0;1;0;0;0;0;;;5;1;0;0;0
28/01/2018;20:59:00;354;Acidente com vítima;266;BR-101/ES;Sul;Queda de Moto;0;0;0;1;0;0;0;0;;;0;0;1;0;0
29/01/2018;07:52:00;102;Acidente com vítima;269;BR-101/ES;Sul;Colisão Lateral;1;0;0;1;0;0;0;0;;;1;1;1;0;0
29/01/2018;09:37:00;143;Acidente sem vítima;213;BR-101/ES;Sul;Colisão Traseira;1;0;0;1;0;0;0;0;;;4;0;0;0;0
29/01/2018;09:57:00;166;Acidente sem vítima;294;BR-101/ES;Norte;Veículo em Chamas;1;0;0;0;0;0;0;0;;;1;0;0;0;0
29/01/2018;16:41:00;334;Acidente sem vítima;68;BR-101/ES;Norte;Choque com Objeto Fixo;0;0;1;0;0;0;0;0;;;1;0;0;0;0
29/01/2018;18:15:00;365;Acidente sem vítima;226;BR-101/ES;Sul;Saída de Pista;1;0;0;0;0;0;0;0;;;2;0;0;0;0
29/01/2018;21:33:00;411;Acidente com vítima;213;BR-101/ES;Sul;Colisão Lateral;1;1;0;0;0;0;0;0;;;1;0;1;0;0
30/01/2018;05:29:00;62;Acidente sem vítima;264;BR-101/ES;Sul;Colisão Transversal;1;0;0;1;0;0;0;0;;;2;0;0;0;0
30/01/2018;08:37:00;110;Acidente com vítima;294;BR-101/ES;Sul;Choque com Objeto Fixo;1;0;0;0;0;0;0;0;;;0;0;1;0;0
30/01/2018;13:04:00;241;Acidente sem vítima;361;BR-101/ES;Norte;Saída de Pista;1;0;0;0;0;0;0;0;;;4;0;0;0;0
30/01/2018;16:15:00;310;Acidente sem vítima;266,4;BR-101/ES;Sul;Colisão Traseira;2;0;0;0;0;0;0;0;;;2;0;0;0;0
30/01/2018;16:41:00;320;Acidente sem vítima;296;BR-101/ES;Sul;Colisão Traseira;1;0;1;0;0;0;0;2;;;4;0;0;0;0
30/01/2018;17:04:00;330;Acidente sem vítima;435;BR-101/ES;Sul;Saída de Pista;1;0;0;0;0;0;0;0;;;2;0;0;0;0
30/01/2018;20:10:00;381;Acidente sem vítima;337;BR-101/ES;Sul;Atropelamento Animal;1;0;0;0;0;0;0;0;;;1;0;0;0;0
31/01/2018;04:11:00;50;Acidente sem vítima;298;BR-101/ES;Norte;Colisão Traseira;0;0;1;0;0;0;0;2;;;2;0;0;0;0
31/01/2018;07:55:00;94;Acidente com vítima;150;BR-101/ES;Sul;Colisão Traseira;2;0;0;0;0;0;0;0;;;7;1;0;0;0
31/01/2018;08:11:00;97;Acidente sem vítima;195;BR-101/ES;Norte;Saída de Pista;1;0;0;0;0;0;0;0;;;1;0;0;0;0
31/01/2018;10:08:00;133;Acidente sem vítima;205;BR-101/ES;Norte;Colisão Transversal;1;0;0;0;0;0;0;2;;;2;0;0;0;0
31/01/2018;13:17:00;210;Acidente sem vítima;301;BR-101/ES;Norte;Colisão Traseira;2;0;0;0;0;0;0;0;;;2;0;0;0;0
31/01/2018;13:23:00;214;Acidente sem vítima;259;BR-101/ES;Norte;Colisão Traseira;0;0;1;0;1;0;0;0;;;2;0;0;0;0
31/01/2018;16:31:00;264;Acidente com vítima;262;BR-101/ES;Norte;Colisão Traseira;1;0;0;1;0;0;0;0;;;2;0;1;0;0
31/01/2018;16:37:00;266;Acidente sem vítima;125;BR-101/ES;Sul;Colisão Lateral;2;0;0;0;0;0;0;0;;;3;0;0;0;0
31/01/2018;17:07:00;277;Acidente sem vítima;263;BR-101/ES;Norte;Engavetamento;3;0;0;0;0;0;0;0;;;3;0;0;0;0
31/01/2018;19:49:00;306;Acidente sem vítima;258;BR-101/ES;Norte;Colisão Traseira;1;0;0;0;1;0;0;0;;;6;0;0;0;0
31/01/2018;21:12:00;317;Acidente sem vítima;214;BR-101/ES;Sul;Colisão Transversal;1;0;0;0;0;0;0;2;;;2;0;0;0;0
01/02/2018;06:57:00;71;Acidente sem vítima;270;BR-101/ES;Norte;Colisão Lateral;1;0;1;0;0;0;0;0;;;4;0;0;0;0
01/02/2018;08:41:00;107;Acidente com vítima;268;BR-101/ES;Norte;Colisão Transversal;1;0;0;1;0;0;0;0;;;1;0;1;0;0
01/02/2018;10:45:00;182;Acidente sem vítima;212;BR-101/ES;Norte;Colisão Traseira;1;0;1;0;0;0;0;0;;;3;0;0;0;0
01/02/2018;13:25:00;245;Acidente sem vítima;242;BR-101/ES;Norte;Colisão Traseira;2;0;0;0;0;0;0;0;;;4;0;0;0;0
01/02/2018;14:35:00;277;Acidente com morte;20,8;BR-101/ES;Sul;Colisão Frontal;1;0;0;0;0;0;0;2;;;0;1;0;0;1
01/02/2018;17:22:00;337;Atropelamento sem morte;65;BR-101/ES;Norte;Atropelamento;1;0;0;0;0;0;0;0;;;2;0;0;0;0
01/02/2018;18:54:00;355;Acidente sem vítima;291;BR-101/ES;Norte;Capotamento;1;0;0;0;0;0;0;0;;;2;0;0;0;0
01/02/2018;19:20:00;364;Acidente sem vítima;281;BR-101/ES;Sul;Choque com Objeto Fixo;0;0;1;0;0;0;0;0;;;3;0;0;0;0
01/02/2018;19:39:00;372;Acidente com vítima;184;BR-101/ES;Norte;Queda de Moto;0;0;0;1;0;0;0;0;;;0;0;1;0;0
01/02/2018;19:51:00;375;Acidente sem vítima;193;BR-101/ES;Sul;Veículo em Chamas;0;0;1;0;0;0;0;0;;;2;0;0;0;0
02/02/2018;07:54:00;79;Acidente com vítima;284;BR-101/ES;Sul;Saída de Pista;0;0;1;0;0;0;0;0;;;0;2;0;0;0
02/02/2018;12:34:00;212;Acidente com vítima;202;BR-101/ES;Norte;Tombamento;1;0;0;0;0;0;0;0;;;1;1;0;0;0
02/02/2018;14:23:00;247;Acidente sem vítima;201,6;BR-101/ES;Sul;Colisão Traseira;2;0;1;0;0;0;0;0;;;5;0;0;0;0
02/02/2018;14:56:00;252;Atropelamento sem morte;401;BR-101/ES;Norte;Atropelamento;1;0;0;0;0;0;0;0;;;1;0;1;0;0
02/02/2018;15:14:00;258;Acidente sem vítima;285;BR-101/ES;Sul;Colisão Traseira;1;0;1;0;0;0;0;2;;;3;0;0;0;0
02/02/2018;15:42:00;264;Acidente sem vítima;215;BR-101/ES;Sul;Colisão Transversal;1;0;0;0;0;0;0;2;;;4;0;0;0;0
02/02/2018;18:12:00;305;Acidente sem vítima;264;BR-101/ES;Sul;Colisão Traseira;1;0;0;0;1;0;0;0;;;2;0;0;0;0
02/02/2018;18:26:00;307;Acidente sem vítima;292;BR-101/ES;Norte;Colisão Traseira;2;0;0;0;0;0;0;0;;;3;0;0;0;0
02/02/2018;20:42:00;343;Acidente com vítima;375;BR-101/ES;Norte;Colisão Traseira;0;0;1;1;0;0;0;0;;;2;0;0;1;0
03/02/2018;03:51:00;53;Acidente sem vítima;147;BR-101/ES;Norte;Colisão Transversal;1;0;1;0;0;0;0;0;;;2;0;0;0;0
03/02/2018;11:01:00;158;Acidente sem vítima;230;BR-101/ES;Sul;Colisão Traseira;1;0;0;0;0;0;0;2;;;2;0;0;0;0
03/02/2018;13:20:00;212;Acidente com vítima;118,5;BR-101/ES;Norte;Queda de Moto;0;0;0;1;0;0;0;0;;;0;1;1;0;0
03/02/2018;17:11:00;281;Acidente com vítima;263,5;BR-101/ES;Norte;Queda de Moto;0;0;0;1;0;0;0;0;;;0;1;0;0;0
03/02/2018;19:22:00;315;Acidente com vítima;167;BR-101/ES;Norte;Colisão Traseira;1;0;0;1;0;0;0;0;;;3;0;1;0;0
04/02/2018;00:51:00;14;Acidente com vítima;210,4;BR-101/ES;Sul;Saída de Pista;1;0;0;0;0;0;0;0;;;0;0;1;0;0
04/02/2018;06:13:00;69;Acidente com vítima;264;BR-101/ES;Sul;Colisão Transversal;2;0;0;0;0;0;0;0;;;2;0;1;0;0
04/02/2018;11:02:00;136;Acidente com vítima;294;BR-101/ES;Sul;Saída de Pista;1;0;0;0;0;0;0;0;;;0;0;1;0;0
04/02/2018;13:46:00;200;Acidente sem vítima;132;BR-101/ES;Sul;Saída de Pista;1;0;0;0;0;0;0;0;;;2;0;0;0;0
04/02/2018;13:59:00;205;Acidente sem vítima;258;BR-101/ES;Sul;Choque com Objeto Fixo;1;0;0;0;0;0;0;0;;;2;0;0;0;0
04/02/2018;15:53:00;229;Acidente sem vítima;436;BR-101/ES;Norte;Saída de Pista;1;0;0;0;0;0;0;0;;;1;0;0;0;0
04/02/2018;16:02:00;235;Acidente sem vítima;271;BR-101/ES;Norte;Colisão Traseira;1;0;1;0;0;0;0;0;;;2;0;0;0;0
04/02/2018;17:48:00;267;Acidente sem vítima;284;BR-101/ES;Norte;Saída de Pista;1;0;0;0;0;0;0;0;;;1;0;0;0;0
04/02/2018;19:29:00;290;Acidente sem vítima;274;BR-101/ES;Norte;Queda de Moto;0;0;0;1;0;0;0;0;;;1;0;0;0;0
05/02/2018;01:00:00;11;Acidente sem vítima;266;BR-101/ES;Sul;Choque com Objeto Fixo;1;0;0;0;0;0;0;0;;;1;0;0;0;0
05/02/2018;06:16:00;76;Acidente com vítima;247;BR-101/ES;Norte;Colisão Transversal;1;0;0;0;0;0;0;2;;;1;0;3;0;0
05/02/2018;06:47:00;81;Acidente com vítima;169;BR-101/ES;Norte;Colisão Lateral;0;0;1;1;0;0;0;0;;;1;0;1;0;0
05/02/2018;07:07:00;87;Acidente com vítima;392;BR-101/ES;Norte;Saída de Pista;1;0;0;0;0;0;0;0;;;9;2;0;0;0
05/02/2018;10:08:00;186;Acidente sem vítima;290,7;BR-101/ES;Norte;Colisão Lateral;0;0;0;0;0;0;0;5;;;2;0;0;0;0
05/02/2018;10:54:00;215;Acidente sem vítima;357;BR-101/ES;Norte;Saída de Pista;1;0;0;0;0;0;0;0;;;1;0;0;0;0
05/02/2018;12:31:00;252;Acidente com vítima;195;BR-101/ES;Sul;Colisão Lateral;1;0;0;1;0;0;0;0;;;3;0;1;0;0
05/02/2018;15:51:00;328;Acidente sem vítima;947;BR-101/BA;Norte;Choque com Objeto Fixo;0;0;0;0;0;0;0;2;;;1;0;0;0;0
05/02/2018;16:07:00;333;Acidente com vítima;86,8;BR-101/ES;Norte;Saída de Pista;1;1;0;0;0;0;0;0;;;1;2;2;0;0
05/02/2018;17:49:00;357;Acidente sem vítima;267;BR-101/ES;Sul;Colisão Transversal;2;0;0;0;0;0;0;0;;;3;0;0;0;0
05/02/2018;20:57:00;397;Acidente com vítima;143;BR-101/ES;Norte;Saída de Pista;1;0;0;0;0;0;0;0;;;0;2;0;0;0
05/02/2018;22:58:00;420;Acidente sem vítima;366;BR-101/ES;Norte;Colisão Lateral;1;0;0;0;0;0;0;2;;;2;0;0;0;0
05/02/2018;23:11:00;424;Acidente sem vítima;268;BR-101/ES;Norte;Choque com Objeto Fixo;1;0;0;0;0;0;0;0;;;1;0;0;0;0
06/02/2018;00:51:00;17;Acidente sem vítima;269;BR-101/ES;Norte;Colisão Transversal;0;0;1;0;1;0;0;0;;;3;0;0;0;0
06/02/2018;07:23:00;89;Acidente sem vítima;144;BR-101/ES;Norte;Saída de Pista;1;0;0;0;0;0;0;0;;;1;0;0;0;0
06/02/2018;08:02:00;103;Acidente com vítima;293;BR-101/ES;Norte;Queda de Moto;0;0;0;1;0;0;0;0;;;1;1;0;0;0
06/02/2018;09:01:00;125;Acidente com vítima;240;BR-101/ES;Sul;Colisão Lateral;2;0;0;0;0;0;0;0;;;3;2;1;0;0
06/02/2018;09:34:00;138;Acidente sem vítima;268;BR-101/ES;Norte;Colisão Lateral;1;0;0;0;0;0;0;2;;;5;0;0;0;0
06/02/2018;09:37:00;141;Acidente sem vítima;123;BR-101/ES;Sul;Colisão Traseira;1;0;1;0;0;0;0;0;;;4;0;0;0;0
06/02/2018;11:00:00;197;Acidente sem vítima;275;BR-101/ES;Sul;Saída de Pista;1;0;0;0;0;0;0;0;;;1;0;0;0;0
06/02/2018;11:24:00;204;Acidente sem vítima;273;BR-101/ES;Sul;Saída de Pista;1;0;0;0;0;0;0;0;;;1;0;0;0;0
06/02/2018;17:51:00;331;Acidente sem vítima;282;BR-101/ES;Sul;Queda de Moto;0;0;0;1;0;0;0;0;;;1;0;0;0;0
06/02/2018;18:21:00;337;Acidente com vítima;146;BR-101/ES;Sul;Colisão Transversal;1;0;0;1;0;0;0;0;;;2;1;0;0;0
06/02/2018;18:35:00;339;Acidente com vítima;421;BR-101/ES;Sul;Colisão Transversal;1;0;1;0;0;0;0;0;;;2;2;1;1;0
06/02/2018;23:57:00;445;Acidente sem vítima;264;BR-101/ES;Norte;Colisão Traseira;2;0;0;0;0;0;0;0;;;3;0;0;0;0
07/02/2018;00:29:00;13;Acidente sem vítima;321;BR-101/ES;Norte;Colisão Transversal;2;0;0;0;0;0;0;0;;;2;0;0;0;0
07/02/2018;03:48:00;41;Acidente sem vítima;245;BR-101/ES;Sul;Saída de Pista;1;0;0;0;0;0;0;0;;;2;0;0;0;0
07/02/2018;07:06:00;76;Acidente com vítima;276;BR-101/ES;Sul;Saída de Pista;1;0;0;0;0;0;0;0;;;0;0;1;0;0
07/02/2018;09:45:00;131;Acidente com vítima;945;BR-101/BA;Norte;Colisão Lateral;2;0;0;0;0;0;0;0;;;1;4;1;0;0
07/02/2018;10:26:00;153;Acidente sem vítima;147;BR-101/ES;Sul;Colisão Transversal;1;0;0;0;0;0;0;2;;;2;0;0;0;0
07/02/2018;14:12:00;306;Acidente com vítima;146;BR-101/ES;Norte;Colisão Traseira;1;0;1;0;0;0;0;0;;;2;1;0;0;0
07/02/2018;14:58:00;329;Acidente sem vítima;188;BR-101/ES;Sul;Saída de Pista;0;0;0;0;0;0;0;3;;;1;0;0;0;0
07/02/2018;16:34:00;364;Acidente com vítima;293;BR-101/ES;Norte;Colisão Lateral;1;0;0;1;0;0;0;0;;;0;0;1;0;0
07/02/2018;18:13:00;395;Acidente com vítima;303;BR-101/ES;Norte;Queda de Moto;0;0;0;1;0;0;0;0;;;0;1;0;0;0
07/02/2018;20:29:00;425;Acidente sem vítima;108;BR-101/ES;Norte;Saída de Pista;1;0;0;0;0;0;0;0;;;1;0;0;0;0
07/02/2018;20:44:00;429;Acidente sem vítima;291,8;BR-101/ES;Sul;Choque com Objeto Fixo;1;0;0;0;0;0;0;0;;;1;0;0;0;0
08/02/2018;05:55:00;83;Acidente sem vítima;342;BR-101/ES;Norte;Colisão Lateral;1;0;0;0;0;0;0;2;;;2;0;0;0;0
08/02/2018;07:08:00;92;Acidente com vítima;286;BR-101/ES;Norte;Colisão Lateral;2;0;0;0;0;0;0;0;;;1;1;0;0;0
08/02/2018;09:43:00;168;Acidente sem vítima;371,5;BR-101/ES;Norte;Saída de Pista;0;0;1;0;0;0;0;0;;;2;0;0;0;0
08/02/2018;11:04:00;230;Acidente sem vítima;284;BR-101/ES;Sul;Colisão Lateral;0;0;1;0;0;0;0;2;;;3;0;0;0;0
08/02/2018;11:51:00;282;Atropelamento sem morte;65;BR-101/ES;Norte;Atropelamento;0;0;0;1;0;0;0;0;;;1;0;1;0;0
08/02/2018;11:51:00;283;Acidente sem vítima;213;BR-101/ES;Norte;Engavetamento;2;0;1;0;0;0;0;0;;;3;0;0;0;0
08/02/2018;13:22:00;311;Acidente com vítima;285;BR-101/ES;Sul;Queda de Moto;0;0;1;1;0;0;0;1;;;1;0;1;0;0
08/02/2018;17:42:00;408;Acidente sem vítima;147,5;BR-101/ES;Norte;Engavetamento;3;0;0;0;0;0;0;0;;;5;0;0;0;0
08/02/2018;22:29:00;488;Acidente sem vítima;207;BR-101/ES;Sul;Saída de Pista;0;0;0;0;0;0;0;2;;;1;0;0;0;0
09/02/2018;00:59:00;19;Acidente sem vítima;295;BR-101/ES;Norte;Colisão Traseira;1;0;0;1;0;0;0;0;;;2;0;0;0;0
09/02/2018;05:58:00;79;Acidente com vítima;142;BR-101/ES;Sul;Queda de Moto;0;0;0;1;0;0;0;0;;;1;1;0;0;0
09/02/2018;12:36:00;266;Acidente com vítima;272;BR-101/ES;Norte;Capotamento;1;0;0;0;0;0;0;0;;;0;1;0;0;0
09/02/2018;13:09:00;285;Acidente sem vítima;276;BR-101/ES;Sul;Choque com Objeto Fixo;1;0;0;0;0;0;0;0;;;2;0;0;0;0
09/02/2018;13:51:00;309;Acidente com vítima;335;BR-101/ES;Sul;Queda de Moto;0;0;0;1;0;0;0;0;;;0;1;0;0;0
09/02/2018;13:52:00;312;Acidente com vítima;213;BR-101/ES;Norte;Colisão Frontal;1;0;0;1;0;0;0;0;;;1;0;2;0;0
09/02/2018;13:58:00;313;Acidente sem vítima;278;BR-101/ES;Sul;Saída de Pista;1;0;0;0;0;0;0;0;;;1;0;0;0;0
09/02/2018;14:09:00;323;Acidente sem vítima;64;BR-101/ES;Norte;Colisão Traseira;2;0;0;0;0;0;0;0;;;2;0;0;0;0
09/02/2018;14:54:00;334;Acidente sem vítima;129;BR-101/ES;Norte;Colisão Lateral;1;0;1;0;0;0;0;0;;;4;0;0;0;0
09/02/2018;16:25:00;370;Acidente sem vítima;297,8;BR-101/ES;Norte;Colisão Traseira;2;0;0;0;0;0;0;0;;;2;0;0;0;0
09/02/2018;16:55:00;382;Acidente com vítima;16;BR-101/ES;Sul;Colisão Transversal;1;0;0;1;0;0;0;0;;;1;0;1;0;0
09/02/2018;17:12:00;386;Acidente sem vítima;393,8;BR-101/ES;Sul;Colisão Traseira;2;0;0;0;0;0;0;0;;;6;0;0;0;0
09/02/2018;18:17:00;413;Acidente sem vítima;220;BR-101/ES;Sul;Colisão Lateral;1;0;1;0;0;0;0;0;;;3;0;0;0;0
09/02/2018;18:23:00;415;Acidente sem vítima;394;BR-101/ES;Sul;Colisão Traseira;1;0;0;1;0;0;0;0;;;2;0;0;0;0
09/02/2018;19:45:00;438;Acidente com vítima;287;BR-101/ES;Sul;Atropelamento Animal;0;0;0;1;0;0;0;0;;;0;0;1;0;0
09/02/2018;20:25:00;447;Acidente sem vítima;296;BR-101/ES;Sul;Colisão Traseira;1;0;0;0;1;0;0;0;;;5;0;0;0;0
09/02/2018;20:53:00;455;Acidente sem vítima;69;BR-101/ES;Norte;Colisão Traseira;2;0;0;0;0;0;0;0;;;2;0;0;0;0
09/02/2018;22:26:00;487;Acidente sem vítima;242;BR-101/ES;Norte;Colisão Traseira;2;0;0;0;0;0;0;0;;;8;0;0;0;0
09/02/2018;23:49:00;517;Acidente sem vítima;2;BR-101/ES;Sul;Colisão Traseira;2;0;0;0;0;0;0;0;;;2;0;0;0;0
10/02/2018;00:51:00;16;Acidente com morte;427,2;BR-101/ES;Sul;Colisão Frontal;1;0;1;0;0;0;0;0;;;1;0;0;0;2
10/02/2018;06:20:00;92;Acidente sem vítima;323;BR-101/ES;Sul;Saída de Pista;1;0;0;0;0;0;0;0;;;1;0;0;0;0
10/02/2018;08:31:00;146;Acidente sem vítima;255;BR-101/ES;Sul;Engavetamento;3;0;0;0;0;0;0;0;;;3;0;0;0;0
10/02/2018;09:04:00;158;Acidente sem vítima;70;BR-101/ES;Norte;Engavetamento;3;0;0;0;0;0;0;0;;;13;0;0;0;0
10/02/2018;11:35:00;240;Acidente sem vítima;409;BR-101/ES;Norte;Saída de Pista;1;0;0;0;0;0;0;0;;;5;0;0;0;0
10/02/2018;12:00:00;246;Acidente sem vítima;263;BR-101/ES;Sul;Choque com Objeto Fixo;1;0;0;0;0;0;0;0;;;1;0;0;0;0
10/02/2018;12:07:00;247;Acidente com vítima;400;BR-101/ES;Norte;Colisão Traseira;2;0;0;0;0;0;0;0;;;2;1;0;0;0
10/02/2018;13:37:00;286;Acidente sem vítima;340;BR-101/ES;Sul;Colisão Lateral;2;0;0;0;0;0;0;0;;;5;0;0;0;0
10/02/2018;15:01:00;308;Acidente com vítima;179,2;BR-101/ES;Norte;Saída de Pista;1;0;0;0;0;0;0;0;;;0;1;0;0;0
10/02/2018;15:36:00;326;Acidente com vítima;265;BR-101/ES;Norte;Colisão;1;1;0;0;0;0;0;0;;;1;0;1;0;0
10/02/2018;16:44:00;344;Acidente sem vítima;277;BR-101/ES;Sul;Tombamento;1;0;0;0;0;0;0;0;;;2;0;0;0;0
10/02/2018;18:13:00;378;Acidente com vítima;450;BR-101/ES;Sul;Saída de Pista;0;0;0;1;0;0;0;0;;;0;1;0;0;0
10/02/2018;18:43:00;383;Acidente sem vítima;179;BR-101/ES;Sul;Atropelamento Animal;1;0;0;0;0;0;0;0;;;1;0;0;0;0
10/02/2018;19:31:00;393;Acidente sem vítima;370;BR-101/ES;Sul;Colisão Transversal;1;0;1;0;0;0;0;0;;;6;0;0;0;0
10/02/2018;23:44:00;461;Acidente sem vítima;939;BR-101/BA;Norte;Colisão Lateral;2;0;0;0;0;0;0;0;;;2;0;0;0;0
11/02/2018;02:17:00;40;Acidente com vítima;14;BR-101/ES;Sul;Queda de Moto;0;0;0;1;0;0;0;0;;;0;0;1;0;0
11/02/2018;05:28:00;66;Acidente sem vítima;456;BR-101/ES;Sul;Saída de Pista;1;0;0;0;0;0;0;0;;;5;0;0;0;0
11/02/2018;09:16:00;115;Acidente sem vítima;137;BR-101/ES;Sul;Colisão Traseira;2;0;0;0;0;0;0;0;;;4;0;0;0;0
11/02/2018;09:36:00;121;Acidente com vítima;183;BR-101/ES;Sul;Queda de Moto;1;0;0;0;0;0;0;0;;;0;0;1;0;0
11/02/2018;22:12:00;335;Acidente sem vítima;231;BR-101/ES;Sul;Colisão Lateral;2;0;0;0;0;0;0;0;;;2;0;0;0;0
11/02/2018;23:59:00;374;Acidente com vítima;295;BR-101/ES;Sul;Queda de Moto;0;0;0;1;0;0;0;0;;;0;0;2;0;0
12/02/2018;04:33:00;53;Acidente com vítima;87;BR-101/ES;Sul;Queda de Moto;0;0;0;1;0;0;0;0;;;0;0;1;0;0
12/02/2018;06:40:00;75;Acidente sem vítima;288;BR-101/ES;Sul;Queda de Moto;0;0;0;1;0;0;0;0;;;1;0;0;0;0
12/02/2018;07:51:00;86;Acidente com vítima;267;BR-101/ES;Sul;Colisão Traseira;2;0;0;0;0;0;0;0;;;1;1;0;0;0
12/02/2018;10:50:00;146;Acidente sem vítima;66,1;BR-101/ES;Sul;Colisão Lateral;1;0;1;0;0;0;0;0;;;3;0;0;0;0
12/02/2018;11:48:00;165;Acidente sem vítima;444;BR-101/ES;Norte;Saída de Pista;1;0;0;0;0;0;0;0;;;2;0;0;0;0
12/02/2018;13:38:00;203;Acidente com vítima;270;BR-101/ES;Norte;Choque com Objeto Fixo;0;0;0;1;0;0;0;0;;;0;0;1;0;0
12/02/2018;15:35:00;232;Acidente com vítima;329;BR-101/ES;Sul;Colisão Lateral;2;0;0;0;0;0;0;0;;;4;0;1;0;0
13/02/2018;05:45:00;81;Acidente com vítima;61;BR-101/ES;Sul;Colisão Traseira;1;0;0;0;0;0;0;3;;;1;0;1;0;0
13/02/2018;13:08:00;194;Acidente sem vítima;255;BR-101/ES;Sul;Engavetamento;3;0;0;0;0;0;0;0;;;3;0;0;0;0
13/02/2018;16:51:00;265;Acidente com vítima;391,8;BR-101/ES;Norte;Colisão Traseira;2;0;0;0;0;0;0;0;;;2;1;0;1;0
13/02/2018;19:03:00;293;Acidente com vítima;290;BR-101/ES;Sul;Saída de Pista;1;0;0;0;0;0;0;0;;;2;1;1;0;0
14/02/2018;06:43:00;88;Acidente com vítima;129;BR-101/ES;Norte;Colisão;1;1;0;0;0;0;0;0;;;0;1;0;0;0
14/02/2018;07:04:00;91;Acidente sem vítima;172;BR-101/ES;Norte;Saída de Pista;1;0;0;0;0;0;0;0;;;1;0;0;0;0
14/02/2018;07:18:00;94;Acidente com vítima;123,8;BR-101/ES;Sul;Queda de ciclista;0;1;0;0;0;0;0;0;;;0;1;0;0;0
14/02/2018;07:20:00;95;Acidente sem vítima;233;BR-101/ES;Norte;Saída de Pista;1;0;0;0;0;0;0;0;;;3;0;0;0;0
14/02/2018;08:54:00;125;Acidente com vítima;181;BR-101/ES;Sul;Colisão Transversal;2;0;0;0;0;0;0;0;;;1;2;2;0;0
14/02/2018;09:44:00;151;Acidente sem vítima;320;BR-101/ES;Sul;Colisão Traseira;0;0;1;0;1;0;0;0;;;18;0;0;0;0
14/02/2018;10:34:00;175;Acidente sem vítima;424;BR-101/ES;Sul;Colisão Traseira;2;0;0;0;0;0;0;0;;;9;0;0;0;0
14/02/2018;12:25:00;219;Acidente sem vítima;270;BR-101/ES;Sul;Colisão Traseira;0;0;2;0;0;0;0;0;;;2;0;0;0;0
14/02/2018;14:22:00;277;Acidente sem vítima;97;BR-101/ES;Norte;Saída de Pista;1;0;0;0;0;0;0;0;;;2;0;0;0;0
14/02/2018;18:07:00;349;Acidente com vítima;116,7;BR-101/ES;Sul;Colisão Traseira;1;0;0;1;0;0;0;0;;;1;0;1;0;0
14/02/2018;18:07:00;350;Acidente com vítima;268;BR-101/ES;Sul;Engavetamento;4;0;1;0;0;0;0;0;;;4;2;0;0;0