data;horario;n_da_ocorrencia;tipo_de_ocorrencia;km;trecho;sentido;tipo_de_acidente;automovel;bicicleta;caminhao;moto;onibus;outros;tracao_animal;transporte_de_cargas_especiais;trator_maquinas;utilitarios;ilesos;levemente_feridos;moderadamente_feridos;gravemente_feridos;mortos
14/02/2018;18:10:00;351;Acidente com vítima;321;BR-101/ES;Norte;Colisão Transversal;0;0;0;2;0;0;0;0;;;1;0;1;0;0
14/02/2018;18:52:00;358;Acidente sem vítima;460;BR-101/ES;Sul;Tombamento;0;0;1;0;0;0;0;0;;;1;0;0;0;0
15/02/2018;00:00:00;1;Acidente sem vítima;273;BR-101/ES;Norte;Colisão Traseira;2;0;0;0;0;0;0;0;;;3;0;0;0;0
15/02/2018;14:53:00;323;Acidente sem vítima;295;BR-101/ES;Norte;Colisão Traseira;2;0;0;0;0;0;0;0;;;3;0;0;0;0
15/02/2018;15:46:00;337;Acidente com vítima;264;BR-101/ES;Norte;Colisão Lateral;2;0;0;0;0;0;0;0;;;2;0;3;0;0
15/02/2018;16:06:00;346;Atropelamento sem morte;266,5;BR-101/ES;Norte;Atropelamento;1;0;0;0;0;0;0;0;;;2;0;1;0;0
15/02/2018;17:46:00;373;Acidente com vítima;270;BR-101/ES;Sul;Colisão Traseira;1;0;0;1;0;0;0;0;;;2;1;0;0;0
15/02/2018;18:35:00;382;Acidente sem vítima;350;BR-101/ES;Norte;Saída de Pista;1;0;0;0;0;0;0;0;;;1;0;0;0;0
16/02/2018;06:26:00;94;Acidente sem vítima;162,6;BR-101/ES;Norte;Colisão Lateral;1;0;1;0;0;0;0;0;;;4;0;0;0;0
16/02/2018;07:13:00;104;Acidente com vítima;124,7;BR-101/ES;Sul;Tombamento;0;0;1;0;0;0;0;0;;;0;1;0;0;0
16/02/2018;09:26:00;155;Acidente com vítima;42,8;BR-101/ES;Norte;Saída de Pista;1;0;0;0;0;0;0;0;;;0;0;2;0;0
16/02/2018;13:29:00;305;Acidente com vítima;269;BR-101/ES;Sul;Colisão Traseira;2;0;0;0;0;0;0;0;;;4;1;0;0;0
16/02/2018;14:43:00;333;Acidente sem vítima;67,7;BR-101/ES;Sul;Choque com Objeto Fixo;0;0;1;0;0;0;0;0;;;1;0;0;0;0
16/02/2018;19:19:00;433;Acidente sem vítima;950;BR-101/BA;Sul;Colisão Lateral;1;0;0;0;0;0;0;4;;;4;0;0;0;0
16/02/2018;22:49:00;495;Acidente com vítima;269;BR-101/ES;Sul;Colisão Transversal;0;1;0;1;0;0;0;0;;;0;0;1;0;0
17/02/2018;00:53:00;21;Acidente sem vítima;269;BR-101/ES;Sul;Colisão Traseira;2;0;0;0;0;0;0;0;;;2;0;0;0;0
17/02/2018;06:08:00;86;Acidente sem vítima;265;BR-101/ES;Norte;Colisão Traseira;2;0;0;0;0;0;0;0;;;4;0;0;0;0
17/02/2018;08:32:00;129;Acidente sem vítima;25,5;BR-101/ES;Sul;Colisão Transversal;1;0;1;0;0;0;0;0;;;5;0;0;0;0
17/02/2018;14:07:00;258;Acidente sem vítima;414;BR-101/ES;Sul;Colisão Transversal;2;0;0;0;0;0;0;0;;;8;0;0;0;0
17/02/2018;16:26:00;289;Acidente com vítima;19;BR-101/ES;Sul;Queda de Moto;0;0;0;1;0;0;0;0;;;0;1;0;0;0
17/02/2018;22:23:00;371;Acidente com vítima;263,5;BR-101/ES;Norte;Colisão Frontal;2;0;0;0;0;0;0;0;;;0;1;1;2;0
18/02/2018;14:39:00;230;Acidente sem vítima;213;BR-101/ES;Sul;Colisão Traseira;2;0;0;0;0;0;0;0;;;5;0;0;0;0
18/02/2018;15:17:00;242;Acidente sem vítima;339;BR-101/ES;Norte;Saída de Pista;1;0;0;0;0;0;0;0;;;1;0;0;0;0
18/02/2018;16:01:00;256;Acidente sem vítima;393;BR-101/ES;Norte;Colisão Traseira;2;0;0;0;0;0;0;0;;;2;0;0;0;0
18/02/2018;17:26:00;286;Acidente com morte;460;BR-101/ES;Sul;Tombamento;0;0;0;0;0;0;0;2;;;0;0;0;0;1
18/02/2018;17:27:00;287;Acidente sem vítima;268;BR-101/ES;Sul;Colisão Traseira;1;0;1;0;0;0;0;0;;;4;0;0;0;0
18/02/2018;19:13:00;315;Acidente sem vítima;123,5;BR-101/ES;Norte;Capotamento;1;0;0;0;0;0;0;0;;;1;0;0;0;0
18/02/2018;19:28:00;317;Acidente com vítima;210;BR-101/ES;Sul;Queda de Moto;0;0;0;1;0;0;0;0;;;0;1;0;0;0
19/02/2018;07:35:00;89;Acidente sem vítima;266;BR-101/ES;Sul;Engavetamento;3;0;0;0;0;0;0;0;;;3;0;0;0;0
19/02/2018;09:47:00;137;Acidente sem vítima;158;BR-101/ES;Sul;Saída de Pista;1;0;0;0;0;0;0;0;;;3;0;0;0;0
19/02/2018;11:47:00;226;Acidente com vítima;284;BR-101/ES;Sul;Choque com Objeto Fixo;1;0;0;0;0;0;0;0;;;0;1;0;0;0
19/02/2018;13:55:00;286;Acidente sem vítima;115;BR-101/ES;Sul;Queda de Moto;0;0;0;1;0;0;0;0;;;2;0;0;0;0
19/02/2018;21:10:00;382;Acidente sem vítima;223;BR-101/ES;Norte;Colisão Lateral;1;0;1;0;0;0;0;0;;;5;0;0;0;0
20/02/2018;06:12:00;80;Acidente com vítima;401;BR-101/ES;Sul;Colisão Traseira;0;0;1;1;0;0;0;0;;;0;1;0;0;0
20/02/2018;06:54:00;87;Acidente sem vítima;268;BR-101/ES;Norte;Colisão Traseira;1;0;1;0;0;0;0;0;;;2;0;0;0;0
20/02/2018;09:13:00;142;Acidente com vítima;270;BR-101/ES;Sul;Queda de Moto;1;0;0;0;0;0;0;0;;;0;0;1;0;0
20/02/2018;09:54:00;163;Acidente com morte;391;BR-101/ES;Sul;Colisão Frontal;1;0;0;0;0;0;0;2;;;1;0;0;1;1
20/02/2018;11:20:00;196;Acidente sem vítima;369;BR-101/ES;Sul;Colisão Traseira;2;0;0;0;0;0;0;0;;;2;0;0;0;0
20/02/2018;12:45:00;250;Acidente com vítima;143,4;BR-101/ES;Sul;Colisão Traseira;0;0;0;1;1;0;0;0;;;2;0;1;0;0
20/02/2018;13:11:00;259;Acidente com vítima;332;BR-101/ES;Sul;Queda de Moto;0;0;0;1;0;0;0;0;;;0;0;2;0;0
20/02/2018;18:08:00;333;Atropelamento sem morte;262;BR-101/ES;Sul;Atropelamento e Fuga;1;0;0;0;0;0;0;0;;;0;0;1;0;0
20/02/2018;20:29:00;363;Acidente sem vítima;107;BR-101/ES;Sul;Colisão Traseira;1;0;0;0;0;0;0;3;;;2;0;0;0;0
20/02/2018;22:09:00;399;Acidente sem vítima;273;BR-101/ES;Sul;Choque com Objeto Fixo;1;0;0;0;0;0;0;0;;;1;0;0;0;0
21/02/2018;01:10:00;24;Acidente com vítima;119,1;BR-101/ES;Sul;Colisão Traseira;0;0;1;0;0;0;0;5;;;1;0;1;0;0
21/02/2018;14:43:00;319;Acidente sem vítima;237;BR-101/ES;Norte;Colisão Traseira;2;0;0;0;0;0;0;0;;;4;0;0;0;0
21/02/2018;18:34:00;368;Acidente sem vítima;275;BR-101/ES;Sul;Saída de Pista;1;0;0;0;0;0;0;0;;;1;0;0;0;0
22/02/2018;10:42:00;219;Acidente com vítima;53;BR-101/ES;Sul;Engavetamento;3;0;0;0;0;0;0;0;;;4;2;3;0;0
22/02/2018;12:06:00;249;Acidente com vítima;378;BR-101/ES;Norte;Colisão Traseira;2;0;1;0;0;0;0;0;;;4;0;2;0;0
22/02/2018;12:14:00;251;Acidente sem vítima;293;BR-101/ES;Sul;Colisão Transversal;2;0;0;0;0;0;0;0;;;4;0;0;0;0
22/02/2018;16:39:00;326;Acidente com vítima;94;BR-101/ES;Sul;Colisão Lateral;1;0;0;1;0;0;0;0;;;1;1;0;0;0
22/02/2018;21:32:00;407;Acidente sem vítima;261;BR-101/ES;Sul;Colisão Traseira;1;0;0;0;0;0;0;2;;;2;0;0;0;0
22/02/2018;21:51:00;411;Acidente sem vítima;20;BR-101/ES;Norte;Saída de Pista;1;0;0;0;0;0;0;0;;;1;0;0;0;0
22/02/2018;23:56:00;457;Acidente sem vítima;209;BR-101/ES;Norte;Saída de Pista;1;0;0;0;0;0;0;0;;;2;0;0;0;0
23/02/2018;03:15:00;42;Acidente sem vítima;284;BR-101/ES;Norte;Choque com Objeto Fixo;1;0;0;0;0;0;0;0;;;1;0;0;0;0
23/02/2018;07:56:00;89;Acidente com vítima;292;BR-101/ES;Sul;Colisão Lateral;0;1;1;0;0;0;0;0;;;2;0;1;0;0
23/02/2018;08:15:00;97;Acidente com vítima;293;BR-101/ES;Sul;Colisão Transversal;1;0;0;1;0;0;0;0;;;2;0;1;0;0
23/02/2018;10:23:00;185;Acidente sem vítima;237;BR-101/ES;Norte;Colisão Traseira;1;0;0;1;0;0;0;0;;;4;0;0;0;0
23/02/2018;12:37:00;251;Acidente sem vítima;263;BR-101/ES;Sul;Choque;2;0;0;0;0;0;0;0;;;4;0;0;0;0
23/02/2018;14:20:00;294;Acidente sem vítima;177;BR-101/ES;Norte;Saída de Pista;1;0;0;0;0;0;0;0;;;1;0;0;0;0
23/02/2018;14:30:00;298;Acidente com vítima;141;BR-101/ES;Norte;Queda de Moto;0;0;0;1;0;0;0;0;;;0;1;0;0;0
23/02/2018;14:47:00;305;Acidente sem vítima;292,5;BR-101/ES;Norte;Colisão Traseira;0;0;0;0;0;0;0;3;;;1;0;0;0;0
23/02/2018;14:53:00;306;Acidente com vítima;394;BR-101/ES;Sul;Engavetamento;3;0;0;0;0;0;0;0;;;3;1;0;0;0
23/02/2018;15:40:00;322;Acidente sem vítima;458;BR-101/ES;Sul;Colisão Traseira;1;0;0;0;0;0;0;2;;;6;0;0;0;0
23/02/2018;16:36:00;350;Acidente sem vítima;406;BR-101/ES;Sul;Saída de Pista;1;0;0;0;0;0;0;0;;;1;0;0;0;0
23/02/2018;16:40:00;351;Acidente com vítima;67;BR-101/ES;Sul;Colisão Traseira;1;0;0;1;0;0;0;0;;;0;0;1;0;0
23/02/2018;16:47:00;354;Acidente sem vítima;396;BR-101/ES;Sul;Choque com Objeto Fixo;1;0;0;0;0;0;0;0;;;1;0;0;0;0
23/02/2018;17:25:00;364;Acidente sem vítima;290;BR-101/ES;Sul;Choque com Objeto Fixo;1;0;0;0;0;0;0;0;;;1;0;0;0;0
23/02/2018;18:41:00;383;Acidente sem vítima;294;BR-101/ES;Sul;Colisão Transversal;0;0;1;0;1;0;0;0;;;3;0;0;0;0
23/02/2018;18:58:00;387;Acidente com vítima;269;BR-101/ES;Norte;Colisão Traseira;1;0;0;1;0;0;0;0;;;1;0;0;1;0
23/02/2018;19:11:00;392;Acidente sem vítima;117;BR-101/ES;Sul;Colisão Lateral;0;0;1;0;0;0;0;2;;;2;0;0;0;0
23/02/2018;19:16:00;393;Acidente sem vítima;275;BR-101/ES;Sul;Saída de Pista;1;0;0;0;0;0;0;0;;;1;0;0;0;0
23/02/2018;19:24:00;394;Acidente sem vítima;329,2;BR-101/ES;Sul;Queda de Moto;0;0;0;1;0;0;0;0;;;1;0;0;0;0
23/02/2018;20:28:00;411;Acidente sem vítima;293,6;BR-101/ES;Sul;Engavetamento;2;0;0;0;0;0;0;2;;;7;0;0;0;0
23/02/2018;20:40:00;413;Acidente sem vítima;257;BR-101/ES;Norte;Choque com Objeto Fixo;1;0;0;0;0;0;0;1;;;2;0;0;0;0
23/02/2018;20:57:00;420;Acidente com vítima;277;BR-101/ES;Sul;Choque com Objeto Fixo;1;0;0;0;1;0;0;3;;;3;0;3;0;0
24/02/2018;10:24:00;152;Acidente com vítima;296;BR-101/ES;Norte;Colisão Traseira;1;0;0;1;0;0;0;0;;;1;0;1;0;0
24/02/2018;10:25:00;153;Acidente com vítima;147;BR-101/ES;Sul;Colisão Transversal;2;0;0;0;0;0;0;0;;;1;1;0;0;0
24/02/2018;14:36:00;259;Acidente sem vítima;286;BR-101/ES;Norte;Capotamento;1;0;0;0;0;0;0;0;;;1;0;0;0;0
24/02/2018;16:21:00;297;Acidente com vítima;300;BR-101/ES;Norte;Colisão Traseira;1;0;0;1;0;0;0;0;;;3;0;2;0;0
24/02/2018;20:52:00;359;Acidente com vítima;32;BR-101/ES;Norte;Colisão Lateral;0;0;1;0;0;0;0;3;;;0;1;0;1;0
24/02/2018;21:29:00;362;Atropelamento sem morte;187;BR-101/ES;Sul;Atropelamento e Fuga;1;0;0;0;0;0;0;0;;;0;0;0;1;0
24/02/2018;21:49:00;370;Acidente sem vítima;74;BR-101/ES;Sul;Queda de Moto;0;0;0;1;0;0;0;0;;;2;0;0;0;0
24/02/2018;22:29:00;378;Acidente sem vítima;147;BR-101/ES;Norte;Colisão Traseira;2;0;0;0;0;0;0;0;;;4;0;0;0;0
25/02/2018;00:26:00;5;Acidente sem vítima;269;BR-101/ES;Norte;Colisão Transversal;2;0;0;0;0;0;0;0;;;2;0;0;0;0
25/02/2018;01:45:00;28;Acidente sem vítima;210;BR-101/ES;Norte;Veículo em Chamas;0;0;0;0;0;0;0;2;;;1;0;0;0;0
25/02/2018;23:44:00;376;Acidente sem vítima;209;BR-101/ES;Sul;Saída de Pista;1;0;0;0;0;0;0;0;;;1;0;0;0;0
26/02/2018;01:08:00;16;Acidente sem vítima;270;BR-101/ES;Sul;Choque com Objeto Fixo;1;0;0;0;0;0;0;0;;;1;0;0;0;0
26/02/2018;10:54:00;219;Acidente com vítima;119;BR-101/ES;Norte;Queda de Moto;0;0;0;1;0;0;0;0;;;1;1;0;0;0
26/02/2018;13:08:00;276;Acidente com vítima;246;BR-101/ES;Sul;Colisão Traseira;1;0;1;0;0;0;0;1;;;2;1;0;0;0
26/02/2018;14:05:00;301;Acidente sem vítima;359;BR-101/ES;Norte;Tombamento;1;0;0;0;0;0;0;0;;;2;0;0;0;0
26/02/2018;14:11:00;304;Acidente sem vítima;301;BR-101/ES;Norte;Colisão Traseira;2;0;0;0;0;0;0;0;;;2;0;0;0;0
26/02/2018;14:34:00;309;Acidente sem vítima;358;BR-101/ES;Norte;Saída de Pista;0;0;1;0;0;0;0;0;;;1;0;0;0;0
26/02/2018;14:42:00;312;Acidente com vítima;270;BR-101/ES;Sul;Choque com Objeto Fixo;0;0;0;1;0;0;0;0;;;0;0;0;1;0
26/02/2018;17:40:00;372;Acidente com vítima;264;BR-101/ES;Sul;Queda de Moto;0;0;0;1;0;0;0;0;;;0;0;1;0;0
27/02/2018;05:28:00;63;Acidente com vítima;387;BR-101/ES;Norte;Tombamento;0;0;0;0;0;0;0;2;;;0;0;1;0;0
27/02/2018;07:27:00;91;Acidente sem vítima;266;BR-101/ES;Sul;Colisão Traseira;2;0;0;0;0;0;0;0;;;4;0;0;0;0
27/02/2018;09:04:00;129;Acidente sem vítima;401;BR-101/ES;Sul;Tombamento;0;0;1;0;0;0;0;0;;;2;0;0;0;0
27/02/2018;16:41:00;327;Acidente sem vítima;288;BR-101/ES;Norte;Colisão Traseira;1;0;1;0;0;0;0;0;;;1;0;0;0;0
27/02/2018;19:39:00;368;Acidente com vítima;71,1;BR-101/ES;Norte;Colisão Transversal;0;1;0;1;0;0;0;0;;;1;0;1;0;0
28/02/2018;06:52:00;85;Acidente com vítima;270;BR-101/ES;Sul;Colisão Lateral;1;0;0;1;0;0;0;0;;;1;0;1;0;0
28/02/2018;13:15:00;267;Acidente com vítima;373;BR-101/ES;Sul;Colisão Lateral;2;0;0;0;0;0;0;2;;;4;1;0;0;0
28/02/2018;13:32:00;273;Acidente com vítima;363;BR-101/ES;Norte;Capotamento;1;0;0;0;0;0;0;0;;;0;1;0;0;0
28/02/2018;13:52:00;286;Acidente sem vítima;268;BR-101/ES;Sul;Colisão Traseira;2;0;0;0;0;0;0;0;;;3;0;0;0;0
28/02/2018;18:26:00;358;Acidente sem vítima;269;BR-101/ES;Sul;Colisão Traseira;2;0;0;0;0;0;0;0;;;4;0;0;0;0
28/02/2018;19:26:00;373;Atropelamento com morte;100;BR-101/ES;Sul;Atropelamento;0;0;1;0;0;0;0;0;;;1;0;0;0;1
28/02/2018;19:28:00;374;Acidente com vítima;67;BR-101/ES;Norte;Colisão Traseira;2;0;0;0;0;0;0;0;;;1;0;0;1;0
28/02/2018;20:33:00;386;Acidente sem vítima;329;BR-101/ES;Sul;Atropelamento de Equino;0;0;1;0;0;0;0;0;;;1;0;0;0;0
28/02/2018;20:37:00;387;Acidente com morte;294;BR-101/ES;Sul;Choque com Objeto Fixo;0;0;0;1;0;0;0;0;;;0;0;0;0;2
28/02/2018;22:03:00;399;Acidente com vítima;182;BR-101/ES;Norte;Colisão Transversal;1;0;0;0;0;0;0;1;;;1;0;1;0;0
28/02/2018;23:33:00;428;Acidente com vítima;264;BR-101/ES;Norte;Colisão Lateral;1;0;0;1;0;0;0;0;;;2;0;1;0;0
01/03/2018;07:31:00;100;Acidente sem vítima;245;BR-101/ES;Norte;Colisão Transversal;1;0;1;0;0;0;0;0;;;3;0;0;0;0
01/03/2018;07:53:00;111;Acidente com vítima;297;BR-101/ES;Norte;Colisão Traseira;0;0;0;2;0;0;0;0;;;1;1;0;0;0
01/03/2018;16:52:00;331;Acidente sem vítima;268;BR-101/ES;Norte;Colisão Lateral;1;0;1;0;0;0;0;0;;;6;0;0;0;0
01/03/2018;17:30:00;341;Acidente sem vítima;255;BR-101/ES;Norte;Colisão Traseira;1;0;0;0;0;0;0;2;;;2;0;0;0;0
01/03/2018;18:53:00;359;Acidente com vítima;261;BR-101/ES;Norte;Queda de Moto;0;0;0;1;0;0;0;0;;;0;0;1;0;0
01/03/2018;18:58:00;360;Acidente com vítima;219;BR-101/ES;Sul;Choque com Objeto Fixo;0;0;0;1;0;0;0;0;;;0;1;0;0;0
01/03/2018;19:31:00;365;Acidente sem vítima;147;BR-101/ES;Sul;Choque com Objeto Fixo;0;0;0;0;0;1;0;0;;;1;0;0;0;0
01/03/2018;23:56:00;440;Acidente sem vítima;263;BR-101/ES;Sul;Colisão Traseira;0;0;0;0;0;0;0;4;;;2;0;0;0;0
02/03/2018;01:43:00;31;Atropelamento sem morte;147;BR-101/ES;Sul;Atropelamento;1;0;0;0;0;0;0;0;;;1;1;0;0;0
02/03/2018;04:53:00;56;Acidente com vítima;259;BR-101/ES;Sul;Saída de Pista;1;0;0;0;0;0;0;0;;;0;0;1;0;0
02/03/2018;07:22:00;91;Acidente sem vítima;264;BR-101/ES;Sul;Engavetamento;3;0;0;0;0;0;0;0;;;3;0;0;0;0
02/03/2018;12:24:00;247;Acidente com vítima;271;BR-101/ES;Norte;Colisão Transversal;2;0;0;0;0;0;0;0;;;1;0;1;0;0
02/03/2018;13:14:00;270;Acidente com vítima;276;BR-101/ES;Norte;Queda de Moto;0;0;0;1;0;0;0;0;;;1;0;1;0;0
02/03/2018;19:36:00;405;Acidente sem vítima;95;BR-101/ES;Sul;Saída de Pista;1;0;0;0;0;0;0;0;;;2;0;0;0;0
02/03/2018;21:07:00;429;Acidente sem vítima;398;BR-101/ES;Norte;Colisão Traseira;2;0;0;0;0;0;0;0;;;6;0;0;0;0
02/03/2018;23:55:00;484;Acidente com vítima;144;BR-101/ES;Norte;Queda de ciclista;0;1;0;0;0;0;0;0;;;0;1;0;0;0
03/03/2018;00:20:00;7;Acidente com morte;159;BR-101/ES;Sul;Colisão Transversal;0;0;0;1;1;0;0;0;;;1;1;0;0;1
03/03/2018;06:22:00;74;Acidente sem vítima;269;BR-101/ES;Sul;Colisão Traseira;1;0;0;0;1;0;0;0;;;3;0;0;0;0
03/03/2018;08:36:00;105;Acidente com vítima;73;BR-101/ES;Sul;Queda de Moto;0;0;0;1;0;0;0;0;;;0;1;0;0;0
03/03/2018;08:39:00;106;Acidente sem vítima;241;BR-101/ES;Sul;Colisão Lateral;3;0;0;0;0;0;0;0;;;7;0;0;0;0
03/03/2018;09:22:00;116;Acidente com vítima;265;BR-101/ES;Norte;Queda de Moto;0;0;0;1;0;0;0;0;;;0;0;1;0;0
03/03/2018;09:59:00;127;Acidente sem vítima;305;BR-101/ES;Sul;Choque;0;0;0;0;0;0;0;5;;;2;0;0;0;0
03/03/2018;15:32:00;234;Acidente com vítima;269;BR-101/ES;Norte;Choque com Objeto Fixo;1;0;0;0;0;0;0;0;;;0;0;1;0;0
03/03/2018;17:42:00;271;Acidente com vítima;270;BR-101/ES;Sul;Queda de Moto;1;0;0;0;0;0;0;0;;;0;0;1;0;0
03/03/2018;19:26:00;300;Acidente com vítima;158;BR-101/ES;Sul;Queda de Moto;1;0;0;0;0;0;0;0;;;0;1;1;0;0
04/03/2018;05:51:00;67;Acidente com vítima;117;BR-101/ES;Norte;Queda de Moto;0;0;0;1;0;0;0;0;;;0;1;0;0;0
04/03/2018;07:14:00;84;Acidente com vítima;133,9;BR-101/ES;Sul;Queda de Moto;0;0;0;1;0;0;0;0;;;0;1;0;0;0
04/03/2018;11:35:00;164;Atropelamento sem morte;270;BR-101/ES;Sul;Atropelamento e Fuga;1;0;0;0;0;0;0;0;;;0;0;1;0;0
04/03/2018;14:15:00;220;Acidente sem vítima;291;BR-101/ES;Sul;Colisão Traseira;2;0;0;0;0;0;0;0;;;5;0;0;0;0
04/03/2018;15:02:00;227;Acidente sem vítima;20;BR-101/ES;Sul;Capotamento;1;0;0;0;0;0;0;0;;;3;0;0;0;0
04/03/2018;17:15:00;261;Acidente sem vítima;253;BR-101/ES;Sul;Colisão Traseira;3;0;0;0;0;0;0;0;;;6;0;0;0;0
04/03/2018;18:19:00;280;Acidente com vítima;144;BR-101/ES;Sul;Queda de Moto;0;0;0;1;0;0;0;0;;;0;0;1;0;0
04/03/2018;19:58:00;304;Acidente sem vítima;140;BR-101/ES;Sul;Saída de Pista;1;0;0;0;0;0;0;0;;;1;0;0;0;0
05/03/2018;08:50:00;128;Acidente sem vítima;270;BR-101/ES;Norte;Engavetamento;2;0;1;0;0;0;0;0;;;3;0;0;0;0
05/03/2018;11:14:00;217;Acidente sem vítima;266;BR-101/ES;Sul;Colisão Transversal;2;0;0;0;0;0;0;0;;;2;0;0;0;0
05/03/2018;20:39:00;415;Acidente sem vítima;277,3;BR-101/ES;Sul;Choque com Objeto Fixo;1;0;0;0;0;0;0;0;;;1;0;0;0;0
05/03/2018;22:10:00;436;Acidente sem vítima;266;BR-101/ES;Sul;Colisão Lateral;2;0;0;0;0;0;0;0;;;2;0;0;0;0
06/03/2018;07:46:00;87;Acidente com vítima;296;BR-101/ES;Norte;Colisão;1;1;0;0;0;0;0;0;;;1;0;1;0;0
06/03/2018;13:41:00;263;Acidente com vítima;272,5;BR-101/ES;Sul;Queda de Moto;0;0;0;1;0;0;0;0;;;0;1;1;0;0
06/03/2018;13:54:00;268;Acidente sem vítima;950;BR-101/BA;Sul;Saída de Pista;1;0;0;0;0;0;0;0;;;2;0;0;0;0
06/03/2018;19:29:00;362;Acidente sem vítima;269;BR-101/ES;Norte;Colisão Lateral;1;0;0;1;0;0;0;0;;;2;0;0;0;0
06/03/2018;20:19:00;377;Acidente sem vítima;158;BR-101/ES;Norte;Choque;1;0;0;0;0;0;0;0;;;1;0;0;0;0
07/03/2018;00:07:00;1;Acidente com vítima;66;BR-101/ES;Sul;Queda de Moto;0;0;0;1;0;0;0;0;;;0;0;1;0;0
07/03/2018;04:34:00;42;Acidente sem vítima;268;BR-101/ES;Sul;Colisão Traseira;0;0;2;0;0;0;0;0;;;2;0;0;0;0
07/03/2018;05:31:00;53;Acidente com vítima;215;BR-101/ES;Sul;Tombamento;0;0;0;0;0;0;0;2;;;0;1;0;0;0
07/03/2018;05:32:00;54;Acidente sem vítima;268;BR-101/ES;Sul;Colisão Traseira;1;0;1;0;0;0;0;0;;;2;0;0;0;0
07/03/2018;06:54:00;66;Acidente sem vítima;298,7;BR-101/ES;Sul;Atropelamento Animal;1;0;0;0;0;0;0;0;;;1;0;0;0;0
07/03/2018;10:07:00;136;Acidente sem vítima;66;BR-101/ES;Sul;Colisão Transversal;1;0;0;1;0;0;0;0;;;2;0;0;0;0
07/03/2018;17:19:00;294;Acidente com vítima;349;BR-101/ES;Sul;Colisão Lateral;2;0;0;1;0;0;0;0;;;1;2;3;0;0
07/03/2018;17:51:00;299;Acidente sem vítima;255;BR-101/ES;Sul;Colisão Traseira;1;0;1;0;0;0;0;0;;;2;0;0;0;0
07/03/2018;18:32:00;309;Acidente sem vítima;257;BR-101/ES;Sul;Colisão Lateral;1;0;0;0;1;0;0;0;;;2;0;0;0;0
07/03/2018;18:41:00;311;Acidente sem vítima;214;BR-101/ES;Norte;Colisão Lateral;1;0;0;0;0;0;0;2;;;2;0;0;0;0
08/03/2018;00:29:00;5;Acidente sem vítima;189;BR-101/ES;Sul;Choque com Objeto Fixo;0;0;0;0;0;0;0;2;;;3;0;0;0;0
08/03/2018;05:15:00;65;Acidente com vítima;284;BR-101/ES;Norte;Capotamento;1;0;0;0;0;0;0;0;;;0;1;0;0;0
08/03/2018;08:56:00;109;Acidente sem vítima;423,5;BR-101/ES;Sul;Queda de Moto;0;0;0;2;0;0;0;0;;;2;0;0;0;0
08/03/2018;12:45:00;224;Acidente com morte;222;BR-101/ES;Sul;Colisão Frontal;1;0;1;0;0;0;0;0;;;0;0;1;1;1
08/03/2018;20:23:00;374;Acidente sem vítima;372,5;BR-101/ES;Norte;Colisão Traseira;2;0;0;0;0;0;0;0;;;2;0;0;0;0
08/03/2018;21:00:00;386;Acidente sem vítima;298;BR-101/ES;Sul;Colisão Traseira;2;0;0;0;0;0;0;0;;;6;0;0;0;0
08/03/2018;23:46:00;430;Acidente sem vítima;446;BR-101/ES;Sul;Choque;0;0;1;0;0;0;0;0;;;1;0;0;0;0
09/03/2018;01:46:00;35;Acidente sem vítima;141;BR-101/ES;Sul;Saída de Pista;1;0;0;0;0;0;0;0;;;2;0;0;0;0
09/03/2018;02:54:00;53;Acidente com vítima;456;BR-101/ES;Norte;Colisão Frontal;1;0;0;0;0;0;0;2;;;1;0;1;0;0
09/03/2018;09:28:00;160;Acidente sem vítima;267;BR-101/ES;Norte;Colisão Lateral;1;0;0;0;0;0;0;2;;;3;0;0;0;0
09/03/2018;15:28:00;323;Acidente com vítima;284;BR-101/ES;Norte;Choque com Objeto Fixo;1;0;0;0;0;0;0;0;;;0;0;1;0;0
09/03/2018;16:22:00;338;Acidente sem vítima;269;BR-101/ES;Norte;Colisão Lateral;1;0;0;0;0;0;0;2;;;2;0;0;0;0
09/03/2018;16:26:00;340;Acidente sem vítima;443;BR-101/ES;Sul; ;1;0;0;0;0;0;0;0;;;1;0;0;0;0
09/03/2018;17:18:00;354;Acidente sem vítima;230;BR-101/ES;Sul;Colisão Transversal;1;0;0;0;0;0;0;3;;;3;0;0;0;0
09/03/2018;18:03:00;368;Acidente com vítima;164;BR-101/ES;Norte;Queda de Moto;0;0;0;1;0;0;0;0;;;0;0;0;1;0
09/03/2018;19:53:00;389;Acidente sem vítima;297;BR-101/ES;Norte;Colisão Lateral;1;0;1;0;0;0;0;0;;;2;0;0;0;0
09/03/2018;23:39:00;447;Atropelamento sem morte;146;BR-101/ES;Sul;Atropelamento e Fuga;0;1;0;0;0;0;0;0;;;0;1;0;0;0
09/03/2018;23:50:00;449;Acidente com vítima;142;BR-101/ES;Sul;Saída de Pista;1;0;0;0;0;0;0;0;;;1;2;1;0;0
10/03/2018;10:35:00;172;Acidente com vítima;257;BR-101/ES;Sul;Colisão Transversal;1;0;0;1;0;0;0;0;;;1;0;1;0;0
10/03/2018;10:47:00;177;Acidente com vítima;146,8;BR-101/ES;Sul;Colisão Traseira;1;0;0;1;0;0;0;0;;;1;0;1;0;0
10/03/2018;10:52:00;178;Acidente com vítima;246;BR-101/ES;Sul;Capotamento;1;0;0;0;0;0;0;0;;;0;1;0;0;0
10/03/2018;12:47:00;222;Acidente com vítima;230;BR-101/ES;Norte;Queda de Moto;0;0;1;1;0;0;0;0;;;1;1;0;0;0