data;horario;n_da_ocorrencia;tipo_de_ocorrencia;km;trecho;sentido;tipo_de_acidente;automovel;bicicleta;caminhao;moto;onibus;outros;tracao_animal;transporte_de_cargas_especiais;trator_maquinas;utilitarios;ilesos;levemente_feridos;moderadamente_feridos;gravemente_feridos;mortos
20/06/2018;16:28:00;303;Acidente sem vítima;144;BR-101/ES;Norte;Colisão Traseira;1;0;1;0;0;0;0;0;;;1;0;0;0;0
20/06/2018;21:31:00;385;Acidente sem vítima;274;BR-101/ES;Norte;Saída de Pista;0;0;0;0;0;0;0;2;;;1;0;0;0;0
20/06/2018;23:22:00;414;Acidente com morte;331;BR-101/ES;Sul;Colisão Transversal;0;0;0;1;0;0;0;2;;;2;0;0;0;2
21/06/2018;05:22:00;68;Acidente sem vítima;61;BR-101/ES;Sul;Colisão Transversal;0;0;1;0;0;0;0;2;;;2;0;0;0;0
21/06/2018;07:14:00;89;Acidente com vítima;360;BR-101/ES;Sul;Queda de Moto;0;0;0;1;0;0;0;0;;;0;1;0;0;0
21/06/2018;07:22:00;92;Acidente sem vítima;290;BR-101/ES;Sul;Choque com Objeto Fixo;1;0;0;0;0;0;0;0;;;1;0;0;0;0
21/06/2018;08:09:00;110;Acidente sem vítima;294,9;BR-101/ES;Sul;Colisão Lateral;2;0;0;0;0;0;0;0;;;4;0;0;0;0
21/06/2018;10:02:00;145;Acidente com vítima;290;BR-101/ES;Norte;Colisão Transversal;0;0;0;2;0;0;0;0;;;0;2;0;0;0
21/06/2018;12:32:00;213;Acidente sem vítima;266;BR-101/ES;Sul;Colisão Traseira;1;0;0;1;0;0;0;0;;;2;0;0;0;0
21/06/2018;14:38:00;266;Acidente com morte;319;BR-101/ES;Norte;Colisão Lateral;0;0;0;0;0;0;0;4;;;1;0;0;0;1
22/06/2018;04:35:00;59;Acidente sem vítima;141;BR-101/ES;Norte;Colisão Traseira;2;0;0;0;0;0;0;0;;;3;0;0;0;0
22/06/2018;09:12:00;117;Acidente com vítima;286;BR-101/ES;Sul;Queda de Moto;0;0;0;1;0;0;0;0;;;0;0;1;0;0
22/06/2018;11:49:00;166;Acidente sem vítima;293,5;BR-101/ES;Sul;Colisão Lateral;1;0;1;1;0;0;0;0;;;3;0;0;0;0
22/06/2018;17:39:00;285;Atropelamento sem morte;264;BR-101/ES;Sul;Atropelamento;0;0;0;1;0;0;0;0;;;1;1;0;0;0
22/06/2018;18:12:00;289;Acidente sem vítima;270;BR-101/ES;Sul;Queda de Moto;0;0;0;1;0;0;0;0;;;1;0;0;0;0
22/06/2018;18:33:00;294;Acidente com vítima;163;BR-101/ES;Norte;Colisão;0;1;0;1;0;0;0;0;;;1;0;1;0;0
22/06/2018;22:46:00;354;Acidente com vítima;174;BR-101/ES;Norte;Colisão Transversal;1;0;0;0;0;0;0;2;;;4;1;0;0;0
22/06/2018;23:46:00;374;Acidente sem vítima;159;BR-101/ES;Norte;Queda de Moto;0;0;0;1;0;0;0;0;;;1;0;0;0;0
23/06/2018;07:05:00;82;Acidente com vítima;314;BR-101/ES;Sul;Colisão Lateral;1;0;0;1;0;0;0;0;;;3;1;0;0;0
23/06/2018;07:23:00;88;Acidente sem vítima;254;BR-101/ES;Norte;Colisão Transversal;1;0;0;1;0;0;0;0;;;3;0;0;0;0
23/06/2018;09:15:00;126;Acidente com vítima;151;BR-101/ES;Sul;Colisão Transversal;1;0;0;1;0;0;0;0;;;1;0;1;0;0
23/06/2018;10:18:00;146;Acidente com vítima;188;BR-101/ES;Sul;Colisão Transversal;2;0;0;0;0;0;0;0;;;1;1;0;0;0
23/06/2018;12:04:00;183;Acidente sem vítima;296;BR-101/ES;Sul;Choque com Objeto Fixo;1;0;0;0;0;0;0;0;;;1;0;0;0;0
23/06/2018;14:36:00;249;Acidente com vítima;242,05;BR-101/ES;Sul;Colisão Lateral;2;0;0;0;0;0;0;0;;;2;0;2;0;0
23/06/2018;15:34:00;262;Acidente sem vítima;237;BR-101/ES;Norte;Colisão Traseira;1;0;0;1;0;0;0;0;;;2;0;0;0;0
23/06/2018;15:36:00;264;Acidente com vítima;361;BR-101/ES;Sul;Colisão Lateral;1;0;0;1;0;0;0;0;;;4;1;0;0;0
23/06/2018;18:00:00;304;Atropelamento sem morte;268;BR-101/ES;Sul;Atropelamento;1;0;0;0;0;0;0;0;;;4;0;0;1;0
23/06/2018;21:43:00;348;Acidente com vítima;147;BR-101/ES;Norte;Colisão Transversal;1;0;0;1;0;0;0;0;;;4;1;0;0;0
23/06/2018;23:08:00;369;Acidente com vítima;181;BR-101/ES;Norte;Colisão Transversal;2;0;0;0;0;0;0;0;;;0;0;2;0;0
24/06/2018;01:15:00;17;Acidente com vítima;262;BR-101/ES;Norte;Colisão Traseira;1;0;0;1;0;0;0;0;;;1;2;0;0;0
24/06/2018;02:53:00;43;Acidente com vítima;133;BR-101/ES;Sul;Queda de Moto;1;0;0;0;0;0;0;0;;;0;0;1;0;0
24/06/2018;07:33:00;87;Acidente sem vítima;370;BR-101/ES;Sul;Engavetamento;2;0;0;0;0;0;0;2;;;6;0;0;0;0
24/06/2018;08:21:00;98;Acidente sem vítima;293;BR-101/ES;Sul;Colisão Traseira;2;0;0;0;0;0;0;0;;;4;0;0;0;0
24/06/2018;11:39:00;173;Acidente com vítima;379;BR-101/ES;Sul;Saída de Pista;1;0;0;0;0;0;0;0;;;0;0;1;0;0
24/06/2018;13:16:00;201;Acidente sem vítima;146;BR-101/ES;Sul;Colisão Traseira;2;0;0;0;0;0;0;0;;;1;0;0;0;0
24/06/2018;13:20:00;203;Acidente com vítima;143;BR-101/ES;Sul;Choque com Objeto Fixo;1;0;0;0;0;0;0;0;;;1;0;0;1;0
24/06/2018;16:15:00;244;Acidente sem vítima;266;BR-101/ES;Sul;Colisão Lateral;2;0;0;0;0;0;0;0;;;4;0;0;0;0
24/06/2018;21:02:00;322;Acidente sem vítima;160;BR-101/ES;Norte;Colisão Transversal;2;0;0;0;0;0;0;0;;;4;0;0;0;0
25/06/2018;06:02:00;67;Acidente com vítima;245;BR-101/ES;Sul;Colisão Transversal;1;0;0;0;0;0;0;2;;;1;0;1;0;0
25/06/2018;06:07:00;69;Acidente sem vítima;174,5;BR-101/ES;Sul;Atropelamento Animal;0;0;0;1;0;0;0;0;;;2;0;0;0;0
25/06/2018;06:19:00;71;Acidente com vítima;455;BR-101/ES;Norte;Colisão Traseira;1;0;1;0;0;0;0;0;;;3;0;1;0;0
25/06/2018;07:37:00;78;Acidente com vítima;108;BR-101/ES;Sul;Colisão Traseira;1;0;0;1;0;0;0;0;;;4;1;0;0;0
25/06/2018;12:34:00;217;Acidente com vítima;294,6;BR-101/ES;Sul;Queda de Moto;0;0;0;1;0;0;0;0;;;0;1;0;0;0
25/06/2018;17:14:00;297;Acidente com vítima;264;BR-101/ES;Norte;Queda de Moto;0;0;0;1;0;0;0;0;;;0;0;1;0;0
25/06/2018;18:14:00;314;Acidente com vítima;164;BR-101/ES;Sul;Queda de ciclista;0;1;0;0;0;0;0;0;;;0;0;1;0;0
25/06/2018;18:59:00;325;Acidente com vítima;292;BR-101/ES;Norte;Colisão Traseira;1;0;0;1;0;0;0;0;;;1;2;0;0;0
25/06/2018;20:38:00;342;Acidente sem vítima;302;BR-101/ES;Norte;Colisão Traseira;2;0;0;0;0;0;0;0;;;2;0;0;0;0
26/06/2018;07:22:00;83;Acidente com vítima;265;BR-101/ES;Sul;Colisão Lateral;1;0;0;1;0;0;0;0;;;2;0;1;0;0
26/06/2018;09:16:00;132;Acidente com vítima;146,7;BR-101/ES;Sul;Colisão Traseira;1;0;0;1;0;0;0;0;;;1;1;0;0;0
26/06/2018;15:15:00;280;Acidente com vítima;282;BR-101/ES;Sul;Colisão Lateral;0;0;1;1;0;0;0;0;;;1;0;1;0;0
26/06/2018;17:28:00;325;Acidente com vítima;267;BR-101/ES;Sul;Colisão Lateral;1;0;0;1;0;0;0;0;;;1;1;0;0;0
26/06/2018;17:42:00;328;Acidente com vítima;266;BR-101/ES;Norte;Colisão Lateral;1;0;0;1;0;0;0;0;;;1;0;1;0;0
26/06/2018;19:30:00;353;Acidente com vítima;269;BR-101/ES;Norte;Colisão Transversal;0;1;0;1;0;0;0;0;;;1;0;1;0;0
27/06/2018;07:07:00;84;Acidente com vítima;293;BR-101/ES;Norte;Colisão Traseira;1;0;0;1;0;0;0;0;;;2;0;1;0;0
27/06/2018;09:16:00;139;Acidente sem vítima;270;BR-101/ES;Norte;Colisão Transversal;1;0;0;0;1;0;0;0;;;3;0;0;0;0
27/06/2018;09:42:00;154;Acidente sem vítima;448;BR-101/ES;Sul;Colisão Transversal;1;0;0;0;0;0;0;2;;;2;0;0;0;0
27/06/2018;11:17:00;198;Acidente sem vítima;450;BR-101/ES;Sul;Saída de Pista;1;0;0;0;0;0;0;0;;;1;0;0;0;0
27/06/2018;12:14:00;234;Acidente com vítima;296;BR-101/ES;Sul;Queda de Moto;0;0;0;1;0;0;0;0;;;0;2;0;0;0
27/06/2018;14:41:00;293;Acidente sem vítima;281;BR-101/ES;Sul;Colisão Lateral;1;0;0;0;0;0;0;2;;;4;0;0;0;0
27/06/2018;17:30:00;333;Acidente com morte;23;BR-101/ES;Sul;Colisão Lateral;0;0;1;0;0;0;0;3;;;1;0;0;0;1
27/06/2018;17:40:00;335;Acidente sem vítima;268;BR-101/ES;Sul;Colisão;1;0;0;0;0;0;0;0;;;1;0;0;0;0
27/06/2018;21:10:00;362;Acidente com morte;235;BR-101/ES;Norte;Colisão Frontal;1;0;0;1;0;0;0;0;;;1;0;1;0;2
27/06/2018;22:56:00;391;Acidente sem vítima;164;BR-101/ES;Sul;Saída de Pista;1;0;0;0;0;0;0;0;;;1;0;0;0;0
27/06/2018;23:04:00;394;Acidente sem vítima;265;BR-101/ES;Norte;Queda de Moto;0;0;0;1;0;0;0;0;;;1;0;0;0;0
27/06/2018;23:53:00;410;Acidente com vítima;90;BR-101/ES;Norte;Colisão Traseira;2;0;0;0;0;0;0;0;;;3;1;0;0;0
28/06/2018;02:48:00;45;Atropelamento sem morte;269;BR-101/ES;Sul;Atropelamento;1;0;0;0;0;0;0;0;;;1;0;0;1;0
28/06/2018;07:00:00;92;Acidente com vítima;329;BR-101/ES;Sul;Queda de Moto;0;0;0;1;0;0;0;0;;;0;0;1;0;0
28/06/2018;09:09:00;143;Acidente com vítima;116,9;BR-101/ES;Norte;Colisão Traseira;1;0;0;1;0;0;0;0;;;3;1;0;0;0
28/06/2018;10:51:00;189;Acidente com vítima;308,9;BR-101/ES;Sul;Colisão Lateral;1;0;0;1;0;0;0;0;;;1;0;1;0;0
28/06/2018;10:59:00;193;Acidente sem vítima;6,5;BR-101/ES;Norte;Choque com Objeto Fixo;1;0;0;0;0;0;0;0;;;1;0;0;0;0
28/06/2018;12:54:00;238;Acidente com vítima;380;BR-101/ES;Norte;Colisão Traseira;1;0;0;1;0;0;0;0;;;2;0;1;0;0
28/06/2018;14:00:00;261;Acidente sem vítima;380;BR-101/ES;Sul;Colisão Traseira;2;0;0;0;0;0;0;0;;;4;0;0;0;0
28/06/2018;14:56:00;284;Acidente sem vítima;300;BR-101/ES;Norte;Colisão Traseira;0;0;0;0;0;0;0;4;;;2;0;0;0;0
28/06/2018;18:08:00;344;Acidente com vítima;260;BR-101/ES;Sul;Colisão Transversal;0;0;0;2;0;0;0;0;;;1;0;2;0;0
28/06/2018;19:37:00;367;Acidente sem vítima;258;BR-101/ES;Norte;Colisão Traseira;2;0;0;0;0;0;0;0;;;2;0;0;0;0
28/06/2018;22:27:00;399;Acidente sem vítima;259;BR-101/ES;Sul;Colisão Lateral;2;0;0;0;0;0;0;0;;;4;0;0;0;0
28/06/2018;23:17:00;413;Acidente com morte;349;BR-101/ES;Sul;Colisão Lateral;0;0;1;0;0;0;0;3;;;1;0;0;0;1
28/06/2018;23:29:00;418;Acidente com vítima;435;BR-101/ES;Norte;Tombamento;0;0;1;0;0;0;0;0;;;0;0;1;0;0
29/06/2018;00:49:00;16;Acidente sem vítima;275;BR-101/ES;Sul;Saída de Pista;0;0;1;0;0;0;0;1;;;1;0;0;0;0
29/06/2018;11:30:00;187;Acidente sem vítima;452;BR-101/ES;Sul;Engavetamento;3;0;0;0;0;0;0;0;;;6;0;0;0;0
29/06/2018;11:31:00;188;Acidente sem vítima;296;BR-101/ES;Norte;Colisão Traseira;2;0;0;0;0;0;0;0;;;2;0;0;0;0
29/06/2018;14:09:00;241;Acidente sem vítima;283;BR-101/ES;Norte;Colisão Transversal;1;0;0;0;1;0;0;0;;;4;0;0;0;0
29/06/2018;15:17:00;254;Acidente sem vítima;448;BR-101/ES;Sul;Saída de Pista;1;0;0;0;0;0;0;0;;;3;0;0;0;0
29/06/2018;17:00:00;283;Acidente sem vítima;125;BR-101/ES;Norte;Colisão Transversal;2;0;0;0;0;0;0;0;;;5;0;0;0;0
29/06/2018;17:16:00;291;Acidente sem vítima;220;BR-101/ES;Norte;Colisão Lateral;1;0;1;0;0;0;0;0;;;2;0;0;0;0
29/06/2018;17:17:00;292;Acidente com vítima;254;BR-101/ES;Sul;Colisão Transversal;2;0;0;0;0;0;0;0;;;2;6;1;0;0
29/06/2018;19:58:00;324;Acidente com vítima;31;BR-101/ES;Sul;Queda de Moto;0;0;0;1;0;0;0;0;;;0;1;0;0;0
29/06/2018;21:23:00;340;Acidente sem vítima;434;BR-101/ES;Sul;Colisão Lateral;0;0;0;0;0;0;0;4;;;2;0;0;0;0
30/06/2018;01:42:00;33;Acidente sem vítima;266;BR-101/ES;Sul;Choque com Objeto Fixo;1;0;0;0;0;0;0;0;;;1;0;0;0;0
30/06/2018;06:16:00;74;Acidente com vítima;176;BR-101/ES;Sul;Colisão Transversal;1;0;1;0;0;0;0;0;;;1;0;1;0;0
30/06/2018;08:58:00;112;Atropelamento sem morte;230,5;BR-101/ES;Norte;Atropelamento;1;1;0;0;0;0;0;0;;;1;0;1;0;0
30/06/2018;09:09:00;116;Acidente sem vítima;138;BR-101/ES;Sul;Saída de Pista;1;0;0;0;0;0;0;0;;;1;0;0;0;0
30/06/2018;09:17:00;120;Acidente com vítima;296;BR-101/ES;Sul;Queda de Moto;0;0;0;1;0;0;0;0;;;0;0;1;0;0
30/06/2018;11:36:00;158;Acidente com vítima;97,5;BR-101/ES;Sul;Queda de Moto;0;0;0;1;0;0;0;0;;;1;0;1;0;0
30/06/2018;14:06:00;216;Acidente sem vítima;266;BR-101/ES;Sul;Colisão Lateral;2;0;0;0;0;0;0;0;;;2;0;0;0;0
30/06/2018;14:25:00;220;Acidente sem vítima;402;BR-101/ES;Sul;Saída de Pista;1;0;0;0;0;0;0;0;;;1;0;0;0;0
30/06/2018;15:13:00;232;Acidente sem vítima;266;BR-101/ES;Sul;Colisão Traseira;2;0;0;0;0;0;0;0;;;2;0;0;0;0
30/06/2018;19:14:00;291;Acidente com morte;181,6;BR-101/ES;Sul;Queda de Moto;0;0;0;1;0;0;0;0;;;0;0;0;0;1
30/06/2018;22:20:00;329;Acidente com vítima;85,8;BR-101/ES;Norte;Colisão Traseira;2;0;0;0;0;0;0;0;;;4;1;0;0;0
01/07/2018;04:40:00;62;Acidente com morte;343,3;BR-101/ES;Sul;Colisão Lateral;1;0;1;0;0;0;0;0;;;1;0;1;0;1
01/07/2018;14:03:00;204;Acidente com vítima;270;BR-101/ES;Sul;Colisão Lateral;1;0;0;1;0;0;0;0;;;1;1;1;0;0
01/07/2018;14:50:00;216;Acidente sem vítima;357;BR-101/ES;Norte;Saída de Pista;1;0;0;0;0;0;0;0;;;4;0;0;0;0
01/07/2018;14:52:00;217;Acidente sem vítima;246;BR-101/ES;Norte;Colisão Lateral;3;0;0;0;0;0;0;0;;;7;0;0;0;0
01/07/2018;17:10:00;271;Acidente sem vítima;292;BR-101/ES;Sul;Colisão Traseira;2;0;0;0;0;0;0;0;;;3;0;0;0;0
01/07/2018;18:24:00;294;Acidente com vítima;262;BR-101/ES;Sul;Colisão Traseira;2;0;0;0;0;0;0;0;;;2;0;1;0;0
01/07/2018;18:54:00;305;Acidente com vítima;125;BR-101/ES;Sul;Colisão Transversal;1;1;0;0;0;0;0;0;;;1;1;0;0;0
01/07/2018;20:01:00;318;Acidente com vítima;282;BR-101/ES;Sul;Queda de Moto;0;0;0;1;0;0;0;0;;;0;1;0;0;0
02/07/2018;02:25:00;39;Acidente com vítima;260;BR-101/ES;Sul;Queda de Moto;0;0;0;1;0;0;0;0;;;0;0;1;0;0
02/07/2018;07:14:00;81;Acidente com vítima;298;BR-101/ES;Norte;Colisão Transversal;1;0;0;1;0;0;0;0;;;1;1;0;0;0
02/07/2018;08:33:00;108;Acidente com vítima;302;BR-101/ES;Sul;Colisão Transversal;0;0;1;0;0;0;0;3;;;2;0;1;0;0
02/07/2018;11:06:00;167;Acidente com vítima;145;BR-101/ES;Norte;Queda de Moto;0;0;0;1;0;0;0;0;;;0;1;0;0;0
02/07/2018;20:29:00;342;Acidente sem vítima;242;BR-101/ES;Sul;Engavetamento;3;0;0;0;0;0;0;0;;;8;0;0;0;0
03/07/2018;04:58:00;57;Acidente sem vítima;276;BR-101/ES;Norte;Saída de Pista;0;0;0;0;0;0;0;2;;;1;0;0;0;0
03/07/2018;07:29:00;86;Acidente com vítima;271;BR-101/ES;Norte;Queda de Moto;0;0;0;1;0;0;0;0;;;0;1;0;0;0
03/07/2018;09:04:00;121;Acidente sem vítima;297;BR-101/ES;Sul;Colisão Traseira;0;0;1;0;0;0;0;2;;;3;0;0;0;0
03/07/2018;10:09:00;147;Acidente com vítima;127;BR-101/ES;Norte;Colisão Traseira;1;0;0;1;0;0;0;0;;;1;1;0;0;0
03/07/2018;13:54:00;234;Acidente com vítima;278;BR-101/ES;Sul;Colisão Traseira;2;0;0;0;0;0;0;0;;;2;0;1;0;0
03/07/2018;16:14:00;279;Acidente com vítima;23;BR-101/ES;Norte;Queda de Moto;0;0;0;1;0;0;0;0;;;0;0;1;0;0
03/07/2018;18:01:00;312;Atropelamento sem morte;270;BR-101/ES;Norte;Atropelamento e Fuga;0;0;0;1;0;0;0;0;;;0;1;0;0;0
03/07/2018;18:56:00;317;Acidente com vítima;269;BR-101/ES;Sul;Colisão Transversal;1;0;0;1;0;0;0;0;;;1;0;1;0;0
03/07/2018;19:01:00;319;Acidente com vítima;391;BR-101/ES;Norte;Colisão Transversal;1;0;0;1;0;0;0;0;;;3;2;0;0;0
03/07/2018;23:35:00;387;Acidente com vítima;270;BR-101/ES;Norte;Colisão com ciclista;0;1;0;0;1;0;0;0;;;1;0;0;1;0
04/07/2018;07:28:00;88;Acidente sem vítima;402;BR-101/ES;Norte;Choque com Objeto Fixo;1;0;0;0;0;0;0;0;;;1;0;0;0;0
04/07/2018;09:15:00;128;Acidente com vítima;127;BR-101/ES;Sul;Colisão Frontal;2;0;0;0;0;0;0;0;;;2;1;0;0;0
04/07/2018;10:23:00;144;Acidente sem vítima;394;BR-101/ES;Sul;Saída de Pista;0;0;1;0;0;0;0;0;;;2;0;0;0;0
04/07/2018;19:22:00;330;Acidente sem vítima;146;BR-101/ES;Norte;Colisão Traseira;2;0;0;0;0;0;0;0;;;2;0;0;0;0
05/07/2018;01:31:00;21;Acidente sem vítima;264;BR-101/ES;Norte;Colisão Transversal;2;0;0;0;0;0;0;0;;;2;0;0;0;0
05/07/2018;06:01:00;71;Atropelamento sem morte;312;BR-101/ES;Norte;Atropelamento;0;0;0;1;0;0;0;0;;;0;0;2;0;0
05/07/2018;06:19:00;75;Acidente sem vítima;283;BR-101/ES;Sul;Saída de Pista;1;0;0;0;0;0;0;0;;;1;0;0;0;0
05/07/2018;07:07:00;87;Acidente com vítima;58;BR-101/ES;Norte;Saída de Pista;1;0;0;0;0;0;0;0;;;2;0;2;0;0
05/07/2018;07:43:00;101;Acidente com vítima;264;BR-101/ES;Norte;Colisão Traseira;0;0;2;0;0;0;0;0;;;0;1;0;0;0
05/07/2018;12:21:00;212;Acidente sem vítima;262;BR-101/ES;Sul;Colisão Traseira;1;0;0;0;0;0;0;1;;;1;0;0;0;0
05/07/2018;12:54:00;225;Acidente sem vítima;18;BR-101/ES;Sul;Colisão Traseira;0;0;1;0;0;0;0;3;;;2;0;0;0;0
05/07/2018;16:54:00;291;Acidente sem vítima;284;BR-101/ES;Norte;Choque com Objeto Fixo;0;0;0;0;0;0;0;2;;;1;0;0;0;0
05/07/2018;16:56:00;293;Acidente com vítima;449;BR-101/ES;Sul;Saída de Pista;1;0;0;0;0;0;0;0;;;0;0;1;0;0
05/07/2018;17:23:00;303;Acidente com vítima;262;BR-101/ES;Sul;Queda de Moto;0;0;0;1;0;0;0;0;;;0;1;0;0;0
05/07/2018;20:25:00;349;Acidente com vítima;270;BR-101/ES;Sul;Colisão Lateral;1;0;0;1;0;0;0;0;;;1;1;0;0;0
06/07/2018;06:49:00;104;Acidente sem vítima;172;BR-101/ES;Norte;Colisão Transversal;1;0;0;1;0;0;0;0;;;4;0;0;0;0
06/07/2018;07:03:00;107;Acidente com vítima;270;BR-101/ES;Sul;Queda de Moto;0;0;0;1;0;0;0;0;;;0;2;0;0;0
06/07/2018;09:32:00;158;Acidente sem vítima;65;BR-101/ES;Sul;Colisão Lateral;1;0;0;0;0;0;0;2;;;2;0;0;0;0
06/07/2018;10:47:00;188;Acidente com morte;445;BR-101/ES;Sul;Colisão Frontal;0;0;0;1;0;0;0;2;;;0;1;0;0;1
06/07/2018;11:16:00;194;Acidente sem vítima;401;BR-101/ES;Norte;Colisão Traseira;1;0;1;0;0;0;0;0;;;2;0;0;0;0
06/07/2018;11:57:00;218;Acidente com vítima;290;BR-101/ES;Sul;Colisão Lateral;1;0;1;0;0;0;0;0;;;2;2;0;0;0
06/07/2018;12:38:00;237;Acidente com vítima;214;BR-101/ES;Sul;Colisão Traseira;2;0;0;0;0;0;0;0;;;4;1;0;0;0
06/07/2018;14:37:00;278;Acidente sem vítima;146;BR-101/ES;Norte;Engavetamento;3;0;0;0;0;0;0;0;;;3;0;0;0;0
06/07/2018;14:49:00;281;Acidente com vítima;156;BR-101/ES;Sul;Queda de Moto;0;0;1;1;0;0;0;0;;;1;1;1;0;0
06/07/2018;14:52:00;285;Acidente sem vítima;146;BR-101/ES;Norte;Engavetamento;4;0;0;0;0;0;0;0;;;6;0;0;0;0
06/07/2018;18:02:00;350;Acidente sem vítima;223;BR-101/ES;Sul;Saída de Pista;1;0;0;0;0;0;0;0;;;1;0;0;0;0
06/07/2018;18:31:00;354;Acidente sem vítima;265;BR-101/ES;Sul;Colisão Traseira;0;0;1;0;0;0;0;2;;;2;0;0;0;0
07/07/2018;02:43:00;51;Acidente sem vítima;197;BR-101/ES;Norte;Saída de Pista;1;0;0;0;0;0;0;0;;;5;0;0;0;0
07/07/2018;04:02:00;63;Acidente com vítima;270;BR-101/ES;Sul;Choque com Objeto Fixo;1;0;0;0;0;0;0;0;;;0;0;1;0;0
07/07/2018;12:21:00;202;Acidente com vítima;419;BR-101/ES;Norte;Queda de Moto;0;0;0;1;0;0;0;0;;;0;1;0;0;0
07/07/2018;13:35:00;235;Acidente sem vítima;258;BR-101/ES;Sul;Colisão Traseira;2;0;0;0;0;0;0;0;;;2;0;0;0;0
07/07/2018;13:38:00;236;Acidente com vítima;278;BR-101/ES;Norte;Queda de Moto;0;0;0;1;0;0;0;0;;;0;2;0;0;0
07/07/2018;17:27:00;301;Acidente com vítima;294;BR-101/ES;Norte;Colisão Transversal;0;1;0;1;0;0;0;0;;;1;1;0;0;0
07/07/2018;17:43:00;306;Acidente com vítima;166;BR-101/ES;Norte;Colisão com ciclista;1;1;0;0;0;0;0;0;;;1;0;0;1;0
07/07/2018;18:21:00;314;Acidente com vítima;285;BR-101/ES;Norte;Saída de Pista;1;0;0;0;0;0;0;0;;;0;1;0;0;0
07/07/2018;20:35:00;346;Acidente com vítima;194,7;BR-101/ES;Sul;Queda de Moto;0;0;0;1;0;0;0;0;;;0;0;1;0;0
07/07/2018;22:48:00;381;Atropelamento sem morte;189;BR-101/ES;Norte;Atropelamento e Fuga;1;0;0;0;0;0;0;0;;;0;0;1;0;0
08/07/2018;00:04:00;1;Acidente com vítima;62;BR-101/ES;Sul;Colisão Frontal;1;0;0;1;0;0;0;0;;;1;1;0;0;0
08/07/2018;00:04:00;2;Acidente sem vítima;203;BR-101/ES;Sul;Saída de Pista;1;0;0;0;0;0;0;0;;;1;0;0;0;0
08/07/2018;01:45:00;30;Acidente sem vítima;213;BR-101/ES;Norte;Saída de Pista;1;0;0;0;0;0;0;0;;;1;0;0;0;0
08/07/2018;10:25:00;123;Acidente sem vítima;293;BR-101/ES;Sul;Colisão Traseira;2;0;0;0;0;0;0;0;;;4;0;0;0;0
08/07/2018;11:26:00;147;Acidente com vítima;233;BR-101/ES;Sul;Queda de Moto;0;0;0;1;0;0;0;0;;;0;1;0;0;0
08/07/2018;12:12:00;167;Acidente com vítima;162;BR-101/ES;Norte;Colisão Transversal;0;0;0;1;0;0;0;0;;;0;0;2;0;0
08/07/2018;12:27:00;173;Acidente sem vítima;265;BR-101/ES;Sul;Colisão Lateral;2;0;0;0;0;0;0;0;;;4;0;0;0;0
08/07/2018;13:01:00;186;Acidente sem vítima;295;BR-101/ES;Norte;Colisão Traseira;2;0;0;0;0;0;0;0;;;4;0;0;0;0
08/07/2018;13:23:00;190;Acidente com vítima;30;BR-101/ES;Norte;Queda de ciclista;0;1;0;0;0;0;0;0;;;0;0;1;0;0
08/07/2018;16:51:00;252;Acidente com vítima;296;BR-101/ES;Sul;Queda de Moto;0;0;0;1;0;0;0;0;;;0;2;0;0;0
08/07/2018;18:35:00;281;Acidente com vítima;298;BR-101/ES;Norte;Colisão Traseira;1;0;0;1;0;0;0;0;;;2;0;2;0;0
08/07/2018;20:00:00;301;Acidente sem vítima;242;BR-101/ES;Norte;Veículo em Chamas;0;0;0;0;0;0;0;2;;;1;0;0;0;0
09/07/2018;06:14:00;82;Acidente com vítima;266;BR-101/ES;Norte;Colisão Lateral;0;1;0;1;0;0;0;0;;;1;0;1;0;0
09/07/2018;07:19:00;96;Acidente com vítima;151;BR-101/ES;Norte;Queda de Moto;0;0;0;1;0;0;0;0;;;0;1;1;0;0
09/07/2018;08:05:00;112;Acidente sem vítima;269,6;BR-101/ES;Sul;Colisão Traseira;2;0;0;0;0;0;0;0;;;1;0;0;0;0
09/07/2018;09:29:00;146;Acidente sem vítima;242;BR-101/ES;Norte;Colisão Traseira;2;0;0;0;0;0;0;0;;;2;0;0;0;0
09/07/2018;09:55:00;157;Acidente com vítima;300,8;BR-101/ES;Sul;Queda de Moto;0;0;0;1;0;0;0;0;;;0;0;1;0;0
09/07/2018;11:51:00;215;Acidente sem vítima;302;BR-101/ES;Norte;Colisão Traseira;2;0;0;0;0;0;0;0;;;5;0;0;0;0
09/07/2018;14:23:00;286;Acidente com vítima;263;BR-101/ES;Sul;Engavetamento;3;0;0;0;0;0;0;0;;;5;0;1;0;0
09/07/2018;15:48:00;310;Acidente sem vítima;147;BR-101/ES;Sul;Colisão Transversal;1;0;1;0;0;0;0;0;;;2;0;0;0;0
09/07/2018;18:53:00;369;Atropelamento sem morte;143;BR-101/ES;Norte;Atropelamento;1;0;0;0;0;0;0;0;;;1;0;1;0;0
09/07/2018;23:23:00;433;Acidente sem vítima;213;BR-101/ES;Norte;Saída de Pista;1;0;0;0;0;0;0;0;;;1;0;0;0;0
10/07/2018;06:08:00;74;Acidente sem vítima;176;BR-101/ES;Norte;Danos Eventuais;0;0;1;0;0;0;0;0;;;1;0;0;0;0
10/07/2018;14:49:00;277;Acidente sem vítima;78;BR-101/ES;Sul;Colisão Traseira;1;0;1;0;0;0;0;0;;;7;0;0;0;0
10/07/2018;15:18:00;291;Acidente sem vítima;270;BR-101/ES;Norte;Colisão Traseira;2;0;0;0;0;0;0;0;;;1;0;0;0;0