data;horario;n_da_ocorrencia;tipo_de_ocorrencia;km;trecho;sentido;tipo_de_acidente;automovel;bicicleta;caminhao;moto;onibus;outros;tracao_animal;transporte_de_cargas_especiais;trator_maquinas;utilitarios;ilesos;levemente_feridos;moderadamente_feridos;gravemente_feridos;mortos
21/01/2019;23:16:00;404;Acidente sem vítima;99,7;BR-101/ES;Sul;Saída de Pista;1;0;0;0;0;0;0;0;;;1;0;0;0;0
22/01/2019;10:33:00;161;Acidente sem vítima;270;BR-101/ES;Norte;Colisão Traseira;1;0;0;1;0;0;0;0;;;2;0;0;0;0
22/01/2019;10:44:00;164;Acidente com vítima;267;BR-101/ES;Sul;Colisão Traseira;1;0;0;1;0;0;0;0;;;4;1;0;0;0
22/01/2019;15:11:00;275;Acidente sem vítima;119;BR-101/ES;Sul;Colisão Lateral;2;0;0;0;0;0;0;0;;;2;0;0;0;0
22/01/2019;16:21:00;308;Acidente sem vítima;299,2;BR-101/ES;Norte;Colisão Traseira;1;0;1;0;0;0;0;0;;;10;0;0;0;0
22/01/2019;19:19:00;364;Acidente com vítima;268;BR-101/ES;Sul;Colisão Lateral;0;0;0;2;0;0;0;0;;;1;0;1;0;0
22/01/2019;23:30:00;432;Acidente sem vítima;269;BR-101/ES;Sul;Colisão Lateral;1;0;0;1;0;0;0;0;;;3;0;0;0;0
23/01/2019;05:28:00;61;Acidente sem vítima;176;BR-101/ES;Norte;Colisão Traseira;1;0;0;0;0;0;0;0;;;1;0;0;0;0
23/01/2019;05:37:00;66;Acidente com vítima;208;BR-101/ES;Norte;Saída de Pista;1;0;0;0;0;0;0;0;;;0;0;1;0;0
23/01/2019;07:59:00;98;Acidente sem vítima;270;BR-101/ES;Norte;Colisão Lateral;1;0;0;0;0;0;0;2;;;2;0;0;0;0
23/01/2019;09:22:00;151;Acidente com vítima;73;BR-101/ES;Norte;Colisão Traseira;1;0;0;1;0;0;0;0;;;2;0;2;0;0
23/01/2019;10:40:00;184;Acidente sem vítima;375;BR-101/ES;Sul;Veículo em Chamas;1;0;0;0;0;0;0;0;;;1;0;0;0;0
23/01/2019;14:49:00;285;Acidente sem vítima;270;BR-101/ES;Sul;Colisão Traseira;1;0;0;0;0;0;0;0;;;1;0;0;0;0
23/01/2019;17:58:00;348;Acidente com vítima;291;BR-101/ES;Norte;Colisão Lateral;1;0;0;0;0;1;0;0;;;1;1;0;0;0
23/01/2019;21:11:00;395;Acidente sem vítima;309;BR-101/ES;Norte;Saída de Pista;1;0;0;0;0;0;0;0;;;1;0;0;0;0
23/01/2019;21:22:00;397;Acidente com vítima;269;BR-101/ES;Sul;Colisão Transversal;1;0;0;1;0;0;0;0;;;1;0;1;0;0
23/01/2019;23:23:00;426;Acidente sem vítima;17;BR-101/ES;Sul;Atropelamento Animal;1;0;0;0;0;0;0;0;;;1;0;0;0;0
23/01/2019;23:39:00;431;Acidente com vítima;268;BR-101/ES;Norte;Colisão Traseira;1;0;0;1;0;0;0;0;;;1;0;1;0;0
24/01/2019;05:44:00;71;Acidente sem vítima;261,5;BR-101/ES;Sul;Colisão Traseira;1;0;0;0;0;0;0;0;;;1;0;0;0;0
24/01/2019;06:16:00;77;Acidente com vítima;266;BR-101/ES;Norte;Colisão Transversal;1;0;0;0;0;0;0;2;;;1;0;1;1;0
24/01/2019;06:52:00;78;Acidente com vítima;376,5;BR-101/ES;Sul;Colisão Traseira;1;0;0;1;0;0;0;0;;;1;0;1;0;0
24/01/2019;08:14:00;101;Acidente sem vítima;264;BR-101/ES;Sul;Engavetamento;5;0;0;0;0;0;0;0;;;9;0;0;0;0
24/01/2019;09:03:00;140;Acidente com vítima;143;BR-101/ES;Norte;Colisão Traseira;1;0;0;1;0;0;0;0;;;0;1;1;0;0
24/01/2019;10:10:00;184;Acidente com vítima;293;BR-101/ES;Sul;Choque com Veículo Estacionado;0;0;0;1;0;0;0;2;;;1;0;1;0;0
24/01/2019;11:04:00;209;Acidente sem vítima;188;BR-101/ES;Norte;Saída de Pista;1;0;0;0;0;0;0;0;;;1;0;0;0;0
24/01/2019;11:41:00;221;Acidente sem vítima;262;BR-101/ES;Norte;Capotamento;1;0;0;0;0;0;0;0;;;1;0;0;0;0
24/01/2019;12:11:00;235;Acidente sem vítima;269;BR-101/ES;Norte;Colisão Lateral;1;0;0;0;0;0;0;2;;;2;0;0;0;0
24/01/2019;13:54:00;288;Acidente com vítima;223;BR-101/ES;Sul;Queda de Moto;0;0;0;1;0;0;0;0;;;0;2;0;0;0
24/01/2019;14:49:00;308;Acidente sem vítima;288;BR-101/ES;Norte;Veículo em Chamas;1;0;0;0;0;0;0;0;;;2;0;0;0;0
24/01/2019;15:59:00;330;Acidente sem vítima;265;BR-101/ES;Norte;Tombamento;0;0;1;0;0;0;0;0;;;1;0;0;0;0
24/01/2019;16:57:00;350;Acidente com vítima;220;BR-101/ES;Sul;Queda de Moto;0;0;0;1;0;0;0;0;;;0;0;1;0;0
24/01/2019;17:41:00;369;Acidente sem vítima;215;BR-101/ES;Norte;Colisão Lateral;1;0;0;0;0;0;0;2;;;4;0;0;0;0
24/01/2019;17:43:00;370;Acidente sem vítima;282;BR-101/ES;Norte;Engavetamento;3;0;0;0;0;0;0;0;;;8;0;0;0;0
25/01/2019;01:48:00;38;Acidente com vítima;156;BR-101/ES;Norte;Saída de Pista;1;0;0;0;0;0;0;0;;;1;1;1;0;0
25/01/2019;06:38:00;91;Acidente com vítima;321;BR-101/ES;Sul;Colisão Lateral;1;0;0;1;0;0;0;0;;;1;0;1;0;0
25/01/2019;10:13:00;165;Acidente sem vítima;269;BR-101/ES;Norte;Colisão Traseira;1;0;1;0;0;0;0;0;;;2;0;0;0;0
25/01/2019;11:07:00;193;Acidente com vítima;287;BR-101/ES;Sul;Colisão Traseira;1;0;0;0;0;0;0;3;;;1;0;1;0;0
25/01/2019;12:33:00;234;Acidente com vítima;14,5;BR-101/ES;Sul;Tombamento;0;0;0;0;0;0;0;2;;;0;1;0;0;0
25/01/2019;13:40:00;263;Acidente sem vítima;366,3;BR-101/ES;Sul;Colisão Transversal;2;0;0;0;0;0;0;0;;;4;0;0;0;0
25/01/2019;15:12:00;301;Acidente com vítima;145;BR-101/ES;Sul;Colisão com ciclista;1;1;0;0;0;0;0;0;;;2;0;1;0;0
25/01/2019;15:43:00;310;Acidente com vítima;146;BR-101/ES;Sul;Colisão com ciclista;0;1;0;1;0;0;0;0;;;0;1;1;0;0
25/01/2019;16:44:00;333;Acidente com vítima;298;BR-101/ES;Sul;Colisão Traseira;1;0;0;0;1;0;0;0;;;2;1;1;0;0
25/01/2019;16:48:00;336;Acidente sem vítima;252;BR-101/ES;Sul;Colisão Traseira;2;0;0;0;0;0;0;0;;;2;0;0;0;0
25/01/2019;18:11:00;373;Acidente com vítima;293;BR-101/ES;Norte;Colisão com ciclista;1;1;0;0;0;0;0;0;;;1;0;1;0;0
25/01/2019;18:41:00;379;Acidente com vítima;261;BR-101/ES;Sul;Colisão Traseira;2;0;1;0;0;0;0;0;;;4;1;0;0;0
25/01/2019;19:11:00;386;Acidente sem vítima;266;BR-101/ES;Norte;Engavetamento;4;0;0;0;0;0;0;0;;;4;0;0;0;0
25/01/2019;20:01:00;397;Acidente com vítima;241;BR-101/ES;Norte;Colisão Lateral;3;0;1;0;0;0;0;0;;;4;3;2;0;0
25/01/2019;20:16:00;402;Acidente sem vítima;215;BR-101/ES;Norte;Colisão Traseira;2;0;0;0;0;0;0;0;;;2;0;0;0;0
25/01/2019;23:33:00;455;Acidente sem vítima;224;BR-101/ES;Sul;Colisão Lateral;2;0;0;0;0;0;0;0;;;2;0;0;0;0
26/01/2019;10:46:00;170;Acidente sem vítima;262;BR-101/ES;Norte;Colisão Traseira;2;0;0;0;0;0;0;0;;;2;0;0;0;0
26/01/2019;11:15:00;177;Acidente sem vítima;388;BR-101/ES;Norte;Saída de Pista;0;0;1;0;0;0;0;0;;;1;0;0;0;0
26/01/2019;14:00:00;248;Acidente sem vítima;305;BR-101/ES;Sul;Colisão Transversal;1;0;1;0;0;0;0;1;;;3;0;0;0;0
26/01/2019;18:36:00;344;Atropelamento sem morte;8;BR-101/ES;Norte;Atropelamento e Fuga;1;0;0;0;0;0;0;0;;;2;0;1;0;0
26/01/2019;18:46:00;348;Acidente sem vítima;271;BR-101/ES;Norte;Choque com Objeto Fixo;1;0;0;0;0;0;0;0;;;1;0;0;0;0
27/01/2019;00:04:00;2;Acidente sem vítima;451;BR-101/ES;Norte;Choque com Objeto Fixo;1;0;0;0;0;0;0;0;;;2;0;0;0;0
27/01/2019;03:57:00;60;Acidente sem vítima;17,5;BR-101/ES;Norte;Saída de Pista;1;0;0;0;0;0;0;0;;;4;0;0;0;0
27/01/2019;07:48:00;91;Acidente sem vítima;318;BR-101/ES;Sul;Saída de Pista;0;0;1;0;0;0;0;0;;;1;0;0;0;0
27/01/2019;07:51:00;93;Acidente sem vítima;267;BR-101/ES;Sul;Colisão Traseira;1;0;0;0;0;0;0;2;;;2;0;0;0;0
27/01/2019;08:54:00;114;Acidente com vítima;277;BR-101/ES;Sul;Colisão Lateral;1;0;0;1;0;0;0;0;;;3;1;1;0;0
27/01/2019;09:37:00;125;Acidente com vítima;260;BR-101/ES;Norte;Queda de Moto;0;0;0;1;0;0;0;0;;;0;0;2;0;0
27/01/2019;09:38:00;126;Acidente sem vítima;144;BR-101/ES;Norte;Colisão Lateral;0;0;0;2;0;0;0;0;;;2;0;0;0;0
27/01/2019;12:13:00;182;Acidente sem vítima;337;BR-101/ES;Sul;Choque com Objeto Fixo;1;0;0;0;0;0;0;0;;;1;0;0;0;0
27/01/2019;12:35:00;192;Acidente sem vítima;448;BR-101/ES;Norte;Saída de Pista;1;0;0;0;0;0;0;0;;;1;0;0;0;0
27/01/2019;12:48:00;195;Acidente sem vítima;448;BR-101/ES;Norte;Choque com Objeto Fixo;1;0;0;0;0;0;0;0;;;1;0;0;0;0
27/01/2019;19:27:00;307;Acidente sem vítima;242,5;BR-101/ES;Norte;Engavetamento;3;0;0;0;0;0;0;0;;;6;0;0;0;0
27/01/2019;20:01:00;320;Acidente sem vítima;243;BR-101/ES;Norte;Colisão Traseira;2;0;0;0;0;0;0;0;;;5;0;0;0;0
27/01/2019;22:29:00;360;Acidente com vítima;79;BR-101/ES;Norte;Queda de Moto;0;0;0;1;0;0;0;0;;;0;0;1;0;0
28/01/2019;05:34:00;69;Acidente sem vítima;244;BR-101/ES;Sul;Colisão Lateral;1;0;0;0;1;0;0;0;;;5;0;0;0;0
28/01/2019;08:30:00;148;Acidente com vítima;285;BR-101/ES;Sul;Queda de Moto;0;0;0;1;0;0;0;0;;;0;0;1;0;0
28/01/2019;08:40:00;151;Acidente sem vítima;273;BR-101/ES;Norte;Queda de Moto;0;0;0;1;0;0;0;0;;;1;0;0;0;0
28/01/2019;09:03:00;159;Acidente sem vítima;101;BR-101/ES;Norte;Colisão Transversal;2;0;0;0;0;0;0;0;;;2;0;0;0;0
28/01/2019;10:32:00;193;Acidente sem vítima;305;BR-101/ES;Sul;Colisão Lateral;1;0;0;0;0;0;0;0;;;1;0;0;0;0
28/01/2019;11:02:00;209;Acidente com vítima;384;BR-101/ES;Norte;Capotamento;0;0;1;0;0;0;0;1;;;0;2;0;0;0
28/01/2019;11:37:00;220;Acidente com vítima;60,8;BR-101/ES;Norte;Queda de Moto;0;0;0;1;0;0;0;0;;;0;1;1;0;0
28/01/2019;13:58:00;283;Acidente sem vítima;300,8;BR-101/ES;Sul;Colisão Traseira;1;0;0;0;0;0;0;0;;;1;0;0;0;0
28/01/2019;14:12:00;285;Acidente sem vítima;264;BR-101/ES;Sul;Colisão Lateral;0;0;1;0;1;0;0;0;;;3;0;0;0;0
28/01/2019;14:18:00;290;Acidente com vítima;255;BR-101/ES;Sul;Colisão com ciclista;0;1;0;0;0;0;0;0;;;0;0;0;1;0
28/01/2019;15:17:00;306;Acidente sem vítima;255;BR-101/ES;Sul;Colisão Traseira;2;0;0;0;0;0;0;0;;;2;0;0;0;0
28/01/2019;15:26:00;310;Acidente sem vítima;267;BR-101/ES;Norte;Colisão Lateral;1;0;0;0;0;0;0;1;;;3;0;0;0;0
29/01/2019;07:34:00;80;Acidente sem vítima;262;BR-101/ES;Sul;Colisão Traseira;1;0;0;0;0;0;0;0;;;3;0;0;0;0
29/01/2019;07:36:00;81;Acidente com vítima;290;BR-101/ES;Norte;Atropelamento Animal;0;0;0;1;0;0;0;0;;;0;1;0;0;0
29/01/2019;12:33:00;197;Acidente com vítima;294;BR-101/ES;Norte;Colisão com ciclista;1;1;0;0;0;0;0;0;;;2;0;1;0;0
29/01/2019;13:33:00;223;Atropelamento sem morte;292;BR-101/ES;Norte;Atropelamento;0;0;0;0;1;0;0;0;;;2;0;1;0;0
29/01/2019;16:00:00;278;Acidente sem vítima;316;BR-101/ES;Norte;Colisão Traseira;1;0;0;0;0;0;0;2;;;6;0;0;0;0
29/01/2019;16:36:00;291;Acidente sem vítima;265,8;BR-101/ES;Norte;Colisão Traseira;1;0;0;0;0;0;0;0;;;1;0;0;0;0
29/01/2019;17:17:00;311;Acidente com vítima;270;BR-101/ES;Sul;Colisão Lateral;0;0;0;2;0;0;0;0;;;0;2;0;0;0
29/01/2019;18:51:00;335;Acidente sem vítima;262,4;BR-101/ES;Norte;Colisão Traseira;1;0;1;0;1;0;0;0;;;6;0;0;0;0
29/01/2019;19:13:00;341;Acidente sem vítima;135;BR-101/ES;Norte;Atropelamento Animal;1;0;0;0;0;0;0;0;;;1;0;0;0;0
29/01/2019;19:17:00;342;Acidente com vítima;145;BR-101/ES;Norte;Queda de Moto;0;0;0;1;0;0;0;0;;;0;2;0;0;0
29/01/2019;20:06:00;356;Acidente com vítima;96;BR-101/ES;Sul;Colisão Traseira;1;0;0;1;0;0;0;0;;;1;0;0;1;0
29/01/2019;22:05:00;381;Acidente sem vítima;269;BR-101/ES;Norte;Colisão Traseira;1;0;0;0;0;0;0;0;;;1;0;0;0;0
30/01/2019;07:11:00;93;Acidente com vítima;305;BR-101/ES;Sul;Colisão Lateral;1;0;0;1;0;0;0;0;;;1;1;0;0;0
30/01/2019;12:43:00;226;Acidente sem vítima;214;BR-101/ES;Norte;Colisão Transversal;1;0;0;0;0;0;0;2;;;3;0;0;0;0
30/01/2019;16:57:00;314;Acidente com vítima;288;BR-101/ES;Sul;Colisão com ciclista;0;1;0;0;1;0;0;0;;;2;0;1;0;0
30/01/2019;17:02:00;316;Acidente com vítima;204;BR-101/ES;Sul;Colisão Frontal;2;0;0;0;0;0;0;0;;;1;0;1;0;0
30/01/2019;17:05:00;317;Acidente sem vítima;265;BR-101/ES;Norte;Engavetamento;3;0;0;0;0;0;0;0;;;3;0;0;0;0
30/01/2019;17:16:00;322;Acidente com vítima;266;BR-101/ES;Sul;Colisão Transversal;0;0;0;1;0;0;0;2;;;1;1;1;0;0
30/01/2019;18:12:00;338;Acidente com vítima;266;BR-101/ES;Sul;Colisão Traseira;0;0;1;1;0;0;0;0;;;1;0;1;0;0
30/01/2019;19:08:00;347;Acidente com vítima;249;BR-101/ES;Norte;Queda de Moto;0;0;0;1;0;0;0;0;;;0;0;0;1;0
30/01/2019;20:41:00;366;Acidente sem vítima;379;BR-101/ES;Sul;Colisão Lateral;1;0;0;0;0;0;0;2;;;2;0;0;0;0
30/01/2019;21:43:00;384;Acidente com vítima;143;BR-101/ES;Norte;Colisão Traseira;0;1;0;1;0;0;0;0;;;1;1;0;0;0
31/01/2019;00:06:00;2;Acidente com vítima;259;BR-101/ES;Sul;Colisão Traseira;2;0;0;0;0;0;0;0;;;2;1;1;0;0
31/01/2019;04:55:00;64;Acidente sem vítima;188;BR-101/ES;Sul;Choque com Objeto Fixo;0;0;1;0;0;0;0;0;;;1;0;0;0;0
31/01/2019;07:29:00;134;Acidente sem vítima;290;BR-101/ES;Norte;Colisão Lateral;1;0;0;0;0;0;0;0;;;2;0;0;0;0
31/01/2019;07:35:00;140;Acidente sem vítima;146;BR-101/ES;Sul;Engavetamento;4;0;0;0;0;0;0;0;;;4;0;0;0;0
31/01/2019;07:45:00;147;Acidente com vítima;260;BR-101/ES;Norte;Colisão Transversal;3;0;0;1;0;0;0;0;;;2;0;3;1;0
31/01/2019;08:07:00;151;Acidente sem vítima;305;BR-101/ES;Norte;Colisão Lateral;1;0;0;0;0;0;0;1;;;2;0;0;0;0
31/01/2019;09:22:00;187;Acidente sem vítima;185;BR-101/ES;Norte;Capotamento;1;0;0;0;0;0;0;0;;;1;0;0;0;0
31/01/2019;11:33:00;242;Acidente sem vítima;458;BR-101/ES;Norte;Colisão Traseira;1;0;0;0;0;0;0;2;;;4;0;0;0;0
31/01/2019;11:43:00;247;Acidente sem vítima;132;BR-101/ES;Norte;Saída de Pista;2;0;0;0;0;0;0;0;;;3;0;0;0;0
31/01/2019;11:55:00;254;Acidente sem vítima;377;BR-101/ES;Sul;Colisão Lateral;1;0;0;0;0;0;0;2;;;2;0;0;0;0
31/01/2019;12:26:00;268;Acidente com vítima;43;BR-101/ES;Norte;Saída de Pista;1;0;0;0;0;0;0;0;;;0;1;0;0;0
31/01/2019;13:38:00;301;Acidente com vítima;305;BR-101/ES;Sul;Colisão Transversal;1;0;0;0;0;0;0;2;;;1;0;1;0;0
31/01/2019;15:24:00;330;Acidente sem vítima;266;BR-101/ES;Norte;Colisão Traseira;0;0;0;1;0;0;0;1;;;2;0;0;0;0
31/01/2019;15:27:00;332;Acidente sem vítima;106;BR-101/ES;Norte;Colisão Frontal;2;0;0;0;0;0;0;0;;;8;0;0;0;0
31/01/2019;17:23:00;367;Acidente sem vítima;268;BR-101/ES;Norte;Colisão Traseira;1;0;0;1;0;0;0;0;;;2;0;0;0;0
31/01/2019;19:21:00;393;Acidente com morte;137,6;BR-101/ES;Sul;Colisão com ciclista;1;1;0;0;0;0;0;0;;;0;1;0;0;1
31/01/2019;21:40:00;426;Acidente sem vítima;305;BR-101/ES;Sul;Colisão Transversal;1;0;0;0;0;0;0;2;;;3;0;0;0;0
01/03/2019;03:35:00;53;Acidente sem vítima;339;BR-101/ES;Norte;Choque com Objeto Fixo;1;0;0;0;0;0;0;0;;;2;0;0;0;0
01/03/2019;04:12:00;63;Acidente sem vítima;417;BR-101/ES;Norte;Atropelamento de Equino;1;0;1;0;0;0;0;0;;;4;0;0;0;0
01/03/2019;05:53:00;81;Acidente sem vítima;384;BR-101/ES;Sul;Saída de Pista;0;0;0;0;0;0;0;2;;;1;0;0;0;0
01/03/2019;08:44:00;164;Acidente sem vítima;316;BR-101/ES;Sul;Choque com Objeto Fixo;1;0;0;0;0;0;0;0;;;3;0;0;0;0
01/03/2019;09:54:00;190;Acidente com vítima;131;BR-101/ES;Sul;Queda de Moto;0;0;0;1;0;0;0;0;;;0;1;0;0;0
01/03/2019;10:29:00;202;Acidente sem vítima;57;BR-101/ES;Sul;Colisão Traseira;1;0;0;0;0;0;0;0;;;1;0;0;0;0
01/03/2019;11:17:00;238;Acidente sem vítima;293;BR-101/ES;Norte;Colisão Transversal;1;0;1;0;0;0;0;0;;;2;0;0;0;0
01/03/2019;12:01:00;254;Acidente com vítima;414;BR-101/ES;Sul;Colisão Traseira;3;0;0;0;0;0;0;0;;;7;3;0;0;0
01/03/2019;12:26:00;262;Acidente sem vítima;264;BR-101/ES;Norte;Colisão Transversal;2;0;0;0;0;0;0;0;;;4;0;0;0;0
01/03/2019;13:58:00;325;Acidente sem vítima;147;BR-101/ES;Norte;Colisão Traseira;2;0;0;0;0;0;0;0;;;2;0;0;0;0
01/03/2019;14:29:00;342;Acidente com vítima;147;BR-101/ES;Norte;Colisão Traseira;0;0;0;2;0;0;0;0;;;0;2;0;0;0
01/03/2019;15:50:00;385;Acidente com vítima;67;BR-101/ES;Norte;Colisão Transversal;1;0;0;1;0;0;0;0;;;2;0;1;0;0
01/03/2019;17:29:00;430;Acidente sem vítima;294;BR-101/ES;Sul;Colisão Traseira;2;0;0;0;0;0;0;0;;;2;0;0;0;0
01/03/2019;18:15:00;452;Acidente sem vítima;127;BR-101/ES;Sul;Colisão Traseira;2;0;0;0;0;0;0;0;;;7;0;0;0;0
01/03/2019;20:35:00;498;Acidente com morte;402;BR-101/ES;Sul;Tombamento;0;0;1;0;0;0;0;0;;;0;2;0;0;1
01/03/2019;20:35:00;499;Acidente com vítima;160;BR-101/ES;Sul;Colisão Traseira;1;0;0;1;0;0;0;0;;;0;0;1;0;0
01/03/2019;20:52:00;505;Acidente sem vítima;171;BR-101/ES;Norte;Saída de Pista;1;0;0;0;0;0;0;0;;;2;0;0;0;0
01/03/2019;21:29:00;520;Acidente sem vítima;425;BR-101/ES;Norte;Colisão Lateral;1;0;1;0;0;0;0;1;;;3;0;0;0;0
02/03/2019;00:09:00;3;Acidente sem vítima;73;BR-101/ES;Sul;Colisão Lateral;2;0;0;0;0;0;0;0;;;3;0;0;0;0
02/03/2019;00:22:00;8;Acidente sem vítima;73;BR-101/ES;Norte;Colisão Traseira;3;0;0;0;0;0;0;0;;;6;0;0;0;0
02/03/2019;02:55:00;46;Acidente sem vítima;294;BR-101/ES;Sul;Saída de Pista;1;0;0;0;0;0;0;0;;;1;0;0;0;0
02/03/2019;04:15:00;62;Acidente sem vítima;255;BR-101/ES;Norte;Saída de Pista;1;0;0;0;0;0;0;0;;;1;0;0;0;0
02/03/2019;06:46:00;101;Acidente sem vítima;165;BR-101/ES;Norte;Atropelamento Animal;1;0;0;0;0;0;0;0;;;1;0;0;0;0
02/03/2019;08:31:00;151;Acidente com vítima;394;BR-101/ES;Sul;Saída de Pista;1;0;0;0;0;0;0;0;;;3;2;0;0;0
02/03/2019;10:27:00;212;Acidente com vítima;244;BR-101/ES;Sul;Colisão Traseira;1;0;0;1;0;0;0;0;;;2;0;1;0;0
02/03/2019;11:28:00;238;Acidente sem vítima;117;BR-101/ES;Norte;Colisão Traseira;2;0;0;0;0;0;0;0;;;2;0;0;0;0
02/03/2019;12:00:00;257;Acidente com vítima;29,8;BR-101/ES;Norte;Capotamento;2;0;0;0;0;0;0;0;;;1;2;2;0;0
02/03/2019;12:33:00;270;Acidente sem vítima;298;BR-101/ES;Norte;Colisão Traseira;1;0;0;0;0;0;0;2;;;2;0;0;0;0
02/03/2019;12:46:00;274;Acidente com vítima;97;BR-101/ES;Norte;Saída de Pista;1;0;1;0;0;0;0;0;;;6;0;1;0;0
02/03/2019;14:39:00;316;Acidente sem vítima;247;BR-101/ES;Sul;Saída de Pista;1;0;0;0;0;0;0;0;;;1;0;0;0;0
02/03/2019;15:53:00;340;Acidente sem vítima;320;BR-101/ES;Sul;Colisão Traseira;1;0;0;0;0;0;0;2;;;3;0;0;0;0
02/03/2019;16:16:00;350;Acidente sem vítima;266;BR-101/ES;Norte;Veículo em Chamas;1;0;0;0;0;0;0;0;;;1;0;0;0;0
02/03/2019;16:38:00;356;Acidente sem vítima;236,5;BR-101/ES;Sul;Queda de Moto;0;0;0;1;0;0;0;0;;;2;0;0;0;0
02/03/2019;17:08:00;376;Acidente com vítima;97;BR-101/ES;Norte;Queda de Moto;0;0;0;1;0;0;0;0;;;0;0;1;0;0
02/03/2019;18:32:00;407;Acidente com vítima;231;BR-101/ES;Sul;Colisão Transversal;2;0;0;0;0;0;0;0;;;1;1;2;0;0
02/03/2019;18:37:00;408;Atropelamento sem morte;94;BR-101/ES;Sul;Atropelamento e Fuga;1;0;0;0;0;0;0;0;;;0;0;1;0;0
02/03/2019;20:16:00;434;Acidente com vítima;370;BR-101/ES;Sul;Colisão Lateral;3;0;0;0;0;0;0;0;;;4;1;0;0;0
02/03/2019;22:22:00;461;Acidente sem vítima;435;BR-101/ES;Norte;Queda de Moto;0;0;0;1;0;0;0;0;;;1;0;0;0;0
03/03/2019;02:51:00;44;Atropelamento com morte;100,2;BR-101/ES;Norte;Atropelamento;1;0;0;0;0;0;0;0;;;4;0;0;0;1
03/03/2019;04:40:00;57;Acidente com vítima;84;BR-101/ES;Sul;Queda de Moto;0;0;0;1;0;0;0;0;;;0;0;1;0;0
03/03/2019;05:18:00;65;Acidente com vítima;44,8;BR-101/ES;Sul;Colisão Traseira;2;0;0;0;0;0;0;0;;;4;1;0;0;0
03/03/2019;06:48:00;73;Acidente sem vítima;392;BR-101/ES;Sul;Choque com Objeto Fixo;1;0;0;0;0;0;0;0;;;1;0;0;0;0
03/03/2019;07:51:00;83;Acidente sem vítima;323;BR-101/ES;Sul;Saída de Pista;1;0;0;0;0;0;0;0;;;2;0;0;0;0
03/03/2019;08:17:00;92;Acidente sem vítima;254;BR-101/ES;Sul;Saída de Pista;1;0;0;0;0;0;0;0;;;1;0;0;0;0
03/03/2019;08:37:00;97;Acidente com vítima;109;BR-101/ES;Norte;Colisão Lateral;0;0;0;1;0;0;0;1;;;1;1;0;0;0
03/03/2019;13:46:00;191;Acidente sem vítima;189;BR-101/ES;Norte;Choque com Objeto Fixo;1;0;0;0;0;0;0;0;;;1;0;0;0;0
03/03/2019;16:09:00;228;Acidente com vítima;222;BR-101/ES;Norte;Queda de Moto;0;0;0;1;0;0;0;0;;;0;0;1;0;0
03/03/2019;17:54:00;253;Acidente com vítima;361;BR-101/ES;Norte;Queda de Moto;0;0;0;1;0;0;0;0;;;0;2;0;0;0
03/03/2019;19:03:00;265;Acidente com morte;101;BR-101/ES;Sul;Colisão Transversal;1;0;0;1;0;0;0;0;;;2;0;0;0;1
03/03/2019;20:34:00;286;Atropelamento sem morte;265;BR-101/ES;Norte;Atropelamento;1;0;0;0;0;0;0;0;;;1;0;1;0;0
04/03/2019;09:20:00;139;Acidente sem vítima;124;BR-101/ES;Sul;Colisão Traseira;2;0;0;0;0;0;0;0;;;4;0;0;0;0
04/03/2019;09:37:00;142;Acidente sem vítima;321;BR-101/ES;Sul;Colisão Transversal;2;0;0;0;0;0;0;0;;;5;0;0;0;0
04/03/2019;13:37:00;228;Acidente sem vítima;305;BR-101/ES;Norte;Colisão Transversal;1;0;0;0;0;0;0;1;;;2;0;0;0;0
04/03/2019;14:17:00;241;Acidente com vítima;293;BR-101/ES;Sul;Engavetamento;2;0;0;1;0;0;0;0;;;2;0;1;0;0
04/03/2019;22:32:00;356;Acidente com vítima;264;BR-101/ES;Norte;Colisão com ciclista;0;1;0;1;0;0;0;0;;;0;1;1;0;0
05/03/2019;00:18:00;2;Acidente com vítima;92;BR-101/ES;Sul;Atropelamento Animal;1;0;0;0;0;0;0;0;;;1;3;0;0;0
05/03/2019;08:00:00;93;Acidente sem vítima;281,1;BR-101/ES;Sul;Veículo em Chamas;0;0;1;0;0;0;0;0;;;1;0;0;0;0
05/03/2019;09:16:00;121;Acidente sem vítima;270;BR-101/ES;Sul;Colisão Lateral;2;0;0;0;0;0;0;0;;;2;0;0;0;0
05/03/2019;11:57:00;199;Acidente sem vítima;294;BR-101/ES;Sul;Choque com Objeto Fixo;1;0;0;0;0;0;0;0;;;2;0;0;0;0
05/03/2019;12:15:00;205;Acidente sem vítima;125;BR-101/ES;Sul;Colisão Traseira;2;0;0;0;0;0;0;0;;;9;0;0;0;0
05/03/2019;14:36:00;270;Acidente sem vítima;436;BR-101/ES;Sul;Saída de Pista;1;0;0;0;0;0;0;0;;;2;0;0;0;0
05/03/2019;16:33:00;309;Acidente com vítima;179;BR-101/ES;Sul;Saída de Pista;1;0;0;0;0;0;0;0;;;0;3;2;0;0
05/03/2019;22:04:00;390;Acidente sem vítima;29;BR-101/ES;Sul;Colisão Transversal;2;0;0;0;0;0;0;0;;;2;0;0;0;0
06/03/2019;08:04:00;100;Acidente sem vítima;429;BR-101/ES;Sul;Engavetamento;3;0;0;0;0;0;0;0;;;9;0;0;0;0
06/03/2019;08:51:00;113;Acidente com vítima;408;BR-101/ES;Norte;Queda de Moto;0;0;0;1;0;0;0;0;;;1;1;0;0;0