data;horario;n_da_ocorrencia;tipo_de_ocorrencia;km;trecho;sentido;tipo_de_acidente;automovel;bicicleta;caminhao;moto;onibus;outros;tracao_animal;transporte_de_cargas_especiais;trator_maquinas;utilitarios;ilesos;levemente_feridos;moderadamente_feridos;gravemente_feridos;mortos
06/03/2019;09:00:00;115;Acidente sem vítima;418;BR-101/ES;Sul;Colisão Traseira;2;0;0;0;0;0;0;0;;;4;0;0;0;0
06/03/2019;11:55:00;220;Acidente sem vítima;123;BR-101/ES;Sul;Colisão Traseira;1;0;0;0;0;0;0;0;;;7;0;0;0;0
06/03/2019;12:54:00;250;Acidente com vítima;144;BR-101/ES;Sul;Colisão Traseira;0;0;0;2;0;0;0;0;;;0;3;0;0;0
06/03/2019;14:43:00;298;Acidente sem vítima;110;BR-101/ES;Sul;Colisão Traseira;0;0;1;0;1;0;0;0;;;20;0;0;0;0
06/03/2019;17:49:00;368;Acidente sem vítima;247;BR-101/ES;Sul;Colisão Traseira;2;0;0;0;0;0;0;0;;;6;0;0;0;0
06/03/2019;20:19:00;405;Acidente sem vítima;85;BR-101/ES;Sul;Colisão Traseira;2;0;0;0;0;0;0;0;;;7;0;0;0;0
07/03/2019;06:02:00;65;Acidente sem vítima;0,8;BR-101/ES;Sul;Colisão Traseira;1;0;1;0;0;0;0;0;;;4;0;0;0;0
07/03/2019;07:03:00;87;Acidente sem vítima;159;BR-101/ES;Sul;Colisão Traseira;2;0;0;0;0;0;0;0;;;2;0;0;0;0
07/03/2019;09:03:00;135;Acidente sem vítima;239;BR-101/ES;Norte;Colisão Traseira;2;0;0;0;0;0;0;0;;;4;0;0;0;0
07/03/2019;18:54:00;343;Acidente com vítima;136;BR-101/ES;Norte;Colisão Traseira;0;0;0;2;0;0;0;0;;;0;2;1;0;0
08/03/2019;06:14:00;77;Acidente com vítima;145;BR-101/ES;Norte;Colisão Transversal;2;0;0;0;0;0;0;0;;;0;4;2;0;0
08/03/2019;11:17:00;202;Acidente sem vítima;315;BR-101/ES;Norte;Colisão Transversal;1;0;0;0;0;0;0;2;;;3;0;0;0;0
08/03/2019;13:18:00;247;Acidente com vítima;443,8;BR-101/ES;Sul;Colisão Transversal;1;0;0;0;0;0;0;1;;;1;0;0;1;0
08/03/2019;13:35:00;253;Acidente sem vítima;343;BR-101/ES;Norte;Colisão Lateral;0;0;1;0;0;0;0;3;;;2;0;0;0;0
08/03/2019;13:54:00;266;Acidente com vítima;68,4;BR-101/ES;Sul;Colisão com ciclista;1;1;0;0;0;0;0;0;;;1;0;1;0;0
08/03/2019;18:02:00;351;Acidente com vítima;145;BR-101/ES;Norte;Colisão Transversal;0;0;0;1;0;0;0;2;;;1;1;0;0;0
08/03/2019;18:44:00;359;Acidente sem vítima;85;BR-101/ES;Norte;Colisão Traseira;2;0;0;0;0;0;0;0;;;3;0;0;0;0
08/03/2019;20:31:00;389;Acidente com vítima;66;BR-101/ES;Sul;Colisão Traseira;1;0;0;1;0;0;0;0;;;1;1;0;0;0
08/03/2019;22:36:00;423;Acidente sem vítima;286;BR-101/ES;Sul;Choque com Objeto Fixo;1;0;0;0;0;0;0;0;;;1;0;0;0;0
08/03/2019;22:58:00;431;Acidente sem vítima;85;BR-101/ES;Norte;Engavetamento;3;0;0;0;0;0;0;0;;;3;0;0;0;0
09/03/2019;00:46:00;21;Acidente sem vítima;264;BR-101/ES;Sul;Colisão Transversal;1;0;0;0;0;0;0;0;;;1;0;0;0;0
09/03/2019;09:01:00;122;Acidente sem vítima;358;BR-101/ES;Sul;Queda de Moto;0;0;0;1;0;0;0;0;;;1;0;0;0;0
09/03/2019;12:12:00;191;Acidente com vítima;254;BR-101/ES;Norte;Queda de ciclista;0;1;0;0;0;0;0;0;;;0;1;0;0;0
09/03/2019;14:30:00;247;Acidente com morte;282,2;BR-101/ES;Norte;Choque com Objeto Fixo;0;0;0;1;0;0;0;0;;;0;0;0;0;1
09/03/2019;17:21:00;306;Acidente com vítima;305;BR-101/ES;Sul;Colisão Transversal;1;0;1;0;0;0;0;0;;;3;1;0;0;0
09/03/2019;19:52:00;334;Acidente com vítima;257;BR-101/ES;Sul;Colisão Lateral;1;0;0;1;0;0;0;0;;;1;1;0;0;0
10/03/2019;10:28:00;122;Acidente sem vítima;261;BR-101/ES;Norte;Colisão Traseira;2;0;0;0;0;0;0;0;;;2;0;0;0;0
10/03/2019;12:22:00;181;Acidente sem vítima;264;BR-101/ES;Norte;Colisão Traseira;2;0;0;0;0;0;0;0;;;2;0;0;0;0
10/03/2019;13:09:00;200;Acidente sem vítima;88;BR-101/ES;Sul;Colisão Traseira;2;0;0;0;0;0;0;0;;;4;0;0;0;0
10/03/2019;14:46:00;228;Acidente com morte;428;BR-101/ES;Sul;Colisão Lateral;0;0;0;1;0;0;0;2;;;1;0;0;0;2
10/03/2019;16:02:00;259;Acidente sem vítima;229;BR-101/ES;Sul;Colisão Traseira;2;0;0;0;0;0;0;0;;;6;0;0;0;0
10/03/2019;16:05:00;261;Acidente sem vítima;267;BR-101/ES;Sul;Colisão Traseira;0;0;0;1;0;0;0;0;;;1;0;0;0;0
10/03/2019;17:43:00;303;Acidente com vítima;163;BR-101/ES;Norte;Saída de Pista;1;0;0;0;0;0;0;0;;;0;1;0;0;0
10/03/2019;23:20:00;390;Acidente com vítima;269;BR-101/ES;Norte;Colisão Traseira;2;0;0;0;0;0;0;0;;;5;0;3;0;0
11/03/2019;03:26:00;46;Acidente sem vítima;74,5;BR-101/ES;Sul;Veículo em Chamas;1;0;0;0;0;0;0;0;;;1;0;0;0;0
11/03/2019;05:34:00;67;Acidente sem vítima;453;BR-101/ES;Norte;Choque com Objeto Fixo;1;0;0;0;0;0;0;0;;;1;0;0;0;0
11/03/2019;06:17:00;76;Acidente sem vítima;150;BR-101/ES;Norte;Colisão Traseira;2;0;0;0;0;0;0;0;;;3;0;0;0;0
11/03/2019;07:20:00;116;Acidente com vítima;395;BR-101/ES;Sul;Colisão Lateral;1;0;0;1;0;0;0;0;;;1;1;0;0;0
11/03/2019;07:22:00;118;Acidente sem vítima;305;BR-101/ES;Sul;Colisão Lateral;2;0;0;0;0;0;0;0;;;3;0;0;0;0
11/03/2019;08:22:00;138;Acidente com vítima;264;BR-101/ES;Norte;Colisão Lateral;1;0;0;1;0;0;0;0;;;2;0;1;0;0
11/03/2019;11:30:00;219;Acidente sem vítima;147,6;BR-101/ES;Sul;Colisão Traseira;1;0;0;0;0;0;0;0;;;1;0;0;0;0
11/03/2019;12:04:00;239;Acidente com vítima;266;BR-101/ES;Sul;Colisão com ciclista;0;1;0;2;0;0;0;0;;;0;0;3;0;0
11/03/2019;16:28:00;328;Acidente sem vítima;208;BR-101/ES;Sul;Choque com Objeto Fixo;1;0;0;0;0;0;0;0;;;1;0;0;0;0
11/03/2019;16:46:00;336;Acidente sem vítima;235;BR-101/ES;Norte;Saída de Pista;1;0;0;0;0;0;0;0;;;1;0;0;0;0
11/03/2019;17:50:00;363;Acidente com vítima;401;BR-101/ES;Norte;Colisão com ciclista;1;1;0;0;0;0;0;0;;;1;0;1;0;0
11/03/2019;19:35:00;384;Acidente com vítima;267,5;BR-101/ES;Norte;Colisão Lateral;1;0;1;0;0;0;0;0;;;2;1;0;0;0
11/03/2019;23:24:00;430;Acidente sem vítima;318;BR-101/ES;Sul;Queda de Moto;0;0;0;1;0;0;0;0;;;1;0;0;0;0
12/03/2019;06:59:00;78;Acidente sem vítima;270,5;BR-101/ES;Sul;Colisão Traseira;1;0;0;0;0;0;0;2;;;3;0;0;0;0
12/03/2019;08:36:00;131;Acidente com vítima;147;BR-101/ES;Sul;Colisão Transversal;1;0;0;0;0;0;0;2;;;2;0;1;0;0
12/03/2019;11:04:00;192;Acidente com vítima;339;BR-101/ES;Sul;Choque com Objeto Fixo;0;0;0;1;0;0;0;0;;;0;2;0;0;0
12/03/2019;13:00:00;254;Acidente sem vítima;210;BR-101/ES;Norte;Choque com Veículo Estacionado;1;0;0;0;0;0;0;1;;;2;0;0;0;0
12/03/2019;16:44:00;343;Acidente sem vítima;67,8;BR-101/ES;Sul;Colisão Lateral;1;0;0;0;0;0;0;0;;;4;0;0;0;0
12/03/2019;18:42:00;375;Acidente sem vítima;204;BR-101/ES;Norte;Colisão Lateral;2;0;0;0;0;0;0;0;;;3;0;0;0;0
12/03/2019;19:07:00;378;Acidente sem vítima;64;BR-101/ES;Norte;Veículo em Chamas;1;0;0;0;0;0;0;0;;;1;0;0;0;0
12/03/2019;20:21:00;399;Acidente com vítima;270;BR-101/ES;Norte;Queda de Moto;0;0;0;1;0;0;0;0;;;0;0;1;0;0
12/03/2019;20:28:00;400;Acidente com vítima;270;BR-101/ES;Sul;Queda de Moto;0;0;0;1;0;0;0;0;;;0;1;0;0;0
12/03/2019;21:03:00;409;Acidente com vítima;332,2;BR-101/ES;Sul;Saída de Pista;0;0;0;0;0;0;0;2;;;0;0;0;1;0
13/03/2019;06:42:00;80;Acidente sem vítima;296;BR-101/ES;Sul;Capotamento;1;0;0;0;0;0;0;0;;;1;0;0;0;0
13/03/2019;06:46:00;81;Acidente sem vítima;318;BR-101/ES;Norte;Colisão Lateral;1;0;0;0;0;0;0;2;;;2;0;0;0;0
13/03/2019;08:35:00;144;Acidente com vítima;45,9;BR-101/ES;Sul;Colisão Traseira;3;0;0;1;0;0;0;0;;;5;0;1;0;0
13/03/2019;09:12:00;157;Acidente com vítima;163;BR-101/ES;Norte;Queda de Moto;0;0;0;1;0;0;0;0;;;0;2;0;0;0
13/03/2019;09:24:00;161;Acidente com vítima;263;BR-101/ES;Norte;Colisão Lateral;1;0;0;0;0;0;0;2;;;1;0;6;0;0
13/03/2019;14:07:00;278;Acidente com vítima;286;BR-101/ES;Norte;Queda de Moto;0;0;0;1;0;0;0;0;;;0;0;1;0;0
13/03/2019;14:56:00;295;Acidente sem vítima;344;BR-101/ES;Sul;Colisão Traseira;1;0;0;0;0;0;0;0;;;1;0;0;0;0
13/03/2019;15:25:00;301;Acidente sem vítima;249;BR-101/ES;Sul;Veículo em Chamas;1;0;0;0;0;0;0;0;;;1;0;0;0;0
13/03/2019;15:52:00;311;Acidente sem vítima;419;BR-101/ES;Norte;Choque;0;0;1;0;0;0;0;2;;;4;0;0;0;0
13/03/2019;16:56:00;330;Acidente com vítima;174;BR-101/ES;Sul;Colisão Lateral;1;0;0;0;0;0;0;2;;;1;1;0;0;0
13/03/2019;18:00:00;353;Acidente com vítima;150;BR-101/ES;Sul;Queda de Moto;0;0;0;1;0;0;0;0;;;0;0;1;0;0
13/03/2019;18:53:00;363;Acidente com vítima;268;BR-101/ES;Norte;Engavetamento;2;0;0;1;0;0;0;0;;;3;0;1;0;0
14/03/2019;00:23:00;5;Acidente sem vítima;441;BR-101/ES;Sul;Choque;1;0;0;0;0;0;0;0;;;1;0;0;0;0
14/03/2019;00:26:00;6;Acidente sem vítima;103;BR-101/ES;Sul;Danos Eventuais;0;0;0;0;0;1;0;0;;;1;0;0;0;0
14/03/2019;06:54:00;91;Acidente sem vítima;272;BR-101/ES;Sul;Colisão Traseira;1;0;0;0;1;0;0;0;;;2;0;0;0;0
14/03/2019;07:16:00;100;Acidente com vítima;269,7;BR-101/ES;Sul;Colisão Lateral;2;0;0;1;0;0;0;0;;;5;1;0;0;0
14/03/2019;08:06:00;141;Acidente com vítima;65;BR-101/ES;Sul;Saída de Pista;1;0;0;0;0;0;0;0;;;0;1;0;0;0
14/03/2019;08:07:00;143;Acidente sem vítima;265;BR-101/ES;Norte;Colisão Lateral;1;0;1;0;0;0;0;0;;;1;0;0;0;0
14/03/2019;09:54:00;180;Acidente sem vítima;213;BR-101/ES;Norte;Colisão Traseira;2;0;1;0;0;0;0;0;;;4;0;0;0;0
14/03/2019;10:12:00;188;Acidente sem vítima;298;BR-101/ES;Sul;Engavetamento;2;0;0;1;0;0;0;0;;;3;0;0;0;0
14/03/2019;10:16:00;192;Acidente sem vítima;137;BR-101/ES;Sul;Saída de Pista;1;0;0;0;0;0;0;0;;;1;0;0;0;0
14/03/2019;18:21:00;399;Acidente com vítima;289;BR-101/ES;Norte;Colisão Transversal;1;0;1;0;1;0;0;0;;;4;0;3;0;0
14/03/2019;18:29:00;400;Acidente sem vítima;209;BR-101/ES;Norte;Colisão Traseira;2;0;0;0;0;0;0;0;;;3;0;0;0;0
14/03/2019;18:36:00;402;Acidente sem vítima;7;BR-101/ES;Norte;Veículo em Chamas;0;0;0;0;0;0;0;2;;;1;0;0;0;0
15/03/2019;06:37:00;71;Acidente sem vítima;452;BR-101/ES;Norte;Veículo em Chamas;0;0;1;0;0;0;0;0;;;1;0;0;0;0
15/03/2019;07:46:00;122;Acidente com vítima;268;BR-101/ES;Sul;Colisão Traseira;1;0;0;1;0;0;0;0;;;1;1;0;0;0
15/03/2019;08:52:00;156;Acidente sem vítima;367;BR-101/ES;Sul;Choque com Objeto Fixo;1;0;0;0;0;0;0;0;;;2;0;0;0;0
15/03/2019;09:31:00;170;Acidente com morte;177;BR-101/ES;Norte;Colisão Frontal;3;0;0;0;0;0;0;0;;;1;4;4;1;1
15/03/2019;10:07:00;182;Acidente com vítima;204,9;BR-101/ES;Sul;Engavetamento;2;0;1;0;1;0;0;0;;;10;1;0;0;0
15/03/2019;11:34:00;212;Acidente sem vítima;205;BR-101/ES;Norte;Colisão Transversal;1;0;1;0;0;0;0;0;;;4;0;0;0;0
15/03/2019;12:40:00;242;Acidente com vítima;298;BR-101/ES;Sul;Colisão Traseira;1;0;1;0;0;0;0;0;;;1;0;1;0;0
15/03/2019;13:04:00;249;Acidente com vítima;270;BR-101/ES;Sul;Colisão Traseira;2;0;0;1;0;0;0;0;;;2;0;1;0;0
15/03/2019;13:07:00;250;Acidente com vítima;224;BR-101/ES;Sul;Queda de Moto;0;0;0;1;0;0;0;0;;;0;1;0;0;0
15/03/2019;13:34:00;264;Acidente com vítima;268;BR-101/ES;Sul;Colisão Lateral;0;0;0;1;0;0;0;0;;;0;1;0;0;0
15/03/2019;14:24:00;285;Acidente sem vítima;213;BR-101/ES;Norte;Colisão Traseira;2;0;0;0;0;0;0;0;;;2;0;0;0;0
15/03/2019;16:15:00;322;Acidente sem vítima;220;BR-101/ES;Norte;Colisão Traseira;1;0;1;0;0;0;0;0;;;3;0;0;0;0
15/03/2019;16:37:00;328;Acidente sem vítima;142;BR-101/ES;Norte;Engavetamento;3;0;0;1;0;0;0;0;;;4;0;0;0;0
15/03/2019;17:42:00;360;Acidente sem vítima;264;BR-101/ES;Sul;Colisão Traseira;1;0;0;0;0;0;0;0;;;1;0;0;0;0
15/03/2019;17:46:00;363;Acidente sem vítima;270;BR-101/ES;Norte;Colisão Traseira;1;0;0;0;0;0;0;1;;;2;0;0;0;0
15/03/2019;18:00:00;365;Acidente sem vítima;167,5;BR-101/ES;Norte;Colisão Transversal;2;0;0;0;0;0;0;0;;;2;0;0;0;0
15/03/2019;19:01:00;377;Acidente com vítima;3;BR-101/ES;Norte;Queda de Moto;0;0;0;1;0;0;0;0;;;0;0;1;0;0
15/03/2019;21:28:00;406;Acidente com vítima;143;BR-101/ES;Norte;Queda de Moto;0;0;0;1;0;0;0;0;;;0;1;1;0;0
16/03/2019;05:17:00;59;Acidente sem vítima;152;BR-101/ES;Sul;Colisão Transversal;1;0;0;0;0;0;0;3;;;2;0;0;0;0
16/03/2019;05:30:00;63;Acidente sem vítima;315;BR-101/ES;Norte;Saída de Pista;1;0;0;0;0;0;0;0;;;1;0;0;0;0
16/03/2019;05:31:00;64;Acidente sem vítima;270;BR-101/ES;Norte;Choque com Objeto Fixo;1;0;0;0;0;0;0;0;;;1;0;0;0;0
16/03/2019;12:57:00;229;Acidente com vítima;246;BR-101/ES;Norte;Colisão Traseira;1;0;1;0;0;0;0;0;;;3;0;1;0;0
16/03/2019;13:47:00;247;Acidente sem vítima;146;BR-101/ES;Norte;Colisão Traseira;2;0;0;0;0;0;0;0;;;3;0;0;0;0
16/03/2019;14:30:00;262;Acidente com vítima;60;BR-101/ES;Sul;Colisão Traseira;2;0;0;0;0;0;0;0;;;5;1;0;0;0
16/03/2019;15:04:00;275;Acidente com vítima;266;BR-101/ES;Sul;Colisão Transversal;1;0;0;1;0;0;0;0;;;1;0;1;0;0
16/03/2019;17:28:00;326;Acidente sem vítima;213;BR-101/ES;Norte;Colisão Traseira;1;0;1;0;0;0;0;0;;;5;0;0;0;0
16/03/2019;17:31:00;328;Acidente sem vítima;145;BR-101/ES;Sul;Choque com Objeto Fixo;1;0;0;0;0;0;0;0;;;1;0;0;0;0
16/03/2019;19:01:00;351;Acidente sem vítima;291;BR-101/ES;Sul;Colisão Lateral;2;0;0;0;0;0;0;0;;;4;0;0;0;0
16/03/2019;19:38:00;355;Acidente sem vítima;67;BR-101/ES;Norte;Colisão Transversal;2;0;0;0;0;0;0;0;;;2;0;0;0;0
16/03/2019;20:33:00;365;Acidente sem vítima;264;BR-101/ES;Sul;Colisão Traseira;2;0;0;2;0;0;0;0;;;6;0;0;0;0
16/03/2019;20:55:00;371;Acidente sem vítima;67;BR-101/ES;Norte;Choque com Objeto Fixo;1;0;0;0;0;0;0;0;;;1;0;0;0;0
16/03/2019;21:30:00;375;Acidente sem vítima;146;BR-101/ES;Norte;Colisão Traseira;2;0;0;0;0;0;0;0;;;2;0;0;0;0
17/03/2019;00:54:00;19;Acidente com vítima;167;BR-101/ES;Norte;Colisão Traseira;2;0;0;0;0;0;0;0;;;2;2;0;0;0
17/03/2019;07:51:00;98;Acidente sem vítima;292;BR-101/ES;Sul;Colisão Traseira;2;0;0;0;0;0;0;0;;;3;0;0;0;0
17/03/2019;14:45:00;232;Acidente sem vítima;341;BR-101/ES;Norte;Saída de Pista;1;0;0;0;0;0;0;0;;;1;0;0;0;0
17/03/2019;17:11:00;269;Acidente sem vítima;267;BR-101/ES;Norte;Colisão Traseira;1;0;0;0;0;0;0;0;;;2;0;0;0;0
17/03/2019;17:21:00;273;Acidente com vítima;288;BR-101/ES;Norte;Queda de ciclista;0;1;0;0;0;0;0;0;;;0;1;0;0;0
17/03/2019;17:35:00;274;Acidente com vítima;317;BR-101/ES;Norte;Colisão Traseira;1;0;0;1;0;0;0;0;;;0;6;0;0;0
17/03/2019;18:28:00;291;Acidente com vítima;279,8;BR-101/ES;Norte;Colisão Transversal;1;0;0;1;0;0;0;0;;;2;1;0;0;0
17/03/2019;21:16:00;325;Acidente com vítima;341;BR-101/ES;Sul;Colisão Lateral;0;0;0;0;0;0;0;4;;;1;0;0;1;0
17/03/2019;22:36:00;346;Atropelamento sem morte;271;BR-101/ES;Norte;Atropelamento;0;0;0;1;0;0;0;0;;;1;0;1;0;0
18/03/2019;05:40:00;63;Acidente com vítima;301,5;BR-101/ES;Norte;Colisão Lateral;0;0;1;1;0;0;0;0;;;1;0;1;0;0
18/03/2019;08:04:00;121;Acidente sem vítima;194,5;BR-101/ES;Norte;Capotamento;1;0;0;0;0;0;0;0;;;1;0;0;0;0
18/03/2019;13:51:00;247;Acidente com vítima;106;BR-101/ES;Norte;Colisão Traseira;2;0;0;0;0;0;0;0;;;1;1;0;0;0
18/03/2019;15:00:00;278;Acidente com vítima;67;BR-101/ES;Norte;Colisão Traseira;1;0;0;1;0;0;0;0;;;2;1;0;0;0
18/03/2019;15:52:00;292;Acidente sem vítima;271;BR-101/ES;Norte;Colisão Traseira;1;0;1;0;0;0;0;0;;;2;0;0;0;0
18/03/2019;20:26:00;360;Acidente com vítima;270;BR-101/ES;Sul;Queda de Moto;0;0;0;1;0;0;0;0;;;0;0;1;0;0
19/03/2019;06:59:00;108;Atropelamento com morte;286;BR-101/ES;Sul;Atropelamento;1;0;0;0;0;0;0;0;;;1;0;0;0;1
19/03/2019;08:44:00;160;Acidente com vítima;270;BR-101/ES;Sul;Colisão Traseira;1;0;0;1;0;0;0;0;;;1;0;1;0;0
19/03/2019;12:58:00;271;Acidente sem vítima;171;BR-101/ES;Norte;Colisão Traseira;1;0;1;0;0;0;0;0;;;3;0;0;0;0
19/03/2019;14:49:00;316;Acidente sem vítima;291,5;BR-101/ES;Norte;Choque com Objeto Fixo;0;0;1;0;0;0;0;0;;;1;0;0;0;0
19/03/2019;17:15:00;362;Acidente sem vítima;265;BR-101/ES;Sul;Colisão Lateral;1;0;0;0;0;0;0;3;;;2;0;0;0;0
19/03/2019;19:05:00;392;Acidente com vítima;293;BR-101/ES;Sul;Queda de Moto;0;0;0;1;0;0;0;0;;;0;0;1;0;0
19/03/2019;21:17:00;417;Acidente com vítima;429,7;BR-101/ES;Sul;Colisão Lateral;1;0;0;0;0;0;0;2;;;1;2;0;0;0
19/03/2019;22:30:00;435;Acidente sem vítima;270;BR-101/ES;Sul;Colisão Transversal;1;0;1;0;0;0;0;0;;;3;0;0;0;0
20/03/2019;03:13:00;41;Acidente sem vítima;269;BR-101/ES;Sul;Choque com Objeto Fixo;1;0;0;0;0;0;0;0;;;1;0;0;0;0
20/03/2019;07:04:00;82;Acidente sem vítima;87;BR-101/ES;Sul;Colisão Lateral;2;0;0;0;0;0;0;0;;;2;0;0;0;0
20/03/2019;07:10:00;84;Acidente sem vítima;294;BR-101/ES;Norte;Colisão Traseira;1;0;1;0;0;0;0;0;;;2;0;0;0;0
20/03/2019;08:55:00;150;Acidente sem vítima;298;BR-101/ES;Sul;Engavetamento;1;0;2;0;0;0;0;0;;;3;0;0;0;0
20/03/2019;09:13:00;157;Acidente com vítima;270;BR-101/ES;Sul;Colisão Traseira;1;0;0;1;0;0;0;0;;;4;0;1;0;0
20/03/2019;14:05:00;283;Acidente sem vítima;242;BR-101/ES;Sul;Colisão Lateral;1;0;0;0;0;0;0;2;;;2;0;0;0;0
20/03/2019;16:53:00;339;Acidente com vítima;306;BR-101/ES;Norte;Colisão Traseira;1;0;0;1;0;0;0;0;;;2;2;0;0;0
20/03/2019;17:00:00;340;Acidente sem vítima;2;BR-101/ES;Norte;Saída de Pista;0;0;1;0;0;0;0;0;;;3;0;0;0;0
20/03/2019;17:20:00;347;Acidente sem vítima;261;BR-101/ES;Norte;Colisão Traseira;2;0;0;0;0;0;0;0;;;2;0;0;0;0
20/03/2019;17:24:00;348;Acidente com vítima;284;BR-101/ES;Norte;Colisão Traseira;1;0;1;0;0;0;0;0;;;2;0;1;0;0
20/03/2019;17:31:00;351;Acidente sem vítima;273;BR-101/ES;Norte;Choque com Objeto Fixo;1;0;0;0;0;0;0;0;;;1;0;0;0;0
20/03/2019;18:04:00;359;Acidente sem vítima;263;BR-101/ES;Sul;Choque com Objeto Fixo;0;0;0;0;0;0;0;1;;;1;0;0;0;0
20/03/2019;19:18:00;372;Acidente sem vítima;260;BR-101/ES;Sul;Saída de Pista;1;0;0;0;0;0;0;0;;;2;0;0;0;0
20/03/2019;19:54:00;375;Acidente com vítima;148;BR-101/ES;Norte;Colisão Traseira;1;0;0;1;0;0;0;0;;;1;1;0;0;0
21/03/2019;01:15:00;16;Acidente sem vítima;453;BR-101/ES;Norte;Atropelamento de Equino;0;0;0;0;0;0;0;2;;;1;0;0;0;0
21/03/2019;02:56:00;37;Acidente sem vítima;198;BR-101/ES;Norte;Atropelamento de Bovino;0;0;1;0;0;0;0;0;;;1;0;0;0;0
21/03/2019;09:16:00;159;Acidente sem vítima;297;BR-101/ES;Sul;Colisão Lateral;1;0;1;0;0;0;0;2;;;2;0;0;0;0
21/03/2019;10:44:00;192;Atropelamento sem morte;349;BR-101/ES;Sul;Atropelamento;0;0;1;0;0;0;0;0;;;1;0;0;1;0
21/03/2019;15:23:00;289;Acidente sem vítima;262;BR-101/ES;Norte;Engavetamento;3;0;0;0;0;0;0;0;;;3;0;0;0;0
21/03/2019;15:32:00;294;Acidente sem vítima;22;BR-101/ES;Sul;Colisão Frontal;1;0;1;0;0;0;0;0;;;2;0;0;0;0
21/03/2019;15:48:00;295;Acidente sem vítima;270;BR-101/ES;Sul;Colisão Traseira;2;0;0;0;0;0;0;0;;;2;0;0;0;0
21/03/2019;16:06:00;298;Acidente com vítima;283;BR-101/ES;Sul;Queda de Moto;0;0;0;1;0;0;0;0;;;0;0;1;0;0
21/03/2019;17:57:00;331;Acidente com vítima;268;BR-101/ES;Norte;Colisão Traseira;1;0;0;1;0;0;0;0;;;0;0;1;0;0
21/03/2019;18:17:00;335;Acidente sem vítima;358;BR-101/ES;Sul;Tombamento;0;0;1;0;0;0;0;0;;;1;0;0;0;0
21/03/2019;18:49:00;340;Acidente com vítima;270;BR-101/ES;Norte;Colisão Traseira;1;0;0;1;0;0;0;0;;;1;0;1;0;0
21/03/2019;19:24:00;352;Acidente com vítima;295;BR-101/ES;Sul;Capotamento;1;0;0;0;0;0;0;0;;;1;1;0;0;0
21/03/2019;19:28:00;354;Acidente sem vítima;272;BR-101/ES;Norte;Choque com Objeto Fixo;2;0;0;0;0;0;0;2;;;3;0;0;0;0
21/03/2019;19:30:00;355;Acidente com vítima;266;BR-101/ES;Norte;Colisão Lateral;1;0;0;1;0;0;0;0;;;1;0;1;0;0
21/03/2019;20:23:00;361;Acidente sem vítima;174;BR-101/ES;Sul;Colisão Transversal;1;0;1;0;0;0;0;0;;;2;0;0;0;0
21/03/2019;21:17:00;369;Acidente sem vítima;271;BR-101/ES;Sul;Colisão Lateral;1;0;0;0;0;0;0;2;;;2;0;0;0;0
21/03/2019;23:02:00;408;Acidente sem vítima;431;BR-101/ES;Sul;Saída de Pista;1;0;0;0;0;0;0;0;;;1;0;0;0;0
22/03/2019;05:29:00;67;Acidente sem vítima;335;BR-101/ES;Norte;Choque com Objeto Fixo;0;0;1;0;0;0;0;0;;;2;0;0;0;0
22/03/2019;07:14:00;81;Acidente com vítima;270;BR-101/ES;Norte;Colisão Lateral;0;0;1;1;0;0;0;0;;;1;0;1;0;0
22/03/2019;15:07:00;305;Acidente sem vítima;254;BR-101/ES;Sul;Engavetamento;3;0;0;0;0;0;0;0;;;3;0;0;0;0
22/03/2019;15:12:00;308;Acidente sem vítima;255;BR-101/ES;Sul;Engavetamento;3;0;0;0;0;0;0;2;;;4;0;0;0;0
22/03/2019;16:36:00;331;Acidente sem vítima;346;BR-101/ES;Norte;Colisão Traseira;2;0;0;0;0;0;0;0;;;2;0;0;0;0
22/03/2019;16:39:00;332;Acidente sem vítima;436;BR-101/ES;Norte;Saída de Pista;1;0;0;0;0;0;0;0;;;1;0;0;0;0
22/03/2019;16:41:00;333;Acidente com vítima;174;BR-101/ES;Norte;Queda de Moto;0;0;0;1;0;0;0;0;;;0;1;1;0;0
22/03/2019;17:10:00;338;Acidente sem vítima;258;BR-101/ES;Norte;Atropelamento Animal;1;0;0;0;0;0;0;0;;;1;0;0;0;0
22/03/2019;17:29:00;347;Acidente com vítima;264;BR-101/ES;Norte;Colisão Transversal;1;0;0;1;0;0;0;0;;;2;0;1;0;0
22/03/2019;18:56:00;371;Acidente sem vítima;259;BR-101/ES;Sul;Saída de Pista;1;0;0;0;0;0;0;0;;;1;0;0;0;0
22/03/2019;20:16:00;385;Acidente sem vítima;149;BR-101/ES;Norte;Colisão Transversal;1;0;0;0;0;0;0;0;;;1;0;0;0;0
22/03/2019;21:19:00;400;Acidente sem vítima;265;BR-101/ES;Norte;Colisão Traseira;2;0;0;0;0;0;0;0;;;2;0;0;0;0
22/03/2019;22:53:00;419;Acidente com vítima;296;BR-101/ES;Sul;Queda de Moto;0;0;0;1;0;0;0;0;;;0;1;0;0;0
22/03/2019;22:53:00;420;Acidente com vítima;266;BR-101/ES;Norte;Colisão Traseira;1;0;1;0;0;0;0;0;;;2;1;0;0;0
23/03/2019;00:16:00;4;Acidente com vítima;414;BR-101/ES;Sul;Tombamento;0;0;1;0;0;0;0;0;;;1;0;1;0;0
23/03/2019;05:58:00;81;Acidente sem vítima;266;BR-101/ES;Sul;Colisão Traseira;2;0;0;0;0;0;0;0;;;5;0;0;0;0