data;horario;n_da_ocorrencia;tipo_de_ocorrencia;km;trecho;sentido;tipo_de_acidente;automovel;bicicleta;caminhao;moto;onibus;outros;tracao_animal;transporte_de_cargas_especiais;trator_maquinas;utilitarios;ilesos;levemente_feridos;moderadamente_feridos;gravemente_feridos;mortos
27/02/2019;15:08:00;308;Acidente sem vítima;270;BR-101/ES;Norte;Colisão Lateral;1;0;0;0;0;0;0;1;;;2;0;0;0;0
27/02/2019;15:30:00;313;Acidente sem vítima;262;BR-101/ES;Sul;Colisão Lateral;2;0;0;0;0;0;0;0;;;1;0;0;0;0
27/02/2019;17:34:00;357;Acidente com vítima;276;BR-101/ES;Norte;Engavetamento;3;0;0;0;0;0;0;0;;;3;1;0;0;0
27/02/2019;17:37:00;358;Acidente com vítima;268;BR-101/ES;Sul;Colisão Traseira;1;0;0;1;0;0;0;0;;;2;0;1;0;0
27/02/2019;19:32:00;388;Acidente sem vítima;171;BR-101/ES;Sul;Colisão Lateral;1;0;0;0;0;0;0;1;;;3;0;0;0;0
27/02/2019;19:48:00;395;Acidente sem vítima;79;BR-101/ES;Sul;Atropelamento Animal;1;0;0;0;0;0;0;0;;;2;0;0;0;0
27/02/2019;20:38:00;407;Acidente sem vítima;270;BR-101/ES;Norte;Colisão Transversal;1;0;0;1;0;0;0;0;;;3;0;0;0;0
28/02/2019;13:43:00;286;Acidente sem vítima;270;BR-101/ES;Norte;Colisão Lateral;1;0;1;0;0;0;0;0;;;2;0;0;0;0
28/02/2019;14:33:00;313;Acidente sem vítima;341;BR-101/ES;Norte;Saída de Pista;1;0;0;0;0;0;0;0;;;2;0;0;0;0
28/02/2019;15:52:00;355;Acidente com vítima;295;BR-101/ES;Sul;Colisão Traseira;1;0;0;0;0;0;0;2;;;1;0;2;0;0
28/02/2019;16:54:00;389;Acidente sem vítima;271;BR-101/ES;Norte;Colisão Traseira;0;0;2;0;0;0;0;0;;;2;0;0;0;0
28/02/2019;17:42:00;408;Acidente sem vítima;271;BR-101/ES;Norte;Colisão Traseira;2;0;0;0;0;0;0;0;;;2;0;0;0;0
28/02/2019;19:29:00;429;Acidente sem vítima;241;BR-101/ES;Norte;Colisão Lateral;0;0;1;0;0;0;0;2;;;3;0;0;0;0
28/02/2019;21:16:00;460;Acidente com vítima;397,5;BR-101/ES;Norte;Colisão Traseira;1;0;0;1;0;0;0;0;;;3;1;0;0;0
01/08/2019;00:01:00;1;Acidente sem vítima;267;BR-101/ES;Norte;Choque com Objeto Fixo;1;0;0;0;0;0;0;0;;;2;0;0;0;0
01/08/2019;00:29:00;11;Acidente com vítima;436;BR-101/ES;Sul;Saída de Pista;1;0;0;0;0;0;0;0;;;0;0;1;0;0
01/08/2019;01:20:00;20;Acidente sem vítima;269;BR-101/ES;Norte;Colisão Transversal;1;0;0;0;0;0;0;0;;;2;0;0;0;0
01/08/2019;07:15:00;100;Acidente com vítima;297;BR-101/ES;Sul;Colisão Traseira;1;0;0;1;0;0;0;0;;;3;1;0;0;0
01/08/2019;09:09:00;139;Atropelamento sem morte;257;BR-101/ES;Sul;Atropelamento;1;0;0;0;0;0;0;0;;;1;0;1;0;0
01/08/2019;17:23:00;324;Acidente com vítima;147;BR-101/ES;Sul;Colisão com ciclista;0;1;0;0;1;0;0;0;;;1;0;1;0;0
01/08/2019;20:42:00;370;Acidente com vítima;357;BR-101/ES;Norte;Capotamento;1;0;0;0;0;0;0;0;;;0;0;1;0;0
02/08/2019;02:08:00;35;Acidente sem vítima;275,8;BR-101/ES;Norte;Saída de Pista;1;0;0;0;0;0;0;0;;;1;0;0;0;0
02/08/2019;05:09:00;64;Acidente sem vítima;268,5;BR-101/ES;Norte;Colisão Lateral;1;0;0;0;0;0;0;0;;;1;0;0;0;0
02/08/2019;07:07:00;102;Acidente com vítima;146;BR-101/ES;Sul;Colisão Lateral;0;0;0;1;0;0;0;0;;;0;1;0;0;0
02/08/2019;07:11:00;104;Acidente com vítima;295,5;BR-101/ES;Norte;Colisão com ciclista;1;1;0;0;0;0;0;0;;;4;0;1;0;0
02/08/2019;07:47:00;120;Acidente sem vítima;86;BR-101/ES;Norte;Colisão Lateral;2;0;0;0;0;0;0;0;;;5;0;0;0;0
02/08/2019;08:20:00;135;Acidente sem vítima;269;BR-101/ES;Sul;Engavetamento;3;0;0;0;0;0;0;0;;;3;0;0;0;0
02/08/2019;09:06:00;152;Acidente sem vítima;229;BR-101/ES;Norte;Colisão Transversal;1;0;0;1;0;0;0;0;;;2;0;0;0;0
02/08/2019;09:17:00;156;Acidente sem vítima;271;BR-101/ES;Sul;Colisão Lateral;1;0;0;0;0;0;0;2;;;2;0;0;0;0
02/08/2019;09:27:00;158;Acidente com vítima;290;BR-101/ES;Sul;Queda de Moto;0;0;0;1;0;0;0;0;;;0;0;1;0;0
02/08/2019;09:37:00;161;Acidente sem vítima;32;BR-101/ES;Norte;Colisão Traseira;2;0;0;0;0;0;0;0;;;1;0;0;0;0
02/08/2019;11:08:00;204;Acidente com vítima;295;BR-101/ES;Sul;Colisão Lateral;0;0;0;1;0;0;0;3;;;2;1;0;0;0
02/08/2019;11:44:00;218;Acidente sem vítima;260;BR-101/ES;Norte;Colisão Traseira;1;0;0;0;0;0;0;0;;;1;0;0;0;0
02/08/2019;13:24:00;261;Acidente sem vítima;335;BR-101/ES;Norte;Colisão Traseira;2;0;0;0;0;0;0;0;;;5;0;0;0;0
02/08/2019;13:32:00;268;Acidente com morte;335;BR-101/ES;Norte;Colisão Lateral;0;0;2;0;0;0;0;0;;;1;1;0;0;1
02/08/2019;18:05:00;358;Acidente com vítima;146,1;BR-101/ES;Sul;Queda de Moto;0;0;0;1;0;0;0;0;;;0;1;0;0;0
02/08/2019;18:15:00;359;Acidente sem vítima;266;BR-101/ES;Sul;Colisão Lateral;1;0;1;0;0;0;0;0;;;1;0;0;0;0
02/08/2019;18:39:00;365;Acidente com vítima;162,8;BR-101/ES;Norte;Colisão com ciclista;1;2;0;0;0;0;0;0;;;3;2;0;0;0
02/08/2019;19:00:00;371;Acidente com vítima;147;BR-101/ES;Norte;Colisão Traseira;1;0;0;1;0;0;0;0;;;2;1;0;0;0
02/08/2019;20:51:00;399;Acidente com vítima;320;BR-101/ES;Norte;Saída de Pista;1;0;0;0;0;0;0;0;;;0;1;0;0;0
03/08/2019;06:32:00;76;Acidente sem vítima;242;BR-101/ES;Sul;Colisão Traseira;0;0;2;0;0;0;0;0;;;2;0;0;0;0
03/08/2019;11:26:00;192;Acidente com vítima;213;BR-101/ES;Sul;Colisão Transversal;2;0;0;0;0;0;0;0;;;2;1;0;0;0
03/08/2019;13:06:00;240;Acidente sem vítima;265,6;BR-101/ES;Sul;Colisão Traseira;2;0;0;0;0;0;0;0;;;2;0;0;0;0
03/08/2019;14:14:00;265;Acidente sem vítima;267;BR-101/ES;Norte;Engavetamento;3;0;0;0;0;0;0;0;;;3;0;0;0;0
03/08/2019;17:10:00;319;Acidente com vítima;46;BR-101/ES;Sul;Queda de Moto;0;0;0;1;0;0;0;0;;;0;0;2;0;0
03/08/2019;17:33:00;331;Acidente com vítima;282;BR-101/ES;Norte;Queda de Moto;0;0;0;1;0;0;0;0;;;1;0;1;0;0
03/08/2019;21:45:00;371;Acidente com vítima;66;BR-101/ES;Sul;Colisão com ciclista;1;1;0;0;0;0;0;0;;;1;1;0;0;0
03/08/2019;21:54:00;373;Acidente com vítima;144;BR-101/ES;Norte;Colisão Traseira;1;0;0;1;0;0;0;0;;;0;1;1;0;0
03/08/2019;23:59:00;401;Acidente sem vítima;271;BR-101/ES;Sul;Colisão Lateral;2;0;0;0;0;0;0;0;;;5;0;0;0;0
04/08/2019;02:01:00;32;Acidente com vítima;162;BR-101/ES;Sul;Colisão Transversal;1;0;0;1;0;1;0;0;;;1;0;1;1;0
04/08/2019;05:57:00;65;Acidente sem vítima;133;BR-101/ES;Norte;Colisão Lateral;2;0;0;0;0;0;0;0;;;2;0;0;0;0
04/08/2019;07:39:00;77;Acidente sem vítima;361;BR-101/ES;Sul;Choque com Objeto Fixo;1;0;0;0;0;0;0;0;;;2;0;0;0;0
04/08/2019;12:11:00;162;Acidente com vítima;324,5;BR-101/ES;Norte;Queda de Moto;0;0;0;1;0;0;0;0;;;0;0;1;0;0
04/08/2019;19:45:00;281;Acidente sem vítima;402;BR-101/ES;Sul;Saída de Pista;1;0;0;0;0;0;0;0;;;1;0;0;0;0
04/08/2019;20:21:00;290;Acidente com vítima;365;BR-101/ES;Norte;Queda de Moto;0;0;0;1;0;0;0;0;;;0;0;1;0;0
04/08/2019;21:50:00;308;Acidente sem vítima;266;BR-101/ES;Norte;Colisão Lateral;2;0;0;0;0;0;0;0;;;3;0;0;0;0
05/08/2019;08:23:00;118;Acidente com morte;99,6;BR-101/ES;Norte;Saída de Pista;1;0;0;0;0;0;0;0;;;0;0;0;1;1
05/08/2019;09:39:00;151;Acidente sem vítima;293;BR-101/ES;Norte;Colisão Traseira;1;0;0;0;0;0;0;2;;;2;0;0;0;0
05/08/2019;13:18:00;248;Acidente com vítima;295;BR-101/ES;Sul;Colisão com ciclista;2;1;0;0;0;0;0;0;;;3;0;1;0;0
05/08/2019;13:58:00;264;Acidente sem vítima;291;BR-101/ES;Sul;Choque com Objeto Fixo;1;0;0;0;0;0;0;0;;;1;0;0;0;0
05/08/2019;16:05:00;300;Acidente com vítima;268;BR-101/ES;Norte;Colisão Traseira;3;0;0;0;0;0;0;0;;;3;0;2;0;0
05/08/2019;17:18:00;323;Acidente sem vítima;266;BR-101/ES;Norte;Colisão Traseira;1;0;2;0;0;0;0;0;;;3;0;0;0;0
05/08/2019;17:48:00;334;Acidente com vítima;269;BR-101/ES;Norte;Colisão Traseira;1;0;0;0;1;0;0;0;;;1;1;0;0;0
05/08/2019;18:18:00;343;Acidente com vítima;345;BR-101/ES;Norte;Engavetamento;1;0;2;0;0;0;0;0;;;3;2;0;0;0
06/08/2019;07:38:00;107;Acidente sem vítima;395;BR-101/ES;Norte;Colisão Transversal;2;0;1;0;0;0;0;0;;;8;0;0;0;0
06/08/2019;10:05:00;155;Acidente sem vítima;298;BR-101/ES;Sul;Colisão Lateral;1;0;0;0;0;0;0;0;;;1;0;0;0;0
06/08/2019;10:33:00;170;Acidente sem vítima;291;BR-101/ES;Norte;Colisão Traseira;0;0;1;0;0;0;0;3;;;2;0;0;0;0
06/08/2019;11:02:00;185;Acidente sem vítima;262;BR-101/ES;Sul;Colisão Traseira;1;0;1;0;0;0;0;0;;;4;0;0;0;0
06/08/2019;12:10:00;221;Acidente sem vítima;251;BR-101/ES;Sul;Choque;0;0;1;0;0;0;0;2;;;2;0;0;0;0
06/08/2019;12:32:00;227;Acidente sem vítima;226,4;BR-101/ES;Sul;Colisão Traseira;1;0;1;0;0;0;0;0;;;2;0;0;0;0
06/08/2019;12:57:00;237;Acidente sem vítima;294;BR-101/ES;Sul;Veículo em Chamas;1;0;0;0;0;0;0;0;;;1;0;0;0;0
06/08/2019;17:54:00;332;Acidente com vítima;182;BR-101/ES;Sul;Colisão Frontal;2;0;0;0;0;0;0;0;;;0;1;1;0;0
06/08/2019;17:56:00;333;Acidente com vítima;204;BR-101/ES;Sul;Colisão Traseira;1;0;0;1;0;0;0;0;;;1;1;0;0;0
06/08/2019;18:02:00;334;Acidente com vítima;117,8;BR-101/ES;Sul;Colisão Traseira;1;0;0;1;0;0;0;0;;;1;0;1;0;0
06/08/2019;19:26:00;355;Atropelamento sem morte;147;BR-101/ES;Sul;Atropelamento;0;0;0;1;0;0;0;0;;;0;0;1;1;0
07/08/2019;06:53:00;73;Acidente sem vítima;325;BR-101/ES;Sul;Tombamento;0;0;1;0;0;0;0;0;;;1;0;0;0;0
07/08/2019;06:56:00;74;Acidente com vítima;144;BR-101/ES;Norte;Colisão Traseira;0;0;0;2;0;0;0;0;;;1;1;0;0;0
07/08/2019;06:58:00;75;Acidente sem vítima;258;BR-101/ES;Norte;Colisão Lateral;2;0;0;0;0;0;0;0;;;2;0;0;0;0
07/08/2019;07:49:00;93;Acidente sem vítima;144;BR-101/ES;Norte;Colisão Traseira;2;0;0;0;0;0;0;0;;;3;0;0;0;0
07/08/2019;08:47:00;112;Acidente com vítima;264;BR-101/ES;Sul;Colisão Lateral;0;0;0;1;1;0;0;0;;;0;0;1;0;0
07/08/2019;09:02:00;120;Acidente com vítima;230;BR-101/ES;Norte;Choque com Objeto Fixo;2;0;0;0;0;0;0;0;;;0;0;2;0;0
07/08/2019;14:05:00;226;Acidente sem vítima;266,3;BR-101/ES;Sul;Choque com Objeto Fixo;1;0;0;0;0;0;0;0;;;2;0;0;0;0
07/08/2019;15:25:00;250;Acidente sem vítima;268,7;BR-101/ES;Sul;Engavetamento;1;0;2;0;0;0;0;0;;;6;0;0;0;0
07/08/2019;15:42:00;253;Acidente com vítima;270,06;BR-101/ES;Norte;Colisão com ciclista;0;0;0;1;0;0;0;0;;;1;0;1;0;0
07/08/2019;16:13:00;265;Acidente sem vítima;396;BR-101/ES;Norte;Colisão Lateral;2;0;0;0;0;0;0;0;;;2;0;0;0;0
07/08/2019;16:15:00;267;Acidente com vítima;253;BR-101/ES;Sul;Colisão Transversal;2;0;0;0;0;1;0;0;;;3;1;0;0;0
07/08/2019;18:03:00;296;Acidente com vítima;285;BR-101/ES;Sul;Colisão Lateral;0;0;0;2;0;0;0;0;;;1;0;2;0;0
07/08/2019;20:11:00;322;Acidente sem vítima;222;BR-101/ES;Sul;Engavetamento;0;0;1;0;0;0;0;2;;;3;0;0;0;0
07/08/2019;21:44:00;341;Acidente sem vítima;206;BR-101/ES;Sul;Choque com Objeto Fixo;1;0;0;0;0;0;0;0;;;1;0;0;0;0
08/08/2019;00:01:00;1;Acidente com vítima;125;BR-101/ES;Sul;Colisão Traseira;1;0;1;0;0;0;0;0;;;1;1;0;0;0
08/08/2019;00:48:00;18;Acidente com vítima;270;BR-101/ES;Norte;Colisão Transversal;0;0;0;1;0;0;0;2;;;2;0;0;1;0
08/08/2019;08:41:00;121;Acidente com vítima;154;BR-101/ES;Norte;Queda de Moto;0;0;0;1;0;0;0;0;;;0;1;0;0;0
08/08/2019;10:27:00;177;Acidente com vítima;274;BR-101/ES;Sul;Saída de Pista;1;0;0;0;0;0;0;0;;;0;0;1;0;0
08/08/2019;11:24:00;205;Acidente com vítima;181;BR-101/ES;Sul;Engavetamento;2;0;0;0;0;0;0;1;;;1;0;1;0;0
08/08/2019;13:37:00;256;Acidente sem vítima;241;BR-101/ES;Sul;Veículo em Chamas;0;0;0;0;0;0;0;2;;;1;0;0;0;0
08/08/2019;14:06:00;269;Acidente com vítima;309,3;BR-101/ES;Sul;Colisão Transversal;3;0;0;0;0;0;0;0;;;10;1;1;0;0
08/08/2019;14:19:00;277;Acidente com vítima;956;BR-101/BA;Norte;Colisão Transversal;0;0;1;0;0;0;0;2;;;1;1;0;0;0
08/08/2019;17:21:00;323;Acidente sem vítima;266;BR-101/ES;Sul;Colisão Traseira;2;0;0;0;0;0;0;0;;;6;0;0;0;0
08/08/2019;17:42:00;327;Acidente com vítima;271,5;BR-101/ES;Norte;Colisão Traseira;2;0;0;0;0;0;0;0;;;1;0;0;1;0
08/08/2019;18:59:00;346;Acidente com vítima;322,5;BR-101/ES;Norte;Queda de Moto;0;0;0;1;0;0;0;0;;;0;0;1;0;0
08/08/2019;21:15:00;372;Acidente com vítima;265,9;BR-101/ES;Sul;Colisão com ciclista;0;1;0;1;0;0;0;0;;;1;0;1;0;0
09/08/2019;06:48:00;66;Acidente sem vítima;271;BR-101/ES;Norte;Colisão Traseira;0;0;1;0;0;0;0;2;;;4;0;0;0;0
09/08/2019;07:00:00;75;Acidente com vítima;153;BR-101/ES;Norte;Engavetamento;2;0;0;1;0;0;0;0;;;3;1;0;0;0
09/08/2019;07:23:00;101;Acidente sem vítima;269;BR-101/ES;Sul;Colisão Traseira;1;0;1;0;0;0;0;0;;;2;0;0;0;0
09/08/2019;08:20:00;128;Acidente sem vítima;262;BR-101/ES;Sul;Colisão Traseira;1;0;1;0;0;0;0;0;;;2;0;0;0;0
09/08/2019;08:25:00;131;Acidente sem vítima;267,7;BR-101/ES;Sul;Colisão Lateral;2;0;0;0;0;0;0;0;;;2;0;0;0;0
09/08/2019;08:40:00;134;Acidente com vítima;266;BR-101/ES;Sul;Colisão Lateral;0;0;0;1;0;0;0;0;;;0;0;1;0;0
09/08/2019;11:50:00;210;Acidente com vítima;223;BR-101/ES;Norte;Colisão Traseira;0;0;1;0;0;0;0;2;;;1;0;2;0;0
09/08/2019;13:37:00;267;Acidente sem vítima;34;BR-101/ES;Sul;Colisão Transversal;2;0;0;0;0;0;0;0;;;2;0;0;0;0
09/08/2019;14:27:00;284;Acidente sem vítima;264;BR-101/ES;Sul;Colisão Traseira;2;0;0;0;0;0;0;0;;;2;0;0;0;0
09/08/2019;15:44:00;317;Acidente com vítima;263;BR-101/ES;Norte;Colisão Traseira;1;0;0;1;0;0;0;0;;;1;0;1;0;0
09/08/2019;16:35:00;332;Acidente com vítima;151;BR-101/ES;Sul;Colisão Lateral;0;0;1;1;0;0;0;0;;;2;0;1;0;0
09/08/2019;17:07:00;344;Acidente sem vítima;150;BR-101/ES;Sul;Colisão Traseira;1;0;0;0;1;0;0;0;;;1;0;0;0;0
09/08/2019;18:56:00;380;Acidente sem vítima;290;BR-101/ES;Norte;Engavetamento;3;0;0;0;0;0;0;1;;;5;0;0;0;0
09/08/2019;20:05:00;392;Acidente com vítima;144;BR-101/ES;Norte;Colisão Traseira;1;0;0;0;0;1;0;0;;;1;0;0;1;0
09/08/2019;20:52:00;413;Acidente com vítima;269;BR-101/ES;Sul;Colisão Transversal;2;0;0;0;0;0;0;0;;;1;0;1;0;0
09/08/2019;23:07:00;441;Acidente sem vítima;19;BR-101/ES;Norte;Tombamento;1;0;0;0;0;0;0;0;;;1;0;0;0;0
10/08/2019;00:05:00;1;Acidente com vítima;108;BR-101/ES;Sul;Queda de Moto;0;0;0;1;0;0;0;0;;;1;1;0;0;0
10/08/2019;03:11:00;49;Acidente sem vítima;426;BR-101/ES;Norte;Atropelamento de Bovino;0;0;1;0;0;0;0;0;;;2;0;0;0;0
10/08/2019;07:41:00;93;Acidente sem vítima;420;BR-101/ES;Norte;Choque com Objeto Fixo;1;0;0;0;0;0;0;0;;;1;0;0;0;0
10/08/2019;07:59:00;102;Acidente com vítima;244,9;BR-101/ES;Sul;Queda de Moto;0;0;0;1;0;0;0;0;;;1;0;1;0;0
10/08/2019;08:07:00;104;Acidente sem vítima;85;BR-101/ES;Norte;Colisão Traseira;2;0;0;0;0;0;0;0;;;6;0;0;0;0
10/08/2019;08:52:00;121;Acidente com vítima;263;BR-101/ES;Sul;Colisão Lateral;2;0;0;1;0;0;0;0;;;2;0;1;0;0
10/08/2019;10:13:00;149;Acidente sem vítima;308;BR-101/ES;Norte;Colisão Traseira;1;0;0;1;0;0;0;0;;;2;0;0;0;0
10/08/2019;10:27:00;156;Acidente sem vítima;216;BR-101/ES;Norte;Colisão Lateral;1;0;0;0;0;0;0;4;;;5;0;0;0;0
10/08/2019;13:20:00;243;Acidente sem vítima;381;BR-101/ES;Sul;Capotamento;1;0;0;0;0;0;0;0;;;2;0;0;0;0
10/08/2019;14:55:00;277;Acidente sem vítima;342;BR-101/ES;Norte;Queda de Moto;0;0;0;1;0;0;0;0;;;1;0;0;0;0
10/08/2019;15:36:00;293;Acidente com vítima;285;BR-101/ES;Sul;Colisão Transversal;1;0;0;1;0;0;0;0;;;0;0;1;0;0
10/08/2019;19:31:00;342;Acidente com morte;272,1;BR-101/ES;Norte;Choque com Objeto Fixo;1;0;0;1;0;0;0;0;;;1;0;0;0;2
10/08/2019;21:10:00;355;Acidente com vítima;164;BR-101/ES;Sul;Colisão Traseira;1;0;0;1;0;0;0;0;;;1;1;0;0;0
10/08/2019;23:23:00;380;Acidente com vítima;146;BR-101/ES;Norte;Colisão Lateral;2;0;0;0;0;0;0;0;;;2;1;0;0;0
11/08/2019;03:14:00;46;Acidente sem vítima;363;BR-101/ES;Sul;Saída de Pista;1;0;0;0;0;0;0;0;;;2;0;0;0;0
11/08/2019;08:52:00;109;Acidente sem vítima;358;BR-101/ES;Norte;Saída de Pista;1;0;0;0;0;0;0;0;;;1;0;0;0;0
11/08/2019;13:59:00;215;Acidente sem vítima;204,7;BR-101/ES;Sul;Saída de Pista;1;0;0;0;0;0;0;0;;;1;0;0;0;0
11/08/2019;14:40:00;223;Acidente sem vítima;255;BR-101/ES;Sul;Engavetamento;3;0;0;0;0;0;0;0;;;5;0;0;0;0
11/08/2019;14:54:00;225;Acidente com vítima;241;BR-101/ES;Sul;Colisão Traseira;1;0;0;1;0;0;0;0;;;4;0;0;1;0
11/08/2019;17:15:00;273;Acidente sem vítima;248;BR-101/ES;Sul;Colisão Traseira;2;0;0;0;0;0;0;0;;;5;0;0;0;0
11/08/2019;18:35:00;289;Acidente com vítima;97;BR-101/ES;Norte;Colisão Frontal;1;0;0;1;0;0;0;0;;;5;0;1;0;0
11/08/2019;18:38:00;290;Acidente sem vítima;296,9;BR-101/ES;Sul;Colisão Traseira;2;0;0;0;0;0;0;0;;;4;0;0;0;0
11/08/2019;19:14:00;296;Acidente sem vítima;247;BR-101/ES;Sul;Colisão Traseira;2;0;0;0;0;0;0;0;;;1;0;0;0;0
11/08/2019;19:51:00;301;Acidente com vítima;314;BR-101/ES;Sul;Colisão Lateral;1;0;0;0;1;0;0;0;;;3;1;0;0;0
11/08/2019;21:46:00;321;Acidente sem vítima;426;BR-101/ES;Sul;Tombamento;0;0;0;0;0;0;0;2;;;2;0;0;0;0
12/08/2019;07:29:00;87;Acidente sem vítima;299,6;BR-101/ES;Norte;Colisão Lateral;1;0;1;0;1;0;0;0;;;3;0;0;0;0
12/08/2019;07:59:00;98;Acidente com morte;259,3;BR-101/ES;Norte;Colisão Frontal;1;0;0;1;0;0;0;0;;;1;0;0;0;1
12/08/2019;10:06:00;129;Acidente sem vítima;217;BR-101/ES;Sul;Choque com Objeto Fixo;0;0;0;0;0;0;0;2;;;1;0;0;0;0
12/08/2019;10:30:00;140;Acidente sem vítima;254,9;BR-101/ES;Sul;Engavetamento;5;0;0;0;0;0;0;0;;;8;0;0;0;0
12/08/2019;11:52:00;164;Acidente sem vítima;66;BR-101/ES;Sul;Colisão Traseira;2;0;0;0;0;0;0;0;;;7;0;0;0;0
12/08/2019;13:00:00;195;Acidente sem vítima;287;BR-101/ES;Norte;Veículo em Chamas;1;0;0;0;0;0;0;0;;;1;0;0;0;0
12/08/2019;15:02:00;242;Acidente sem vítima;43;BR-101/ES;Sul;Choque com Veículo Estacionado;1;0;1;0;0;0;0;0;;;2;0;0;0;0
12/08/2019;16:19:00;269;Acidente sem vítima;428;BR-101/ES;Sul;Saída de Pista;1;0;0;0;0;0;0;0;;;1;0;0;0;0
12/08/2019;18:33:00;306;Acidente sem vítima;290;BR-101/ES;Sul;Saída de Pista;2;0;0;0;0;0;0;2;;;3;0;0;0;0
12/08/2019;19:33:00;316;Acidente sem vítima;179;BR-101/ES;Sul;Colisão Transversal;1;0;0;0;0;0;0;2;;;2;0;0;0;0
12/08/2019;20:14:00;325;Acidente com vítima;150;BR-101/ES;Sul;Choque com Objeto Fixo;1;0;0;0;0;0;0;0;;;0;1;0;0;0
13/08/2019;01:44:00;32;Acidente com vítima;298;BR-101/ES;Norte;Colisão Frontal;1;0;0;1;0;0;0;0;;;2;0;1;0;0
13/08/2019;07:04:00;77;Acidente com vítima;375,8;BR-101/ES;Sul;Choque com Objeto Fixo;0;0;0;1;0;0;0;0;;;0;0;0;1;0
13/08/2019;07:09:00;81;Acidente com vítima;298;BR-101/ES;Norte;Colisão Lateral;0;0;1;1;0;0;0;0;;;3;0;1;0;0
13/08/2019;07:39:00;94;Acidente com vítima;119,8;BR-101/ES;Sul;Choque;0;0;1;1;0;0;0;0;;;1;1;0;0;0
13/08/2019;08:52:00;131;Acidente com vítima;273;BR-101/ES;Norte;Colisão Lateral;2;0;0;0;0;0;0;0;;;1;0;1;0;0
13/08/2019;08:55:00;134;Atropelamento sem morte;267,6;BR-101/ES;Norte;Atropelamento e Fuga;1;0;0;0;0;0;0;0;;;0;0;1;0;0
13/08/2019;11:18:00;177;Acidente com vítima;298;BR-101/ES;Sul;Queda de Moto;0;0;0;1;0;0;0;0;;;0;1;0;0;0
13/08/2019;13:57:00;248;Acidente sem vítima;208;BR-101/ES;Sul;Colisão Lateral;1;0;1;0;0;0;0;0;;;1;0;0;0;0
13/08/2019;16:06:00;288;Acidente com vítima;174;BR-101/ES;Norte;Colisão Transversal;1;0;0;1;0;0;0;0;;;2;1;0;0;0
13/08/2019;16:31:00;297;Acidente sem vítima;42,5;BR-101/ES;Sul;Engavetamento;3;0;0;0;0;0;0;0;;;8;0;0;0;0
13/08/2019;16:46:00;303;Atropelamento sem morte;257;BR-101/ES;Norte;Atropelamento;1;0;0;0;0;0;0;0;;;2;0;0;1;0
13/08/2019;17:17:00;317;Acidente com vítima;70;BR-101/ES;Norte;Colisão com ciclista;1;1;0;0;0;0;0;0;;;4;0;1;0;0
13/08/2019;22:13:00;370;Acidente com vítima;264;BR-101/ES;Sul;Colisão com ciclista;0;1;0;1;0;0;0;0;;;0;0;2;0;0
14/08/2019;10:14:00;151;Acidente sem vítima;361;BR-101/ES;Sul;Capotamento;1;0;0;0;0;0;0;0;;;2;0;0;0;0
14/08/2019;12:17:00;214;Acidente sem vítima;4;BR-101/ES;Norte;Choque com Objeto Fixo;1;0;0;0;0;0;0;0;;;2;0;0;0;0
14/08/2019;14:06:00;262;Acidente sem vítima;293;BR-101/ES;Norte;Colisão Traseira;2;0;0;0;0;0;0;0;;;3;0;0;0;0
14/08/2019;15:11:00;285;Acidente sem vítima;262;BR-101/ES;Norte;Colisão Traseira;2;0;0;0;0;0;0;0;;;2;0;0;0;0
14/08/2019;20:31:00;369;Acidente com vítima;179;BR-101/ES;Norte;Queda de Moto;0;0;0;1;0;0;0;0;;;0;0;2;0;0
14/08/2019;20:48:00;373;Acidente sem vítima;273;BR-101/ES;Norte;Colisão Lateral;2;0;0;0;0;0;0;0;;;2;0;0;0;0
14/08/2019;21:56:00;383;Acidente com vítima;267,8;BR-101/ES;Norte;Colisão Transversal;1;0;1;0;0;0;0;0;;;1;6;1;0;0
15/08/2019;04:25:00;54;Acidente com vítima;258,4;BR-101/ES;Sul;Colisão Frontal;1;0;0;0;1;0;0;0;;;1;1;1;0;0
15/08/2019;08:10:00;118;Acidente sem vítima;268,8;BR-101/ES;Sul;Colisão Lateral;1;0;0;1;0;0;0;0;;;2;0;0;0;0
15/08/2019;08:55:00;133;Acidente com vítima;188,809;BR-101/ES;Sul;Colisão Traseira;1;0;0;0;0;0;0;2;;;2;1;0;0;0
15/08/2019;11:04:00;178;Acidente sem vítima;143;BR-101/ES;Norte;Colisão Lateral;2;0;0;0;0;0;0;0;;;3;0;0;0;0
15/08/2019;15:31:00;276;Acidente sem vítima;67;BR-101/ES;Norte;Colisão Lateral;1;0;0;0;0;0;0;2;;;3;0;0;0;0
15/08/2019;16:46:00;300;Acidente sem vítima;18;BR-101/ES;Norte;Colisão Lateral;1;0;0;0;0;0;0;3;;;2;0;0;0;0
16/08/2019;11:50:00;233;Acidente sem vítima;146;BR-101/ES;Norte;Capotamento;1;0;0;0;0;0;0;0;;;2;0;0;0;0
16/08/2019;12:49:00;254;Acidente com vítima;47,5;BR-101/ES;Norte;Queda de Moto;0;0;0;1;0;0;0;0;;;0;0;1;0;0
16/08/2019;14:05:00;288;Acidente sem vítima;335;BR-101/ES;Norte;Colisão Lateral;1;0;0;0;0;0;0;2;;;1;0;0;0;0