data;horario;n_da_ocorrencia;tipo_de_ocorrencia;km;trecho;sentido;tipo_de_acidente;automovel;bicicleta;caminhao;moto;onibus;outros;tracao_animal;transporte_de_cargas_especiais;trator_maquinas;utilitarios;ilesos;levemente_feridos;moderadamente_feridos;gravemente_feridos;mortos
29/04/2019;11:37:00;198;Acidente com vítima;392;BR-101/ES;Sul;Saída de Pista;1;0;0;0;0;0;0;0;;;0;0;1;0;0
29/04/2019;19:54:00;345;Acidente sem vítima;226;BR-101/ES;Sul;Colisão Traseira;1;0;1;0;0;0;0;0;;;2;0;0;0;0
29/04/2019;20:20:00;349;Acidente sem vítima;189;BR-101/ES;Norte;Saída de Pista;1;0;0;0;0;0;0;0;;;1;0;0;0;0
29/04/2019;21:03:00;356;Acidente com vítima;177;BR-101/ES;Sul;Atropelamento de Bovino;0;0;0;1;0;0;0;0;;;0;1;0;0;0
30/04/2019;09:58:00;145;Acidente com vítima;343;BR-101/ES;Norte;Colisão Traseira;1;0;1;0;0;0;0;3;;;3;2;0;0;0
30/04/2019;14:25:00;244;Acidente sem vítima;262;BR-101/ES;Sul;Colisão Lateral;2;0;0;0;0;0;0;0;;;3;0;0;0;0
30/04/2019;15:37:00;258;Acidente sem vítima;265;BR-101/ES;Sul;Colisão Traseira;1;0;0;0;1;0;0;0;;;2;0;0;0;0
30/04/2019;16:29:00;271;Acidente com vítima;376;BR-101/ES;Sul;Colisão Lateral;1;0;1;0;0;0;0;0;;;1;1;0;0;0
30/04/2019;20:33:00;330;Acidente com vítima;299;BR-101/ES;Norte;Colisão Traseira;1;0;0;1;0;0;0;0;;;1;0;1;0;0
01/10/2019;03:36:00;42;Acidente com vítima;197;BR-101/ES;Sul;Saída de Pista;1;0;0;0;0;0;0;0;;;0;0;2;1;0
01/10/2019;06:19:00;71;Acidente com vítima;243;BR-101/ES;Sul;Colisão Frontal;2;0;0;0;0;0;0;0;;;1;1;0;0;0
01/10/2019;07:52:00;136;Acidente com vítima;6,5;BR-101/ES;Norte;Tombamento;0;0;0;0;0;0;0;3;;;0;1;0;0;0
01/10/2019;08:22:00;149;Acidente sem vítima;146;BR-101/ES;Sul;Colisão Traseira;1;0;0;1;0;0;0;0;;;2;0;0;0;0
01/10/2019;08:47:00;159;Acidente sem vítima;275;BR-101/ES;Sul;Saída de Pista;1;0;0;0;0;0;0;0;;;2;0;0;0;0
01/10/2019;09:25:00;176;Acidente sem vítima;266;BR-101/ES;Sul;Colisão Traseira;1;0;0;0;0;0;0;0;;;3;0;0;0;0
01/10/2019;10:41:00;218;Acidente sem vítima;334,5;BR-101/ES;Norte;Colisão Traseira;0;0;0;0;0;0;0;4;;;2;0;0;0;0
01/10/2019;11:33:00;237;Acidente com vítima;203,5;BR-101/ES;Sul;Tombamento;0;0;0;0;0;0;0;2;;;0;1;0;0;0
01/10/2019;18:54:00;374;Acidente com vítima;147;BR-101/ES;Sul;Colisão Lateral;1;0;0;1;0;0;0;0;;;1;1;0;0;0
02/10/2019;04:31:00;56;Acidente sem vítima;362;BR-101/ES;Sul;Saída de Pista;1;0;0;0;0;0;0;0;;;2;0;0;0;0
02/10/2019;10:17:00;183;Acidente com vítima;268,8;BR-101/ES;Sul;Colisão Traseira;0;0;1;1;0;0;0;0;;;1;1;0;0;0
02/10/2019;17:43:00;332;Acidente com vítima;290;BR-101/ES;Sul;Queda de Moto;0;0;0;1;0;0;0;0;;;0;1;0;0;0
02/10/2019;18:58:00;349;Acidente com vítima;297;BR-101/ES;Sul;Colisão Traseira;1;0;0;0;0;0;0;1;;;4;0;1;0;0
02/10/2019;20:34:00;375;Acidente com vítima;266;BR-101/ES;Sul;Colisão Transversal;1;0;0;1;0;0;0;0;;;3;0;1;0;0
02/10/2019;21:07:00;381;Acidente sem vítima;268;BR-101/ES;Sul;Colisão Traseira;1;0;0;0;1;0;0;0;;;2;0;0;0;0
02/10/2019;22:05:00;390;Acidente sem vítima;268;BR-101/ES;Sul;Colisão Traseira;0;0;0;2;0;0;0;0;;;2;0;0;0;0
03/10/2019;00:08:00;4;Acidente sem vítima;364,5;BR-101/ES;Sul;Choque;0;0;0;0;1;0;0;0;;;1;0;0;0;0
03/10/2019;06:33:00;81;Acidente com vítima;269,5;BR-101/ES;Norte;Colisão Traseira;1;0;0;1;0;0;0;0;;;3;1;0;0;0
03/10/2019;07:23:00;111;Acidente com vítima;397;BR-101/ES;Norte;Queda de Moto;0;0;0;1;0;0;0;0;;;0;0;1;0;0
03/10/2019;07:35:00;119;Acidente com vítima;256,8;BR-101/ES;Sul;Colisão Traseira;0;0;1;1;0;0;0;0;;;1;0;1;0;0
03/10/2019;10:31:00;185;Acidente sem vítima;270;BR-101/ES;Norte;Colisão Lateral;1;0;1;0;0;0;0;0;;;2;0;0;0;0
03/10/2019;12:30:00;231;Acidente com vítima;312;BR-101/ES;Sul;Queda de Moto;0;0;0;1;0;0;0;0;;;0;1;0;0;0
03/10/2019;13:40:00;263;Acidente com vítima;71,8;BR-101/ES;Norte;Colisão Transversal;2;0;0;0;0;0;0;0;;;0;0;2;0;0
03/10/2019;14:10:00;272;Acidente sem vítima;448;BR-101/ES;Norte;Colisão Transversal;2;0;0;0;0;0;0;0;;;4;0;0;0;0
03/10/2019;14:18:00;276;Acidente sem vítima;942;BR-101/BA;Sul;Saída de Pista;1;0;0;0;0;0;0;0;;;1;0;0;0;0
03/10/2019;16:36:00;314;Acidente com vítima;6,9;BR-101/ES;Sul;Colisão Traseira;1;0;0;1;0;0;0;0;;;2;1;0;0;0
03/10/2019;18:35:00;341;Acidente sem vítima;270;BR-101/ES;Sul;Colisão Lateral;1;0;0;0;0;0;0;2;;;2;0;0;0;0
03/10/2019;20:47:00;365;Acidente sem vítima;439;BR-101/ES;Sul;Colisão Transversal;1;0;1;0;0;0;0;0;;;2;0;0;0;0
03/10/2019;23:43:00;406;Acidente sem vítima;248,1;BR-101/ES;Sul;Colisão Lateral;1;0;1;0;0;0;0;0;;;2;0;0;0;0
04/10/2019;01:41:00;31;Acidente sem vítima;206;BR-101/ES;Norte;Choque com Objeto Fixo;1;0;0;0;0;0;0;0;;;2;0;0;0;0
04/10/2019;04:57:00;67;Acidente sem vítima;257;BR-101/ES;Norte;Saída de Pista;1;0;0;0;0;0;0;0;;;1;0;0;0;0
04/10/2019;07:00:00;102;Acidente com vítima;201;BR-101/ES;Norte;Colisão Transversal;1;0;0;1;0;0;0;0;;;1;1;0;0;0
04/10/2019;08:14:00;149;Acidente sem vítima;191;BR-101/ES;Norte;Choque com Objeto Fixo;1;0;0;0;0;0;0;0;;;1;0;0;0;0
04/10/2019;14:21:00;314;Acidente sem vítima;370;BR-101/ES;Sul;Colisão Frontal;2;0;0;0;0;0;0;0;;;2;0;0;0;0
04/10/2019;18:05:00;389;Acidente sem vítima;262,6;BR-101/ES;Norte;Colisão Traseira;2;0;0;0;0;0;0;0;;;2;0;0;0;0
04/10/2019;18:43:00;396;Acidente sem vítima;148;BR-101/ES;Norte;Engavetamento;3;0;0;0;0;0;0;0;;;10;0;0;0;0
04/10/2019;18:53:00;397;Acidente com vítima;258;BR-101/ES;Norte;Colisão Traseira;1;0;0;1;0;0;0;0;;;1;1;0;0;0
04/10/2019;19:31:00;411;Acidente com vítima;408;BR-101/ES;Norte;Capotamento;1;0;0;0;0;0;0;0;;;1;1;1;0;0
04/10/2019;20:40:00;426;Acidente sem vítima;258;BR-101/ES;Norte;Colisão Traseira;2;0;0;0;0;0;0;0;;;4;0;0;0;0
04/10/2019;21:21:00;437;Acidente sem vítima;399;BR-101/ES;Norte;Veículo em Chamas;0;0;0;0;0;0;0;2;;;1;0;0;0;0
04/10/2019;22:17:00;451;Acidente sem vítima;85;BR-101/ES;Norte;Choque com Objeto Fixo;0;0;0;0;0;0;0;2;;;1;0;0;0;0
05/10/2019;07:48:00;98;Acidente sem vítima;266;BR-101/ES;Sul;Colisão Traseira;2;0;0;0;0;0;0;0;;;2;0;0;0;0
05/10/2019;09:18:00;139;Acidente com vítima;219;BR-101/ES;Norte;Colisão Traseira;2;0;0;0;0;0;0;0;;;4;1;0;0;0
05/10/2019;15:57:00;291;Acidente sem vítima;140;BR-101/ES;Sul;Colisão Traseira;2;0;0;0;0;0;0;0;;;2;0;0;0;0
05/10/2019;18:39:00;340;Acidente sem vítima;266;BR-101/ES;Sul;Engavetamento;3;0;0;0;0;0;0;0;;;6;0;0;0;0
05/10/2019;19:44:00;346;Acidente com vítima;313,5;BR-101/ES;Sul;Atropelamento Animal;0;0;0;1;0;0;0;0;;;0;1;0;0;0
05/10/2019;19:52:00;348;Acidente com vítima;146;BR-101/ES;Sul;Colisão Traseira;0;0;0;1;1;0;0;0;;;2;0;2;0;0
05/10/2019;20:34:00;356;Acidente sem vítima;116;BR-101/ES;Norte;Saída de Pista;1;0;0;0;0;0;0;0;;;1;0;0;0;0
05/10/2019;20:40:00;357;Acidente com vítima;221;BR-101/ES;Sul;Colisão Traseira;1;0;0;1;0;0;0;0;;;1;0;1;0;0
05/10/2019;21:15:00;366;Acidente com vítima;148;BR-101/ES;Norte;Colisão Transversal;2;0;0;0;0;0;0;0;;;4;0;1;0;0
05/10/2019;21:33:00;371;Acidente com vítima;300;BR-101/ES;Norte;Colisão Traseira;0;0;0;1;0;0;0;0;;;0;1;0;0;0
05/10/2019;22:06:00;375;Acidente sem vítima;298;BR-101/ES;Norte;Colisão Traseira;2;0;0;0;0;0;0;0;;;6;0;0;0;0
06/10/2019;00:45:00;18;Acidente com vítima;26;BR-101/ES;Norte;Colisão Lateral;0;0;0;1;0;0;0;0;;;0;0;0;2;0
06/10/2019;00:55:00;19;Acidente com vítima;269;BR-101/ES;Norte;Atropelamento de Equino;1;0;0;0;0;1;0;0;;;3;0;4;0;0
06/10/2019;03:12:00;44;Acidente sem vítima;308;BR-101/ES;Norte;Choque com Objeto Fixo;1;0;0;0;0;0;0;0;;;3;0;0;0;0
06/10/2019;10:43:00;138;Acidente sem vítima;224;BR-101/ES;Norte;Colisão Traseira;2;0;0;0;0;0;0;0;;;2;0;0;0;0
06/10/2019;12:09:00;176;Acidente com vítima;64;BR-101/ES;Sul;Colisão Lateral;1;0;0;1;0;0;0;0;;;1;0;1;0;0
06/10/2019;19:26:00;275;Acidente sem vítima;251;BR-101/ES;Sul;Engavetamento;4;0;0;0;0;0;0;0;;;9;0;0;0;0
06/10/2019;19:54:00;281;Acidente sem vítima;236;BR-101/ES;Sul;Saída de Pista;1;0;0;0;0;0;0;0;;;1;0;0;0;0
06/10/2019;20:21:00;285;Atropelamento com morte;336,5;BR-101/ES;Norte;Atropelamento e Fuga;0;0;0;0;0;1;1;0;;;1;0;0;0;1
06/10/2019;20:59:00;294;Acidente com vítima;265;BR-101/ES;Sul;Colisão Traseira;1;0;0;1;0;0;0;0;;;3;0;1;0;0
06/10/2019;22:30:00;316;Acidente com vítima;200;BR-101/ES;Norte;Colisão Traseira;1;0;1;0;0;0;0;0;;;1;0;0;1;0
07/10/2019;06:16:00;86;Acidente com vítima;148;BR-101/ES;Norte;Queda de Moto;0;0;0;1;0;0;0;0;;;0;0;1;0;0
07/10/2019;08:58:00;152;Acidente com vítima;254,9;BR-101/ES;Norte;Colisão Traseira;1;0;1;0;0;1;0;0;;;1;1;0;0;0
07/10/2019;09:15:00;160;Acidente sem vítima;223,8;BR-101/ES;Sul;Engavetamento;2;0;0;0;0;0;0;3;;;4;0;0;0;0
07/10/2019;12:06:00;235;Acidente com vítima;267,8;BR-101/ES;Sul;Colisão Transversal;1;0;0;3;0;0;0;0;;;1;1;2;0;0
07/10/2019;18:45:00;338;Acidente com vítima;271;BR-101/ES;Sul;Colisão Traseira;0;0;0;1;1;0;0;0;;;1;1;0;0;0
07/10/2019;19:11:00;342;Acidente sem vítima;68;BR-101/ES;Sul;Atropelamento Animal;0;0;0;1;0;0;0;0;;;1;0;0;0;0
07/10/2019;21:48:00;369;Acidente com vítima;300;BR-101/ES;Sul;Colisão com ciclista;1;1;0;0;0;0;0;0;;;2;0;1;0;0
07/10/2019;23:35:00;396;Acidente sem vítima;271;BR-101/ES;Sul;Colisão Lateral;1;0;1;0;0;0;0;1;;;2;0;0;0;0
08/10/2019;00:40:00;12;Acidente com vítima;142;BR-101/ES;Norte;Colisão Traseira;0;0;2;0;0;0;0;0;;;2;0;1;0;0
08/10/2019;06:58:00;82;Atropelamento sem morte;270;BR-101/ES;Norte;Atropelamento;0;0;0;1;0;0;0;0;;;1;0;1;0;0
08/10/2019;07:34:00;101;Acidente sem vítima;281;BR-101/ES;Norte;Engavetamento;2;0;1;0;0;0;0;0;;;4;0;0;0;0
08/10/2019;07:42:00;105;Acidente com vítima;340;BR-101/ES;Sul;Colisão Lateral;2;0;0;0;0;0;0;4;;;5;0;1;0;0
08/10/2019;07:43:00;107;Acidente com vítima;269;BR-101/ES;Sul;Colisão Traseira;1;0;0;2;0;0;0;0;;;3;1;0;0;0
08/10/2019;11:17:00;202;Acidente com vítima;38;BR-101/ES;Norte;Colisão Transversal;0;0;2;0;0;0;0;0;;;2;1;0;0;0
08/10/2019;11:27:00;203;Acidente sem vítima;8;BR-101/ES;Sul;Tombamento;0;0;0;0;0;0;0;3;;;1;0;0;0;0
08/10/2019;13:41:00;268;Acidente com vítima;225;BR-101/ES;Norte;Engavetamento;3;0;3;0;0;0;0;0;;;8;0;1;0;0
08/10/2019;17:07:00;339;Acidente com vítima;198;BR-101/ES;Sul;Queda de Moto;0;0;0;1;0;0;0;0;;;0;2;0;0;0
08/10/2019;17:18:00;344;Acidente sem vítima;405;BR-101/ES;Sul;Saída de Pista;1;0;0;0;0;0;0;0;;;1;0;0;0;0
08/10/2019;18:09:00;357;Acidente sem vítima;90,6;BR-101/ES;Sul;Engavetamento;2;0;0;1;0;0;0;0;;;5;0;0;0;0
08/10/2019;19:58:00;380;Acidente sem vítima;258;BR-101/ES;Norte;Colisão Traseira;2;0;0;0;0;0;0;0;;;2;0;0;0;0
09/10/2019;06:55:00;95;Acidente com vítima;145;BR-101/ES;Sul;Colisão Traseira;1;0;0;1;0;0;0;0;;;0;0;1;0;0
09/10/2019;07:36:00;112;Atropelamento sem morte;269;BR-101/ES;Sul;Atropelamento e Fuga;0;0;0;1;0;0;0;0;;;0;0;1;0;0
09/10/2019;18:55:00;402;Acidente sem vítima;25;BR-101/ES;Sul;Colisão Traseira;1;0;0;0;0;0;0;3;;;2;0;0;0;0
09/10/2019;19:38:00;407;Acidente com vítima;117;BR-101/ES;Norte;Queda de Moto;0;0;0;1;0;0;0;0;;;0;0;1;0;0
09/10/2019;20:47:00;420;Acidente com vítima;149,5;BR-101/ES;Norte;Colisão Transversal;0;0;0;2;0;0;0;0;;;1;1;0;0;0
10/10/2019;03:22:00;52;Acidente com vítima;310;BR-101/ES;Norte;Saída de Pista;1;0;0;0;0;0;0;0;;;0;0;1;0;0
10/10/2019;04:48:00;59;Acidente sem vítima;323;BR-101/ES;Norte;Saída de Pista;0;0;1;0;0;0;0;0;;;1;0;0;0;0
10/10/2019;08:07:00;141;Acidente sem vítima;270,6;BR-101/ES;Norte;Colisão Traseira;1;0;0;0;0;0;0;2;;;2;0;0;0;0
10/10/2019;10:05:00;185;Acidente sem vítima;278,9;BR-101/ES;Norte;Colisão Traseira;1;0;2;0;0;0;0;0;;;7;0;0;0;0
10/10/2019;12:30:00;257;Acidente sem vítima;225,2;BR-101/ES;Norte;Saída de Pista;1;0;0;0;0;0;0;0;;;1;0;0;0;0
10/10/2019;13:44:00;281;Acidente com vítima;149;BR-101/ES;Norte;Colisão com ciclista;0;1;1;0;0;0;0;0;;;0;0;1;0;0
10/10/2019;15:34:00;318;Acidente sem vítima;270;BR-101/ES;Norte;Colisão Lateral;1;0;1;0;0;0;0;0;;;2;0;0;0;0
10/10/2019;17:10:00;346;Acidente com vítima;145,95;BR-101/ES;Norte;Colisão Lateral;0;0;0;2;0;0;0;0;;;1;1;1;0;0
10/10/2019;17:27:00;355;Acidente sem vítima;287,5;BR-101/ES;Sul;Colisão Traseira;1;0;0;0;1;0;0;0;;;3;0;0;0;0
10/10/2019;18:20:00;376;Acidente com vítima;269;BR-101/ES;Norte;Colisão Traseira;1;0;0;1;0;0;0;0;;;1;1;0;0;0
10/10/2019;19:21:00;386;Acidente com vítima;7,2;BR-101/ES;Sul;Atropelamento de Bovino;1;0;0;0;0;0;0;0;;;0;2;0;0;0
10/10/2019;22:07:00;425;Acidente sem vítima;29;BR-101/ES;Sul;Tombamento;0;0;0;0;0;0;0;2;;;1;0;0;0;0
10/10/2019;22:15:00;429;Acidente com vítima;325;BR-101/ES;Sul;Colisão Traseira;0;0;2;0;0;0;0;0;;;1;0;1;0;0
11/10/2019;08:37:00;147;Acidente sem vítima;68,2;BR-101/ES;Sul;Colisão Traseira;2;0;0;0;0;0;0;0;;;3;0;0;0;0
11/10/2019;09:15:00;158;Acidente com vítima;147;BR-101/ES;Norte;Colisão Traseira;0;0;0;1;1;0;0;0;;;1;1;0;0;0
11/10/2019;12:56:00;261;Acidente sem vítima;224,8;BR-101/ES;Sul;Colisão Traseira;2;0;0;0;0;0;0;0;;;3;0;0;0;0
11/10/2019;14:11:00;286;Acidente sem vítima;205;BR-101/ES;Norte;Colisão Transversal;2;0;0;0;0;0;0;0;;;2;0;0;0;0
11/10/2019;16:26:00;334;Acidente com vítima;267,8;BR-101/ES;Norte;Colisão Lateral;2;0;0;0;0;0;0;0;;;1;1;0;0;0
11/10/2019;17:18:00;355;Acidente sem vítima;145;BR-101/ES;Sul;Engavetamento;3;0;0;0;0;0;0;0;;;3;0;0;0;0
11/10/2019;20:36:00;417;Acidente com morte;386;BR-101/ES;Norte;Colisão Frontal;2;0;0;0;0;0;0;0;;;0;1;0;0;2
11/10/2019;21:11:00;427;Acidente sem vítima;294;BR-101/ES;Norte;Colisão Traseira;2;0;0;0;0;0;0;0;;;2;0;0;0;0
11/10/2019;22:44:00;455;Acidente com vítima;309;BR-101/ES;Norte;Colisão Transversal;1;0;1;0;0;0;0;0;;;1;0;1;0;0
11/10/2019;22:50:00;457;Acidente sem vítima;31;BR-101/ES;Sul;Colisão Lateral;1;0;1;0;0;0;0;0;;;4;0;0;0;0
12/10/2019;01:20:00;23;Acidente sem vítima;208,5;BR-101/ES;Norte;Colisão Lateral;2;0;0;0;0;0;0;0;;;2;0;0;0;0
12/10/2019;06:59:00;84;Acidente sem vítima;7;BR-101/ES;Sul;Colisão Lateral;1;0;0;0;0;0;0;2;;;3;0;0;0;0
12/10/2019;07:30:00;97;Acidente com vítima;145;BR-101/ES;Norte;Colisão Lateral;1;0;0;1;0;0;0;0;;;1;1;0;0;0
12/10/2019;08:56:00;123;Acidente com vítima;269;BR-101/ES;Norte;Colisão Traseira;1;0;0;1;0;0;0;0;;;2;1;0;0;0
12/10/2019;09:17:00;135;Acidente sem vítima;369;BR-101/ES;Sul;Colisão Traseira;2;0;0;0;0;0;0;0;;;2;0;0;0;0
12/10/2019;16:47:00;306;Acidente com vítima;222;BR-101/ES;Sul;Colisão Lateral;2;0;0;0;0;0;0;0;;;4;1;2;0;0
12/10/2019;18:25:00;335;Acidente com vítima;263;BR-101/ES;Norte;Queda de Moto;1;0;0;1;0;0;0;0;;;1;1;0;0;0
12/10/2019;18:51:00;339;Acidente sem vítima;263,2;BR-101/ES;Norte;Colisão Traseira;2;0;0;0;0;0;0;0;;;2;0;0;0;0
12/10/2019;19:23:00;346;Acidente sem vítima;263,2;BR-101/ES;Norte;Colisão Traseira;2;0;0;0;0;0;0;0;;;2;0;0;0;0
12/10/2019;19:34:00;349;Acidente com vítima;336;BR-101/ES;Norte;Queda de Moto;0;0;0;1;0;0;0;0;;;0;2;0;0;0
13/10/2019;00:43:00;16;Acidente sem vítima;215;BR-101/ES;Norte;Atropelamento de Bovino;1;0;0;0;0;0;0;0;;;1;0;0;0;0
13/10/2019;01:27:00;25;Acidente com vítima;73;BR-101/ES;Norte;Colisão Traseira;1;0;0;0;0;0;0;3;;;2;1;0;0;0
13/10/2019;01:55:00;35;Acidente sem vítima;64;BR-101/ES;Norte;Queda de Moto;0;0;0;1;0;0;0;0;;;2;0;0;0;0
13/10/2019;09:16:00;106;Acidente sem vítima;289;BR-101/ES;Sul;Colisão Transversal;2;0;0;0;0;0;0;0;;;5;0;0;0;0
13/10/2019;10:15:00;123;Acidente sem vítima;292;BR-101/ES;Sul;Colisão Transversal;1;0;0;0;1;0;0;0;;;5;0;0;0;0
13/10/2019;11:54:00;155;Acidente com vítima;211;BR-101/ES;Sul;Queda de ciclista;0;1;0;0;0;0;0;0;;;0;1;0;0;0
13/10/2019;14:47:00;219;Acidente com vítima;427;BR-101/ES;Sul;Tombamento;0;0;1;0;0;0;0;0;;;0;0;1;0;0
13/10/2019;14:48:00;220;Acidente sem vítima;332;BR-101/ES;Sul;Capotamento;1;0;0;0;0;0;0;0;;;1;0;0;0;0
13/10/2019;14:57:00;225;Acidente com vítima;255;BR-101/ES;Sul;Colisão Traseira;2;0;0;0;0;0;0;0;;;1;0;1;0;0
13/10/2019;15:05:00;228;Acidente sem vítima;255;BR-101/ES;Sul;Colisão Traseira;2;0;0;0;0;0;0;0;;;4;0;0;0;0
13/10/2019;15:16:00;233;Acidente com vítima;284;BR-101/ES;Norte;Saída de Pista;1;0;0;0;0;0;0;0;;;0;1;1;1;0
13/10/2019;16:10:00;250;Acidente sem vítima;418,8;BR-101/ES;Sul;Colisão Lateral;1;0;0;0;0;0;0;2;;;2;0;0;0;0
13/10/2019;16:34:00;261;Acidente sem vítima;253,7;BR-101/ES;Sul;Engavetamento;4;0;0;0;0;0;0;0;;;12;0;0;0;0
13/10/2019;16:54:00;266;Acidente com vítima;371;BR-101/ES;Norte;Colisão Transversal;0;0;0;1;0;0;0;2;;;1;0;1;0;0
13/10/2019;17:27:00;278;Acidente com vítima;295;BR-101/ES;Norte;Colisão com ciclista;0;1;0;1;0;0;0;0;;;0;0;2;0;0
13/10/2019;18:48:00;297;Acidente com vítima;175;BR-101/ES;Norte;Atropelamento Animal;0;0;0;1;0;0;0;0;;;0;0;2;0;0
14/10/2019;03:47:00;46;Acidente sem vítima;230;BR-101/ES;Sul;Colisão Lateral;1;0;0;0;0;0;0;0;;;2;0;0;0;0
14/10/2019;04:35:00;51;Acidente com vítima;179,7;BR-101/ES;Norte;Queda de Moto;0;0;0;1;0;0;0;0;;;0;2;0;0;0
14/10/2019;05:45:00;67;Atropelamento com morte;288,8;BR-101/ES;Sul;Atropelamento e Fuga;1;0;0;0;0;0;0;0;;;0;0;0;0;1
14/10/2019;06:08:00;72;Acidente sem vítima;392,9;BR-101/ES;Sul;Colisão Traseira;1;0;0;0;0;0;0;2;;;4;0;0;0;0
14/10/2019;06:19:00;76;Acidente sem vítima;393;BR-101/ES;Norte;Colisão Traseira;0;0;1;0;0;0;0;1;;;1;0;0;0;0
14/10/2019;08:14:00;134;Acidente com vítima;147,9;BR-101/ES;Sul;Colisão Traseira;0;0;1;1;1;0;0;2;;;2;0;1;0;0
14/10/2019;08:18:00;136;Acidente sem vítima;288,4;BR-101/ES;Sul;Choque com Objeto Fixo;0;0;1;0;0;0;0;1;;;1;0;0;0;0
14/10/2019;10:36:00;184;Acidente sem vítima;270,6;BR-101/ES;Norte;Colisão Lateral;1;0;0;0;0;0;0;2;;;2;0;0;0;0
14/10/2019;13:16:00;272;Acidente sem vítima;225,3;BR-101/ES;Sul;Colisão Traseira;1;0;1;0;0;0;0;0;;;2;0;0;0;0
14/10/2019;15:40:00;327;Acidente com vítima;172;BR-101/ES;Sul;Saída de Pista;1;0;0;0;0;0;0;0;;;0;1;0;0;0
14/10/2019;15:52:00;331;Acidente com vítima;225,8;BR-101/ES;Sul;Colisão Traseira;2;0;1;0;0;0;0;0;;;7;0;1;0;0
14/10/2019;16:11:00;335;Acidente com vítima;147;BR-101/ES;Sul;Queda de Moto;0;0;0;1;0;0;0;0;;;0;1;0;0;0
14/10/2019;18:52:00;377;Acidente sem vítima;321;BR-101/ES;Norte;Choque;1;0;0;0;0;0;0;0;;;1;0;0;0;0
14/10/2019;20:45:00;392;Acidente com vítima;288,8;BR-101/ES;Norte;Colisão Traseira;2;0;0;0;0;0;0;0;;;2;0;1;0;0
15/10/2019;07:09:00;94;Acidente sem vítima;269;BR-101/ES;Sul;Engavetamento;4;0;0;0;0;0;0;0;;;4;0;0;0;0
15/10/2019;11:23:00;218;Acidente com vítima;224,3;BR-101/ES;Sul;Engavetamento;4;0;0;0;0;0;0;0;;;9;0;1;0;0
15/10/2019;15:55:00;311;Acidente sem vítima;177;BR-101/ES;Norte;Saída de Pista;1;0;0;0;0;0;0;0;;;4;0;0;0;0
15/10/2019;16:45:00;320;Acidente com vítima;265;BR-101/ES;Norte;Colisão Lateral;1;0;0;1;0;0;0;0;;;1;0;1;0;0
15/10/2019;19:14:00;356;Acidente sem vítima;220;BR-101/ES;Sul;Colisão Lateral;0;0;0;1;1;0;0;0;;;2;0;0;0;0
15/10/2019;20:48:00;375;Atropelamento sem morte;295;BR-101/ES;Sul;Atropelamento;0;0;0;1;0;0;0;0;;;0;1;0;1;0
16/10/2019;05:06:00;65;Acidente sem vítima;276;BR-101/ES;Norte;Choque;1;0;0;0;0;0;0;0;;;1;0;0;0;0
16/10/2019;07:29:00;104;Acidente com vítima;263;BR-101/ES;Sul;Colisão com ciclista;0;1;0;0;1;0;0;0;;;2;0;1;0;0
16/10/2019;07:44:00;128;Acidente com vítima;152;BR-101/ES;Sul;Queda de Moto;0;0;0;1;0;0;0;0;;;0;2;0;0;0
16/10/2019;11:12:00;209;Acidente sem vítima;298;BR-101/ES;Norte;Colisão Lateral;1;0;1;0;0;0;0;0;;;2;0;0;0;0
16/10/2019;14:04:00;287;Acidente sem vítima;194;BR-101/ES;Norte;Colisão Lateral;1;0;0;0;0;0;0;3;;;2;0;0;0;0
16/10/2019;18:09:00;373;Acidente sem vítima;66;BR-101/ES;Norte;Colisão Traseira;1;0;0;1;0;0;0;0;;;2;0;0;0;0
16/10/2019;21:56:00;422;Acidente com vítima;269;BR-101/ES;Norte;Engavetamento;3;0;0;0;0;0;0;0;;;4;0;1;0;0
16/10/2019;22:37:00;434;Acidente sem vítima;72,3;BR-101/ES;Norte;Capotamento;1;0;0;0;0;0;0;0;;;1;0;0;0;0
17/10/2019;04:50:00;74;Acidente sem vítima;149;BR-101/ES;Norte;Choque com Objeto Fixo;0;0;1;0;0;0;0;0;;;1;0;0;0;0
17/10/2019;06:56:00;117;Acidente sem vítima;318;BR-101/ES;Norte;Capotamento;1;0;0;0;0;0;0;0;;;1;0;0;0;0
17/10/2019;07:09:00;125;Acidente com vítima;62;BR-101/ES;Norte;Queda de Moto;0;0;0;1;0;0;0;0;;;0;0;1;0;0
17/10/2019;07:25:00;130;Acidente sem vítima;283;BR-101/ES;Norte;Choque com Objeto Fixo;1;0;0;0;0;0;0;0;;;1;0;0;0;0
17/10/2019;08:11:00;154;Acidente sem vítima;255;BR-101/ES;Sul;Colisão Traseira;1;0;0;0;0;0;0;2;;;2;0;0;0;0
17/10/2019;10:57:00;225;Acidente sem vítima;242;BR-101/ES;Norte;Colisão Lateral;1;0;0;0;0;0;0;2;;;3;0;0;0;0
17/10/2019;11:51:00;263;Acidente sem vítima;149;BR-101/ES;Sul;Colisão Traseira;2;0;0;0;0;0;0;0;;;2;0;0;0;0
17/10/2019;12:46:00;300;Acidente sem vítima;0,8;BR-101/ES;Sul;Choque com Objeto Fixo;1;0;0;0;0;0;0;0;;;1;0;0;0;0
17/10/2019;13:18:00;314;Acidente sem vítima;271;BR-101/ES;Norte;Colisão Traseira;2;0;0;0;0;0;0;0;;;2;0;0;0;0
17/10/2019;16:57:00;379;Acidente sem vítima;146;BR-101/ES;Norte;Colisão Traseira;1;0;0;0;0;0;0;0;;;1;0;0;0;0