data;horario;n_da_ocorrencia;tipo_de_ocorrencia;km;trecho;sentido;tipo_de_acidente;automovel;bicicleta;caminhao;moto;onibus;outros;tracao_animal;transporte_de_cargas_especiais;trator_maquinas;utilitarios;ilesos;levemente_feridos;moderadamente_feridos;gravemente_feridos;mortos
01/03/2014;15:22:00;352;Acidente com morte;94;BR-101/ES;Norte;Engavetamento;2;0;0;1;0;0;;;;;3;0;0;0;1
01/03/2014;16:15:00;369;Acidente sem Vítima;107,5;BR-101/ES;Sul;Colisão Traseira;1;0;1;0;0;0;;;;;6;0;0;0;0
01/03/2014;02:46:00;36;Acidente sem Vítima;124,5;BR-101/ES;Norte;Colisão Traseira;1;0;0;0;1;0;;;;;0;0;0;0;0
01/03/2014;08:51:00;159;Acidente sem Vítima;125;BR-101/ES;Norte;Colisão Lateral;2;0;0;0;0;0;;;;;2;0;0;0;0
01/03/2014;18:29:00;421;Acidente sem Vítima;130;BR-101/ES;Sul;Engavetamento;3;0;0;0;0;0;;;;;3;0;0;0;0
01/03/2014;17:31:00;405;Acidente com vítima;146;BR-101/ES;Norte;Colisão;2;0;0;0;0;0;;;;;3;3;1;0;0
01/03/2014;06:35:00;98;Acidente com vítima;173;BR-101/ES;Norte;Colisão Lateral;1;0;1;0;0;0;;;;;4;1;0;0;0
01/03/2014;03:30:00;57;Acidente com vítima;191;BR-101/ES;Sul;Saída de Pista;1;0;0;0;0;0;;;;;1;0;1;0;0
01/03/2014;14:39:00;334;Acidente sem Vítima;205;BR-101/ES;Norte;Engavetamento;4;0;0;0;0;0;;;;;15;0;0;0;0
01/03/2014;13:05:00;281;Acidente sem Vítima;228;BR-101/ES;Sul;Engavetamento;3;0;0;0;0;0;;;;;7;0;0;0;0
01/03/2014;08:37:00;151;Acidente com vítima;230,8;BR-101/ES;Norte;Colisão Traseira;1;0;0;1;0;0;;;;;1;1;0;0;0
01/03/2014;06:27:00;97;Acidente sem Vítima;255;BR-101/ES;Norte;Engavetamento;0;0;0;0;0;1;;;;;8;0;0;0;0
01/03/2014;09:14:00;165;Acidente com vítima;261;BR-101/ES;Norte;Queda de Moto;0;0;0;1;0;0;;;;;0;0;1;0;0
01/03/2014;04:16:00;68;Acidente com vítima;264;BR-101/ES;Sul;Colisão Traseira;2;0;1;0;0;0;;;;;2;1;0;0;0
01/03/2014;22:48:00;518;Acidente com vítima;298;BR-101/ES;Sul;Saída de Pista;1;0;0;0;0;0;;;;;0;2;0;0;0
01/03/2014;11:16:00;243;Acidente sem Vítima;321;BR-101/ES;Sul;Colisão Lateral;2;0;0;0;0;0;;;;;2;0;0;0;0
01/03/2014;13:25:00;292;Acidente sem Vítima;338;BR-101/ES;Sul;Saída de Pista;0;0;1;0;0;0;;;;;1;0;0;0;0
01/03/2014;14:37:00;333;Acidente sem Vítima;338,5;BR-101/ES;Norte;Colisão;0;0;0;0;0;1;;;;;0;0;0;0;0
01/03/2014;10:13:00;205;Acidente sem Vítima;377;BR-101/ES;Sul;Colisão Lateral;1;0;0;0;0;0;;;;;1;0;0;0;0
01/03/2014;04:04:00;66;Acidente sem Vítima;415;BR-101/ES;Sul;Saída de Pista;1;0;0;0;0;0;;;;;1;0;0;0;0
01/03/2014;07:29:00;110;Acidente sem Vítima;447;BR-101/ES;Norte;Choque na cancela;0;0;0;0;1;0;;;;;0;0;0;0;0
01/03/2014;23:12:00;523;Acidente com vítima;454,7;BR-101/ES;Sul;Capotamento;1;0;0;0;0;0;;;;;0;3;0;0;0
01/03/2014;07:53:00;125;Acidente com vítima;455;BR-101/ES;Sul;Colisão Traseira;1;0;1;0;0;0;;;;;2;1;0;0;0
02/03/2014;17:27:00;375;Acidente com morte;66;BR-101/ES;Norte;Queda de Moto;0;0;0;1;0;0;;;;;0;1;0;0;1
02/03/2014;15:21:00;331;Acidente com vítima;94;BR-101/ES;Sul;Queda de Moto;0;0;0;1;0;0;;;;;0;1;1;0;0
02/03/2014;01:49:00;19;Acidente com vítima;136,5;BR-101/ES;Norte;Capotamento;1;0;0;0;0;0;;;;;0;0;1;0;0
02/03/2014;07:02:00;82;Acidente sem Vítima;164;BR-101/ES;Sul;Saída de Pista;2;0;0;0;0;0;;;;;3;0;0;0;0
02/03/2014;14:56:00;318;Acidente com vítima;166;BR-101/ES;Norte;Colisão Traseira;2;0;0;0;0;0;;;;;1;0;1;0;0
02/03/2014;11:04:00;212;Acidente sem Vítima;236;BR-101/ES;Sul;Colisão Traseira;2;0;0;0;0;0;;;;;7;0;0;0;0
02/03/2014;23:02:00;503;Acidente sem Vítima;239;BR-101/ES;Norte;Veículo em Chamas;1;0;0;0;0;0;;;;;0;0;0;0;0
02/03/2014;19:00:00;402;Acidente com vítima;243;BR-101/ES;Sul;Colisão Traseira;2;0;0;0;0;0;;;;;3;1;0;0;0
02/03/2014;09:37:00;162;Acidente sem Vítima;244;BR-101/ES;Norte;Colisão Lateral;0;0;1;0;1;0;;;;;1;0;0;0;0
02/03/2014;20:35:00;444;Acidente com vítima;264;BR-101/ES;Norte;Colisão Lateral;1;0;0;1;0;0;;;;;5;0;1;0;0
02/03/2014;10:52:00;199;Acidente sem Vítima;268;BR-101/ES;Sul;Colisão Lateral;1;0;1;0;0;0;;;;;2;0;0;0;0
02/03/2014;11:25:00;226;Acidente sem Vítima;268;BR-101/ES;Norte;Saída de Pista;1;0;0;0;0;0;;;;;1;0;0;0;0
02/03/2014;07:08:00;86;Acidente com morte;270;BR-101/ES;Norte;Colisão Traseira;1;0;1;0;0;0;;;;;2;1;0;0;1
02/03/2014;23:07:00;505;Acidente com vítima;270;BR-101/ES;Sul;Queda de Moto;0;0;0;0;0;1;;;;;0;1;0;0;0
02/03/2014;20:15:00;431;Acidente sem Vítima;298,5;BR-101/ES;Norte;Colisão Lateral;1;0;0;0;0;0;;;;;2;0;0;0;0
02/03/2014;15:01:00;321;Acidente sem Vítima;312,5;BR-101/ES;Sul;Saída de Pista;1;0;0;0;0;0;;;;;1;0;0;0;0
02/03/2014;01:56:00;21;Acidente com morte;322;BR-101/ES;Norte;Saída de Pista;1;0;0;0;0;0;;;;;2;0;0;0;1
02/03/2014;16:54:00;359;Acidente sem Vítima;327;BR-101/ES;Norte;Saída de Pista;1;0;0;0;0;0;;;;;1;0;0;0;0
02/03/2014;14:04:00;308;Acidente sem Vítima;361;BR-101/ES;Sul;Saída de Pista;1;0;0;0;0;0;;;;;1;0;0;0;0
02/03/2014;17:50:00;379;Acidente com vítima;393;BR-101/ES;Sul;Colisão Traseira;2;0;0;0;0;0;;;;;3;1;0;0;0
02/03/2014;12:20:00;266;Acidente sem Vítima;401;BR-101/ES;Sul;Saída de Pista;1;0;0;0;0;0;;;;;0;0;0;0;0
02/03/2014;20:35:00;442;Acidente com vítima;431;BR-101/ES;Sul;Saída de Pista;1;0;0;0;0;0;;;;;0;0;1;0;0
03/03/2014;16:44:00;490;Acidente sem Vítima;97;BR-101/ES;Sul;Veículo em Chamas;1;0;0;0;0;0;;;;;0;0;0;0;0
03/03/2014;12:00:00;365;Acidente com vítima;104;BR-101/ES;Norte;Queda de Moto;0;0;0;1;0;0;;;;;0;1;0;0;0
03/03/2014;17:53:00;525;Acidente sem Vítima;140;BR-101/ES;Norte;Colisão Lateral;2;0;0;0;0;0;;;;;2;0;0;0;0
03/03/2014;00:15:00;7;Acidente sem Vítima;176;BR-101/ES;Norte;Colisão Traseira;2;0;0;0;0;0;;;;;9;0;0;0;0
03/03/2014;11:28:00;341;Acidente com vítima;203;BR-101/ES;Norte;Queda de Moto;0;0;0;1;0;0;;;;;0;1;0;0;0
03/03/2014;19:09:00;555;Acidente sem Vítima;258;BR-101/ES;Sul;Choque com Veículo Estacionado;2;0;0;0;0;0;;;;;0;0;0;0;0
03/03/2014;11:01:00;323;Acidente com vítima;299;BR-101/ES;Norte;Queda de Moto;0;0;0;1;0;0;;;;;0;1;0;0;0
03/03/2014;18:41:00;544;Acidente com vítima;324;BR-101/ES;Norte;Colisão Frontal;2;0;0;0;0;0;;;;;0;2;0;0;0
03/03/2014;07:57:00;188;Acidente com vítima;327;BR-101/ES;Norte;Queda de Moto;0;0;0;1;0;0;;;;;0;1;0;0;0
03/03/2014;05:15:00;134;Acidente com vítima;424;BR-101/ES;Sul;Choque com Objeto Fixo;0;0;0;0;1;0;;;;;0;2;2;0;0
04/03/2014;09:06:00;218;Acidente com morte;14;BR-101/ES;Norte;Saída de Pista;1;0;0;0;0;0;;;;;4;0;0;0;6
04/03/2014;15:47:00;376;Acidente com vítima;27;BR-101/ES;Sul;Capotamento;1;0;0;0;0;0;;;;;2;3;0;0;0
04/03/2014;16:09:00;387;Acidente com vítima;27;BR-101/ES;Sul;Queda de Moto;1;0;0;0;0;0;;;;;1;1;0;0;0
04/03/2014;20:58:00;486;Atropelamento sem Morte;80;BR-101/ES;Norte;Atropelamento;0;0;0;0;0;1;;;;;0;0;1;0;0
04/03/2014;15:55:00;377;Acidente sem Vítima;124;BR-101/ES;Sul;Colisão Traseira;2;0;0;0;0;0;;;;;2;0;0;0;0
04/03/2014;01:20:00;58;Acidente sem Vítima;151;BR-101/ES;Norte;Colisão Lateral;2;0;0;0;0;0;;;;;2;0;0;0;0
04/03/2014;14:52:00;366;Acidente com vítima;177;BR-101/ES;Norte;Colisão Frontal;5;0;0;0;0;0;;;;;1;1;3;0;0
04/03/2014;12:38:00;325;Acidente sem Vítima;178;BR-101/ES;Norte;Capotamento;1;0;0;0;0;0;;;;;4;0;0;0;0
04/03/2014;10:05:00;246;Acidente sem Vítima;204;BR-101/ES;Norte;Engavetamento;4;0;0;0;0;0;;;;;4;0;0;0;0
04/03/2014;15:17:00;370;Acidente sem Vítima;240;BR-101/ES;Norte;Colisão Traseira;1;0;0;0;0;0;;;;;0;0;0;0;0
04/03/2014;16:50:00;400;Acidente com vítima;253;BR-101/ES;Sul;Engavetamento;3;0;0;0;0;0;;;;;12;2;0;0;0
04/03/2014;19:44:00;447;Acidente sem Vítima;254;BR-101/ES;Sul;Abalroamento - Mesmo Sentido;1;0;0;0;0;0;;;;;0;0;0;0;0
04/03/2014;11:59:00;306;Acidente com vítima;319;BR-101/ES;Norte;Queda de Moto;0;0;0;1;0;0;;;;;0;1;0;0;0
04/03/2014;07:11:00;177;Acidente com vítima;387;BR-101/ES;Sul;Saída de Pista;1;0;0;0;0;0;;;;;13;2;0;0;0
05/03/2014;17:46:00;410;Acidente sem Vítima;21,1;BR-101/ES;Norte;Saída de Pista;1;0;0;0;0;0;;;;;2;0;0;0;0
05/03/2014;06:34:00;182;Acidente sem Vítima;32;BR-101/ES;Norte;Colisão Traseira;2;0;0;0;0;0;;;;;7;0;0;0;0
05/03/2014;11:29:00;281;Acidente sem Vítima;60;BR-101/ES;Sul;Engavetamento;3;0;0;0;0;0;;;;;7;0;0;0;0
05/03/2014;11:28:00;280;Acidente com vítima;76;BR-101/ES;Norte;Saída de Pista;1;0;0;0;0;0;;;;;0;1;0;0;0
05/03/2014;17:07:00;399;Acidente sem Vítima;102;BR-101/ES;Sul;Colisão Traseira;2;0;0;0;0;0;;;;;4;0;0;0;0
05/03/2014;10:04:00;244;Acidente sem Vítima;123;BR-101/ES;Norte;Colisão Traseira;2;0;0;0;0;0;;;;;2;0;0;0;0
05/03/2014;13:20:00;332;Acidente com vítima;125;BR-101/ES;Norte;Engavetamento;6;0;1;0;0;0;;;;;5;1;1;1;0
05/03/2014;03:52:00;121;Acidente sem Vítima;140;BR-101/ES;Sul;Capotamento;1;0;0;0;0;0;;;;;6;0;0;0;0
05/03/2014;11:27:00;277;Acidente sem Vítima;201,7;BR-101/ES;Sul;Colisão Lateral;1;0;0;0;0;0;;;;;1;0;0;0;0
05/03/2014;11:12:00;271;Acidente sem Vítima;228;BR-101/ES;Sul;Colisão Traseira;2;0;0;0;0;0;;;;;6;0;0;0;0
05/03/2014;17:04:00;398;Acidente com vítima;265;BR-101/ES;Sul;Queda de Moto;0;0;0;1;0;0;;;;;0;0;1;0;0
05/03/2014;03:32:00;115;Acidente com Morte;266;BR-101/ES;Sul;Choque com Objeto Fixo;1;0;0;0;0;0;;;;;0;0;0;0;0
05/03/2014;11:02:00;263;Acidente sem Vítima;302;BR-101/ES;Norte;Engavetamento;3;0;0;0;0;0;;;;;3;0;0;0;0
05/03/2014;16:28:00;388;Acidente sem Vítima;307;BR-101/ES;Norte;Colisão Traseira;0;0;2;0;0;0;;;;;2;0;0;0;0
05/03/2014;16:08:00;380;Acidente sem Vítima;311;BR-101/ES;Norte;Colisão Traseira;3;0;0;0;0;0;;;;;8;0;0;0;0
05/03/2014;15:01:00;352;Acidente sem Vítima;370,5;BR-101/ES;Sul;Colisão Lateral;1;0;0;0;0;0;;;;;3;0;0;0;0
05/03/2014;14:37:00;346;Acidente sem Vítima;385;BR-101/ES;Sul;Colisão;1;0;0;0;0;0;;;;;3;0;0;0;0
05/03/2014;06:22:00;179;Acidente com vítima;388,4;BR-101/ES;Norte;Tombamento;0;0;2;0;0;0;;;;;0;0;1;0;0
05/03/2014;15:33:00;359;Acidente com vítima;458;BR-101/ES;Norte;Colisão Lateral;2;0;0;0;0;0;;;;;6;0;2;0;0
06/03/2014;14:29:00;419;Acidente com vítima;57;BR-101/ES;Sul;Tombamento;0;0;2;0;0;0;;;;;4;2;0;0;0
06/03/2014;12:01:00;349;Acidente com vítima;74,8;BR-101/ES;Sul;Saída de Pista;1;0;0;0;0;0;;;;;0;5;0;0;0
06/03/2014;08:16:00;196;Acidente sem Vítima;148;BR-101/ES;Norte;Tombamento;0;0;1;0;0;0;;;;;1;0;0;0;0
06/03/2014;07:01:00;159;Acidente com Morte;162;BR-101/ES;Norte;Colisão Frontal;0;0;1;1;0;0;;;;;1;0;0;0;1
06/03/2014;06:01:00;149;Acidente com vítima;163;BR-101/ES;Sul;Colisão Lateral;1;0;0;1;0;0;;;;;1;0;1;0;0
06/03/2014;07:57:00;178;Acidente sem Vítima;264,8;BR-101/ES;Norte;Abalroamento - Mesmo Sentido;1;0;0;0;0;0;;;;;1;0;0;0;0
06/03/2014;21:55:00;567;Acidente sem Vítima;361;BR-101/ES;Sul;Veículo em Chamas;0;0;0;0;1;0;;;;;1;0;0;0;0
06/03/2014;21:02:00;549;Acidente com vítima;390;BR-101/ES;Norte;Queda de Moto;0;0;0;1;0;0;;;;;0;2;0;0;0
06/03/2014;13:52:00;404;Acidente com Morte;417;BR-101/ES;Norte;Saída de Pista;0;0;1;0;0;0;;;;;0;1;0;0;0
06/03/2014;02:09:00;66;Acidente sem Vítima;449;BR-101/ES;Norte;Saída de Pista;1;0;0;0;0;0;;;;;5;0;0;0;0
07/03/2014;18:57:00;475;Acidente com vítima;62;BR-101/ES;Norte;Queda de Moto;0;0;0;1;0;0;;;;;0;1;0;0;0
07/03/2014;07:29:00;165;Acidente sem Vítima;70;BR-101/ES;Norte;Colisão Traseira;2;0;0;0;0;0;;;;;2;0;0;0;0
07/03/2014;01:50:00;59;Acidente sem Vítima;124;BR-101/ES;Sul;Atropelamento - Animal;1;0;0;0;0;0;;;;;1;0;0;0;0
07/03/2014;19:28:00;494;Acidente com vítima;258;BR-101/ES;Norte;Choque com Objeto Fixo;0;0;2;0;0;0;;;;;0;1;0;0;0
07/03/2014;05:21:00;148;Acidente sem Vítima;267;BR-101/ES;Norte;Engavetamento;2;0;0;0;0;0;;;;;2;0;0;0;0
07/03/2014;21:23:00;531;Acidente sem Vítima;270;BR-101/ES;Norte;Colisão Traseira;2;0;0;0;0;0;;;;;2;0;0;0;0
07/03/2014;07:55:00;186;Acidente com vítima;270,5;BR-101/ES;Sul;Queda de Moto;0;0;0;1;0;0;;;;;0;1;0;0;0
07/03/2014;23:26:00;550;Acidente sem Vítima;335;BR-101/ES;Norte;Tombamento;0;0;1;0;0;0;;;;;1;0;0;0;0
07/03/2014;21:38:00;533;Acidente com vítima;338;BR-101/ES;Sul;Queda de Moto;0;0;0;1;0;0;;;;;0;1;0;1;0
07/03/2014;08:32:00;216;Acidente com vítima;450;BR-101/ES;Sul;Tombamento;0;0;1;0;0;0;;;;;0;3;0;0;0
07/03/2014;13:47:00;387;Acidente sem Vítima;450;BR-101/ES;Sul;Saída de Pista;1;0;0;0;0;0;;;;;1;0;0;0;0
07/03/2014;09:35:00;247;Acidente sem Vítima;946,1;BR-101/BA;Norte;Colisão Traseira;0;0;1;0;1;0;;;;;2;0;0;0;0
08/03/2014;20:02:00;539;Acidente com vítima;46;BR-101/ES;Norte;Queda de Moto;0;0;0;1;0;0;;;;;1;1;0;0;0
08/03/2014;12:53:00;345;Acidente com vítima;123;BR-101/ES;Sul;Queda de Moto;0;0;0;1;0;0;;;;;0;0;1;0;0
08/03/2014;21:15:00;574;Acidente sem Vítima;146;BR-101/ES;Norte;Colisão;2;0;0;0;0;0;;;;;2;0;0;0;0
08/03/2014;15:04:00;392;Acidente sem Vítima;195;BR-101/ES;Norte;Saída de Pista;1;0;0;0;0;0;;;;;5;0;0;0;0
08/03/2014;06:04:00;117;Acidente sem Vítima;203;BR-101/ES;Sul;Choque com Objeto Fixo;1;0;0;0;0;0;;;;;5;0;0;0;0
08/03/2014;20:16:00;548;Acidente com vítima;258;BR-101/ES;Norte;Colisão Traseira;1;0;0;0;0;0;;;;;2;1;0;0;0
08/03/2014;22:36:00;590;Acidente sem Vítima;264;BR-101/ES;Norte;Colisão Lateral;1;0;0;0;1;0;;;;;2;0;0;0;0
08/03/2014;05:49:00;114;Acidente sem Vítima;318,5;BR-101/ES;Norte;Colisão Lateral;1;0;1;0;0;0;;;;;2;0;0;0;0
08/03/2014;08:06:00;162;Acidente sem Vítima;355;BR-101/ES;Sul;Colisão Traseira;2;0;0;0;0;0;;;;;4;0;0;0;0
08/03/2014;20:52:00;565;Acidente com morte;408;BR-101/ES;Sul;Tombamento;0;0;2;0;0;0;;;;;0;1;0;0;1
08/03/2014;18:42:00;496;Acidente sem Vítima;426;BR-101/ES;Norte;Queda de Moto;0;0;0;1;0;0;;;;;1;0;0;0;0
09/03/2014;21:09:00;516;Acidente com Morte;99;BR-101/ES;Sul;Colisão Frontal;2;0;0;0;0;0;;;;;0;1;1;0;0
09/03/2014;05:23:00;78;Acidente sem Vítima;122;BR-101/ES;Sul;Queda de Moto;0;0;0;1;0;0;;;;;1;0;0;0;0
09/03/2014;20:53:00;508;Acidente com vítima;141;BR-101/ES;Sul;Queda de Moto;0;0;0;1;0;0;;;;;0;0;0;1;0
09/03/2014;23:06:00;542;Acidente sem Vítima;215;BR-101/ES;Sul;Colisão Traseira;1;0;0;0;1;0;;;;;2;0;0;0;0
09/03/2014;17:47:00;429;Acidente com vítima;220;BR-101/ES;Sul;Saída de Pista;1;0;0;0;0;0;;;;;0;1;0;0;0
09/03/2014;14:22:00;334;Atropelamento sem Morte;231;BR-101/ES;Sul;Atropelamento;0;0;0;0;0;1;;;;;0;1;0;0;0
09/03/2014;18:15:00;445;Acidente sem Vítima;254;BR-101/ES;Sul;Colisão Lateral;2;0;0;0;0;0;;;;;2;0;0;0;0
09/03/2014;12:03:00;275;Acidente sem Vítima;258;BR-101/ES;Sul;Colisão Traseira;1;0;1;0;0;0;;;;;2;0;0;0;0
09/03/2014;18:30:00;452;Atropelamento sem Morte;264;BR-101/ES;Norte;Atropelamento;1;0;0;0;0;0;;;;;1;1;0;0;0
09/03/2014;16:02:00;373;Acidente sem Vítima;265;BR-101/ES;Norte;Colisão Traseira;2;0;0;0;0;0;;;;;4;0;0;0;0
09/03/2014;01:57:00;27;Acidente com vítima;266;BR-101/ES;Norte;Colisão Lateral;1;0;0;1;0;0;;;;;1;0;1;0;0
09/03/2014;08:08:00;133;Acidente com vítima;266;BR-101/ES;Norte;Queda de Moto;1;0;0;0;0;0;;;;;0;1;0;0;0
09/03/2014;18:39:00;458;Acidente com morte;311;BR-101/ES;Sul;Colisão Frontal;2;0;0;0;0;0;;;;;0;2;2;1;1
09/03/2014;08:39:00;153;Acidente com vítima;326;BR-101/ES;Sul;Colisão Frontal;1;0;1;0;0;0;;;;;1;2;0;0;0
09/03/2014;16:59:00;403;Acidente sem Vítima;361;BR-101/ES;Norte;Colisão Traseira;2;0;0;0;0;0;;;;;3;0;0;0;0
09/03/2014;12:09:00;278;Acidente sem Vítima;376;BR-101/ES;Sul;Colisão Traseira;2;0;0;0;0;0;;;;;2;0;0;0;0
09/03/2014;12:46:00;296;Acidente sem Vítima;376;BR-101/ES;Sul;Colisão Traseira;0;0;2;0;0;0;;;;;2;0;0;0;0
10/03/2014;10:30:00;242;Acidente sem Vítima;117;BR-101/ES;Norte;Colisão Traseira;2;0;0;0;0;0;;;;;2;0;0;0;0
10/03/2014;20:24:00;531;Acidente com vítima;137;BR-101/ES;Sul;Capotamento;1;0;0;0;0;0;;;;;1;0;1;1;0
10/03/2014;05:36:00;66;Atropelamento com Morte;143;BR-101/ES;Norte;Atropelamento;1;0;0;0;0;0;;;;;0;1;0;0;0
10/03/2014;20:30:00;533;Acidente sem Vítima;218;BR-101/ES;Sul;Atropelamento - Animal;1;0;0;0;0;0;;;;;0;0;0;0;0
10/03/2014;07:11:00;86;Acidente sem Vítima;254;BR-101/ES;Sul;Colisão Traseira;1;0;1;0;0;0;;;;;3;0;0;0;0
10/03/2014;05:53:00;69;Acidente sem Vítima;255;BR-101/ES;Norte;Colisão Lateral;1;0;0;0;1;0;;;;;2;0;0;0;0
10/03/2014;18:13:00;461;Acidente sem Vítima;266,7;BR-101/ES;Sul;Colisão Traseira;2;0;0;0;0;0;;;;;2;0;0;0;0
10/03/2014;11:43:00;292;Acidente sem Vítima;269;BR-101/ES;Norte;Engavetamento;3;0;0;0;0;0;;;;;3;0;0;0;0
10/03/2014;16:43:00;422;Acidente sem Vítima;269;BR-101/ES;Norte;Colisão Lateral;1;0;1;0;0;0;;;;;5;0;0;0;0
10/03/2014;21:13:00;553;Acidente com vítima;270;BR-101/ES;Sul;Colisão Traseira;1;0;0;1;0;0;;;;;1;1;0;0;0
10/03/2014;22:22:00;577;Acidente sem Vítima;270;BR-101/ES;Norte;Colisão Lateral;1;0;1;0;0;0;;;;;2;0;0;0;0
10/03/2014;12:28:00;327;Acidente sem Vítima;302;BR-101/ES;Sul;Colisão Lateral;0;0;2;0;0;0;;;;;2;0;0;0;0
10/03/2014;03:52:00;56;Acidente com vítima;394;BR-101/ES;Norte;Queda de Moto;0;0;0;1;0;0;;;;;0;1;0;0;0
11/03/2014;18:38:00;601;Acidente sem Vítima;48;BR-101/ES;Norte;Colisão Transversal;2;0;0;0;0;0;;;;;3;0;0;0;0
11/03/2014;15:59:00;532;Acidente sem Vítima;100;BR-101/ES;Sul;Colisão Traseira;1;0;1;0;0;0;;;;;4;0;0;0;0
11/03/2014;17:41:00;581;Acidente com vítima;128;BR-101/ES;Norte;Colisão;1;0;0;1;0;1;;;;;3;1;2;0;0
11/03/2014;15:23:00;517;Acidente sem Vítima;143,5;BR-101/ES;Norte;Colisão Lateral;1;0;1;0;0;0;;;;;3;0;0;0;0
11/03/2014;14:03:00;494;Acidente sem Vítima;230;BR-101/ES;Sul;Colisão Traseira;2;0;0;0;0;0;;;;;2;0;0;0;0
11/03/2014;06:14:00;161;Acidente com vítima;265,5;BR-101/ES;Norte;Abalroamento - Mesmo Sentido;1;0;0;1;0;0;;;;;0;0;1;0;0
11/03/2014;05:34:00;144;Acidente sem Vítima;323;BR-101/ES;Norte;Capotamento;1;0;0;0;0;0;;;;;1;0;0;0;0
11/03/2014;14:51:00;508;Acidente sem Vítima;329;BR-101/ES;Norte;Tombamento;0;0;1;0;0;0;;;;;1;0;0;0;0
11/03/2014;16:10:00;536;Acidente sem Vítima;380;BR-101/ES;Norte;Saída de Pista;1;0;0;0;0;0;;;;;1;0;0;0;0
12/03/2014;19:12:00;500;Atropelamento sem Morte;90;BR-101/ES;Norte;Atropelamento;1;0;0;0;0;0;;;;;1;0;1;0;0
12/03/2014;23:12:00;586;Acidente com vítima;208;BR-101/ES;Sul;Abalroamento - Sentido Oposto;0;0;2;0;0;0;;;;;0;1;0;0;0
12/03/2014;17:56:00;475;Acidente sem Vítima;264;BR-101/ES;Norte;Abalroamento - Transversal;1;0;2;0;0;0;;;;;2;0;0;0;0
12/03/2014;10:16:00;257;Atropelamento sem Morte;269;BR-101/ES;Sul;Atropelamento;0;0;0;1;0;0;;;;;0;1;0;0;0
12/03/2014;20:14:00;533;Acidente sem Vítima;270;BR-101/ES;Norte;Colisão Lateral;1;0;0;0;0;0;;;;;2;0;0;0;0
12/03/2014;06:05:00;163;Acidente sem Vítima;298;BR-101/ES;Norte;Colisão Traseira;1;0;1;0;0;0;;;;;2;0;0;0;0
12/03/2014;15:40:00;414;Acidente sem Vítima;382;BR-101/ES;Norte;Saída de Pista;1;0;0;0;0;0;;;;;1;0;0;0;0
12/03/2014;13:38:00;366;Acidente sem Vítima;430;BR-101/ES;Norte;Saída de Pista;1;0;0;0;0;0;;;;;1;0;0;0;0
13/03/2014;19:26:00;471;Acidente com Morte;171;BR-101/ES;Sul;Saída de Pista;0;0;1;0;0;0;;;;;0;0;0;0;0
13/03/2014;05:55:00;160;Acidente com vítima;244;BR-101/ES;Norte;Colisão Traseira;1;0;1;0;0;0;;;;;1;2;0;0;0
13/03/2014;08:27:00;205;Acidente com morte;253;BR-101/ES;Sul;Queda de Moto;0;0;0;1;0;0;;;;;1;0;0;0;1
13/03/2014;10:08:00;241;Acidente sem Vítima;266;BR-101/ES;Sul;Colisão Traseira;1;0;0;0;0;0;;;;;0;0;0;0;0
13/03/2014;13:43:00;340;Acidente sem Vítima;267;BR-101/ES;Norte;Colisão Traseira;0;0;2;1;0;0;;;;;1;0;0;0;0
13/03/2014;18:27:00;449;Acidente sem Vítima;267,5;BR-101/ES;Sul;Colisão Traseira;2;0;0;0;0;0;;;;;2;0;0;0;0
13/03/2014;15:08:00;360;Acidente sem Vítima;270;BR-101/ES;Sul;Abalroamento - Mesmo Sentido;1;0;2;0;0;0;;;;;2;0;0;0;0
13/03/2014;05:13:00;145;Acidente sem Vítima;316;BR-101/ES;Sul;Saída de Pista;1;0;0;0;0;0;;;;;3;0;0;0;0
13/03/2014;11:03:00;263;Acidente com Morte;368,5;BR-101/ES;Norte;Saída de Pista;1;0;1;0;0;1;;;;;3;1;0;0;0
14/03/2014;09:06:00;236;Acidente sem Vítima;17,4;BR-101/ES;Norte;Saída de Pista;1;0;0;0;0;0;;;;;2;0;0;0;0
14/03/2014;09:04:00;235;Acidente sem Vítima;44;BR-101/ES;Norte;Colisão Traseira;2;0;0;0;0;0;;;;;2;0;0;0;0
14/03/2014;07:51:00;179;Atropelamento sem Morte;67;BR-101/ES;Norte;Atropelamento;0;0;1;0;0;0;;;;;1;0;0;0;0
14/03/2014;23:28:00;547;Acidente sem Vítima;144;BR-101/ES;Norte;Choque com Objeto Fixo;1;0;0;0;0;0;;;;;2;0;0;0;0
14/03/2014;19:15:00;462;Acidente com vítima;156;BR-101/ES;Norte;Queda de Moto;0;0;0;1;0;0;;;;;0;0;1;0;0
14/03/2014;14:42:00;399;Acidente sem Vítima;168;BR-101/ES;Norte;Colisão Traseira;1;0;0;1;0;0;;;;;2;0;0;0;0
14/03/2014;18:58:00;452;Acidente com vítima;186;BR-101/ES;Sul;Capotamento;1;0;1;0;0;0;;;;;1;1;1;0;0
14/03/2014;23:56:00;558;Acidente com vítima;207;BR-101/ES;Sul;Saída de Pista;3;0;0;0;0;0;;;;;2;0;3;0;0
14/03/2014;12:46:00;359;Acidente sem Vítima;229,5;BR-101/ES;Sul;Colisão Traseira;2;0;0;0;0;0;;;;;2;0;0;0;0
14/03/2014;08:37:00;213;Acidente sem Vítima;238;BR-101/ES;Sul;Queda de Moto;0;0;0;1;0;0;;;;;1;0;0;0;0