data;horario;n_da_ocorrencia;tipo_de_ocorrencia;km;trecho;sentido;tipo_de_acidente;automovel;bicicleta;caminhao;moto;onibus;outros;tracao_animal;transporte_de_cargas_especiais;trator_maquinas;utilitarios;ilesos;levemente_feridos;moderadamente_feridos;gravemente_feridos;mortos
14/03/2014;09:45:00;259;Acidente sem Vítima;265;BR-101/ES;Sul;Colisão Traseira;2;0;0;0;0;0;;;;;2;0;0;0;0
14/03/2014;19:16:00;463;Acidente sem Vítima;268;BR-101/ES;Norte;Colisão Traseira;2;0;0;0;0;0;;;;;2;0;0;0;0
14/03/2014;04:06:00;112;Acidente sem Vítima;314;BR-101/ES;Norte;Saída de Pista;1;0;0;0;0;0;;;;;2;0;0;0;0
14/03/2014;07:23:00;159;Acidente sem Vítima;315;BR-101/ES;Norte;Colisão Frontal;2;0;0;0;0;0;;;;;2;0;0;0;0
14/03/2014;14:29:00;397;Acidente com vítima;343;BR-101/ES;Norte;Capotamento;1;0;0;0;0;0;;;;;0;1;0;0;0
14/03/2014;02:15:00;78;Acidente sem Vítima;447;BR-101/ES;Norte;Saída de Pista;0;0;1;0;0;0;;;;;1;0;0;0;0
14/03/2014;21:29:00;515;Acidente sem Vítima;450;BR-101/ES;Sul;Colisão;0;0;1;0;0;0;;;;;1;0;0;0;0
15/03/2014;01:08:00;28;Acidente sem Vítima;63;BR-101/ES;Norte;Saída de Pista;1;0;0;0;0;0;;;;;2;0;0;0;0
15/03/2014;12:57:00;363;Acidente com vítima;66;BR-101/ES;Norte;Colisão Traseira;1;0;0;1;0;0;;;;;1;1;0;0;0
15/03/2014;10:49:00;278;Acidente sem Vítima;124;BR-101/ES;Norte;Colisão Traseira;1;0;2;0;0;0;;;;;4;0;0;0;0
15/03/2014;05:09:00;111;Acidente sem Vítima;149;BR-101/ES;Sul;Colisão;0;0;0;1;0;0;;;;;0;0;0;0;0
15/03/2014;07:44:00;170;Acidente com vítima;162;BR-101/ES;Norte;Tombamento;1;0;0;0;0;0;;;;;1;0;1;0;0
15/03/2014;08:58:00;223;Acidente sem Vítima;190;BR-101/ES;Norte;Colisão Lateral;2;0;0;0;0;0;;;;;5;0;0;0;0
15/03/2014;08:10:00;186;Acidente sem Vítima;259;BR-101/ES;Sul;Atropelamento - Equino;1;0;0;0;0;0;;;;;1;0;0;0;0
15/03/2014;23:33:00;587;Acidente com vítima;264;BR-101/ES;Norte;Colisão Lateral;2;0;0;0;0;0;;;;;3;1;0;0;0
15/03/2014;17:22:00;475;Acidente sem Vítima;267;BR-101/ES;Norte;Engavetamento;4;0;0;0;0;0;;;;;4;0;0;0;0
15/03/2014;09:36:00;238;Acidente sem Vítima;270;BR-101/ES;Norte;Colisão Traseira;1;0;1;0;0;0;;;;;2;0;0;0;0
15/03/2014;16:52:00;463;Acidente sem Vítima;298;BR-101/ES;Sul;Engavetamento;2;0;1;0;0;0;;;;;3;0;0;0;0
15/03/2014;08:49:00;217;Acidente sem Vítima;365;BR-101/ES;Sul;Engavetamento;2;0;1;0;0;0;;;;;4;0;0;0;0
15/03/2014;10:23:00;269;Acidente sem Vítima;368;BR-101/ES;Norte;Colisão Lateral;1;0;1;0;0;0;;;;;2;0;0;0;0
15/03/2014;07:33:00;160;Acidente sem Vítima;432,5;BR-101/ES;Sul;Saída de Pista;1;0;1;0;0;0;;;;;4;0;0;0;0
16/03/2014;19:00:00;484;Acidente com vítima;2;BR-101/ES;Sul;Queda de Moto;0;0;0;1;0;0;;;;;0;0;1;0;0
16/03/2014;12:13:00;303;Acidente com vítima;28;BR-101/ES;Sul;Queda de Moto;0;0;0;0;0;1;;;;;0;1;0;0;0
16/03/2014;05:25:00;120;Atropelamento com Morte;66;BR-101/ES;Sul;Atropelamento;1;0;0;0;0;0;;;;;0;0;0;0;0
16/03/2014;05:01:00;114;Acidente sem Vítima;124;BR-101/ES;Sul;Abalroamento - Mesmo Sentido;1;0;0;0;0;0;;;;;1;0;0;0;0
16/03/2014;07:59:00;161;Acidente sem Vítima;149;BR-101/ES;Sul;Colisão Traseira;1;0;1;0;0;0;;;;;3;0;0;0;0
16/03/2014;15:06:00;394;Acidente com vítima;197;BR-101/ES;Norte;Saída de Pista;1;0;0;0;0;0;;;;;0;3;1;0;0
16/03/2014;20:31:00;527;Acidente sem Vítima;203,4;BR-101/ES;Sul;Saída de Pista;1;0;0;0;0;0;;;;;2;0;0;0;0
16/03/2014;18:24:00;472;Acidente com vítima;251;BR-101/ES;Sul;Engavetamento;3;0;0;0;0;0;;;;;2;2;0;0;0
16/03/2014;04:28:00;101;Acidente sem Vítima;253;BR-101/ES;Norte;Queda de Moto;0;0;0;0;0;1;;;;;0;0;0;0;0
16/03/2014;17:41:00;449;Acidente com vítima;266;BR-101/ES;Sul;Colisão Traseira;1;0;0;0;1;0;;;;;1;2;0;0;0
16/03/2014;18:10:00;464;Acidente com vítima;267,5;BR-101/ES;Sul;Queda de Moto;0;0;0;1;0;0;;;;;0;1;0;0;0
16/03/2014;19:25:00;495;Acidente sem Vítima;270;BR-101/ES;Sul;Engavetamento;2;0;3;0;0;0;;;;;4;0;0;0;0
16/03/2014;03:12:00;72;Acidente com vítima;298;BR-101/ES;Sul;Choque com Objeto Fixo;1;0;0;0;0;0;;;;;0;1;0;0;0
16/03/2014;15:48:00;405;Acidente sem Vítima;326,5;BR-101/ES;Sul;Choque com Objeto Fixo;2;0;0;0;0;0;;;;;5;0;0;0;0
16/03/2014;19:59:00;509;Acidente sem Vítima;328;BR-101/ES;Sul;Saída de Pista;1;0;0;0;0;0;;;;;1;0;0;0;0
16/03/2014;05:07:00;116;Acidente sem Vítima;396;BR-101/ES;Sul;Queda de Moto;1;0;0;1;0;0;;;;;0;0;0;0;0
16/03/2014;00:46:00;14;Acidente sem Vítima;396,5;BR-101/ES;Sul;Atropelamento - Equino;1;0;0;0;0;0;;;;;1;0;0;0;0
16/03/2014;18:53:00;480;Acidente com vítima;400;BR-101/ES;Sul;Colisão Traseira;1;0;0;1;0;0;;;;;1;1;0;0;0
17/03/2014;14:39:00;374;Acidente sem Vítima;51;BR-101/ES;Sul;Colisão Traseira;2;0;0;0;0;0;;;;;7;0;0;0;0
17/03/2014;08:12:00;138;Acidente sem Vítima;147;BR-101/ES;Norte;Colisão Transversal;1;0;1;0;0;0;;;;;3;0;0;0;0
17/03/2014;14:16:00;366;Acidente com vítima;218;BR-101/ES;Sul;Colisão Frontal;1;0;1;0;0;0;;;;;1;2;0;0;0
17/03/2014;07:16:00;105;Acidente sem Vítima;265;BR-101/ES;Sul;Engavetamento;3;0;0;0;0;0;;;;;2;0;0;0;0
17/03/2014;11:56:00;281;Acidente com morte;266;BR-101/ES;Sul;Colisão Lateral;1;0;1;0;0;0;;;;;2;0;0;0;2
17/03/2014;16:01:00;390;Acidente com vítima;266;BR-101/ES;Norte;Colisão Traseira;0;0;2;1;0;0;;;;;2;1;0;0;0
17/03/2014;16:46:00;402;Acidente com morte;266;BR-101/ES;Norte;Colisão Traseira;2;0;0;0;0;0;;;;;2;0;0;0;1
17/03/2014;08:44:00;164;Acidente sem Vítima;298;BR-101/ES;Sul;Colisão Lateral;0;0;2;0;0;0;;;;;2;0;0;0;0
17/03/2014;15:25:00;385;Acidente sem Vítima;327;BR-101/ES;Sul;Colisão Traseira;1;0;0;0;0;0;;;;;1;0;0;0;0
17/03/2014;14:56:00;378;Acidente sem Vítima;335;BR-101/ES;Norte;Tombamento;0;0;1;0;0;0;;;;;1;0;0;0;0
17/03/2014;14:59:00;379;Acidente sem Vítima;400;BR-101/ES;Sul;Atropelamento - Bovino;0;0;0;0;0;1;;;;;0;0;0;0;0
17/03/2014;18:35:00;443;Acidente sem Vítima;951,1;BR-101/BA;Sul;Capotamento;1;0;0;0;0;0;;;;;1;0;0;0;0
17/03/2014;21:52:00;532;Atropelamento com Morte;956,3;BR-101/BA;Norte;Atropelamento;0;0;1;0;0;0;;;;;0;0;0;0;0
18/03/2014;22:39:00;611;Acidente com vítima;18,5;BR-101/ES;Norte;Colisão Frontal;1;0;0;1;0;0;;;;;1;1;1;0;0
18/03/2014;23:59:00;626;Acidente sem Vítima;143;BR-101/ES;Norte;Colisão Lateral;2;0;0;0;0;0;;;;;2;0;0;0;0
18/03/2014;12:32:00;357;Acidente sem Vítima;151;BR-101/ES;Norte;Colisão Traseira;2;0;0;0;0;0;;;;;2;0;0;0;0
18/03/2014;15:28:00;429;Acidente sem Vítima;152;BR-101/ES;Sul;Colisão Traseira;1;0;0;0;0;0;;;;;1;0;0;0;0
18/03/2014;16:30:00;456;Acidente sem Vítima;162;BR-101/ES;Sul;Abalroamento - Mesmo Sentido;0;0;1;0;0;0;;;;;0;0;0;0;0
18/03/2014;09:12:00;208;Acidente sem Vítima;264;BR-101/ES;Sul;Colisão Traseira;1;0;1;0;0;0;;;;;0;0;0;0;0
18/03/2014;14:55:00;421;Acidente com vítima;267,5;BR-101/ES;Sul;Colisão Traseira;1;0;1;0;0;0;;;;;2;0;1;0;0
18/03/2014;23:10:00;617;Acidente sem Vítima;325,3;BR-101/ES;Sul;Saída de Pista;1;0;0;0;0;0;;;;;1;0;0;0;0
19/03/2014;08:55:00;248;Acidente sem Vítima;213;BR-101/ES;Norte;Colisão Traseira;2;0;0;0;0;0;;;;;2;0;0;0;0
19/03/2014;20:31:00;622;Atropelamento sem Morte;264;BR-101/ES;Norte;Atropelamento;1;0;0;1;0;0;;;;;2;1;0;0;0
19/03/2014;07:55:00;187;Acidente sem Vítima;265;BR-101/ES;Sul;Colisão Traseira;2;0;1;0;0;0;;;;;3;0;0;0;0
19/03/2014;11:50:00;366;Acidente sem Vítima;266;BR-101/ES;Sul;Colisão Traseira;1;0;1;0;0;0;;;;;2;0;0;0;0
19/03/2014;12:22:00;387;Acidente sem Vítima;268;BR-101/ES;Sul;Colisão Lateral;1;0;1;0;0;0;;;;;2;0;0;0;0
19/03/2014;08:04:00;193;Acidente sem Vítima;299;BR-101/ES;Sul;Colisão Traseira;1;0;1;0;0;0;;;;;3;0;0;0;0
19/03/2014;16:04:00;487;Acidente sem Vítima;361;BR-101/ES;Norte;Colisão Traseira;2;0;0;0;0;0;;;;;2;0;0;0;0
20/03/2014;10:06:00;245;Acidente sem Vítima;37;BR-101/ES;Norte;Colisão Lateral;1;0;1;0;0;0;;;;;2;0;0;0;0
20/03/2014;16:41:00;402;Acidente com vítima;46,5;BR-101/ES;Sul;Colisão Traseira;0;0;0;1;0;0;;;;;0;1;0;0;0
20/03/2014;07:57:00;185;Acidente com vítima;223;BR-101/ES;Sul;Saída de Pista;1;0;0;0;0;0;;;;;0;1;0;0;0
20/03/2014;16:13:00;392;Acidente com Morte;260;BR-101/ES;Norte;Engavetamento;4;0;0;0;0;1;;;;;4;0;1;0;0
20/03/2014;21:46:00;556;Acidente sem Vítima;260;BR-101/ES;Sul;Colisão Traseira;2;0;0;0;0;0;;;;;2;0;0;0;0
20/03/2014;16:56:00;419;Acidente sem Vítima;261;BR-101/ES;Sul;Colisão Lateral;2;0;0;0;0;0;;;;;3;0;0;0;0
20/03/2014;18:55:00;476;Acidente com vítima;264;BR-101/ES;Sul;Queda de Moto;0;0;0;1;0;0;;;;;0;2;0;0;0
20/03/2014;08:06:00;187;Acidente com vítima;265;BR-101/ES;Norte;Queda de Moto;0;0;0;1;0;0;;;;;0;0;1;0;0
20/03/2014;13:23:00;338;Acidente sem Vítima;270;BR-101/ES;Sul;Engavetamento;3;0;0;0;0;0;;;;;3;0;0;0;0
20/03/2014;13:39:00;343;Acidente sem Vítima;270;BR-101/ES;Norte;Colisão Lateral;1;0;1;0;0;1;;;;;2;0;0;0;0
20/03/2014;17:38:00;440;Acidente com vítima;448;BR-101/ES;Sul;Colisão Lateral;2;0;0;0;0;0;;;;;13;1;0;0;0
21/03/2014;22:54:00;489;Acidente sem Vítima;42;BR-101/ES;Norte;Colisão Lateral;1;0;2;0;0;0;;;;;2;0;0;0;0
21/03/2014;15:00:00;326;Acidente sem Vítima;150;BR-101/ES;Norte;Colisão Traseira;1;0;1;0;0;0;;;;;2;0;0;0;0
21/03/2014;16:00:00;343;Acidente sem Vítima;150;BR-101/ES;Norte;Engavetamento;2;0;1;0;0;0;;;;;3;0;0;0;0
21/03/2014;17:05:00;372;Acidente com vítima;173;BR-101/ES;Sul;Saída de Pista;1;0;0;0;0;0;;;;;1;1;0;0;0
21/03/2014;15:26:00;334;Acidente sem Vítima;204;BR-101/ES;Norte;Engavetamento;3;0;0;0;0;0;;;;;10;0;0;0;0
21/03/2014;17:39:00;387;Acidente sem Vítima;225;BR-101/ES;Sul;Tombamento;0;0;2;0;0;0;;;;;1;0;0;0;0
21/03/2014;16:03:00;346;Acidente com vítima;228;BR-101/ES;Sul;Colisão Traseira;1;0;2;0;0;0;;;;;1;1;0;0;0
21/03/2014;23:19:00;493;Acidente sem Vítima;264;BR-101/ES;Norte;Colisão Lateral;2;0;0;0;0;0;;;;;2;0;0;0;0
21/03/2014;20:36:00;445;Acidente com vítima;265;BR-101/ES;Norte;Queda de Moto;0;0;0;0;0;1;;;;;0;0;1;0;0
21/03/2014;13:30:00;306;Acidente sem Vítima;265,5;BR-101/ES;Norte;Atropelamento - Equino;1;0;0;0;0;0;;;;;1;0;0;0;0
21/03/2014;05:25:00;145;Acidente com vítima;268;BR-101/ES;Sul;Colisão Lateral;2;0;0;0;0;0;;;;;1;1;0;0;0
21/03/2014;17:07:00;374;Acidente sem Vítima;270;BR-101/ES;Norte;Abalroamento - Mesmo Sentido;1;0;2;0;0;0;;;;;2;0;0;0;0
21/03/2014;17:37:00;386;Acidente sem Vítima;305;BR-101/ES;Sul;Colisão Traseira;1;0;0;0;0;0;;;;;1;0;0;0;0
21/03/2014;05:25:00;143;Acidente com Morte;313;BR-101/ES;Sul;Colisão Frontal;1;0;1;1;0;0;;;;;2;0;1;0;0
21/03/2014;15:23:00;333;Acidente com vítima;363;BR-101/ES;Norte;Saída de Pista;1;0;0;0;1;0;;;;;4;1;0;0;0
21/03/2014;18:42:00;404;Atropelamento sem Morte;376;BR-101/ES;Norte;Atropelamento;0;0;2;1;0;0;;;;;2;1;0;0;0
21/03/2014;14:05:00;317;Acidente sem Vítima;397;BR-101/ES;Sul;Abalroamento - Sentido Oposto;2;0;0;0;0;0;;;;;2;0;0;0;0
21/03/2014;20:21:00;433;Acidente com vítima;408;BR-101/ES;Sul;Tombamento;0;0;;0;0;0;;;;;0;0;1;0;0
22/03/2014;06:37:00;122;Acidente sem Vítima;92;BR-101/ES;Norte;Saída de Pista;1;0;0;0;0;0;;;;;1;0;0;0;0
22/03/2014;19:47:00;531;Acidente com morte;143;BR-101/ES;Sul;Queda de Moto;0;0;0;1;0;0;;;;;0;1;0;0;1
22/03/2014;21:09:00;558;Atropelamento sem Morte;143;BR-101/ES;Norte;Atropelamento;1;0;0;0;0;0;;;;;1;1;0;0;0
22/03/2014;02:44:00;51;Acidente sem Vítima;148;BR-101/ES;Sul;Colisão Traseira;0;0;2;1;0;0;;;;;1;0;0;0;0
22/03/2014;10:18:00;245;Acidente sem Vítima;149;BR-101/ES;Sul;Engavetamento;3;0;0;0;0;0;;;;;7;0;0;0;0
22/03/2014;10:26:00;250;Acidente sem Vítima;231;BR-101/ES;Norte;Engavetamento;3;0;0;0;0;0;;;;;10;0;0;0;0
22/03/2014;09:09:00;192;Acidente sem Vítima;256;BR-101/ES;Norte;Engavetamento;3;0;0;0;0;0;;;;;5;0;0;0;0
22/03/2014;09:12:00;194;Acidente com vítima;261;BR-101/ES;Sul;Queda de Moto;0;0;0;1;0;0;;;;;0;0;1;0;0
22/03/2014;08:12:00;161;Acidente com vítima;298;BR-101/ES;Sul;Colisão Lateral;1;0;0;1;0;0;;;;;1;1;0;0;0
22/03/2014;06:05:00;115;Acidente com vítima;359;BR-101/ES;Sul;Colisão Frontal;2;0;0;0;0;0;;;;;2;1;0;0;0
23/03/2014;21:09:00;553;Acidente com vítima;63;BR-101/ES;Sul;Capotamento;1;0;0;0;0;0;;;;;1;0;0;1;0
23/03/2014;06:03:00;141;Acidente com vítima;66;BR-101/ES;Sul;Abalroamento - Mesmo Sentido;2;0;0;0;0;0;;;;;2;0;1;0;0
23/03/2014;22:12:00;566;Acidente sem Vítima;67,6;BR-101/ES;Norte;Saída de Pista;1;0;0;0;0;0;;;;;0;0;0;0;0
23/03/2014;18:07:00;489;Acidente com vítima;75;BR-101/ES;Norte;Colisão Lateral;1;0;0;1;0;0;;;;;1;1;1;0;0
23/03/2014;15:00:00;424;Acidente com vítima;84;BR-101/ES;Norte;Queda de Moto;0;0;0;1;0;0;;;;;1;0;1;0;0
23/03/2014;08:53:00;246;Acidente com vítima;141;BR-101/ES;Norte;Queda de Moto;0;0;0;1;0;0;;;;;0;1;0;0;0
23/03/2014;22:46:00;569;Acidente com Morte;141;BR-101/ES;Norte;Colisão Traseira;0;0;0;1;0;0;;;;;0;0;0;0;0
23/03/2014;18:32:00;497;Acidente com vítima;144;BR-101/ES;Norte;Queda de Moto;0;0;0;1;0;0;;;;;0;1;0;0;0
23/03/2014;15:08:00;427;Acidente sem Vítima;148;BR-101/ES;Sul;Colisão Traseira;0;0;3;0;0;0;;;;;3;0;0;0;0
23/03/2014;16:19:00;455;Acidente sem Vítima;148;BR-101/ES;Norte;Colisão Traseira;1;0;1;0;0;0;;;;;2;0;0;0;0
23/03/2014;00:01:00;2;Acidente com vítima;203;BR-101/ES;Norte;Queda de Moto;0;0;0;1;0;0;;;;;0;1;0;0;0
23/03/2014;11:06:00;308;Acidente com vítima;262;BR-101/ES;Sul;Abalroamento - Mesmo Sentido;0;0;1;0;1;0;;;;;2;1;0;0;0
23/03/2014;11:31:00;326;Acidente sem Vítima;262,2;BR-101/ES;Norte;Colisão Traseira;1;0;0;0;1;0;;;;;0;0;0;0;0
23/03/2014;06:52:00;155;Acidente com morte;264;BR-101/ES;Norte;Queda de ciclista;0;0;0;0;0;1;;;;;0;1;0;0;1
23/03/2014;14:34:00;421;Acidente sem Vítima;264;BR-101/ES;Norte;Colisão Traseira;2;0;0;0;0;0;;;;;2;0;0;0;0
23/03/2014;01:13:00;30;Acidente sem Vítima;266;BR-101/ES;Norte;Colisão Traseira;2;0;0;0;0;0;;;;;2;0;0;0;0
23/03/2014;14:59:00;423;Acidente sem Vítima;268;BR-101/ES;Sul;Colisão Traseira;2;0;0;0;0;0;;;;;2;0;0;0;0
23/03/2014;19:08:00;513;Acidente com vítima;312;BR-101/ES;Norte;Colisão Lateral;1;0;0;1;0;0;;;;;1;1;0;0;0
23/03/2014;11:33:00;327;Acidente sem Vítima;385;BR-101/ES;Norte;Saída de Pista;1;0;0;0;0;0;;;;;1;0;0;0;0
23/03/2014;22:50:00;570;Acidente com vítima;408;BR-101/ES;Norte;Capotamento;1;0;0;0;0;0;;;;;0;3;1;0;0
23/03/2014;19:48:00;529;Acidente com vítima;450,5;BR-101/ES;Sul;Engavetamento;3;0;0;0;0;0;;;;;3;0;3;0;0
23/03/2014;15:58:00;445;Acidente com vítima;939,4;BR-101/BA;Norte;Colisão Lateral;3;0;0;0;0;0;;;;;1;1;0;0;0
24/03/2014;08:41:00;220;Acidente sem Vítima;62;BR-101/ES;Norte;Saída de Pista;1;0;0;0;0;0;;;;;2;0;0;0;0
24/03/2014;09:04:00;232;Acidente com vítima;76,3;BR-101/ES;Norte;Engavetamento;2;0;0;0;1;0;;;;;7;1;0;0;0
24/03/2014;19:23:00;518;Acidente sem Vítima;130;BR-101/ES;Sul;Engavetamento;2;0;1;0;0;0;;;;;3;0;0;0;0
24/03/2014;00:18:00;5;Acidente com Morte;163;BR-101/ES;Norte;Colisão Traseira;0;0;1;1;0;0;;;;;1;0;0;0;0
24/03/2014;13:06:00;375;Acidente sem Vítima;192,3;BR-101/ES;Norte;Colisão Lateral;1;0;0;0;0;0;;;;;1;0;0;0;0
24/03/2014;05:45:00;132;Acidente com vítima;210;BR-101/ES;Sul;Saída de Pista;1;0;0;0;0;0;;;;;0;0;1;0;0
24/03/2014;05:17:00;124;Acidente sem Vítima;212;BR-101/ES;Sul;Saída de Pista;0;0;1;0;0;0;;;;;1;0;0;0;0
24/03/2014;19:45:00;528;Acidente sem Vítima;218;BR-101/ES;Sul;Saída de Pista;1;0;0;0;0;0;;;;;1;0;0;0;0
24/03/2014;09:43:00;254;Acidente sem Vítima;260;BR-101/ES;Norte;Choque;1;0;0;0;0;0;;;;;0;0;0;0;0
24/03/2014;06:39:00;149;Acidente sem Vítima;265,5;BR-101/ES;Norte;Abalroamento - Transversal;1;0;0;0;0;1;;;;;0;0;0;0;0
24/03/2014;16:51:00;459;Acidente sem Vítima;299;BR-101/ES;Norte;Colisão Lateral;1;0;0;0;0;0;;;;;2;0;0;0;0
24/03/2014;18:49:00;508;Acidente sem Vítima;305;BR-101/ES;Sul;Tombamento;0;0;1;0;0;0;;;;;1;0;0;0;0
24/03/2014;08:45:00;223;Acidente sem Vítima;331;BR-101/ES;Sul;Colisão Traseira;2;0;0;0;0;0;;;;;2;0;0;0;0
24/03/2014;05:41:00;130;Acidente com morte;332,2;BR-101/ES;Sul;Saída de Pista;1;0;0;0;0;0;;;;;1;0;0;0;1
24/03/2014;09:17:00;237;Acidente com vítima;383;BR-101/ES;Norte;Colisão Lateral;2;0;0;0;0;0;;;;;1;2;0;0;0
25/03/2014;09:34:00;195;Acidente sem Vítima;39,2;BR-101/ES;Norte;Colisão Traseira;3;0;0;0;0;0;;;;;2;0;0;0;0
25/03/2014;09:44:00;202;Acidente sem Vítima;47;BR-101/ES;Norte;Colisão Traseira;1;0;1;0;0;0;;;;;3;0;0;0;0
25/03/2014;16:46:00;352;Acidente sem Vítima;68;BR-101/ES;Sul;Colisão Lateral;1;0;2;0;0;0;;;;;3;0;0;0;0
25/03/2014;07:52:00;125;Acidente com vítima;102;BR-101/ES;Sul;Colisão Traseira;0;0;2;0;0;0;;;;;1;1;0;0;0
25/03/2014;09:49:00;205;Acidente sem Vítima;119;BR-101/ES;Norte;Colisão Traseira;1;0;0;0;0;1;;;;;2;0;0;0;0
25/03/2014;17:09:00;357;Acidente sem Vítima;149;BR-101/ES;Norte;Engavetamento;3;0;0;0;0;0;;;;;3;0;0;0;0
25/03/2014;16:23:00;348;Acidente com vítima;242;BR-101/ES;Norte;Queda de Moto;0;0;0;1;0;0;;;;;0;1;0;0;0
25/03/2014;14:37:00;317;Acidente com vítima;249,5;BR-101/ES;Sul;Colisão Traseira;0;0;3;0;0;0;;;;;1;1;0;0;0
25/03/2014;15:18:00;326;Acidente sem Vítima;250;BR-101/ES;Norte;Colisão Lateral;1;0;1;0;0;0;;;;;2;0;0;0;0
25/03/2014;22:26:00;479;Acidente sem Vítima;259;BR-101/ES;Norte;Queda de Moto;0;0;1;1;0;0;;;;;2;0;0;0;0
25/03/2014;16:19:00;345;Atropelamento sem Morte;265;BR-101/ES;Norte;Atropelamento;1;0;0;1;0;0;;;;;0;0;1;0;0
25/03/2014;18:15:00;380;Atropelamento sem Morte;266;BR-101/ES;Norte;Atropelamento;0;0;0;0;0;1;;;;;0;0;1;0;0
25/03/2014;07:00:00;96;Atropelamento sem Morte;270;BR-101/ES;Sul;Atropelamento;1;0;0;1;0;0;;;;;2;1;0;0;0
25/03/2014;15:14:00;324;Acidente sem Vítima;318;BR-101/ES;Sul;Colisão Traseira;2;0;0;0;0;0;;;;;2;0;0;0;0
25/03/2014;15:43:00;330;Acidente sem Vítima;318;BR-101/ES;Sul;Saída de Pista;1;0;0;0;0;0;;;;;3;0;0;0;0
25/03/2014;18:50:00;400;Acidente com vítima;328;BR-101/ES;Sul;Colisão Frontal;2;0;0;0;0;0;;;;;1;1;0;0;0
25/03/2014;18:10:00;379;Acidente sem Vítima;423;BR-101/ES;Norte;Saída de Pista;0;0;1;0;0;0;;;;;1;0;0;0;0
25/03/2014;18:07:00;378;Acidente com vítima;434;BR-101/ES;Sul;Saída de Pista;0;0;1;0;0;0;;;;;0;0;1;0;0
25/03/2014;00:06:00;2;Acidente com Morte;458;BR-101/ES;Sul;Colisão Frontal;0;0;3;0;0;0;;;;;0;0;1;0;0
26/03/2014;23:26:00;440;Acidente sem Vítima;137;BR-101/ES;Norte;Saída de Pista;1;0;0;0;0;0;;;;;1;0;0;0;0
26/03/2014;17:14:00;327;Acidente com vítima;138;BR-101/ES;Sul;Colisão Lateral;1;0;0;0;0;0;;;;;0;1;0;0;0
26/03/2014;09:42:00;160;Acidente com vítima;146;BR-101/ES;Sul;Engavetamento;3;0;0;0;0;0;;;;;2;1;0;0;0
26/03/2014;13:50:00;263;Acidente sem Vítima;258;BR-101/ES;Norte;Colisão Traseira;1;0;1;0;0;0;;;;;2;0;0;0;0
26/03/2014;04:46:00;61;Acidente com morte;266;BR-101/ES;Sul;Colisão Lateral;1;0;0;0;1;0;;;;;1;1;0;0;1
26/03/2014;19:13:00;353;Acidente sem Vítima;267;BR-101/ES;Sul;Colisão Lateral;1;0;2;0;0;0;;;;;2;0;0;0;0
26/03/2014;09:03:00;133;Acidente com vítima;318;BR-101/ES;Norte;Colisão Lateral;1;0;0;1;0;0;;;;;1;0;1;0;0
26/03/2014;12:17:00;231;Acidente com vítima;351;BR-101/ES;Norte;Colisão Frontal;1;0;1;0;0;0;;;;;2;1;0;0;0
26/03/2014;08:36:00;117;Acidente sem Vítima;372;BR-101/ES;Norte;Capotamento;1;0;0;0;0;0;;;;;3;0;0;0;0
26/03/2014;12:29:00;235;Acidente com vítima;379;BR-101/ES;Sul;Colisão Frontal;1;0;1;0;0;0;;;;;1;0;1;0;0
26/03/2014;16:46:00;317;Acidente com vítima;408;BR-101/ES;Sul;Saída de Pista;0;0;1;0;0;0;;;;;0;0;1;0;0
26/03/2014;15:26:00;293;Acidente com morte;455;BR-101/ES;Sul;Saída de Pista;1;0;0;0;0;0;;;;;1;0;0;0;1
26/03/2014;15:33:00;295;Acidente com morte;457;BR-101/ES;Sul;Colisão Lateral;0;0;3;0;0;0;;;;;2;0;0;0;1
27/03/2014;18:27:00;430;Acidente com vítima;139;BR-101/ES;Sul;Saída de Pista;1;0;0;0;0;0;;;;;0;1;1;0;0
27/03/2014;07:35:00;144;Acidente sem Vítima;148;BR-101/ES;Norte;Colisão Lateral;0;0;0;1;1;0;;;;;2;0;0;0;0
27/03/2014;16:01:00;380;Acidente com vítima;159;BR-101/ES;Norte;Queda de Moto;0;0;0;1;0;0;;;;;0;2;0;0;0
27/03/2014;08:13:00;176;Acidente sem Vítima;266,5;BR-101/ES;Norte;Colisão Traseira;1;0;0;0;0;1;;;;;2;0;0;0;0
27/03/2014;16:08:00;381;Acidente sem Vítima;297;BR-101/ES;Sul;Colisão Lateral;1;0;2;0;0;0;;;;;3;0;0;0;0
27/03/2014;10:19:00;251;Acidente sem Vítima;299;BR-101/ES;Sul;Colisão Traseira;1;0;2;0;0;0;;;;;3;0;0;0;0
27/03/2014;17:14:00;402;Acidente com vítima;309;BR-101/ES;Norte;Queda de Moto;0;0;0;1;0;0;;;;;0;1;0;0;0
27/03/2014;22:17:00;508;Acidente sem Vítima;338;BR-101/ES;Sul;Saída de Pista;0;0;3;0;0;0;;;;;3;0;0;0;0
27/03/2014;06:03:00;119;Acidente com vítima;360;BR-101/ES;Sul;Queda de Moto;0;0;0;1;0;0;;;;;0;1;0;0;0
27/03/2014;06:52:00;128;Acidente sem Vítima;448;BR-101/ES;Sul;Colisão Traseira;0;0;4;0;1;0;;;;;3;0;0;0;0
27/03/2014;09:41:00;233;Acidente com vítima;450;BR-101/ES;Sul;Saída de Pista;2;0;0;0;0;0;;;;;0;4;0;0;0
27/03/2014;20:49:00;482;Acidente sem Vítima;450;BR-101/ES;Sul;Choque;1;0;4;0;0;0;;;;;5;0;0;0;0
28/03/2014;15:12:00;313;Acidente com vítima;27,5;BR-101/ES;Sul;Abalroamento - Mesmo Sentido;1;0;0;1;0;0;;;;;2;1;0;0;0