data;horario;n_da_ocorrencia;tipo_de_ocorrencia;km;trecho;sentido;tipo_de_acidente;automovel;bicicleta;caminhao;moto;onibus;outros;tracao_animal;transporte_de_cargas_especiais;trator_maquinas;utilitarios;ilesos;levemente_feridos;moderadamente_feridos;gravemente_feridos;mortos
06/05/2014;15:03:00;288;Acidente com vítima;326;BR-101/ES;Sul;Tombamento;0;0;2;0;0;0;;;;;0;2;0;0;0
06/05/2014;18:34:00;360;Acidente com vítima;393;BR-101/ES;Sul;Queda de Moto;0;0;0;1;0;0;;;;;0;0;1;0;0
07/05/2014;12:40:00;233;Acidente com vítima;38;BR-101/ES;Norte;Colisão Lateral;0;0;2;0;0;0;;;;;0;0;2;0;0
07/05/2014;17:04:00;319;Acidente sem Vítima;66;BR-101/ES;Sul;Engavetamento;3;0;0;0;0;0;;;;;3;0;0;0;0
07/05/2014;05:18:00;85;Acidente sem Vítima;69;BR-101/ES;Sul;Queda de Moto;0;0;0;1;0;0;;;;;0;0;0;0;0
07/05/2014;04:12:00;73;Acidente com vítima;103;BR-101/ES;Norte;Colisão Traseira;1;0;0;0;1;0;;;;;11;1;0;0;0
07/05/2014;02:36:00;47;Acidente sem Vítima;150;BR-101/ES;Sul;Veículo em Chamas;1;0;0;0;0;0;;;;;2;0;0;0;0
07/05/2014;23:36:00;457;Acidente com vítima;207;BR-101/ES;Sul;Capotamento;1;0;0;0;0;0;;;;;0;0;1;0;0
07/05/2014;12:18:00;223;Acidente sem Vítima;240;BR-101/ES;Norte;Colisão Traseira;2;0;0;0;0;0;;;;;4;0;0;0;0
07/05/2014;16:26:00;302;Acidente com vítima;260;BR-101/ES;Norte;Colisão Traseira;0;0;0;1;0;1;;;;;1;1;0;0;0
07/05/2014;09:46:00;144;Acidente sem Vítima;265;BR-101/ES;Sul;Engavetamento;3;0;0;0;0;0;;;;;5;0;0;0;0
07/05/2014;11:27:00;194;Acidente sem Vítima;266;BR-101/ES;Norte;Colisão Lateral;1;0;1;0;0;0;;;;;2;0;0;0;0
07/05/2014;19:01:00;370;Acidente sem Vítima;266;BR-101/ES;Sul;Colisão Traseira;2;0;0;0;0;0;;;;;3;0;0;0;0
07/05/2014;05:40:00;87;Acidente sem Vítima;267;BR-101/ES;Sul;Engavetamento;3;0;0;1;0;0;;;;;4;0;0;0;0
07/05/2014;12:41:00;234;Acidente com vítima;269,5;BR-101/ES;Norte;Colisão Traseira;2;0;0;0;0;0;;;;;2;1;0;0;0
07/05/2014;07:50:00;104;Acidente com vítima;270;BR-101/ES;Norte;Colisão Transversal;2;0;1;1;0;0;;;;;3;1;0;0;0
07/05/2014;15:28:00;280;Acidente sem Vítima;360;BR-101/ES;Norte;Colisão Traseira;0;0;2;0;0;0;;;;;4;0;0;0;0
07/05/2014;07:46:00;101;Acidente com vítima;374;BR-101/ES;Sul;Colisão Frontal;0;0;1;0;1;0;;;;;1;1;0;1;0
08/05/2014;05:00:00;76;Acidente com vítima;90;BR-101/ES;Sul;Colisão Traseira;0;0;2;0;0;0;;;;;2;1;0;0;0
08/05/2014;05:06:00;77;Acidente sem Vítima;132;BR-101/ES;Norte;Capotamento;1;0;0;0;0;0;;;;;1;0;0;0;0
08/05/2014;12:15:00;213;Acidente com vítima;142;BR-101/ES;Norte;Colisão Traseira;2;0;0;0;0;0;;;;;2;1;0;0;0
08/05/2014;18:54:00;363;Acidente sem Vítima;147;BR-101/ES;Sul;Colisão Traseira;2;0;0;0;0;0;;;;;2;0;0;0;0
08/05/2014;16:29:00;307;Acidente sem Vítima;150;BR-101/ES;Sul;Colisão Traseira;1;0;1;0;0;0;;;;;4;0;0;0;0
08/05/2014;15:00:00;265;Acidente sem Vítima;197;BR-101/ES;Norte;Saída de Pista;1;0;0;0;0;0;;;;;1;0;0;0;0
08/05/2014;07:18:00;93;Acidente sem Vítima;259;BR-101/ES;Norte;Abalroamento - Mesmo Sentido;2;0;0;0;0;0;;;;;5;0;0;0;0
08/05/2014;07:41:00;96;Acidente sem Vítima;264;BR-101/ES;Norte;Colisão Traseira;2;0;0;0;0;0;;;;;2;0;0;0;0
08/05/2014;18:51:00;362;Acidente sem Vítima;265;BR-101/ES;Sul;Colisão Traseira;2;0;0;0;0;0;;;;;2;0;0;0;0
08/05/2014;16:48:00;316;Acidente sem Vítima;268;BR-101/ES;Sul;Colisão Traseira;1;0;1;0;0;0;;;;;2;0;0;0;0
08/05/2014;08:17:00;104;Acidente sem Vítima;269;BR-101/ES;Sul;Abalroamento - Mesmo Sentido;1;0;1;0;0;0;;;;;2;0;0;0;0
08/05/2014;19:07:00;371;Atropelamento sem Morte;269;BR-101/ES;Norte;Atropelamento;1;0;0;0;0;0;;;;;0;1;0;0;0
08/05/2014;07:34:00;95;Atropelamento sem Morte;269,5;BR-101/ES;Sul;Atropelamento;0;0;0;1;0;0;;;;;1;1;0;0;0
08/05/2014;09:06:00;120;Acidente sem Vítima;269,8;BR-101/ES;Sul;Engavetamento;3;0;0;0;0;0;;;;;3;0;0;0;0
08/05/2014;11:14:00;185;Acidente sem Vítima;297;BR-101/ES;Sul;Colisão Traseira;1;0;1;0;0;0;;;;;2;0;0;0;0
08/05/2014;22:04:00;437;Acidente com vítima;303;BR-101/ES;Norte;Choque com Objeto Fixo;0;0;2;0;0;0;;;;;0;1;0;0;0
08/05/2014;07:31:00;94;Acidente com vítima;309;BR-101/ES;Sul;Colisão Lateral;1;0;0;1;0;0;;;;;1;1;0;0;0
08/05/2014;05:30:00;81;Acidente sem Vítima;334;BR-101/ES;Sul;Choque com Objeto Fixo;1;0;0;0;0;0;;;;;2;0;0;0;0
08/05/2014;22:03:00;436;Acidente sem Vítima;343;BR-101/ES;Norte;Atropelamento - Bovino;0;0;2;0;0;0;;;;;1;0;0;0;0
08/05/2014;08:18:00;105;Acidente sem Vítima;360;BR-101/ES;Norte;Colisão Lateral;0;0;2;0;0;0;;;;;2;0;0;0;0
08/05/2014;10:08:00;151;Acidente com vítima;939;BR-101/BA;Norte;Colisão Lateral;2;0;1;0;0;0;;;;;2;1;0;0;0
08/05/2014;00:40:00;13;Acidente sem Vítima;944;BR-101/BA;Sul;Abalroamento - Sentido Oposto;2;0;0;0;0;0;;;;;2;0;0;0;0
09/05/2014;21:55:00;397;Acidente sem Vítima;74,8;BR-101/ES;Sul;Colisão Lateral;0;0;4;0;0;0;;;;;2;0;0;0;0
09/05/2014;16:38:00;304;Acidente sem Vítima;127;BR-101/ES;Norte;Colisão Traseira;2;0;0;0;0;0;;;;;4;0;0;0;0
09/05/2014;12:15:00;232;Acidente sem Vítima;206;BR-101/ES;Sul;Colisão Lateral;1;0;0;0;0;0;;;;;1;0;0;0;0
09/05/2014;18:17:00;322;Acidente com vítima;224;BR-101/ES;Norte;Colisão Traseira;1;0;1;0;0;0;;;;;2;2;0;0;0
09/05/2014;22:52:00;405;Acidente com vítima;260;BR-101/ES;Sul;Colisão Traseira;2;0;1;0;0;0;;;;;1;0;0;1;0
09/05/2014;15:06:00;286;Acidente sem Vítima;262;BR-101/ES;Norte;Engavetamento;2;0;2;0;0;0;;;;;4;0;0;0;0
09/05/2014;15:32:00;292;Acidente sem Vítima;262;BR-101/ES;Sul;Abalroamento - Mesmo Sentido;0;0;2;0;0;0;;;;;2;0;0;0;0
09/05/2014;08:35:00;124;Acidente sem Vítima;264;BR-101/ES;Sul;Colisão Traseira;1;0;0;1;0;0;;;;;2;0;0;0;0
09/05/2014;13:06:00;248;Acidente sem Vítima;266;BR-101/ES;Norte;Colisão Traseira;2;0;0;0;0;0;;;;;5;0;0;0;0
09/05/2014;09:15:00;142;Acidente com vítima;267;BR-101/ES;Sul;Colisão Lateral;0;0;0;2;0;0;;;;;1;1;0;0;0
09/05/2014;18:18:00;323;Acidente sem Vítima;267;BR-101/ES;Norte;Colisão Traseira;1;0;1;0;0;0;;;;;2;0;0;0;0
09/05/2014;20:28:00;370;Atropelamento sem Morte;267;BR-101/ES;Sul;Atropelamento;1;0;0;0;0;0;;;;;1;0;0;1;0
09/05/2014;15:27:00;289;Acidente sem Vítima;268;BR-101/ES;Sul;Engavetamento;2;0;1;0;0;0;;;;;3;0;0;0;0
09/05/2014;19:09:00;337;Acidente sem Vítima;268;BR-101/ES;Norte;Abalroamento - Mesmo Sentido;2;0;0;0;0;0;;;;;2;0;0;0;0
09/05/2014;17:54:00;317;Acidente com vítima;321;BR-101/ES;Norte;Colisão Lateral;1;0;0;1;0;0;;;;;1;1;0;0;0
09/05/2014;19:23:00;343;Acidente com vítima;333,5;BR-101/ES;Norte;Saída de Pista;3;0;1;0;0;0;;;;;0;1;0;2;0
09/05/2014;22:02:00;401;Acidente sem Vítima;335,5;BR-101/ES;Norte;Saída de Pista;0;0;0;0;0;1;;;;;0;0;0;0;0
09/05/2014;21:47:00;394;Acidente sem Vítima;338,3;BR-101/ES;Sul;Engavetamento;1;0;3;0;0;0;;;;;5;0;0;0;0
09/05/2014;19:20:00;342;Acidente sem Vítima;362;BR-101/ES;Sul;Colisão Traseira;1;0;0;0;0;0;;;;;0;0;0;0;0
09/05/2014;18:11:00;320;Acidente com vítima;366;BR-101/ES;Norte;Capotamento;1;0;0;0;0;0;;;;;1;4;2;0;0
09/05/2014;20:48:00;377;Acidente com Morte;454;BR-101/ES;Sul;Colisão Frontal;2;0;0;0;0;0;;;;;0;1;0;0;1
10/05/2014;05:34:00;92;Acidente sem Vítima;137;BR-101/ES;Norte;Saída de Pista;1;0;0;0;0;0;;;;;4;0;0;0;0
10/05/2014;18:40:00;364;Atropelamento sem Morte;143;BR-101/ES;Norte;Atropelamento;0;0;0;0;1;0;;;;;1;1;0;0;0
10/05/2014;21:49:00;439;Acidente com vítima;145;BR-101/ES;Norte;Colisão Traseira;2;0;0;0;0;0;;;;;1;1;2;0;0
10/05/2014;18:42:00;365;Acidente com vítima;189,3;BR-101/ES;Sul;Queda de Moto;0;0;0;1;0;0;;;;;0;1;0;0;0
10/05/2014;10:00:00;171;Acidente com vítima;237;BR-101/ES;Norte;Colisão Frontal;1;0;0;1;0;0;;;;;1;1;1;0;0
10/05/2014;20:23:00;411;Atropelamento sem Morte;245;BR-101/ES;Norte;Atropelamento;0;0;0;0;0;1;;;;;0;0;0;1;0
10/05/2014;17:57:00;356;Acidente com vítima;248;BR-101/ES;Norte;Colisão Lateral;2;0;0;0;0;0;;;;;1;2;0;0;0
10/05/2014;03:33:00;64;Acidente com vítima;257;BR-101/ES;Sul;Atropelamento - Equino;0;0;0;1;0;0;;;;;0;0;1;0;0
10/05/2014;11:51:00;231;Acidente sem Vítima;260;BR-101/ES;Norte;Engavetamento;3;0;0;1;0;0;;;;;5;0;0;0;0
10/05/2014;12:50:00;265;Acidente com vítima;264;BR-101/ES;Norte;Colisão Traseira;2;0;0;0;0;0;;;;;0;2;1;1;0
10/05/2014;21:17:00;429;Acidente com vítima;268;BR-101/ES;Norte;Colisão Lateral;1;0;1;0;0;0;;;;;2;1;0;0;0
10/05/2014;22:58:00;449;Acidente com vítima;361,5;BR-101/ES;Norte;Capotamento;1;0;0;0;0;0;;;;;3;1;1;0;0
10/05/2014;20:27:00;412;Acidente sem Vítima;391;BR-101/ES;Norte;Saída de Pista;1;0;0;0;0;0;;;;;1;0;0;0;0
10/05/2014;09:23:00;159;Acidente com vítima;399;BR-101/ES;Norte;Colisão Traseira;2;0;0;0;0;0;;;;;1;1;0;0;0
11/05/2014;14:47:00;275;Acidente sem Vítima;13,8;BR-101/ES;Norte;Abalroamento - Mesmo Sentido;2;0;0;0;0;0;;;;;8;0;0;0;0
11/05/2014;14:57:00;277;Acidente sem Vítima;25;BR-101/ES;Norte;Engavetamento;1;0;0;0;0;0;;;;;1;0;0;0;0
11/05/2014;22:05:00;449;Acidente com vítima;125;BR-101/ES;Sul;Queda de Moto;0;0;0;1;0;0;;;;;0;0;2;0;0
11/05/2014;02:31:00;33;Acidente com vítima;132;BR-101/ES;Sul;Queda de Moto;0;0;0;1;0;0;;;;;0;0;1;0;0
11/05/2014;03:10:00;48;Acidente com vítima;134;BR-101/ES;Sul;Saída de Pista;1;0;0;0;0;0;;;;;0;1;0;0;0
11/05/2014;16:08:00;298;Acidente com vítima;141;BR-101/ES;Norte;Queda de Moto;1;0;0;0;0;0;;;;;0;2;0;0;0
11/05/2014;13:23:00;250;Acidente sem Vítima;196;BR-101/ES;Norte;Queda de Moto;1;0;0;0;0;0;;;;;0;0;0;0;0
11/05/2014;17:10:00;328;Acidente sem Vítima;247;BR-101/ES;Sul;Colisão Traseira;2;0;0;0;0;0;;;;;5;0;0;0;0
11/05/2014;20:26:00;405;Acidente sem Vítima;264;BR-101/ES;Norte;Colisão Traseira;2;0;0;0;0;0;;;;;2;0;0;0;0
11/05/2014;12:56:00;246;Acidente sem Vítima;266;BR-101/ES;Norte;Colisão Traseira;1;0;0;0;0;0;;;;;4;0;0;0;0
11/05/2014;09:18:00;147;Acidente sem Vítima;297;BR-101/ES;Norte;Colisão Traseira;2;0;0;0;0;0;;;;;2;0;0;0;0
11/05/2014;09:40:00;155;Acidente sem Vítima;359;BR-101/ES;Sul;Saída de Pista;0;0;2;0;0;0;;;;;1;0;0;0;0
11/05/2014;00:20:00;3;Acidente sem Vítima;362;BR-101/ES;Norte;Saída de Pista;1;0;0;0;0;0;;;;;2;0;0;0;0
11/05/2014;04:23:00;58;Acidente sem Vítima;389;BR-101/ES;Sul;Saída de Pista;1;0;0;0;0;0;;;;;1;0;0;0;0
11/05/2014;21:44:00;435;Acidente sem Vítima;425;BR-101/ES;Sul;Choque;1;0;0;0;0;0;;;;;1;0;0;0;0
12/05/2014;19:50:00;428;Acidente com vítima;3;BR-101/ES;Norte;Colisão Lateral;3;0;0;0;0;0;;;;;2;4;0;0;0
12/05/2014;15:57:00;324;Acidente com vítima;16;BR-101/ES;Norte;Colisão Lateral;0;0;1;1;0;0;;;;;1;1;0;0;0
12/05/2014;00:06:00;3;Acidente com vítima;53;BR-101/ES;Norte;Queda de Moto;0;0;0;1;0;0;;;;;0;1;0;0;0
12/05/2014;23:21:00;497;Acidente sem Vítima;127;BR-101/ES;Norte;Colisão Lateral;0;0;1;0;1;0;;;;;2;0;0;0;0
12/05/2014;09:48:00;172;Acidente com vítima;144;BR-101/ES;Norte;Queda de Moto;0;0;0;0;0;1;;;;;0;1;0;0;0
12/05/2014;16:55:00;349;Acidente com vítima;144,5;BR-101/ES;Norte;Colisão Traseira;1;0;0;1;0;0;;;;;1;1;0;0;0
12/05/2014;08:36:00;136;Acidente sem Vítima;166;BR-101/ES;Norte;Colisão Lateral;1;0;1;0;0;0;;;;;8;0;0;0;0
12/05/2014;17:59:00;379;Acidente com vítima;206;BR-101/ES;Sul;Colisão Frontal;1;0;0;2;0;0;;;;;3;1;0;0;0
12/05/2014;14:57:00;302;Acidente sem Vítima;209,3;BR-101/ES;Norte;Colisão Traseira;1;0;1;0;0;0;;;;;2;0;0;0;0
12/05/2014;21:25:00;476;Acidente sem Vítima;240;BR-101/ES;Norte;Queda de Moto;0;0;0;1;0;0;;;;;1;0;0;0;0
12/05/2014;18:29:00;391;Acidente sem Vítima;242;BR-101/ES;Norte;Colisão Lateral;1;0;0;0;0;0;;;;;3;0;0;0;0
12/05/2014;08:28:00;132;Acidente sem Vítima;265;BR-101/ES;Norte;Colisão Traseira;2;0;0;0;0;0;;;;;2;0;0;0;0
12/05/2014;08:49:00;141;Acidente com vítima;265;BR-101/ES;Sul;Queda de Moto;1;0;0;0;0;0;;;;;0;0;1;0;0
12/05/2014;18:10:00;384;Atropelamento sem Morte;266;BR-101/ES;Sul;Atropelamento;0;0;0;0;0;1;;;;;0;1;0;0;0
12/05/2014;18:35:00;392;Acidente sem Vítima;268;BR-101/ES;Sul;Colisão Lateral;1;0;2;0;0;0;;;;;2;0;0;0;0
12/05/2014;08:22:00;123;Acidente sem Vítima;299;BR-101/ES;Sul;Engavetamento;2;0;2;0;0;0;;;;;3;0;0;0;0
12/05/2014;22:23:00;489;Acidente sem Vítima;321;BR-101/ES;Sul;Choque com Objeto Fixo;0;0;2;0;0;0;;;;;0;0;0;0;0
12/05/2014;09:47:00;171;Acidente sem Vítima;940;BR-101/BA;Sul;Atropelamento - Animal;1;0;0;0;0;0;;;;;1;0;0;0;0
13/05/2014;11:42:00;225;Acidente com Morte;16;BR-101/ES;Norte;Colisão Transversal;1;0;0;1;0;0;;;;;1;0;0;0;1
13/05/2014;12:45:00;262;Acidente sem Vítima;124;BR-101/ES;Norte;Queda de Moto;0;0;0;1;0;0;;;;;1;0;0;0;0
13/05/2014;17:54:00;401;Acidente com vítima;227,3;BR-101/ES;Norte;Capotamento;1;0;0;0;0;0;;;;;0;2;0;0;0
13/05/2014;11:34:00;223;Acidente com vítima;259;BR-101/ES;Norte;Colisão Traseira;2;0;0;1;0;0;;;;;2;0;1;0;0
13/05/2014;19:13:00;426;Acidente com vítima;260;BR-101/ES;Norte;Colisão Traseira;1;0;0;2;0;0;;;;;0;2;0;0;0
13/05/2014;06:52:00;95;Acidente sem Vítima;261;BR-101/ES;Sul;Colisão Lateral;1;0;0;1;0;0;;;;;2;0;0;0;0
13/05/2014;20:31:00;463;Acidente sem Vítima;261;BR-101/ES;Norte;Atropelamento - Animal;1;0;0;0;0;0;;;;;1;0;0;0;0
13/05/2014;17:26:00;383;Acidente sem Vítima;264;BR-101/ES;Norte;Colisão Traseira;1;0;0;0;0;0;;;;;2;0;0;0;0
13/05/2014;13:39:00;291;Acidente com vítima;266;BR-101/ES;Sul;Colisão Traseira;0;0;1;0;1;0;;;;;1;3;1;0;0
13/05/2014;22:59:00;510;Acidente sem Vítima;266;BR-101/ES;Sul;Colisão Traseira;1;0;3;0;0;0;;;;;2;0;0;0;0
13/05/2014;08:09:00;130;Acidente sem Vítima;267;BR-101/ES;Norte;Colisão Traseira;1;0;0;1;0;0;;;;;2;0;0;0;0
13/05/2014;15:15:00;317;Acidente sem Vítima;268;BR-101/ES;Norte;Colisão Lateral;1;0;1;0;0;0;;;;;3;0;0;0;0
13/05/2014;15:52:00;330;Acidente sem Vítima;268;BR-101/ES;Norte;Colisão Lateral;1;0;2;0;0;0;;;;;2;0;0;0;0
13/05/2014;16:05:00;338;Acidente sem Vítima;268;BR-101/ES;Norte;Colisão Lateral;1;0;2;0;0;0;;;;;2;0;0;0;0
13/05/2014;23:21:00;519;Acidente com Morte;450;BR-101/ES;Norte;Saída de Pista;0;0;0;1;0;0;;;;;0;0;0;0;1
13/05/2014;10:28:00;191;Acidente sem Vítima;939,4;BR-101/BA;Norte;Colisão Lateral;1;0;1;0;0;0;;;;;2;0;0;0;0
14/05/2014;17:44:00;383;Acidente sem Vítima;67;BR-101/ES;Norte;Colisão Traseira;1;0;0;1;0;0;;;;;1;0;0;0;0
14/05/2014;19:46:00;430;Acidente com vítima;136,9;BR-101/ES;Sul;Tombamento;0;0;1;0;0;0;;;;;0;1;0;0;0
14/05/2014;07:46:00;119;Acidente sem Vítima;175;BR-101/ES;Sul;Colisão Traseira;0;0;2;0;0;0;;;;;4;0;0;0;0
14/05/2014;12:17:00;264;Atropelamento sem Morte;203;BR-101/ES;Sul;Atropelamento;0;0;0;0;0;1;;;;;0;1;0;0;0
14/05/2014;05:54:00;83;Acidente sem Vítima;205;BR-101/ES;Sul;Colisão Lateral;2;0;0;0;0;0;;;;;2;0;0;0;0
14/05/2014;14:59:00;317;Acidente com Morte;205;BR-101/ES;Sul;Colisão Traseira;2;0;0;1;0;0;;;;;4;0;0;0;1
14/05/2014;09:48:00;183;Acidente com vítima;218;BR-101/ES;Norte;Colisão Traseira;1;0;0;0;0;0;;;;;0;0;1;0;0
14/05/2014;09:34:00;171;Acidente sem Vítima;223;BR-101/ES;Norte;Colisão Lateral;1;0;1;0;0;0;;;;;2;0;0;0;0
14/05/2014;06:31:00;92;Acidente sem Vítima;223,9;BR-101/ES;Norte;Saída de Pista;1;0;0;0;0;0;;;;;2;0;0;0;0
14/05/2014;16:58:00;367;Acidente sem Vítima;257;BR-101/ES;Sul;Saída de Pista;0;0;2;0;0;0;;;;;1;0;0;0;0
14/05/2014;18:25:00;395;Acidente sem Vítima;263;BR-101/ES;Sul;Veículo em Chamas;1;0;0;0;0;0;;;;;0;0;0;0;0
14/05/2014;16:41:00;360;Acidente com vítima;267,5;BR-101/ES;Norte;Engavetamento;2;0;0;0;1;0;;;;;2;0;2;0;0
14/05/2014;18:31:00;399;Atropelamento sem Morte;268;BR-101/ES;Norte;Atropelamento;0;0;0;1;0;0;;;;;0;0;2;0;0
14/05/2014;08:51:00;151;Acidente sem Vítima;270;BR-101/ES;Sul;Engavetamento;3;0;0;0;0;0;;;;;3;0;0;0;0
14/05/2014;18:13:00;388;Acidente sem Vítima;270;BR-101/ES;Norte;Engavetamento;2;0;2;0;0;0;;;;;2;0;0;0;0
14/05/2014;07:18:00;106;Acidente sem Vítima;271;BR-101/ES;Sul;Colisão Traseira;2;0;0;0;0;0;;;;;2;0;0;0;0
14/05/2014;19:34:00;425;Acidente com vítima;299;BR-101/ES;Norte;Colisão Traseira;2;0;0;0;0;0;;;;;3;1;0;0;0
14/05/2014;19:44:00;429;Acidente sem Vítima;299;BR-101/ES;Norte;Colisão Traseira;2;0;0;0;0;0;;;;;2;0;0;0;0
14/05/2014;11:04:00;212;Acidente sem Vítima;302;BR-101/ES;Norte;Colisão Traseira;0;0;2;0;0;0;;;;;2;0;0;0;0
14/05/2014;14:08:00;308;Acidente com vítima;313;BR-101/ES;Sul;Colisão Traseira;1;0;1;0;0;0;;;;;0;2;0;0;0
14/05/2014;18:29:00;397;Acidente com vítima;399;BR-101/ES;Norte;Queda de Moto;0;0;0;1;0;0;;;;;0;1;0;0;0
15/05/2014;20:52:00;386;Atropelamento sem Morte;46;BR-101/ES;Norte;Atropelamento;0;0;0;0;0;1;;;;;0;1;0;0;0
15/05/2014;23:09:00;420;Acidente sem Vítima;64;BR-101/ES;Norte;Colisão Frontal;1;0;2;0;0;0;;;;;2;0;0;0;0
15/05/2014;17:49:00;324;Acidente com vítima;139;BR-101/ES;Sul;Colisão Lateral;0;0;1;1;0;0;;;;;1;0;1;0;0
15/05/2014;20:33:00;378;Acidente com vítima;145,9;BR-101/ES;Norte;Colisão Lateral;2;0;0;0;0;0;;;;;6;1;0;0;0
15/05/2014;17:56:00;326;Acidente com vítima;146;BR-101/ES;Sul;Engavetamento;3;0;0;0;0;0;;;;;2;1;0;0;0
15/05/2014;20:30:00;377;Acidente sem Vítima;156;BR-101/ES;Sul;Atropelamento - Animal;1;0;0;0;0;0;;;;;0;0;0;0;0
15/05/2014;19:41:00;357;Acidente com Morte;188;BR-101/ES;Norte;Colisão Lateral;1;0;1;0;0;0;;;;;2;0;1;0;1
15/05/2014;06:48:00;78;Acidente com vítima;255;BR-101/ES;Norte;Colisão Traseira;0;0;0;1;0;0;;;;;0;1;0;0;0
15/05/2014;10:28:00;162;Acidente com vítima;257;BR-101/ES;Norte;Abalroamento - Mesmo Sentido;1;0;0;1;0;0;;;;;0;3;0;0;0
15/05/2014;17:42:00;319;Acidente sem Vítima;264;BR-101/ES;Norte;Colisão Lateral;1;0;1;0;0;0;;;;;2;0;0;0;0
15/05/2014;16:31:00;290;Acidente sem Vítima;269;BR-101/ES;Sul;Engavetamento;3;0;0;0;0;0;;;;;3;0;0;0;0
15/05/2014;20:07:00;368;Acidente sem Vítima;292;BR-101/ES;Sul;Colisão Lateral;1;0;1;0;0;0;;;;;2;0;0;0;0
15/05/2014;08:15:00;104;Acidente com vítima;313,5;BR-101/ES;Norte;Queda de Moto;0;0;0;1;0;0;;;;;0;1;0;0;0
15/05/2014;11:09:00;179;Acidente com vítima;321;BR-101/ES;Norte;Colisão Lateral;2;0;0;0;0;0;;;;;1;1;0;0;0
15/05/2014;12:06:00;207;Atropelamento sem Morte;378;BR-101/ES;Sul;Atropelamento;0;0;1;0;0;0;;;;;1;1;0;0;0
16/05/2014;08:55:00;141;Acidente sem Vítima;129;BR-101/ES;Norte;Colisão Lateral;1;0;2;0;0;0;;;;;2;0;0;0;0
16/05/2014;17:18:00;353;Acidente sem Vítima;233;BR-101/ES;Norte;Colisão Lateral;1;0;3;0;0;0;;;;;6;0;0;0;0
16/05/2014;08:53:00;140;Acidente com vítima;240;BR-101/ES;Norte;Queda de Moto;0;0;0;1;0;0;;;;;1;1;0;0;0
16/05/2014;11:25:00;206;Atropelamento sem Morte;242;BR-101/ES;Norte;Atropelamento;0;0;0;0;0;1;;;;;0;0;1;0;0
16/05/2014;14:11:00;269;Acidente sem Vítima;246;BR-101/ES;Norte;Choque com Objeto Fixo;1;0;0;0;0;0;;;;;1;0;0;0;0
16/05/2014;16:00:00;315;Acidente sem Vítima;247;BR-101/ES;Sul;Abalroamento - Sentido Oposto;0;0;2;0;0;0;;;;;3;0;0;0;0
16/05/2014;12:15:00;240;Acidente com vítima;248;BR-101/ES;Sul;Abalroamento - Mesmo Sentido;0;0;1;1;0;0;;;;;1;0;1;0;0
16/05/2014;07:43:00;118;Acidente sem Vítima;264;BR-101/ES;Norte;Queda de Moto;1;0;0;0;0;0;;;;;1;0;0;0;0
16/05/2014;19:47:00;394;Acidente sem Vítima;267;BR-101/ES;Norte;Engavetamento;3;0;0;0;0;0;;;;;4;0;0;0;0
16/05/2014;06:37:00;107;Acidente sem Vítima;290;BR-101/ES;Norte;Colisão Traseira;2;0;0;0;0;0;;;;;2;0;0;0;0
16/05/2014;18:37:00;374;Atropelamento com Morte;295;BR-101/ES;Norte;Atropelamento;0;0;0;0;0;1;;;;;0;0;0;0;1
16/05/2014;22:10:00;445;Acidente sem Vítima;326;BR-101/ES;Sul;Saída de Pista;1;0;0;0;0;0;;;;;1;0;0;0;0
16/05/2014;16:07:00;321;Acidente com vítima;334;BR-101/ES;Norte;Queda de Moto;0;0;0;1;0;0;;;;;0;1;0;0;0
16/05/2014;21:28:00;435;Acidente sem Vítima;399;BR-101/ES;Sul;Colisão Lateral;1;0;1;0;0;0;;;;;7;0;0;0;0
16/05/2014;23:08:00;453;Acidente sem Vítima;451;BR-101/ES;Norte;Abalroamento - Sentido Oposto;0;0;4;0;0;0;;;;;2;0;0;0;0
17/05/2014;07:11:00;95;Acidente sem Vítima;70;BR-101/ES;Sul;Saída de Pista;1;0;0;0;0;0;;;;;1;0;0;0;0
17/05/2014;12:19:00;231;Acidente com vítima;107;BR-101/ES;Norte;Colisão Traseira;1;0;0;1;0;0;;;;;1;0;1;1;0
17/05/2014;18:17:00;343;Acidente com vítima;119;BR-101/ES;Norte;Queda de Moto;0;0;0;1;0;0;;;;;0;0;0;1;0
17/05/2014;23:52:00;461;Acidente com vítima;146;BR-101/ES;Sul;Colisão Traseira;1;0;0;1;0;0;;;;;1;0;1;1;0
17/05/2014;00:06:00;3;Acidente sem Vítima;217;BR-101/ES;Norte;Colisão Lateral;1;0;1;0;0;0;;;;;4;0;0;0;0
17/05/2014;18:52:00;365;Acidente sem Vítima;262;BR-101/ES;Norte;Colisão Traseira;1;0;0;0;1;0;;;;;2;0;0;0;0
17/05/2014;10:51:00;192;Acidente sem Vítima;266;BR-101/ES;Norte;Colisão Traseira;2;0;0;0;0;0;;;;;2;0;0;0;0
17/05/2014;09:38:00;169;Acidente com vítima;268;BR-101/ES;Sul;Saída de Pista;1;0;0;0;0;0;;;;;0;1;0;0;0
17/05/2014;18:54:00;366;Acidente sem Vítima;290;BR-101/ES;Norte;Colisão Lateral;0;0;0;0;0;1;;;;;0;0;0;0;0
17/05/2014;13:07:00;252;Acidente sem Vítima;330;BR-101/ES;Sul;Colisão Lateral;2;0;0;0;0;0;;;;;2;0;0;0;0
17/05/2014;14:19:00;269;Acidente sem Vítima;343;BR-101/ES;Norte;Colisão Frontal;2;0;0;0;0;0;;;;;2;0;0;0;0