data;horario;n_da_ocorrencia;tipo_de_ocorrencia;km;trecho;sentido;tipo_de_acidente;automovel;bicicleta;caminhao;moto;onibus;outros;tracao_animal;transporte_de_cargas_especiais;trator_maquinas;utilitarios;ilesos;levemente_feridos;moderadamente_feridos;gravemente_feridos;mortos
11/06/2014;08:14:00;114;Acidente com vítima;146;BR-101/ES;Norte;Colisão Traseira;1;0;0;1;0;1;;;;;1;1;0;0;0
11/06/2014;22:55:00;424;Acidente sem Vítima;146;BR-101/ES;Norte;Colisão Lateral;1;0;0;1;0;1;;;;;2;0;0;0;0
11/06/2014;06:51:00;82;Acidente com vítima;147;BR-101/ES;Sul;Colisão Lateral;2;0;0;1;0;2;;;;;2;1;0;0;0
11/06/2014;13:22:00;244;Acidente sem Vítima;171;BR-101/ES;Norte;Choque com Objeto Fixo;0;0;2;0;0;0;;;;;1;0;0;0;0
11/06/2014;12:32:00;229;Acidente com vítima;234;BR-101/ES;Norte;Capotamento;1;0;0;0;0;1;;;;;0;1;0;0;0
11/06/2014;16:01:00;298;Acidente com vítima;244;BR-101/ES;Norte;Queda de Moto;0;0;0;1;0;0;;;;;0;1;0;0;0
11/06/2014;09:41:00;155;Acidente sem Vítima;246;BR-101/ES;Norte;Saída de Pista;1;0;0;0;0;1;;;;;2;0;0;0;0
11/06/2014;08:52:00;131;Acidente sem Vítima;265;BR-101/ES;Sul;Saída de Pista;1;0;0;0;0;1;;;;;2;0;0;0;0
11/06/2014;06:53:00;83;Acidente sem Vítima;268;BR-101/ES;Sul;Colisão Lateral;1;0;1;0;0;1;;;;;2;0;0;0;0
11/06/2014;08:21:00;116;Acidente sem Vítima;270;BR-101/ES;Sul;Colisão Traseira;2;0;0;0;0;2;;;;;4;0;0;0;0
11/06/2014;18:55:00;343;Acidente com vítima;271;BR-101/ES;Sul;Queda de Moto;0;0;0;1;0;0;;;;;0;0;1;0;0
11/06/2014;07:26:00;96;Acidente com vítima;277;BR-101/ES;Sul;Saída de Pista;1;0;0;0;0;1;;;;;0;1;0;0;0
11/06/2014;09:48:00;157;Acidente com vítima;277;BR-101/ES;Sul;Colisão Traseira;0;0;2;0;0;0;;;;;1;0;2;0;0
11/06/2014;23:30:00;436;Acidente sem Vítima;310;BR-101/ES;Norte;Colisão;0;1;2;0;0;0;;;;;1;0;0;0;0
11/06/2014;04:52:00;66;Acidente sem Vítima;359;BR-101/ES;Sul;Saída de Pista;0;0;1;0;0;0;;;;;1;0;0;0;0
11/06/2014;12:38:00;231;Acidente com vítima;359;BR-101/ES;Sul;Saída de Pista;1;0;0;0;0;0;;;;;1;3;0;0;0
11/06/2014;05:25:00;71;Acidente sem Vítima;374;BR-101/ES;Norte;Colisão Lateral;0;0;2;0;0;0;;;;;1;0;0;0;0
11/06/2014;10:03:00;162;Acidente sem Vítima;375;BR-101/ES;Norte;Saída de Pista;0;0;1;0;0;0;;;;;1;0;0;0;0
11/06/2014;10:53:00;174;Acidente sem Vítima;389;BR-101/ES;Sul;Saída de Pista;1;0;0;0;0;1;;;;;1;0;0;0;0
11/06/2014;11:07:00;180;Acidente sem Vítima;400;BR-101/ES;Sul;Saída de Pista;0;0;1;0;0;0;;;;;2;0;0;0;0
11/06/2014;15:24:00;286;Acidente sem Vítima;455;BR-101/ES;Norte;Saída de Pista;1;0;0;0;0;1;;;;;1;0;0;0;0
11/06/2014;11:56:00;214;Acidente sem Vítima;458;BR-101/ES;Norte;Saída de Pista;1;0;0;0;0;1;;;;;1;0;0;0;0
12/06/2014;06:11:00;95;Acidente sem Vítima;10;BR-101/ES;Sul;Colisão Lateral;1;0;0;0;0;1;;;;;3;0;0;0;0
12/06/2014;07:28:00;113;Acidente com vítima;21;BR-101/ES;Norte;Saída de Pista;1;0;0;0;0;1;;;;;0;1;1;0;0
12/06/2014;12:07:00;219;Acidente sem Vítima;84;BR-101/ES;Norte;Choque com Objeto Fixo;1;0;0;0;0;1;;;;;3;0;0;0;0
12/06/2014;19:08:00;370;Acidente sem Vítima;233;BR-101/ES;Norte;Saída de Pista;1;0;0;0;0;1;;;;;2;0;0;0;0
12/06/2014;06:56:00;104;Acidente sem Vítima;245;BR-101/ES;Sul;Capotamento;1;0;0;0;0;1;;;;;1;0;0;0;0
12/06/2014;19:32:00;377;Acidente com vítima;262;BR-101/ES;Sul;Colisão Lateral;1;0;0;1;0;1;;;;;1;0;2;0;0
12/06/2014;21:40:00;438;Acidente com vítima;264;BR-101/ES;Norte;Colisão Traseira;2;0;0;0;0;2;;;;;2;1;0;0;0
12/06/2014;06:21:00;97;Acidente sem Vítima;266;BR-101/ES;Norte;Engavetamento;1;0;2;0;0;1;;;;;4;0;0;0;0
12/06/2014;07:16:00;109;Acidente com vítima;268;BR-101/ES;Sul;Colisão Lateral;2;0;0;1;0;2;;;;;2;1;0;0;0
12/06/2014;10:52:00;184;Acidente com vítima;269;BR-101/ES;Sul;Colisão Traseira;0;0;1;1;0;0;;;;;1;1;0;0;0
12/06/2014;07:41:00;114;Acidente com vítima;286;BR-101/ES;Sul;Queda de Moto;0;0;0;1;0;0;;;;;0;2;0;0;0
12/06/2014;15:37:00;310;Acidente sem Vítima;291;BR-101/ES;Norte;Colisão Transversal;0;0;0;1;0;0;;;;;1;0;0;0;0
12/06/2014;06:28:00;100;Acidente sem Vítima;300;BR-101/ES;Norte;Saída de Pista;1;0;1;0;0;1;;;;;1;0;0;0;0
12/06/2014;22:43:00;458;Acidente sem Vítima;321;BR-101/ES;Norte;Colisão Traseira;1;0;0;0;1;1;;;;;4;0;0;0;0
12/06/2014;04:41:00;75;Acidente sem Vítima;385;BR-101/ES;Sul;Tombamento;0;0;1;0;0;0;;;;;1;0;0;0;0
13/06/2014;00:32:00;6;Acidente com vítima;112;BR-101/ES;Norte;Saída de Pista;1;0;0;0;0;1;;;;;0;1;0;0;0
13/06/2014;06:29:00;84;Acidente sem Vítima;157;BR-101/ES;Norte;Saída de Pista;1;0;0;0;0;1;;;;;1;0;0;0;0
13/06/2014;14:37:00;274;Acidente sem Vítima;206;BR-101/ES;Norte;Colisão Traseira;2;0;0;0;0;2;;;;;4;0;0;0;0
13/06/2014;09:04:00;147;Acidente sem Vítima;208;BR-101/ES;Sul;Colisão Traseira;2;0;0;0;0;2;;;;;2;0;0;0;0
13/06/2014;09:21:00;157;Acidente sem Vítima;208;BR-101/ES;Norte;Choque;3;0;0;0;0;2;;;;;16;0;0;0;0
13/06/2014;15:13:00;289;Acidente com vítima;209;BR-101/ES;Norte;Colisão Lateral;1;0;2;0;0;1;;;;;2;1;0;0;0
13/06/2014;11:46:00;215;Acidente com vítima;213;BR-101/ES;Sul;Saída de Pista;2;0;1;0;0;2;;;;;2;1;0;0;0
13/06/2014;18:44:00;338;Acidente sem Vítima;228;BR-101/ES;Sul;Colisão Traseira;1;0;0;0;0;1;;;;;3;0;0;0;0
13/06/2014;18:08:00;329;Atropelamento sem Morte;240;BR-101/ES;Norte;Atropelamento;0;0;0;0;0;1;;;;;0;1;0;0;0
13/06/2014;21:54:00;424;Atropelamento sem Morte;255;BR-101/ES;Norte;Atropelamento;0;0;0;1;0;0;;;;;0;1;0;1;0
13/06/2014;16:30:00;307;Acidente com vítima;261;BR-101/ES;Sul;Colisão Traseira;1;0;0;1;0;1;;;;;1;1;0;0;0
13/06/2014;18:15:00;330;Acidente sem Vítima;264;BR-101/ES;Sul;Engavetamento;3;0;2;0;0;3;;;;;4;0;0;0;0
13/06/2014;09:13:00;151;Acidente sem Vítima;265;BR-101/ES;Sul;Colisão Traseira;1;0;1;0;0;1;;;;;2;0;0;0;0
13/06/2014;20:24:00;369;Atropelamento sem Morte;266;BR-101/ES;Sul;Atropelamento;1;0;0;0;0;1;;;;;1;0;1;0;0
13/06/2014;09:33:00;163;Atropelamento sem Morte;267;BR-101/ES;Sul;Atropelamento;0;0;0;1;0;0;;;;;1;0;2;0;0
13/06/2014;18:37:00;336;Acidente sem Vítima;270;BR-101/ES;Norte;Colisão Lateral;1;0;0;1;0;1;;;;;2;0;0;0;0
13/06/2014;14:52:00;282;Acidente sem Vítima;290;BR-101/ES;Sul;Colisão Traseira;2;0;0;0;0;2;;;;;3;0;0;0;0
13/06/2014;19:41:00;355;Acidente sem Vítima;291;BR-101/ES;Sul;Colisão Traseira;1;0;1;0;0;1;;;;;3;0;0;0;0
13/06/2014;16:53:00;316;Acidente com vítima;293;BR-101/ES;Sul;Colisão Traseira;2;0;0;0;0;2;;;;;5;1;0;0;0
13/06/2014;12:00:00;222;Acidente sem Vítima;295;BR-101/ES;Norte;Tombamento;0;0;1;0;0;0;;;;;1;0;0;0;0
13/06/2014;07:59:00;117;Acidente sem Vítima;297;BR-101/ES;Norte;Colisão Traseira;2;0;0;0;0;2;;;;;1;0;0;0;0
13/06/2014;08:23:00;129;Acidente sem Vítima;297;BR-101/ES;Sul;Colisão Lateral;1;0;1;0;0;1;;;;;2;0;0;0;0
13/06/2014;20:58:00;396;Acidente sem Vítima;301;BR-101/ES;Sul;Colisão Traseira;1;0;2;0;0;1;;;;;2;0;0;0;0
13/06/2014;15:31:00;297;Acidente sem Vítima;375;BR-101/ES;Norte;Colisão Lateral;0;0;3;0;0;0;;;;;3;0;0;0;0
13/06/2014;12:58:00;249;Acidente com vítima;389;BR-101/ES;Sul;Choque com Objeto Fixo;1;0;0;0;0;1;;;;;3;2;0;0;0
13/06/2014;09:28:00;160;Acidente sem Vítima;398;BR-101/ES;Sul;Colisão Traseira;0;0;2;0;0;0;;;;;2;0;0;0;0
13/06/2014;12:07:00;228;Acidente sem Vítima;398;BR-101/ES;Norte;Colisão;0;0;0;0;0;1;;;;;0;0;0;0;0
13/06/2014;12:10:00;230;Acidente sem Vítima;398;BR-101/ES;Norte;Colisão Traseira;0;0;0;0;0;1;;;;;0;0;0;0;0
13/06/2014;07:17:00;92;Acidente com vítima;430;BR-101/ES;Sul;Saída de Pista;1;0;0;0;0;1;;;;;3;2;0;0;0
13/06/2014;05:36:00;75;Acidente sem Vítima;438;BR-101/ES;Norte;Colisão Lateral;1;0;0;0;0;1;;;;;4;0;0;0;0
13/06/2014;16:23:00;305;Acidente com Morte;440,5;BR-101/ES;Sul;Colisão Frontal;1;0;1;0;0;1;;;;;0;1;0;0;2
13/06/2014;14:29:00;272;Acidente sem Vítima;447;BR-101/ES;Sul;Saída de Pista;1;0;0;0;0;1;;;;;1;0;0;0;0
14/06/2014;13:35:00;281;Acidente sem Vítima;65;BR-101/ES;Norte;Colisão Traseira;2;0;0;0;0;2;;;;;2;0;0;0;0
14/06/2014;00:30:00;4;Acidente com vítima;66;BR-101/ES;Norte;Colisão Lateral;1;0;1;0;0;1;;;;;2;2;0;0;0
14/06/2014;14:52:00;310;Acidente sem Vítima;78;BR-101/ES;Norte;Colisão Traseira;1;0;3;0;0;1;;;;;5;0;0;0;0
14/06/2014;18:48:00;379;Acidente sem Vítima;109;BR-101/ES;Sul;Queda de Moto;0;0;0;1;0;0;;;;;2;0;0;0;0
14/06/2014;12:03:00;230;Acidente com vítima;125;BR-101/ES;Norte;Colisão;0;1;0;1;0;0;;;;;0;1;0;0;0
14/06/2014;13:12:00;275;Acidente sem Vítima;137;BR-101/ES;Norte;Colisão Traseira;0;0;1;1;0;0;;;;;2;0;0;0;0
14/06/2014;17:30:00;354;Acidente sem Vítima;149;BR-101/ES;Sul;Colisão Lateral;0;0;0;1;0;0;;;;;1;0;0;0;0
14/06/2014;07:28:00;101;Acidente sem Vítima;228;BR-101/ES;Sul;Colisão Lateral;2;0;0;0;0;2;;;;;3;0;0;0;0
14/06/2014;19:58:00;400;Atropelamento sem Morte;266;BR-101/ES;Norte;Atropelamento;1;0;0;0;0;1;;;;;1;0;1;0;0
14/06/2014;21:13:00;429;Acidente com vítima;270;BR-101/ES;Sul;Queda de ciclista;0;0;0;0;0;1;;;;;0;1;0;0;0
14/06/2014;14:24:00;305;Acidente com vítima;282;BR-101/ES;Norte;Choque;2;0;0;0;0;2;;;;;2;1;0;0;0
14/06/2014;10:54:00;199;Acidente sem Vítima;291;BR-101/ES;Sul;Colisão Lateral;1;0;1;0;0;1;;;;;3;0;0;0;0
14/06/2014;08:19:00;125;Acidente com vítima;350,5;BR-101/ES;Norte;Colisão Traseira;1;0;1;0;0;1;;;;;1;2;0;0;0
14/06/2014;18:46:00;377;Atropelamento sem Morte;395;BR-101/ES;Norte;Atropelamento;1;0;0;0;0;1;;;;;1;0;0;1;0
15/06/2014;03:45:00;62;Acidente sem Vítima;5,5;BR-101/ES;Norte;Atropelamento - Animal;1;0;0;0;0;1;;;;;0;0;0;0;0
15/06/2014;04:59:00;85;Acidente com vítima;156;BR-101/ES;Sul;Capotamento;1;0;0;0;0;1;;;;;0;1;0;0;0
15/06/2014;16:26:00;346;Acidente sem Vítima;174;BR-101/ES;Norte;Colisão Transversal;2;0;0;0;0;1;;;;;3;0;0;0;0
15/06/2014;15:38:00;329;Acidente sem Vítima;206;BR-101/ES;Sul;Colisão Lateral;1;0;0;0;0;1;;;;;1;0;0;0;0
15/06/2014;18:20:00;393;Acidente sem Vítima;251;BR-101/ES;Sul;Colisão Traseira;1;0;0;0;0;1;;;;;1;0;0;0;0
15/06/2014;18:41:00;397;Acidente sem Vítima;251;BR-101/ES;Sul;Colisão Traseira;2;0;0;0;0;2;;;;;2;0;0;0;0
15/06/2014;15:34:00;327;Acidente com vítima;260;BR-101/ES;Norte;Capotamento;1;0;0;0;0;1;;;;;0;1;1;0;0
15/06/2014;20:11:00;436;Acidente sem Vítima;286;BR-101/ES;Sul;Capotamento;1;0;0;0;0;1;;;;;2;0;0;0;0
15/06/2014;15:13:00;321;Acidente com vítima;324;BR-101/ES;Sul;Queda de Moto;0;0;0;1;0;0;;;;;0;2;0;0;0
15/06/2014;13:22:00;277;Acidente sem Vítima;398;BR-101/ES;Sul;Choque com Objeto Fixo;0;0;1;0;0;0;;;;;0;0;0;0;0
15/06/2014;21:50:00;482;Acidente com vítima;421,5;BR-101/ES;Sul;Colisão Lateral;1;0;1;0;0;1;;;;;2;1;0;0;0
16/06/2014;17:11:00;326;Atropelamento sem Morte;66;BR-101/ES;Norte;Atropelamento;0;0;0;0;1;0;;;;;1;0;1;0;0
16/06/2014;15:19:00;291;Acidente sem Vítima;264;BR-101/ES;Sul;Engavetamento;3;0;0;0;0;3;;;;;3;0;0;0;0
16/06/2014;06:34:00;100;Atropelamento sem Morte;269;BR-101/ES;Sul;Atropelamento;1;0;0;0;0;1;;;;;0;1;1;0;0
16/06/2014;09:25:00;156;Acidente sem Vítima;297;BR-101/ES;Sul;Colisão Traseira;2;0;0;0;0;2;;;;;2;0;0;0;0
16/06/2014;07:18:00;111;Acidente sem Vítima;298;BR-101/ES;Norte;Colisão Traseira;2;0;0;0;0;2;;;;;3;0;0;0;0
16/06/2014;11:15:00;194;Acidente sem Vítima;456,5;BR-101/ES;Sul;Colisão Lateral;2;0;0;0;0;1;;;;;2;0;0;0;0
17/06/2014;14:13:00;281;Acidente sem Vítima;22;BR-101/ES;Sul;Veículo em Chamas;0;0;0;0;0;1;;;;;0;0;0;0;0
17/06/2014;13:57:00;277;Acidente sem Vítima;41;BR-101/ES;Norte;Saída de Pista;1;0;0;0;0;1;;;;;1;0;0;0;0
17/06/2014;18:27:00;357;Acidente sem Vítima;210;BR-101/ES;Norte;Colisão Lateral;0;0;1;0;0;0;;;;;3;0;0;0;0
17/06/2014;11:55:00;236;Atropelamento sem Morte;224;BR-101/ES;Norte;Atropelamento;1;0;3;0;0;1;;;;;4;0;1;0;0
17/06/2014;16:24:00;317;Acidente sem Vítima;264;BR-101/ES;Sul;Colisão Lateral;0;0;2;0;1;0;;;;;3;0;0;0;0
17/06/2014;11:34:00;221;Acidente sem Vítima;264,5;BR-101/ES;Sul;Engavetamento;3;0;0;0;0;3;;;;;3;0;0;0;0
17/06/2014;14:24:00;285;Acidente sem Vítima;270,5;BR-101/ES;Sul;Colisão Traseira;2;0;0;0;0;2;;;;;2;0;0;0;0
17/06/2014;14:21:00;284;Acidente com vítima;270,8;BR-101/ES;Sul;Colisão Traseira;0;0;0;2;0;0;;;;;1;1;0;0;0
17/06/2014;15:23:00;295;Acidente sem Vítima;280;BR-101/ES;Sul;Colisão Traseira;2;0;0;0;0;2;;;;;2;0;0;0;0
17/06/2014;12:58:00;258;Acidente com vítima;288;BR-101/ES;Norte;Colisão Lateral;2;0;0;1;0;2;;;;;2;0;1;0;0
17/06/2014;07:52:00;121;Acidente sem Vítima;289,5;BR-101/ES;Norte;Colisão Traseira;2;0;0;0;0;2;;;;;2;0;0;0;0
18/06/2014;13:34:00;354;Atropelamento sem Morte;0,1;BR-101/ES;Norte;Atropelamento;1;0;0;0;0;1;;;;;0;1;0;0;0
18/06/2014;06:55:00;125;Acidente sem Vítima;143;BR-101/ES;Norte;Saída de Pista;1;0;0;1;0;1;;;;;2;0;0;0;0
18/06/2014;15:03:00;390;Acidente sem Vítima;148;BR-101/ES;Norte;Colisão Lateral;1;0;0;0;1;1;;;;;2;0;0;0;0
18/06/2014;23:59:00;576;Acidente com vítima;149;BR-101/ES;Sul;Colisão Lateral;1;0;1;0;0;1;;;;;1;2;0;0;0
18/06/2014;16:04:00;406;Acidente com vítima;152;BR-101/ES;Norte;Queda de Moto;0;0;0;1;0;0;;;;;0;1;0;0;0
18/06/2014;13:07:00;341;Acidente sem Vítima;264;BR-101/ES;Norte;Colisão Traseira;2;0;0;0;0;2;;;;;2;0;0;0;0
18/06/2014;16:40:00;416;Acidente com vítima;266;BR-101/ES;Sul;Queda de Moto;0;0;0;1;0;0;;;;;0;1;0;0;0
18/06/2014;15:42:00;398;Acidente sem Vítima;268;BR-101/ES;Norte;Colisão Lateral;2;0;0;0;0;2;;;;;2;0;0;0;0
18/06/2014;13:30:00;350;Acidente sem Vítima;270;BR-101/ES;Norte;Colisão Traseira;1;0;0;0;1;1;;;;;4;0;0;0;0
18/06/2014;18:26:00;447;Acidente sem Vítima;270;BR-101/ES;Sul;Colisão Lateral;1;0;1;0;0;1;;;;;2;0;0;0;0
18/06/2014;17:27:00;430;Acidente com vítima;298;BR-101/ES;Norte;Queda de Moto;0;0;0;1;0;0;;;;;0;0;1;0;0
18/06/2014;10:43:00;261;Acidente com vítima;309;BR-101/ES;Norte;Queda de Moto;0;0;2;1;0;0;;;;;1;1;0;0;0
18/06/2014;21:49:00;536;Acidente com vítima;325;BR-101/ES;Norte;Queda de Moto;0;0;0;1;0;0;;;;;0;1;0;0;0
18/06/2014;22:51:00;563;Acidente com Morte;337;BR-101/ES;Norte;Colisão Frontal;2;0;2;0;0;2;;;;;1;2;0;0;1
18/06/2014;06:03:00;112;Acidente sem Vítima;343;BR-101/ES;Sul;Colisão Traseira;2;0;0;0;0;2;;;;;3;0;0;0;0
18/06/2014;22:05:00;543;Acidente com vítima;408;BR-101/ES;Norte;Tombamento;0;0;2;0;0;0;;;;;0;0;1;0;0
18/06/2014;09:50:00;228;Acidente sem Vítima;452;BR-101/ES;Sul;Colisão Traseira;1;0;1;0;0;1;;;;;4;0;0;0;0
19/06/2014;20:54:00;454;Acidente com vítima;140;BR-101/ES;Norte;Abalroamento - Sentido Oposto;1;0;1;0;0;1;;;;;1;0;1;0;0
19/06/2014;09:08:00;186;Acidente sem Vítima;256;BR-101/ES;Norte;Colisão Traseira;2;0;0;0;0;2;;;;;1;0;0;0;0
19/06/2014;12:47:00;286;Acidente sem Vítima;256;BR-101/ES;Sul;Colisão Lateral;2;0;0;0;0;2;;;;;3;0;0;0;0
19/06/2014;18:00:00;403;Acidente com vítima;285;BR-101/ES;Sul;Queda de Moto;0;0;0;1;0;0;;;;;0;1;1;0;0
19/06/2014;19:00:00;420;Acidente com Morte;449,9;BR-101/ES;Norte;Saída de Pista;0;0;2;0;1;0;;;;;0;9;6;12;1
20/06/2014;09:53:00;184;Acidente sem Vítima;17;BR-101/ES;Norte;Veículo em Chamas;0;0;3;0;0;0;;;;;0;0;0;0;0
20/06/2014;12:19:00;248;Acidente sem Vítima;17;BR-101/ES;Norte;Veículo em Chamas;0;0;3;0;0;0;;;;;1;0;0;0;0
20/06/2014;22:20:00;478;Acidente com vítima;17;BR-101/ES;Sul;Queda de ciclista;0;0;0;0;0;1;;;;;0;0;1;0;0
20/06/2014;09:51:00;183;Acidente com vítima;65;BR-101/ES;Norte;Colisão Traseira;1;0;0;2;0;1;;;;;1;1;0;0;0
20/06/2014;22:30:00;480;Acidente sem Vítima;85,8;BR-101/ES;Sul;Choque com Objeto Fixo;0;0;2;0;0;0;;;;;2;0;0;0;0
20/06/2014;19:40:00;414;Acidente sem Vítima;160,5;BR-101/ES;Sul;Saída de Pista;1;0;0;0;0;1;;;;;2;0;0;0;0
20/06/2014;19:29:00;405;Acidente sem Vítima;172;BR-101/ES;Sul;Colisão Lateral;1;0;1;0;0;1;;;;;2;0;0;0;0
20/06/2014;17:47:00;370;Acidente sem Vítima;180;BR-101/ES;Sul;Colisão Transversal;0;0;5;0;0;0;;;;;2;0;0;0;0
20/06/2014;01:00:00;14;Acidente sem Vítima;189;BR-101/ES;Sul;Saída de Pista;1;0;0;0;0;1;;;;;2;0;0;0;0
20/06/2014;02:51:00;48;Acidente sem Vítima;211;BR-101/ES;Norte;Choque com Objeto Fixo;1;0;0;0;0;1;;;;;3;0;0;0;0
20/06/2014;08:38:00;147;Acidente sem Vítima;267;BR-101/ES;Norte;Colisão Lateral;2;0;0;0;0;2;;;;;2;0;0;0;0
20/06/2014;12:37:00;259;Acidente sem Vítima;268;BR-101/ES;Sul;Colisão Lateral;2;0;0;0;0;2;;;;;2;0;0;0;0
20/06/2014;11:16:00;215;Acidente sem Vítima;273;BR-101/ES;Sul;Saída de Pista;0;0;1;0;0;0;;;;;1;0;0;0;0
20/06/2014;12:09:00;243;Acidente sem Vítima;276,5;BR-101/ES;Sul;Saída de Pista;1;0;0;0;0;1;;;;;2;0;0;0;0
20/06/2014;09:28:00;177;Acidente com vítima;282;BR-101/ES;Norte;Engavetamento;2;0;4;0;0;2;;;;;4;0;1;0;0
20/06/2014;13:11:00;272;Acidente sem Vítima;282;BR-101/ES;Norte;Saída de Pista;1;0;0;0;0;1;;;;;1;0;0;0;0
20/06/2014;21:21:00;458;Acidente sem Vítima;289;BR-101/ES;Sul;Atropelamento - Bovino;1;0;0;0;0;1;;;;;1;0;0;0;0
20/06/2014;10:15:00;194;Acidente sem Vítima;291,4;BR-101/ES;Sul;Tombamento;1;0;0;0;0;1;;;;;1;0;0;0;0
20/06/2014;07:16:00;110;Acidente sem Vítima;298;BR-101/ES;Sul;Engavetamento;4;0;0;0;0;4;;;;;4;0;0;0;0
20/06/2014;08:04:00;130;Acidente sem Vítima;338;BR-101/ES;Norte;Capotamento;1;0;0;0;0;1;;;;;1;0;0;0;0
20/06/2014;08:17:00;135;Acidente sem Vítima;341;BR-101/ES;Norte;Saída de Pista;1;0;0;0;0;1;;;;;1;0;0;0;0
20/06/2014;07:43:00;119;Acidente sem Vítima;343;BR-101/ES;Norte;Saída de Pista;1;0;0;0;0;1;;;;;1;0;0;0;0
20/06/2014;17:04:00;347;Acidente sem Vítima;358;BR-101/ES;Norte;Saída de Pista;1;0;0;0;0;1;;;;;3;0;0;0;0
20/06/2014;18:39:00;392;Acidente com vítima;372;BR-101/ES;Norte;Saída de Pista;0;0;0;0;0;1;;;;;0;2;0;0;0
20/06/2014;21:23:00;460;Acidente sem Vítima;374;BR-101/ES;Norte;Saída de Pista;0;0;1;0;0;0;;;;;2;0;0;0;0
20/06/2014;10:20:00;196;Acidente com vítima;429;BR-101/ES;Sul;Saída de Pista;0;0;1;0;0;0;;;;;0;0;2;0;0
21/06/2014;08:05:00;123;Acidente com vítima;3;BR-101/ES;Norte;Saída de Pista;1;0;3;0;0;1;;;;;1;0;1;0;0
21/06/2014;04:37:00;66;Acidente com vítima;107;BR-101/ES;Sul;Queda de Moto;0;0;0;1;0;0;;;;;0;0;1;0;0
21/06/2014;16:05:00;287;Acidente com vítima;145;BR-101/ES;Norte;Colisão Traseira;2;0;0;1;0;2;;;;;3;2;0;0;0
21/06/2014;06:59:00;100;Acidente sem Vítima;171;BR-101/ES;Sul;Choque;1;0;0;0;0;1;;;;;1;0;0;0;0
21/06/2014;13:34:00;249;Acidente com vítima;223;BR-101/ES;Sul;Queda de Moto;0;0;0;1;0;0;;;;;0;1;0;0;0
21/06/2014;07:06:00;101;Acidente sem Vítima;274;BR-101/ES;Norte;Saída de Pista;1;0;0;0;0;1;;;;;1;0;0;0;0
21/06/2014;18:46:00;335;Acidente sem Vítima;348;BR-101/ES;Norte;Veículo em Chamas;1;0;0;0;0;1;;;;;1;0;0;0;0
21/06/2014;17:34:00;312;Acidente sem Vítima;362;BR-101/ES;Norte;Colisão;0;0;0;0;0;1;;;;;0;0;0;0;0
22/06/2014;02:11:00;22;Acidente com vítima;143,5;BR-101/ES;Sul;Capotamento;1;0;0;0;0;1;;;;;0;3;0;0;0
22/06/2014;22:01:00;466;Acidente com vítima;145;BR-101/ES;Norte;Colisão;1;0;0;0;0;1;;;;;1;2;0;0;0
22/06/2014;01:45:00;19;Acidente com vítima;148;BR-101/ES;Norte;Choque com Objeto Fixo;1;0;0;0;0;1;;;;;0;1;0;0;0
22/06/2014;15:12:00;292;Acidente sem Vítima;172;BR-101/ES;Sul;Colisão Traseira;2;0;0;0;0;2;;;;;2;0;0;0;0
22/06/2014;06:23:00;80;Acidente sem Vítima;177;BR-101/ES;Norte;Saída de Pista;1;0;0;0;0;1;;;;;2;0;0;0;0
22/06/2014;16:34:00;329;Acidente com vítima;210;BR-101/ES;Sul;Colisão Frontal;1;0;1;0;0;1;;;;;3;0;0;1;0
22/06/2014;17:34:00;356;Acidente sem Vítima;230;BR-101/ES;Norte;Colisão Transversal;2;0;0;0;0;2;;;;;2;0;0;0;0
22/06/2014;01:50:00;20;Atropelamento sem Morte;266,5;BR-101/ES;Norte;Atropelamento;0;0;0;0;0;1;;;;;0;0;0;1;0
22/06/2014;13:57:00;263;Acidente sem Vítima;292;BR-101/ES;Sul;Saída de Pista;1;0;0;0;0;1;;;;;1;0;0;0;0
22/06/2014;00:13:00;4;Acidente com vítima;372,6;BR-101/ES;Norte;Saída de Pista;1;0;0;0;0;1;;;;;0;1;0;0;0
22/06/2014;14:51:00;285;Acidente sem Vítima;376;BR-101/ES;Sul;Colisão Traseira;2;0;0;0;0;2;;;;;5;0;0;0;0
22/06/2014;14:09:00;271;Acidente sem Vítima;451;BR-101/ES;Sul;Colisão Lateral;0;0;1;0;0;0;;;;;1;0;0;0;0
22/06/2014;03:38:00;48;Acidente sem Vítima;457;BR-101/ES;Sul;Saída de Pista;0;0;1;0;0;0;;;;;1;0;0;0;0
23/06/2014;09:54:00;189;Acidente com vítima;58;BR-101/ES;Sul;Colisão Traseira;1;0;1;0;0;1;;;;;1;1;0;0;0
23/06/2014;22:11:00;483;Acidente sem Vítima;86;BR-101/ES;Norte;Choque;0;0;1;0;0;0;;;;;0;0;0;0;0
23/06/2014;16:22:00;341;Acidente com vítima;146;BR-101/ES;Norte;Engavetamento;4;0;0;2;0;4;;;;;4;4;0;0;0
23/06/2014;07:03:00;99;Acidente com vítima;260;BR-101/ES;Norte;Colisão Traseira;1;0;1;0;0;1;;;;;1;1;1;0;0
23/06/2014;20:31:00;430;Acidente sem Vítima;263;BR-101/ES;Sul;Atropelamento - Animal;0;0;0;0;0;1;;;;;0;0;0;0;0
23/06/2014;06:35:00;96;Acidente sem Vítima;268;BR-101/ES;Sul;Colisão Traseira;1;0;1;0;0;1;;;;;2;0;0;0;0
23/06/2014;13:36:00;283;Acidente sem Vítima;268;BR-101/ES;Norte;Engavetamento;7;0;1;0;0;7;;;;;8;0;0;0;0
23/06/2014;15:21:00;314;Acidente sem Vítima;269,9;BR-101/ES;Sul;Engavetamento;3;0;0;0;0;3;;;;;3;0;0;0;0