data;horario;n_da_ocorrencia;tipo_de_ocorrencia;km;trecho;sentido;tipo_de_acidente;automovel;bicicleta;caminhao;moto;onibus;outros;tracao_animal;transporte_de_cargas_especiais;trator_maquinas;utilitarios;ilesos;levemente_feridos;moderadamente_feridos;gravemente_feridos;mortos
23/06/2014;12:02:00;241;Acidente com vítima;270;BR-101/ES;Sul;Colisão Lateral;1;0;0;1;0;1;;;;;2;1;0;0;0
23/06/2014;09:50:00;187;Acidente sem Vítima;289;BR-101/ES;Norte;Abalroamento - Mesmo Sentido;1;0;1;0;0;1;;;;;2;0;0;0;0
23/06/2014;12:13:00;243;Acidente sem Vítima;360;BR-101/ES;Sul;Colisão Traseira;2;0;0;0;0;2;;;;;1;0;0;0;0
23/06/2014;13:55:00;288;Acidente sem Vítima;376;BR-101/ES;Norte;Colisão Lateral;1;0;0;1;0;1;;;;;2;0;0;0;0
23/06/2014;11:37:00;226;Acidente sem Vítima;382;BR-101/ES;Sul;Saída de Pista;2;0;1;0;0;2;;;;;4;0;0;0;0
23/06/2014;08:02:00;126;Acidente com vítima;399;BR-101/ES;Sul;Colisão Traseira;1;0;1;0;0;1;;;;;2;1;0;0;0
23/06/2014;09:58:00;191;Acidente sem Vítima;429;BR-101/ES;Sul;Saída de Pista;1;0;0;0;0;1;;;;;1;0;0;0;0
24/06/2014;15:51:00;304;Acidente sem Vítima;110;BR-101/ES;Sul;Saída de Pista;0;0;1;0;0;0;;;;;2;0;0;0;0
24/06/2014;15:23:00;298;Acidente sem Vítima;146;BR-101/ES;Sul;Colisão Transversal;1;0;2;0;0;1;;;;;3;0;0;0;0
24/06/2014;12:28:00;233;Acidente com vítima;262;BR-101/ES;Sul;Colisão Traseira;2;0;0;0;0;2;;;;;0;2;0;0;0
24/06/2014;16:41:00;311;Acidente sem Vítima;264;BR-101/ES;Norte;Colisão Traseira;1;0;0;1;0;1;;;;;2;0;0;0;0
24/06/2014;11:20:00;203;Acidente sem Vítima;269;BR-101/ES;Sul;Engavetamento;6;0;0;0;0;5;;;;;6;0;0;0;0
24/06/2014;18:13:00;335;Acidente sem Vítima;269;BR-101/ES;Sul;Colisão Lateral;1;0;1;0;0;1;;;;;2;0;0;0;0
24/06/2014;18:44:00;347;Atropelamento sem Morte;270;BR-101/ES;Sul;Atropelamento;0;0;0;1;0;0;;;;;2;0;1;0;0
25/06/2014;16:30:00;325;Acidente com vítima;26;BR-101/ES;Sul;Colisão Lateral;1;0;4;0;0;1;;;;;1;0;1;0;0
25/06/2014;11:20:00;216;Acidente com vítima;36;BR-101/ES;Sul;Colisão Traseira;1;0;1;0;0;1;;;;;3;1;0;0;0
25/06/2014;11:06:00;206;Acidente sem Vítima;147;BR-101/ES;Norte;Colisão Transversal;1;0;1;0;0;1;;;;;4;0;0;0;0
25/06/2014;11:24:00;223;Acidente sem Vítima;174;BR-101/ES;Sul;Colisão Traseira;2;0;0;0;0;1;;;;;3;0;0;0;0
25/06/2014;06:57:00;115;Acidente sem Vítima;203;BR-101/ES;Sul;Saída de Pista;1;0;0;0;0;1;;;;;2;0;0;0;0
25/06/2014;15:15:00;295;Acidente sem Vítima;230;BR-101/ES;Norte;Colisão Traseira;2;0;0;0;0;2;;;;;2;0;0;0;0
25/06/2014;13:51:00;281;Acidente com vítima;254;BR-101/ES;Sul;Colisão Traseira;0;0;1;1;0;0;;;;;2;0;1;0;0
25/06/2014;10:16:00;192;Acidente com vítima;267;BR-101/ES;Norte;Colisão Traseira;1;0;0;1;0;1;;;;;1;0;1;0;0
25/06/2014;21:36:00;447;Acidente sem Vítima;270;BR-101/ES;Sul;Choque;1;0;1;0;0;1;;;;;2;0;0;0;0
25/06/2014;14:29:00;290;Acidente com vítima;310;BR-101/ES;Norte;Colisão Lateral;1;0;2;0;0;1;;;;;5;1;0;0;0
25/06/2014;10:11:00;189;Acidente sem Vítima;367;BR-101/ES;Sul;Colisão Traseira;2;0;0;0;0;2;;;;;2;0;0;0;0
25/06/2014;11:56:00;244;Acidente sem Vítima;377;BR-101/ES;Norte;Colisão Lateral;1;0;2;0;0;1;;;;;2;0;0;0;0
25/06/2014;12:18:00;255;Acidente com vítima;408;BR-101/ES;Sul;Choque;0;0;2;0;0;0;;;;;0;0;1;0;0
25/06/2014;19:27:00;384;Acidente sem Vítima;411;BR-101/ES;Norte;Queda de ciclista;0;0;0;0;0;1;;;;;1;0;0;0;0
26/06/2014;06:54:00;120;Acidente sem Vítima;144;BR-101/ES;Norte;Colisão Lateral;1;0;0;1;0;1;;;;;2;0;0;0;0
26/06/2014;20:45:00;477;Acidente sem Vítima;207;BR-101/ES;Norte;Choque;0;0;0;0;1;0;;;;;1;0;0;0;0
26/06/2014;09:16:00;185;Acidente com Morte;208;BR-101/ES;Norte;Saída de Pista;1;0;1;0;0;1;;;;;0;0;2;0;1
26/06/2014;14:36:00;338;Acidente sem Vítima;267;BR-101/ES;Norte;Colisão Traseira;2;0;0;0;0;2;;;;;2;0;0;0;0
26/06/2014;11:41:00;252;Acidente sem Vítima;268;BR-101/ES;Norte;Colisão Traseira;3;0;0;0;0;1;;;;;3;0;0;0;0
26/06/2014;13:43:00;305;Acidente sem Vítima;268;BR-101/ES;Sul;Colisão Traseira;3;0;0;0;0;2;;;;;3;0;0;0;0
26/06/2014;18:13:00;408;Acidente com vítima;268;BR-101/ES;Sul;Queda de Moto;0;0;0;1;0;0;;;;;0;1;0;0;0
26/06/2014;12:06:00;262;Acidente sem Vítima;270;BR-101/ES;Sul;Colisão Traseira;1;0;1;0;0;1;;;;;2;0;0;0;0
26/06/2014;21:14:00;485;Acidente sem Vítima;270;BR-101/ES;Norte;Colisão Traseira;1;0;1;0;0;1;;;;;2;0;0;0;0
26/06/2014;10:48:00;229;Acidente sem Vítima;287;BR-101/ES;Sul;Colisão Traseira;0;0;2;0;0;0;;;;;2;0;0;0;0
26/06/2014;08:17:00;156;Acidente com vítima;321;BR-101/ES;Norte;Colisão Transversal;2;0;1;0;0;2;;;;;1;3;0;0;0
26/06/2014;23:02:00;524;Acidente com vítima;432;BR-101/ES;Norte;Abalroamento - Sentido Oposto;0;0;3;0;0;0;;;;;1;1;0;0;0
27/06/2014;18:06:00;394;Acidente com vítima;63;BR-101/ES;Norte;Colisão Frontal;0;0;0;2;0;0;;;;;0;0;0;2;0
27/06/2014;19:18:00;418;Atropelamento sem Morte;132;BR-101/ES;Sul;Atropelamento;1;0;0;0;0;1;;;;;1;0;1;0;0
27/06/2014;09:17:00;169;Acidente sem Vítima;145;BR-101/ES;Norte;Colisão Traseira;1;0;0;0;1;1;;;;;1;0;0;0;0
27/06/2014;10:09:00;194;Acidente sem Vítima;145;BR-101/ES;Norte;Colisão Traseira;1;0;1;0;0;1;;;;;2;0;0;0;0
27/06/2014;12:47:00;265;Acidente sem Vítima;148;BR-101/ES;Norte;Engavetamento;2;0;0;0;0;2;;;;;1;0;0;0;0
27/06/2014;16:57:00;368;Acidente sem Vítima;151;BR-101/ES;Norte;Colisão Traseira;1;0;0;1;0;1;;;;;4;0;0;0;0
27/06/2014;11:09:00;214;Acidente com vítima;191;BR-101/ES;Norte;Colisão Traseira;2;0;0;0;0;2;;;;;2;2;0;1;0
27/06/2014;06:23:00;89;Acidente sem Vítima;199;BR-101/ES;Sul;Saída de Pista;1;0;0;0;0;1;;;;;1;0;0;0;0
27/06/2014;19:58:00;435;Acidente sem Vítima;220;BR-101/ES;Sul;Colisão Traseira;1;0;0;1;0;1;;;;;1;0;0;0;0
27/06/2014;12:00:00;239;Acidente com vítima;228;BR-101/ES;Norte;Saída de Pista;1;0;1;0;0;1;;;;;1;1;0;0;0
27/06/2014;12:40:00;260;Acidente com vítima;230;BR-101/ES;Norte;Colisão;0;1;1;0;0;0;;;;;0;0;0;1;0
27/06/2014;16:28:00;354;Acidente com vítima;265;BR-101/ES;Norte;Queda de Moto;0;0;0;1;0;0;;;;;0;2;0;0;0
27/06/2014;07:41:00;115;Acidente sem Vítima;270;BR-101/ES;Sul;Colisão Lateral;1;0;1;0;0;1;;;;;2;0;0;0;0
27/06/2014;09:55:00;187;Acidente sem Vítima;270;BR-101/ES;Sul;Colisão Traseira;1;0;0;0;0;1;;;;;1;0;0;0;0
27/06/2014;18:49:00;411;Acidente sem Vítima;270;BR-101/ES;Sul;Colisão Traseira;1;0;0;0;1;1;;;;;4;0;0;0;0
27/06/2014;14:43:00;317;Acidente sem Vítima;272;BR-101/ES;Sul;Choque;0;0;2;0;0;0;;;;;2;0;0;0;0
27/06/2014;22:25:00;494;Acidente sem Vítima;300;BR-101/ES;Sul;Queda de Moto;0;0;0;1;0;0;;;;;1;0;0;0;0
27/06/2014;01:10:00;26;Acidente sem Vítima;422;BR-101/ES;Norte;Tombamento;0;0;1;0;0;0;;;;;1;0;0;0;0
28/06/2014;21:52:00;436;Atropelamento com Morte;37;BR-101/ES;Norte;Atropelamento;0;0;0;0;0;1;;;;;0;0;0;0;1
28/06/2014;18:00:00;359;Acidente sem Vítima;94;BR-101/ES;Sul;Colisão Traseira;1;0;0;0;0;1;;;;;1;0;0;0;0
28/06/2014;04:11:00;53;Acidente com vítima;116;BR-101/ES;Sul;Tombamento;0;0;2;0;0;0;;;;;0;1;0;0;0
28/06/2014;18:05:00;362;Acidente com vítima;128;BR-101/ES;Sul;Colisão Transversal;2;0;4;0;0;2;;;;;3;2;2;1;0
28/06/2014;12:43:00;260;Acidente sem Vítima;193,1;BR-101/ES;Norte;Saída de Pista;1;0;0;0;0;1;;;;;1;0;0;0;0
28/06/2014;20:18:00;400;Acidente sem Vítima;200;BR-101/ES;Sul;Colisão Traseira;2;0;0;0;0;2;;;;;2;0;0;0;0
28/06/2014;09:38:00;174;Acidente sem Vítima;206;BR-101/ES;Norte;Saída de Pista;2;0;0;0;0;2;;;;;1;0;0;0;0
28/06/2014;16:48:00;333;Acidente sem Vítima;262;BR-101/ES;Norte;Colisão;2;0;0;0;0;2;;;;;2;0;0;0;0
28/06/2014;18:52:00;373;Acidente com vítima;264;BR-101/ES;Sul;Colisão Lateral;3;0;0;0;0;3;;;;;1;3;0;0;0
28/06/2014;19:41:00;386;Acidente sem Vítima;265;BR-101/ES;Sul;Veículo em Chamas;1;0;0;0;0;1;;;;;1;0;0;0;0
28/06/2014;06:03:00;91;Acidente sem Vítima;269;BR-101/ES;Sul;Colisão Lateral;1;0;0;1;0;1;;;;;2;0;0;0;0
28/06/2014;13:06:00;270;Acidente com vítima;297;BR-101/ES;Norte;Colisão Lateral;1;0;0;1;0;1;;;;;0;2;0;0;0
28/06/2014;10:45:00;206;Acidente com vítima;311,5;BR-101/ES;Sul;Saída de Pista;2;0;0;0;0;2;;;;;1;0;2;1;0
28/06/2014;16:57:00;336;Acidente com Morte;329;BR-101/ES;Sul;Saída de Pista;0;0;1;0;0;0;;;;;0;0;0;1;1
28/06/2014;10:04:00;186;Acidente sem Vítima;942;BR-101/BA;Sul;Abalroamento - Mesmo Sentido;1;0;1;0;0;1;;;;;3;0;0;0;0
29/06/2014;16:19:00;298;Acidente sem Vítima;123;BR-101/ES;Sul;Saída de Pista;1;0;0;0;0;1;;;;;2;0;0;0;0
29/06/2014;18:41:00;342;Acidente sem Vítima;204;BR-101/ES;Norte;Saída de Pista;1;0;0;0;0;1;;;;;3;0;0;0;0
29/06/2014;16:05:00;291;Acidente sem Vítima;230;BR-101/ES;Sul;Colisão Lateral;1;0;0;1;0;1;;;;;2;0;0;0;0
29/06/2014;12:16:00;218;Acidente sem Vítima;251;BR-101/ES;Norte;Saída de Pista;1;0;0;0;0;1;;;;;1;0;0;0;0
29/06/2014;16:06:00;292;Acidente sem Vítima;253;BR-101/ES;Sul;Engavetamento;2;0;0;0;0;2;;;;;2;0;0;0;0
29/06/2014;10:59:00;174;Acidente com vítima;266;BR-101/ES;Norte;Colisão Lateral;1;0;0;1;0;1;;;;;1;1;0;0;0
29/06/2014;17:10:00;309;Atropelamento sem Morte;288;BR-101/ES;Sul;Atropelamento;0;0;0;0;0;1;;;;;0;0;0;1;0
29/06/2014;11:47:00;205;Acidente sem Vítima;335;BR-101/ES;Norte;Tombamento;0;0;2;0;0;0;;;;;1;0;0;0;0
29/06/2014;17:32:00;316;Acidente sem Vítima;457;BR-101/ES;Sul;Saída de Pista;1;0;0;0;0;1;;;;;1;0;0;0;0
30/06/2014;17:40:00;343;Acidente com vítima;4,5;BR-101/ES;Norte;Queda de Moto;0;0;0;1;0;0;;;;;0;1;0;0;0
30/06/2014;16:52:00;328;Acidente sem Vítima;64;BR-101/ES;Norte;Choque com Objeto Fixo;1;0;0;0;0;1;;;;;0;0;0;0;0
30/06/2014;21:30:00;438;Acidente sem Vítima;119;BR-101/ES;Norte;Atropelamento - Animal;1;0;0;0;0;0;;;;;2;0;0;0;0
30/06/2014;15:27:00;297;Acidente com vítima;167;BR-101/ES;Sul;Queda de ciclista;0;0;0;0;0;1;;;;;0;1;0;0;0
30/06/2014;07:01:00;89;Acidente com vítima;168;BR-101/ES;Norte;Queda de Moto;0;0;0;1;0;0;;;;;0;2;0;0;0
30/06/2014;17:26:00;340;Acidente sem Vítima;269;BR-101/ES;Norte;Colisão Traseira;2;0;0;0;0;1;;;;;4;0;0;0;0
30/06/2014;06:34:00;80;Acidente com vítima;287;BR-101/ES;Norte;Saída de Pista;1;0;0;0;0;1;;;;;0;0;1;0;0
30/06/2014;18:23:00;361;Atropelamento sem Morte;287;BR-101/ES;Sul;Atropelamento;0;0;0;1;0;0;;;;;0;1;0;1;0
01/07/2014;17:45:00;349;Acidente sem Vítima;61;BR-101/ES;Norte;Colisão Transversal;2;0;0;0;0;0;;;;;5;0;0;0;0
01/07/2014;14:35:00;292;Acidente sem Vítima;67;BR-101/ES;Sul;Engavetamento;2;0;0;0;0;0;;;;;2;0;0;0;0
01/07/2014;11:44:00;232;Acidente com vítima;69,9;BR-101/ES;Sul;Queda de Moto;0;0;0;1;0;0;;;;;0;1;0;0;0
01/07/2014;18:28:00;359;Acidente sem Vítima;84,5;BR-101/ES;Norte;Choque com Objeto Fixo;0;0;1;0;0;0;;;;;1;0;0;0;0
01/07/2014;22:29:00;430;Acidente com vítima;101;BR-101/ES;Norte;Atropelamento e Fuga;1;0;0;0;0;0;;;;;0;0;1;0;0
01/07/2014;08:20:00;125;Acidente com vítima;121;BR-101/ES;Norte;Saída de Pista;1;0;0;0;0;0;;;;;1;1;0;0;0
01/07/2014;18:48:00;364;Acidente com vítima;212;BR-101/ES;Sul;Colisão Frontal;0;0;3;0;0;0;;;;;0;2;1;0;0
01/07/2014;17:28:00;343;Acidente com vítima;241;BR-101/ES;Sul;Colisão Transversal;1;0;1;0;0;0;;;;;5;1;0;0;0
01/07/2014;16:59:00;335;Acidente sem Vítima;258;BR-101/ES;Norte;Colisão Traseira;1;0;0;1;0;0;;;;;2;0;0;0;0
01/07/2014;18:37:00;361;Acidente sem Vítima;260;BR-101/ES;Sul;Colisão Traseira;2;0;0;0;0;0;;;;;2;0;0;0;0
01/07/2014;05:53:00;92;Acidente sem Vítima;271;BR-101/ES;Norte;Veículo em Chamas;0;0;2;0;0;0;;;;;1;0;0;0;0
01/07/2014;21:36:00;423;Acidente sem Vítima;287;BR-101/ES;Norte;Choque com Objeto Fixo;1;0;0;0;0;0;;;;;1;0;0;0;0
01/07/2014;17:58:00;354;Acidente sem Vítima;300;BR-101/ES;Norte;Colisão Traseira;3;0;0;0;0;0;;;;;3;0;0;0;0
01/07/2014;06:11:00;96;Acidente sem Vítima;370;BR-101/ES;Sul;Saída de Pista;1;0;0;0;0;0;;;;;2;0;0;0;0
01/07/2014;12:52:00;265;Acidente sem Vítima;450;BR-101/ES;Norte;Saída de Pista;0;0;1;0;0;0;;;;;2;0;0;0;0
01/07/2014;16:10:00;318;Acidente sem Vítima;457;BR-101/ES;Sul;Colisão Lateral;0;0;3;0;0;0;;;;;3;0;0;0;0
02/07/2014;20:17:00;388;Acidente sem Vítima;151;BR-101/ES;Sul;Choque com Objeto Fixo;1;0;0;0;0;0;;;;;1;0;0;0;0
02/07/2014;17:15:00;325;Acidente sem Vítima;204;BR-101/ES;Norte;Colisão Transversal;1;0;0;1;0;0;;;;;2;0;0;0;0
02/07/2014;05:50:00;82;Acidente sem Vítima;211;BR-101/ES;Sul;Choque com Veículo Estacionado;1;0;0;0;0;0;;;;;4;0;0;0;0
02/07/2014;14:30:00;274;Acidente com vítima;225;BR-101/ES;Norte;Saída de Pista;1;0;0;0;0;0;;;;;1;1;0;0;0
02/07/2014;13:24:00;256;Acidente com vítima;269;BR-101/ES;Norte;Colisão Traseira;2;0;0;0;0;0;;;;;0;4;0;0;0
02/07/2014;07:49:00;104;Acidente sem Vítima;279;BR-101/ES;Sul;Colisão Traseira;1;0;0;1;0;0;;;;;2;0;0;0;0
02/07/2014;21:34:00;420;Acidente com vítima;310,5;BR-101/ES;Sul;Queda de Moto;0;0;0;1;0;0;;;;;0;2;0;0;0
02/07/2014;16:56:00;321;Acidente com vítima;444,5;BR-101/ES;Sul;Queda de Moto;0;0;0;1;0;0;;;;;0;1;0;0;0
03/07/2014;22:30:00;456;Acidente com vítima;49;BR-101/ES;Norte;Choque com Objeto Fixo;0;0;0;1;0;0;;;;;0;1;0;0;0
03/07/2014;16:28:00;310;Acidente sem Vítima;148,5;BR-101/ES;Sul;Colisão Traseira;1;0;0;0;0;0;;;;;1;0;0;0;0
03/07/2014;00:03:00;1;Acidente sem Vítima;187;BR-101/ES;Sul;Colisão Lateral;1;0;1;0;0;0;;;;;2;0;0;0;0
03/07/2014;21:38:00;443;Acidente sem Vítima;244,5;BR-101/ES;Sul;Queda de Moto;0;0;0;1;0;0;;;;;2;0;0;0;0
03/07/2014;20:51:00;419;Acidente sem Vítima;265;BR-101/ES;Norte;Colisão Traseira;2;0;0;0;0;0;;;;;2;0;0;0;0
03/07/2014;09:23:00;147;Acidente com vítima;269;BR-101/ES;Norte;Abalroamento - Mesmo Sentido;1;0;0;1;0;0;;;;;1;0;1;0;0
03/07/2014;18:33:00;358;Acidente com vítima;270;BR-101/ES;Sul;Queda de Moto;0;0;0;1;0;0;;;;;0;1;0;0;0
03/07/2014;15:28:00;291;Acidente sem Vítima;294;BR-101/ES;Sul;Colisão Traseira;2;0;0;0;0;0;;;;;3;0;0;0;0
03/07/2014;16:41:00;314;Acidente sem Vítima;294;BR-101/ES;Norte;Colisão Traseira;0;0;0;1;0;0;;;;;1;0;0;0;0
03/07/2014;07:44:00;104;Acidente sem Vítima;298;BR-101/ES;Norte;Engavetamento;3;0;0;0;0;0;;;;;3;0;0;0;0
03/07/2014;07:44:00;105;Acidente sem Vítima;366;BR-101/ES;Norte;Saída de Pista;1;0;0;0;0;0;;;;;3;0;0;0;0
03/07/2014;13:00:00;241;Acidente sem Vítima;390;BR-101/ES;Sul;Abalroamento - Sentido Oposto;1;0;0;0;0;0;;;;;5;0;0;0;0
03/07/2014;15:22:00;289;Acidente com vítima;417,5;BR-101/ES;Sul;Colisão Lateral;1;0;0;0;0;1;;;;;2;3;0;0;0
03/07/2014;14:33:00;276;Acidente com vítima;426;BR-101/ES;Norte;Engavetamento;1;0;3;0;0;0;;;;;3;1;0;0;0
04/07/2014;16:56:00;368;Acidente com vítima;146;BR-101/ES;Norte;Colisão Traseira;1;0;0;1;0;0;;;;;1;1;0;0;0
04/07/2014;13:02:00;304;Acidente com Morte;217,5;BR-101/ES;Norte;Colisão Frontal;6;0;3;0;0;0;;;;;5;1;0;1;3
04/07/2014;12:42:00;298;Acidente sem Vítima;258;BR-101/ES;Sul;Capotamento;1;0;0;0;0;0;;;;;1;0;0;0;0
04/07/2014;19:58:00;424;Acidente sem Vítima;263;BR-101/ES;Sul;Capotamento;1;0;0;0;0;0;;;;;3;0;0;0;0
04/07/2014;23:25:00;474;Acidente sem Vítima;264;BR-101/ES;Norte;Queda de Moto;0;0;0;1;0;0;;;;;1;0;0;0;0
04/07/2014;12:53:00;302;Acidente sem Vítima;316;BR-101/ES;Norte;Saída de Pista;1;0;0;0;0;0;;;;;1;0;0;0;0
04/07/2014;15:03:00;346;Acidente sem Vítima;335;BR-101/ES;Norte;Colisão Lateral;2;0;1;0;0;0;;;;;6;0;0;0;0
04/07/2014;11:24:00;251;Acidente sem Vítima;349;BR-101/ES;Norte;Colisão Lateral;0;0;2;0;0;0;;;;;2;0;0;0;0
04/07/2014;23:10:00;467;Acidente com vítima;375;BR-101/ES;Sul;Colisão Lateral;1;0;0;0;0;0;;;;;0;1;0;0;0
05/07/2014;13:52:00;260;Acidente com vítima;53;BR-101/ES;Norte;Saída de Pista;2;0;0;0;0;0;;;;;1;0;1;0;0
05/07/2014;03:36:00;55;Acidente sem Vítima;140;BR-101/ES;Sul;Colisão Traseira;1;0;0;0;0;0;;;;;2;0;0;0;0
05/07/2014;10:57:00;179;Acidente sem Vítima;148;BR-101/ES;Norte;Colisão Traseira;2;0;0;0;0;0;;;;;1;0;0;0;0
05/07/2014;17:13:00;313;Acidente com vítima;200;BR-101/ES;Norte;Colisão Traseira;1;0;0;1;0;0;;;;;1;1;0;0;0
05/07/2014;16:29:00;298;Acidente sem Vítima;222;BR-101/ES;Norte;Capotamento;1;0;0;0;0;0;;;;;2;0;0;0;0
05/07/2014;10:40:00;170;Acidente com vítima;247;BR-101/ES;Sul;Queda de ciclista;0;1;0;0;0;0;;;;;0;1;0;0;0
05/07/2014;16:21:00;295;Acidente sem Vítima;265;BR-101/ES;Sul;Colisão Traseira;3;0;0;0;0;0;;;;;2;0;0;0;0
05/07/2014;07:56:00;106;Acidente sem Vítima;269;BR-101/ES;Sul;Colisão Traseira;2;0;0;0;0;0;;;;;2;0;0;0;0
05/07/2014;15:51:00;272;Acidente com vítima;292;BR-101/ES;Norte;Queda de ciclista;0;1;0;0;0;0;;;;;0;0;1;0;0
05/07/2014;17:45:00;320;Acidente com Morte;298;BR-101/ES;Norte;Colisão Traseira;1;0;0;0;1;0;;;;;1;0;0;0;1
05/07/2014;09:24:00;146;Acidente sem Vítima;358;BR-101/ES;Sul;Colisão Lateral;1;0;2;0;0;0;;;;;2;0;0;0;0
05/07/2014;18:19:00;333;Acidente com vítima;375;BR-101/ES;Norte;Colisão Frontal;1;0;0;1;0;0;;;;;1;1;0;0;0
05/07/2014;00:28:00;9;Acidente com vítima;388;BR-101/ES;Norte;Queda de Moto;0;0;0;1;0;0;;;;;0;1;0;0;0
05/07/2014;10:14:00;160;Acidente sem Vítima;398;BR-101/ES;Sul;Colisão Traseira;1;0;1;0;0;0;;;;;2;0;0;0;0
05/07/2014;05:47:00;83;Acidente com vítima;949;BR-101/BA;Norte;Colisão Frontal;1;0;0;1;0;0;;;;;4;0;2;0;0
06/07/2014;00:56:00;14;Acidente sem Vítima;61;BR-101/ES;Sul;Colisão Traseira;1;0;3;0;0;0;;;;;2;0;0;0;0
06/07/2014;21:30:00;401;Acidente com vítima;93;BR-101/ES;Sul;Choque;1;0;6;0;0;0;;;;;7;1;0;0;0
06/07/2014;13:36:00;225;Acidente com vítima;155;BR-101/ES;Norte;Queda de Moto;0;0;0;1;0;0;;;;;0;2;0;0;0
06/07/2014;06:11:00;73;Acidente sem Vítima;170;BR-101/ES;Sul;Choque com Objeto Fixo;1;0;0;0;0;0;;;;;2;0;0;0;0
06/07/2014;21:22:00;398;Acidente com vítima;177;BR-101/ES;Sul;Queda de Moto;0;0;0;1;0;0;;;;;1;1;0;0;0
06/07/2014;06:10:00;72;Acidente com vítima;197;BR-101/ES;Norte;Saída de Pista;1;0;0;0;0;0;;;;;0;1;0;0;0
06/07/2014;10:21:00;150;Acidente com vítima;210;BR-101/ES;Norte;Queda de Moto;0;0;0;1;0;0;;;;;0;1;0;0;0
06/07/2014;14:27:00;247;Acidente com vítima;222;BR-101/ES;Sul;Colisão Lateral;3;0;1;0;0;0;;;;;7;1;0;0;0
06/07/2014;17:09:00;293;Acidente sem Vítima;224;BR-101/ES;Sul;Colisão Traseira;1;0;0;1;0;0;;;;;2;0;0;0;0
06/07/2014;08:21:00;107;Acidente sem Vítima;257;BR-101/ES;Sul;Saída de Pista;1;0;0;0;0;0;;;;;4;0;0;0;0
06/07/2014;17:56:00;309;Acidente com vítima;270;BR-101/ES;Norte;Colisão Lateral;1;0;1;0;0;0;;;;;0;3;0;0;0
06/07/2014;20:52:00;389;Acidente sem Vítima;270,3;BR-101/ES;Sul;Colisão Lateral;1;0;2;0;0;0;;;;;2;0;0;0;0
06/07/2014;09:41:00;138;Acidente com vítima;273;BR-101/ES;Sul;Saída de Pista;1;0;0;0;0;0;;;;;1;2;1;0;0
06/07/2014;21:38:00;402;Acidente com vítima;284;BR-101/ES;Norte;Queda de Moto;1;0;0;0;0;0;;;;;0;1;0;0;0
06/07/2014;23:24:00;427;Acidente sem Vítima;291;BR-101/ES;Sul;Capotamento;1;0;0;0;0;0;;;;;1;0;0;0;0
06/07/2014;19:46:00;361;Acidente sem Vítima;298;BR-101/ES;Norte;Colisão Traseira;1;0;0;0;0;0;;;;;1;0;0;0;0
06/07/2014;19:59:00;368;Acidente sem Vítima;298;BR-101/ES;Norte;Colisão Traseira;2;0;0;0;0;0;;;;;5;0;0;0;0
06/07/2014;19:16:00;344;Acidente sem Vítima;301;BR-101/ES;Sul;Engavetamento;3;0;0;0;0;0;;;;;3;0;0;0;0
06/07/2014;09:59:00;148;Acidente sem Vítima;329;BR-101/ES;Norte;Saída de Pista;1;0;0;0;0;0;;;;;2;0;0;0;0
06/07/2014;14:54:00;252;Acidente com vítima;330;BR-101/ES;Sul;Queda de Moto;0;0;0;1;0;0;;;;;0;2;0;0;0
06/07/2014;23:23:00;426;Acidente com vítima;331,9;BR-101/ES;Sul;Choque com Objeto Fixo;0;0;0;1;0;0;;;;;0;1;0;0;0
06/07/2014;18:57:00;338;Acidente com vítima;332;BR-101/ES;Sul;Queda de Moto;0;0;0;1;0;0;;;;;0;1;0;0;0
06/07/2014;15:23:00;263;Acidente sem Vítima;405,3;BR-101/ES;Sul;Saída de Pista;1;0;0;0;0;0;;;;;3;0;0;0;0
07/07/2014;08:56:00;127;Acidente sem Vítima;143;BR-101/ES;Norte;Colisão Traseira;1;0;1;0;0;0;;;;;5;0;0;0;0
07/07/2014;20:41:00;405;Acidente com Morte;158;BR-101/ES;Norte;Saída de Pista;1;0;0;0;0;0;;;;;0;1;0;0;1
07/07/2014;19:05:00;355;Acidente sem Vítima;210;BR-101/ES;Norte;Colisão Lateral;1;0;2;0;0;0;;;;;4;0;0;0;0
07/07/2014;18:38:00;342;Acidente sem Vítima;224;BR-101/ES;Norte;Saída de Pista;1;0;0;0;0;0;;;;;1;0;0;0;0
07/07/2014;17:38:00;323;Acidente com vítima;251;BR-101/ES;Sul;Colisão Traseira;1;0;0;0;0;0;;;;;1;1;0;0;0
07/07/2014;10:28:00;164;Acidente sem Vítima;260;BR-101/ES;Sul;Colisão Traseira;2;0;0;0;0;0;;;;;2;0;0;0;0
07/07/2014;10:19:00;162;Acidente sem Vítima;268;BR-101/ES;Sul;Colisão Traseira;2;0;0;0;0;0;;;;;2;0;0;0;0
07/07/2014;16:41:00;302;Acidente sem Vítima;269;BR-101/ES;Sul;Engavetamento;3;0;0;0;0;0;;;;;3;0;0;0;0
07/07/2014;10:57:00;175;Acidente sem Vítima;291;BR-101/ES;Norte;Colisão Traseira;2;0;0;0;0;0;;;;;1;0;0;0;0
07/07/2014;15:42:00;279;Acidente sem Vítima;324;BR-101/ES;Norte;Saída de Pista;0;0;1;0;0;0;;;;;1;0;0;0;0
08/07/2014;22:46:00;451;Acidente sem Vítima;42;BR-101/ES;Sul;Colisão Traseira;1;0;0;0;0;0;;;;;2;0;0;0;0
08/07/2014;12:56:00;246;Acidente com vítima;157;BR-101/ES;Norte;Queda de Moto;1;0;1;0;0;0;;;;;1;1;0;0;0
08/07/2014;09:18:00;134;Acidente com vítima;167;BR-101/ES;Sul;Saída de Pista;1;0;0;0;0;0;;;;;1;1;0;0;0