data;horario;n_da_ocorrencia;tipo_de_ocorrencia;km;trecho;sentido;tipo_de_acidente;automovel;bicicleta;caminhao;moto;onibus;outros;tracao_animal;transporte_de_cargas_especiais;trator_maquinas;utilitarios;ilesos;levemente_feridos;moderadamente_feridos;gravemente_feridos;mortos
17/08/2014;11:10:00;165;Acidente sem Vítima;291;BR-101/ES;Norte;Colisão Traseira;0;0;1;1;0;0;;;;;2;0;0;0;0
17/08/2014;04:14:00;51;Acidente sem Vítima;297;BR-101/ES;Norte;Colisão Traseira;2;0;0;0;0;0;;;;;2;0;0;0;0
17/08/2014;09:41:00;132;Acidente sem Vítima;301;BR-101/ES;Sul;Saída de Pista;0;0;2;0;0;0;;;;;1;0;0;0;0
17/08/2014;22:28:00;412;Acidente sem Vítima;318;BR-101/ES;Sul;Abalroamento - Mesmo Sentido;1;0;0;0;0;0;;;;;2;0;0;0;0
17/08/2014;16:04:00;274;Acidente com vítima;359;BR-101/ES;Norte;Capotamento;1;0;0;0;0;0;;;;;0;4;0;0;0
17/08/2014;19:44:00;357;Acidente com vítima;370;BR-101/ES;Norte;Colisão Frontal;1;0;2;0;0;0;;;;;1;2;1;1;0
17/08/2014;20:33:00;374;Acidente sem Vítima;429;BR-101/ES;Norte;Saída de Pista;1;0;0;0;0;0;;;;;4;0;0;0;0
18/08/2014;08:10:00;134;Atropelamento sem Morte;65;BR-101/ES;Norte;Atropelamento;0;0;0;1;0;0;;;;;1;1;0;0;0
18/08/2014;13:28:00;268;Acidente com vítima;66,4;BR-101/ES;Sul;Colisão Lateral;1;0;0;1;0;0;;;;;2;1;0;0;0
18/08/2014;14:30:00;285;Acidente com vítima;130;BR-101/ES;Norte;Saída de Pista;2;0;0;0;0;0;;;;;1;1;0;0;0
18/08/2014;06:36:00;104;Acidente sem Vítima;135;BR-101/ES;Sul;Colisão Traseira;1;0;1;0;0;0;;;;;2;0;0;0;0
18/08/2014;05:22:00;84;Acidente sem Vítima;214;BR-101/ES;Sul;Colisão Traseira;1;0;1;0;0;0;;;;;2;0;0;0;0
18/08/2014;13:13:00;264;Atropelamento sem Morte;255;BR-101/ES;Sul;Atropelamento;1;0;0;0;0;0;;;;;1;1;0;0;0
18/08/2014;16:52:00;339;Acidente sem Vítima;269;BR-101/ES;Sul;Colisão Traseira;1;0;1;0;0;0;;;;;2;0;0;0;0
18/08/2014;15:06:00;292;Acidente sem Vítima;270;BR-101/ES;Sul;Choque;1;0;2;0;0;0;;;;;2;0;0;0;0
18/08/2014;15:49:00;306;Acidente sem Vítima;270;BR-101/ES;Sul;Colisão Traseira;2;0;0;0;0;0;;;;;2;0;0;0;0
18/08/2014;08:50:00;148;Acidente com vítima;315;BR-101/ES;Sul;Queda de Moto;0;0;0;1;0;0;;;;;0;1;0;0;0
18/08/2014;05:57:00;95;Acidente com vítima;361;BR-101/ES;Sul;Capotamento;1;0;0;0;0;0;;;;;0;1;0;0;0
18/08/2014;15:34:00;301;Acidente sem Vítima;368;BR-101/ES;Norte;Choque com Objeto Fixo;1;0;0;0;0;0;;;;;2;0;0;0;0
19/08/2014;15:47:00;334;Acidente com vítima;20;BR-101/ES;Norte;Queda de ciclista;0;1;0;0;0;0;;;;;0;1;0;0;0
19/08/2014;21:26:00;477;Acidente com Morte;41;BR-101/ES;Norte;Colisão Lateral;0;0;3;0;0;0;;;;;1;2;0;0;1
19/08/2014;13:11:00;279;Acidente sem Vítima;107;BR-101/ES;Norte;Saída de Pista;2;0;0;0;0;0;;;;;2;0;0;0;0
19/08/2014;13:08:00;277;Acidente com vítima;125;BR-101/ES;Norte;Colisão;0;1;1;0;0;0;;;;;1;0;1;0;0
19/08/2014;08:05:00;123;Acidente sem Vítima;125,5;BR-101/ES;Norte;Colisão Traseira;1;0;1;0;0;0;;;;;2;0;0;0;0
19/08/2014;09:18:00;160;Acidente com vítima;239;BR-101/ES;Sul;Colisão Lateral;1;0;0;1;0;0;;;;;1;1;0;0;0
19/08/2014;08:19:00;134;Acidente com vítima;262;BR-101/ES;Norte;Colisão Transversal;1;0;0;1;0;0;;;;;2;1;0;0;0
19/08/2014;15:18:00;324;Acidente sem Vítima;266;BR-101/ES;Sul;Colisão Traseira;2;0;0;0;0;0;;;;;2;0;0;0;0
19/08/2014;20:27:00;453;Acidente com vítima;269,5;BR-101/ES;Sul;Colisão;1;1;0;0;0;0;;;;;1;0;0;1;0
19/08/2014;18:58:00;414;Acidente sem Vítima;272;BR-101/ES;Sul;Choque com Objeto Fixo;1;0;0;0;0;0;;;;;1;0;0;0;0
19/08/2014;09:30:00;164;Acidente sem Vítima;275;BR-101/ES;Norte;Colisão Traseira;2;0;0;0;0;0;;;;;2;0;0;0;0
19/08/2014;21:36:00;482;Acidente com vítima;282;BR-101/ES;Norte;Choque com Objeto Fixo;0;0;1;0;0;0;;;;;0;0;1;0;0
19/08/2014;10:53:00;203;Acidente com vítima;287;BR-101/ES;Sul;Saída de Pista;1;0;0;1;0;0;;;;;2;1;0;0;0
19/08/2014;22:40:00;498;Acidente com vítima;292;BR-101/ES;Sul;Queda de Moto;0;0;0;1;0;0;;;;;1;1;0;0;0
19/08/2014;12:45:00;266;Acidente sem Vítima;292,5;BR-101/ES;Norte;Colisão Traseira;1;0;1;0;0;0;;;;;2;0;0;0;0
19/08/2014;12:56:00;272;Acidente sem Vítima;293;BR-101/ES;Sul;Engavetamento;0;0;3;0;0;0;;;;;3;0;0;0;0
20/08/2014;18:23:00;345;Acidente com vítima;70;BR-101/ES;Norte;Colisão Transversal;2;0;0;0;0;0;;;;;0;3;0;0;0
20/08/2014;08:03:00;109;Acidente sem Vítima;123;BR-101/ES;Norte;Veículo em Chamas;0;0;1;0;0;0;;;;;1;0;0;0;0
20/08/2014;19:17:00;361;Acidente sem Vítima;145;BR-101/ES;Sul;Colisão Lateral;1;0;1;0;0;0;;;;;2;0;0;0;0
20/08/2014;18:31:00;348;Acidente sem Vítima;146;BR-101/ES;Norte;Engavetamento;3;0;0;0;0;0;;;;;3;0;0;0;0
20/08/2014;18:06:00;342;Acidente com vítima;147;BR-101/ES;Norte;Colisão Traseira;1;0;0;1;0;0;;;;;1;2;0;0;0
20/08/2014;10:46:00;174;Acidente sem Vítima;149;BR-101/ES;Sul;Colisão Lateral;1;0;1;0;0;0;;;;;2;0;0;0;0
20/08/2014;22:14:00;433;Acidente sem Vítima;259;BR-101/ES;Sul;Colisão Traseira;2;0;1;0;0;0;;;;;5;0;0;0;0
20/08/2014;20:59:00;406;Acidente sem Vítima;261;BR-101/ES;Norte;Colisão Traseira;2;0;0;0;0;0;;;;;2;0;0;0;0
20/08/2014;18:44:00;351;Acidente sem Vítima;269;BR-101/ES;Norte;Colisão Traseira;1;0;2;0;0;0;;;;;3;0;0;0;0
20/08/2014;09:47:00;153;Atropelamento sem Morte;270;BR-101/ES;Norte;Atropelamento;0;0;0;1;0;0;;;;;1;1;0;0;0
20/08/2014;17:29:00;326;Acidente sem Vítima;288;BR-101/ES;Sul;Colisão Traseira;1;0;2;0;0;0;;;;;4;0;0;0;0
20/08/2014;08:37:00;125;Acidente com vítima;289;BR-101/ES;Sul;Queda de Moto;0;0;0;1;0;0;;;;;0;2;0;0;0
20/08/2014;09:37:00;152;Acidente sem Vítima;294;BR-101/ES;Norte;Colisão Lateral;1;0;0;1;0;0;;;;;2;0;0;0;0
20/08/2014;23:53:00;452;Acidente sem Vítima;332,5;BR-101/ES;Sul;Saída de Pista;1;0;0;0;0;0;;;;;1;0;0;0;0
20/08/2014;20:10:00;383;Acidente sem Vítima;355;BR-101/ES;Sul;Choque com Objeto Fixo;0;0;1;0;0;0;;;;;2;0;0;0;0
20/08/2014;13:12:00;243;Acidente com vítima;427;BR-101/ES;Norte;Colisão Transversal;0;0;3;0;0;0;;;;;1;1;0;0;0
20/08/2014;23:31:00;448;Acidente com vítima;439;BR-101/ES;Sul;Queda de ciclista;0;1;0;0;0;0;;;;;0;1;0;0;0
20/08/2014;18:30:00;347;Acidente sem Vítima;954;BR-101/BA;Sul;Atropelamento - Bovino;1;0;0;0;0;0;;;;;1;0;0;0;0
21/08/2014;19:02:00;366;Acidente sem Vítima;16;BR-101/ES;Norte;Colisão Lateral;2;0;0;0;0;0;;;;;2;0;0;0;0
21/08/2014;12:07:00;224;Acidente com vítima;67,8;BR-101/ES;Sul;Colisão Frontal;1;0;0;1;0;0;;;;;5;2;0;0;0
21/08/2014;14:03:00;281;Acidente com vítima;80;BR-101/ES;Sul;Queda de Moto;0;0;0;1;0;0;;;;;0;2;0;0;0
21/08/2014;09:24:00;140;Acidente com vítima;84,2;BR-101/ES;Sul;Colisão Lateral;2;0;0;0;0;0;;;;;1;1;0;0;0
21/08/2014;16:29:00;316;Acidente sem Vítima;150;BR-101/ES;Sul;Choque com Objeto Fixo;1;0;0;0;0;0;;;;;1;0;0;0;0
21/08/2014;03:49:00;52;Acidente com vítima;173;BR-101/ES;Norte;Queda de Moto;0;0;0;1;0;0;;;;;0;1;0;0;0
21/08/2014;21:21:00;419;Acidente com vítima;210,5;BR-101/ES;Norte;Choque com Objeto Fixo;1;0;0;0;0;0;;;;;0;1;0;0;0
21/08/2014;13:51:00;276;Acidente com Morte;241;BR-101/ES;Norte;Colisão Frontal;1;0;2;0;0;0;;;;;1;1;1;0;1
21/08/2014;05:53:00;85;Acidente com vítima;263;BR-101/ES;Sul;Saída de Pista;1;0;0;0;0;0;;;;;0;0;1;0;0
21/08/2014;13:47:00;275;Acidente sem Vítima;271;BR-101/ES;Sul;Choque com Objeto Fixo;1;0;0;0;0;0;;;;;1;0;0;0;0
22/08/2014;12:42:00;243;Acidente sem Vítima;67,5;BR-101/ES;Norte;Colisão Transversal;2;0;0;0;0;0;;;;;2;0;0;0;0
22/08/2014;19:15:00;380;Acidente sem Vítima;146,5;BR-101/ES;Norte;Colisão Frontal;1;0;0;1;0;0;;;;;2;0;0;0;0
22/08/2014;08:47:00;122;Acidente com vítima;149;BR-101/ES;Sul;Colisão Traseira;2;0;0;0;0;0;;;;;5;1;0;0;0
22/08/2014;23:58:00;472;Acidente sem Vítima;150;BR-101/ES;Norte;Colisão Traseira;2;0;0;0;0;0;;;;;5;0;0;0;0
22/08/2014;17:07:00;340;Acidente com vítima;203;BR-101/ES;Sul;Queda de Moto;0;0;0;1;0;0;;;;;0;1;0;0;0
22/08/2014;23:47:00;470;Acidente sem Vítima;206;BR-101/ES;Sul;Colisão Traseira;1;0;3;0;0;0;;;;;2;0;0;0;0
22/08/2014;09:16:00;139;Acidente com vítima;213;BR-101/ES;Norte;Colisão Traseira;1;0;1;1;0;0;;;;;3;1;0;0;0
22/08/2014;16:54:00;335;Acidente sem Vítima;221;BR-101/ES;Norte;Colisão Lateral;0;0;3;0;0;0;;;;;2;0;0;0;0
22/08/2014;13:48:00;264;Acidente sem Vítima;262;BR-101/ES;Norte;Colisão Lateral;1;0;1;0;0;0;;;;;2;0;0;0;0
22/08/2014;18:38:00;366;Acidente sem Vítima;262;BR-101/ES;Norte;Colisão Traseira;2;0;0;0;0;0;;;;;2;0;0;0;0
22/08/2014;15:33:00;301;Acidente com vítima;264;BR-101/ES;Norte;Engavetamento;5;0;0;0;0;0;;;;;5;3;0;0;0
22/08/2014;08:02:00;104;Acidente com vítima;267;BR-101/ES;Sul;Colisão Lateral;0;0;1;1;0;0;;;;;1;1;0;0;0
22/08/2014;08:40:00;120;Acidente sem Vítima;267;BR-101/ES;Sul;Colisão Lateral;1;0;0;0;1;0;;;;;2;0;0;0;0
22/08/2014;18:09:00;357;Acidente sem Vítima;267;BR-101/ES;Sul;Colisão Traseira;1;0;0;0;1;0;;;;;2;0;0;0;0
22/08/2014;09:04:00;132;Atropelamento sem Morte;269;BR-101/ES;Norte;Atropelamento;0;0;0;1;0;0;;;;;1;1;0;0;0
22/08/2014;14:03:00;276;Acidente com vítima;270;BR-101/ES;Norte;Colisão Lateral;0;0;0;2;0;0;;;;;1;0;1;0;0
22/08/2014;23:14:00;465;Acidente sem Vítima;271;BR-101/ES;Sul;Colisão Transversal;2;0;0;0;0;0;;;;;2;0;0;0;0
22/08/2014;05:55:00;71;Acidente sem Vítima;272;BR-101/ES;Sul;Capotamento;1;0;3;0;0;0;;;;;2;0;0;0;0
22/08/2014;08:11:00;108;Acidente com vítima;279,5;BR-101/ES;Norte;Queda de Moto;1;0;0;1;0;0;;;;;1;1;0;0;0
22/08/2014;12:30:00;241;Acidente sem Vítima;290;BR-101/ES;Norte;Capotamento;1;0;0;0;0;0;;;;;1;0;0;0;0
22/08/2014;10:44:00;189;Acidente sem Vítima;301;BR-101/ES;Norte;Colisão Lateral;2;0;0;0;0;0;;;;;4;0;0;0;0
22/08/2014;18:47:00;371;Acidente com vítima;413;BR-101/ES;Norte;Capotamento;0;0;1;0;0;0;;;;;0;1;0;0;0
22/08/2014;15:36:00;304;Acidente sem Vítima;438;BR-101/ES;Sul;Colisão Lateral;2;0;0;0;0;0;;;;;4;0;0;0;0
22/08/2014;21:19:00;435;Acidente sem Vítima;456;BR-101/ES;Sul;Colisão Lateral;2;0;0;0;0;0;;;;;7;0;0;0;0
23/08/2014;15:35:00;333;Acidente sem Vítima;1,2;BR-101/ES;Sul;Choque com Objeto Fixo;0;0;2;0;0;0;;;;;2;0;0;0;0
23/08/2014;19:18:00;420;Acidente com Morte;35;BR-101/ES;Norte;Colisão Lateral;0;0;0;2;0;0;;;;;0;1;0;0;1
23/08/2014;18:46:00;413;Acidente sem Vítima;70;BR-101/ES;Sul;Queda de Moto;1;0;0;0;0;0;;;;;1;0;0;0;0
23/08/2014;18:32:00;408;Acidente sem Vítima;86;BR-101/ES;Sul;Engavetamento;1;0;2;0;0;0;;;;;3;0;0;0;0
23/08/2014;21:09:00;457;Acidente com Morte;90,5;BR-101/ES;Sul;Colisão;0;1;1;0;0;0;;;;;1;0;0;0;1
23/08/2014;00:42:00;6;Acidente sem Vítima;146;BR-101/ES;Sul;Colisão Lateral;1;0;0;1;0;0;;;;;3;0;0;0;0
23/08/2014;04:19:00;68;Acidente sem Vítima;146;BR-101/ES;Norte;Colisão Traseira;2;0;0;0;0;0;;;;;3;0;0;0;0
23/08/2014;02:28:00;29;Acidente sem Vítima;214;BR-101/ES;Sul;Tombamento;0;0;3;0;0;0;;;;;1;0;0;0;0
23/08/2014;15:57:00;343;Acidente sem Vítima;252;BR-101/ES;Sul;Colisão Traseira;1;0;1;0;0;0;;;;;2;0;0;0;0
23/08/2014;22:50:00;475;Acidente com vítima;258;BR-101/ES;Sul;Queda de Moto;0;0;0;1;0;0;;;;;0;0;0;1;0
23/08/2014;17:57:00;394;Acidente sem Vítima;261;BR-101/ES;Sul;Colisão Traseira;2;0;0;0;0;0;;;;;2;0;0;0;0
23/08/2014;12:03:00;242;Acidente sem Vítima;262;BR-101/ES;Norte;Engavetamento;5;0;0;0;0;0;;;;;5;0;0;0;0
23/08/2014;07:43:00;120;Acidente sem Vítima;267;BR-101/ES;Sul;Queda de Moto;0;0;0;1;0;0;;;;;1;0;0;0;0
23/08/2014;17:38:00;387;Acidente com vítima;291;BR-101/ES;Norte;Abalroamento - Mesmo Sentido;1;0;0;2;0;0;;;;;3;2;0;0;0
23/08/2014;11:36:00;230;Acidente sem Vítima;448;BR-101/ES;Norte;Colisão Lateral;1;0;0;0;1;0;;;;;6;0;0;0;0
23/08/2014;18:49:00;414;Acidente com vítima;448;BR-101/ES;Sul;Queda de Moto;0;0;0;1;0;0;;;;;0;1;0;0;0
23/08/2014;09:42:00;170;Acidente sem Vítima;455;BR-101/ES;Sul;Abalroamento - Transversal;1;0;1;0;0;0;;;;;5;0;0;0;0
23/08/2014;04:18:00;67;Acidente com vítima;944;BR-101/BA;Sul;Colisão Lateral;1;0;2;0;0;0;;;;;1;0;1;0;0
23/08/2014;01:29:00;16;Acidente sem Vítima;948;BR-101/BA;Sul;Choque com Objeto Fixo;1;0;0;0;0;0;;;;;1;0;0;0;0
24/08/2014;20:46:00;413;Acidente com Morte;29;BR-101/ES;Sul;Colisão Traseira;0;0;2;1;0;0;;;;;1;0;0;0;1
24/08/2014;12:22:00;217;Acidente sem Vítima;114;BR-101/ES;Norte;Colisão Traseira;2;0;0;0;0;0;;;;;9;0;0;0;0
24/08/2014;04:35:00;59;Acidente sem Vítima;170,2;BR-101/ES;Norte;Colisão Traseira;0;0;8;0;0;0;;;;;2;0;0;0;0
24/08/2014;23:17:00;444;Acidente com vítima;199;BR-101/ES;Sul;Colisão Frontal;1;0;0;1;0;0;;;;;1;0;0;1;0
24/08/2014;18:51:00;363;Acidente com vítima;210;BR-101/ES;Sul;Colisão;0;1;0;1;0;0;;;;;1;1;0;0;0
24/08/2014;16:10:00;300;Acidente sem Vítima;230,7;BR-101/ES;Sul;Engavetamento;3;0;0;0;0;0;;;;;3;0;0;0;0
24/08/2014;11:03:00;178;Acidente sem Vítima;256;BR-101/ES;Norte;Engavetamento;3;0;0;0;0;0;;;;;3;0;0;0;0
24/08/2014;18:57:00;367;Acidente sem Vítima;259;BR-101/ES;Sul;Saída de Pista;1;0;0;0;0;0;;;;;1;0;0;0;0
24/08/2014;18:30:00;356;Acidente sem Vítima;265,5;BR-101/ES;Norte;Engavetamento;5;0;0;0;0;0;;;;;6;0;0;0;0
24/08/2014;20:53:00;415;Acidente sem Vítima;267;BR-101/ES;Norte;Saída de Pista;1;0;0;0;0;0;;;;;1;0;0;0;0
24/08/2014;11:26:00;192;Acidente sem Vítima;270;BR-101/ES;Norte;Colisão Lateral;1;0;1;0;0;0;;;;;2;0;0;0;0
24/08/2014;11:43:00;197;Acidente sem Vítima;270;BR-101/ES;Norte;Colisão Lateral;1;0;2;0;0;0;;;;;2;0;0;0;0
25/08/2014;00:40:00;6;Acidente com vítima;136;BR-101/ES;Sul;Saída de Pista;1;0;0;0;0;0;;;;;0;1;0;0;0
25/08/2014;15:32:00;320;Acidente com vítima;167;BR-101/ES;Sul;Colisão Frontal;3;0;0;0;0;0;;;;;6;0;2;0;0
25/08/2014;07:37:00;107;Acidente com vítima;258;BR-101/ES;Sul;Colisão Lateral;2;0;0;0;0;0;;;;;1;1;0;0;0
25/08/2014;05:58:00;85;Acidente com vítima;260;BR-101/ES;Sul;Colisão Lateral;1;0;0;1;0;0;;;;;1;0;1;0;0
25/08/2014;06:44:00;92;Acidente com vítima;262;BR-101/ES;Sul;Colisão Traseira;2;0;0;1;0;0;;;;;2;0;1;0;0
25/08/2014;12:54:00;263;Acidente sem Vítima;264;BR-101/ES;Norte;Colisão Lateral;1;0;1;0;0;0;;;;;2;0;0;0;0
25/08/2014;22:54:00;477;Acidente sem Vítima;264;BR-101/ES;Norte;Veículo em Chamas;0;0;2;0;0;0;;;;;1;0;0;0;0
25/08/2014;08:52:00;144;Acidente sem Vítima;290,5;BR-101/ES;Sul;Engavetamento;2;0;2;0;0;0;;;;;4;0;0;0;0
25/08/2014;17:56:00;385;Acidente com vítima;291;BR-101/ES;Norte;Colisão Lateral;1;0;0;1;0;0;;;;;2;1;0;0;0
25/08/2014;12:30:00;252;Acidente com vítima;300;BR-101/ES;Norte;Queda de Moto;0;0;0;1;0;0;;;;;0;0;1;0;0
25/08/2014;15:24:00;316;Acidente sem Vítima;305;BR-101/ES;Sul;Colisão Transversal;1;0;3;0;0;0;;;;;4;0;0;0;0
25/08/2014;20:25:00;436;Acidente sem Vítima;448;BR-101/ES;Norte;Veículo em Chamas;1;0;0;0;0;0;;;;;1;0;0;0;0
26/08/2014;10:01:00;194;Acidente sem Vítima;38,5;BR-101/ES;Norte;Colisão Transversal;1;0;1;0;0;0;;;;;3;0;0;0;0
26/08/2014;16:47:00;362;Acidente sem Vítima;145;BR-101/ES;Norte;Colisão Lateral;1;0;2;0;0;0;;;;;2;0;0;0;0
26/08/2014;12:05:00;248;Acidente sem Vítima;176;BR-101/ES;Norte;Colisão Traseira;2;0;0;0;0;0;;;;;4;0;0;0;0
26/08/2014;22:34:00;481;Acidente com vítima;243;BR-101/ES;Sul;Choque com Objeto Fixo;3;0;2;0;0;0;;;;;6;1;0;0;0
26/08/2014;11:08:00;219;Acidente sem Vítima;255;BR-101/ES;Sul;Engavetamento;2;0;1;0;0;0;;;;;3;0;0;0;0
26/08/2014;18:19:00;394;Acidente sem Vítima;256;BR-101/ES;Norte;Choque;2;0;0;0;0;0;;;;;2;0;0;0;0
26/08/2014;12:27:00;260;Acidente sem Vítima;261;BR-101/ES;Norte;Colisão Traseira;3;0;0;0;0;0;;;;;6;0;0;0;0
26/08/2014;14:43:00;309;Acidente com vítima;263;BR-101/ES;Norte;Colisão Lateral;0;0;1;1;0;0;;;;;1;1;0;0;0
26/08/2014;17:11:00;372;Acidente com vítima;266;BR-101/ES;Sul;Colisão Transversal;1;0;0;1;0;0;;;;;1;1;0;0;0
26/08/2014;09:40:00;176;Acidente sem Vítima;270;BR-101/ES;Norte;Colisão Lateral;1;0;1;0;0;0;;;;;2;0;0;0;0
26/08/2014;08:53:00;150;Acidente sem Vítima;301;BR-101/ES;Sul;Colisão Traseira;2;0;0;0;0;0;;;;;2;0;0;0;0
26/08/2014;10:03:00;196;Acidente sem Vítima;368;BR-101/ES;Sul;Saída de Pista;0;0;1;0;0;0;;;;;1;0;0;0;0
26/08/2014;16:24:00;350;Acidente sem Vítima;386;BR-101/ES;Norte;Saída de Pista;0;0;0;1;0;0;;;;;1;0;0;0;0
26/08/2014;18:37:00;399;Acidente sem Vítima;452;BR-101/ES;Sul;Colisão Traseira;1;0;1;0;0;0;;;;;2;0;0;0;0
26/08/2014;20:25:00;439;Acidente sem Vítima;461;BR-101/ES;Sul;Choque com Veículo Estacionado;0;0;2;0;0;0;;;;;2;0;0;0;0
27/08/2014;09:24:00;165;Acidente sem Vítima;82;BR-101/ES;Norte;Colisão Lateral;1;0;1;0;0;0;;;;;3;0;0;0;0
27/08/2014;19:18:00;409;Acidente sem Vítima;131;BR-101/ES;Norte;Colisão Traseira;0;0;2;0;0;0;;;;;2;0;0;0;0
27/08/2014;06:51:00;101;Acidente sem Vítima;257;BR-101/ES;Sul;Colisão Traseira;1;0;2;0;0;0;;;;;2;0;0;0;0
27/08/2014;16:33:00;339;Acidente sem Vítima;268;BR-101/ES;Sul;Colisão Traseira;2;0;0;0;0;0;;;;;3;0;0;0;0
27/08/2014;07:07:00;104;Acidente sem Vítima;269;BR-101/ES;Norte;Engavetamento;3;0;1;0;0;0;;;;;4;0;0;0;0
27/08/2014;08:27:00;134;Acidente com vítima;269;BR-101/ES;Sul;Atropelamento e Fuga;0;0;1;0;0;0;;;;;0;1;0;0;0
27/08/2014;06:47:00;100;Acidente com vítima;270;BR-101/ES;Sul;Queda de Moto;0;0;0;1;0;0;;;;;0;1;0;0;0
27/08/2014;18:01:00;373;Acidente sem Vítima;297;BR-101/ES;Sul;Choque;1;0;0;0;0;0;;;;;1;0;0;0;0
27/08/2014;10:10:00;181;Acidente com vítima;310;BR-101/ES;Norte;Colisão Lateral;1;0;0;1;0;0;;;;;1;1;1;0;0
27/08/2014;09:11:00;157;Acidente com vítima;426;BR-101/ES;Sul;Saída de Pista;1;0;0;0;0;0;;;;;0;3;0;0;0
27/08/2014;09:38:00;170;Acidente sem Vítima;426;BR-101/ES;Norte;Veículo em Chamas;1;0;0;0;0;0;;;;;1;0;0;0;0
28/08/2014;18:09:00;315;Acidente com vítima;91;BR-101/ES;Sul;Colisão Transversal;1;0;0;1;0;0;;;;;1;0;1;0;0
28/08/2014;15:28:00;253;Acidente sem Vítima;124;BR-101/ES;Norte;Colisão Traseira;1;0;0;0;1;0;;;;;3;0;0;0;0
28/08/2014;14:21:00;243;Acidente com vítima;216;BR-101/ES;Norte;Saída de Pista;1;0;0;0;0;0;;;;;1;0;2;0;0
28/08/2014;18:08:00;314;Acidente sem Vítima;245;BR-101/ES;Sul;Saída de Pista;0;0;1;0;0;0;;;;;3;0;0;0;0
28/08/2014;09:01:00;130;Acidente sem Vítima;257,5;BR-101/ES;Sul;Colisão Transversal;1;0;2;0;0;0;;;;;2;0;0;0;0
28/08/2014;17:03:00;296;Acidente sem Vítima;261;BR-101/ES;Norte;Colisão Traseira;2;0;0;0;0;0;;;;;2;0;0;0;0
28/08/2014;19:39:00;341;Acidente sem Vítima;265,5;BR-101/ES;Sul;Colisão Traseira;2;0;0;0;0;0;;;;;2;0;0;0;0
28/08/2014;23:49:00;424;Acidente sem Vítima;266;BR-101/ES;Norte;Colisão Traseira;2;0;0;0;0;0;;;;;2;0;0;0;0
28/08/2014;12:55:00;222;Acidente sem Vítima;273,5;BR-101/ES;Sul;Colisão Lateral;0;0;2;0;1;0;;;;;3;0;0;0;0
28/08/2014;07:57:00;105;Acidente com vítima;280;BR-101/ES;Sul;Queda de Moto;1;0;0;0;0;0;;;;;0;1;0;0;0
28/08/2014;18:15:00;317;Acidente sem Vítima;288;BR-101/ES;Norte;Colisão Traseira;1;0;0;1;0;0;;;;;2;0;0;0;0
28/08/2014;07:36:00;100;Acidente com vítima;290;BR-101/ES;Sul;Colisão Transversal;1;0;0;1;0;0;;;;;1;1;0;0;0
28/08/2014;18:55:00;327;Acidente sem Vítima;329;BR-101/ES;Norte;Saída de Pista;1;0;0;0;0;0;;;;;1;0;0;0;0
28/08/2014;06:12:00;86;Acidente com vítima;408;BR-101/ES;Sul;Colisão Lateral;1;0;2;0;0;0;;;;;1;1;0;0;0
29/08/2014;06:08:00;67;Acidente sem Vítima;5;BR-101/ES;Norte;Colisão Lateral;1;0;2;0;0;0;;;;;2;0;0;0;0
29/08/2014;04:22:00;49;Acidente com vítima;72;BR-101/ES;Sul;Saída de Pista;1;0;0;0;0;0;;;;;0;1;0;0;0
29/08/2014;13:21:00;252;Acidente sem Vítima;85,8;BR-101/ES;Sul;Choque;0;0;1;0;0;0;;;;;1;0;0;0;0
29/08/2014;09:52:00;149;Acidente sem Vítima;90;BR-101/ES;Sul;Colisão Transversal;2;0;0;0;0;0;;;;;5;0;0;0;0
29/08/2014;15:19:00;283;Acidente sem Vítima;110;BR-101/ES;Norte;Colisão Lateral;1;0;1;0;0;0;;;;;4;0;0;0;0
29/08/2014;17:07:00;313;Acidente sem Vítima;142;BR-101/ES;Sul;Engavetamento;3;0;0;0;0;0;;;;;4;0;0;0;0
29/08/2014;07:35:00;79;Acidente com vítima;160;BR-101/ES;Norte;Colisão Transversal;1;0;0;1;0;0;;;;;1;1;0;0;0
29/08/2014;16:04:00;294;Acidente com vítima;204,5;BR-101/ES;Norte;Colisão Transversal;1;0;0;1;0;0;;;;;2;0;1;0;0
29/08/2014;14:08:00;270;Acidente com vítima;229;BR-101/ES;Norte;Colisão Transversal;1;0;0;1;0;0;;;;;1;1;0;0;0
29/08/2014;11:41:00;204;Acidente sem Vítima;241,8;BR-101/ES;Norte;Saída de Pista;1;0;0;0;0;0;;;;;2;0;0;0;0
29/08/2014;20:42:00;382;Acidente sem Vítima;266,5;BR-101/ES;Sul;Colisão Traseira;2;0;0;0;0;0;;;;;2;0;0;0;0
29/08/2014;14:56:00;281;Acidente sem Vítima;267;BR-101/ES;Sul;Colisão;0;0;0;0;0;1;;;;;1;0;0;0;0
29/08/2014;17:43:00;323;Acidente sem Vítima;268;BR-101/ES;Sul;Colisão Traseira;0;0;2;1;0;0;;;;;2;0;0;0;0
29/08/2014;07:57:00;84;Acidente sem Vítima;271;BR-101/ES;Sul;Colisão Lateral;1;0;2;0;0;0;;;;;3;0;0;0;0
29/08/2014;13:57:00;267;Acidente sem Vítima;386;BR-101/ES;Norte;Tombamento;0;0;2;0;0;0;;;;;1;0;0;0;0
29/08/2014;05:03:00;57;Acidente sem Vítima;457;BR-101/ES;Sul;Colisão Lateral;2;0;0;0;0;0;;;;;3;0;0;0;0
30/08/2014;19:13:00;352;Acidente sem Vítima;43;BR-101/ES;Sul;Veículo em Chamas;1;0;0;0;0;0;;;;;1;0;0;0;0