data;horario;n_da_ocorrencia;tipo_de_ocorrencia;km;trecho;sentido;tipo_de_acidente;automovel;bicicleta;caminhao;moto;onibus;outros;tracao_animal;transporte_de_cargas_especiais;trator_maquinas;utilitarios;ilesos;levemente_feridos;moderadamente_feridos;gravemente_feridos;mortos
30/08/2014;20:52:00;395;Acidente sem Vítima;67;BR-101/ES;Sul;Abalroamento - Mesmo Sentido;1;0;0;0;1;0;;;;;2;0;0;0;0
30/08/2014;16:30:00;313;Acidente com vítima;115;BR-101/ES;Sul;Queda de Moto;0;0;0;1;0;0;;;;;0;0;1;0;0
30/08/2014;14:46:00;283;Acidente com vítima;130;BR-101/ES;Sul;Colisão Lateral;0;0;1;1;0;0;;;;;1;0;2;0;0
30/08/2014;05:55:00;82;Acidente com vítima;260;BR-101/ES;Norte;Saída de Pista;1;0;0;0;0;0;;;;;0;2;1;0;0
30/08/2014;21:35:00;402;Acidente sem Vítima;262;BR-101/ES;Sul;Colisão Traseira;2;0;0;0;0;0;;;;;2;0;0;0;0
30/08/2014;22:39:00;413;Acidente sem Vítima;262;BR-101/ES;Norte;Colisão Traseira;2;0;0;0;0;0;;;;;2;0;0;0;0
30/08/2014;06:10:00;86;Acidente com vítima;264;BR-101/ES;Norte;Choque com Objeto Fixo;1;0;0;0;0;0;;;;;0;1;0;0;0
30/08/2014;13:31:00;262;Acidente sem Vítima;266;BR-101/ES;Sul;Colisão Traseira;2;0;0;0;0;0;;;;;2;0;0;0;0
30/08/2014;22:46:00;415;Acidente com vítima;270;BR-101/ES;Norte;Colisão Traseira;1;0;0;1;0;0;;;;;1;0;0;1;0
30/08/2014;18:46:00;346;Acidente com vítima;318,3;BR-101/ES;Norte;Queda de Moto;0;0;0;1;0;0;;;;;1;1;0;0;0
30/08/2014;06:49:00;90;Acidente com Morte;339;BR-101/ES;Norte;Colisão Lateral;0;0;3;1;0;0;;;;;1;0;0;0;1
30/08/2014;19:50:00;373;Acidente sem Vítima;438;BR-101/ES;Norte;Saída de Pista;1;0;0;0;0;0;;;;;1;0;0;0;0
31/08/2014;14:54:00;241;Acidente com vítima;65,5;BR-101/ES;Norte;Colisão Traseira;1;0;0;1;0;0;;;;;1;1;0;0;0
31/08/2014;03:13:00;35;Acidente com Morte;174;BR-101/ES;Sul;Colisão Frontal;2;0;3;0;0;0;;;;;1;0;0;0;1
31/08/2014;20:41:00;369;Acidente sem Vítima;179;BR-101/ES;Norte;Saída de Pista;1;0;0;0;0;0;;;;;1;0;0;0;0
31/08/2014;15:03:00;243;Acidente com vítima;256;BR-101/ES;Sul;Colisão Traseira;1;0;0;1;0;0;;;;;2;1;0;0;0
31/08/2014;15:48:00;254;Acidente sem Vítima;256,2;BR-101/ES;Sul;Engavetamento;3;0;0;0;0;0;;;;;3;0;0;0;0
31/08/2014;01:12:00;10;Acidente sem Vítima;258;BR-101/ES;Sul;Colisão Traseira;2;0;0;0;0;0;;;;;2;0;0;0;0
31/08/2014;20:40:00;368;Acidente com vítima;276;BR-101/ES;Sul;Saída de Pista;1;0;0;0;0;0;;;;;0;1;0;0;0
31/08/2014;16:24:00;271;Acidente sem Vítima;290;BR-101/ES;Sul;Saída de Pista;2;0;0;0;0;0;;;;;2;0;0;0;0
31/08/2014;05:21:00;57;Acidente com Morte;347;BR-101/ES;Sul;Colisão Frontal;1;0;1;0;0;0;;;;;1;0;0;1;2
01/09/2014;13:01:00;263;Acidente com vítima;146;BR-101/ES;Sul;Colisão Traseira;2;0;0;0;0;0;;;;;2;0;1;0;0
01/09/2014;13:43:00;276;Acidente sem Vítima;150;BR-101/ES;Norte;Choque com Objeto Fixo;0;0;2;0;0;0;;;;;1;0;0;0;0
01/09/2014;19:22:00;402;Acidente sem Vítima;239;BR-101/ES;Sul;Colisão Transversal;1;0;0;0;1;0;;;;;5;0;0;0;0
01/09/2014;07:03:00;96;Acidente sem Vítima;257;BR-101/ES;Sul;Colisão Traseira;1;0;1;0;0;0;;;;;2;0;0;0;0
01/09/2014;20:07:00;422;Acidente sem Vítima;257;BR-101/ES;Sul;Colisão Traseira;2;0;0;0;0;0;;;;;2;0;0;0;0
01/09/2014;12:47:00;258;Acidente sem Vítima;268;BR-101/ES;Sul;Colisão Traseira;1;0;0;0;1;0;;;;;2;0;0;0;0
01/09/2014;10:23:00;182;Acidente sem Vítima;269;BR-101/ES;Sul;Colisão Traseira;1;0;0;0;1;0;;;;;2;0;0;0;0
01/09/2014;10:23:00;183;Acidente sem Vítima;269;BR-101/ES;Norte;Colisão Traseira;2;0;0;0;0;0;;;;;2;0;0;0;0
01/09/2014;12:04:00;241;Acidente sem Vítima;269;BR-101/ES;Sul;Engavetamento;3;0;0;0;0;0;;;;;3;0;0;0;0
01/09/2014;09:00:00;151;Acidente sem Vítima;270;BR-101/ES;Sul;Colisão Lateral;1;0;1;0;0;0;;;;;2;0;0;0;0
01/09/2014;12:12:00;243;Acidente com vítima;316;BR-101/ES;Norte;Saída de Pista;0;0;2;0;0;0;;;;;0;0;1;0;0
01/09/2014;20:20:00;430;Acidente com vítima;367;BR-101/ES;Norte;Colisão Frontal;3;0;2;0;0;0;;;;;4;1;3;0;0
01/09/2014;15:55:00;322;Acidente com vítima;375;BR-101/ES;Norte;Queda de Moto;0;0;0;1;0;0;;;;;1;1;0;0;0
02/09/2014;16:19:00;343;Acidente sem Vítima;30;BR-101/ES;Norte;Colisão Transversal;2;0;0;0;0;0;;;;;2;0;0;0;0
02/09/2014;23:18:00;489;Acidente sem Vítima;31;BR-101/ES;Sul;Choque;1;0;2;0;0;0;;;;;3;0;0;0;0
02/09/2014;17:51:00;380;Acidente com vítima;142;BR-101/ES;Sul;Colisão Traseira;0;0;1;1;0;0;;;;;2;1;0;0;0
02/09/2014;09:54:00;172;Acidente com vítima;273;BR-101/ES;Sul;Choque com Objeto Fixo;1;0;0;0;0;0;;;;;0;0;1;0;0
02/09/2014;21:16:00;455;Acidente sem Vítima;284;BR-101/ES;Sul;Saída de Pista;1;0;0;0;0;0;;;;;2;0;0;0;0
02/09/2014;16:49:00;356;Acidente com vítima;292;BR-101/ES;Norte;Queda de Moto;0;0;0;1;0;0;;;;;0;1;0;0;0
02/09/2014;15:05:00;306;Acidente com vítima;437;BR-101/ES;Sul;Colisão Traseira;0;0;3;0;0;0;;;;;1;1;0;0;0
03/09/2014;11:43:00;191;Acidente sem Vítima;42;BR-101/ES;Norte;Colisão Traseira;1;0;3;0;0;0;;;;;5;0;0;0;0
03/09/2014;18:56:00;343;Acidente sem Vítima;237;BR-101/ES;Norte;Colisão Lateral;1;0;1;0;0;0;;;;;5;0;0;0;0
03/09/2014;06:11:00;79;Acidente sem Vítima;253;BR-101/ES;Sul;Choque;2;0;2;0;0;0;;;;;3;0;0;0;0
03/09/2014;20:24:00;378;Acidente sem Vítima;260;BR-101/ES;Norte;Colisão Traseira;2;0;0;0;0;0;;;;;2;0;0;0;0
03/09/2014;04:55:00;70;Acidente sem Vítima;267;BR-101/ES;Norte;Colisão Traseira;1;0;1;0;0;0;;;;;2;0;0;0;0
03/09/2014;07:24:00;90;Acidente com vítima;268;BR-101/ES;Sul;Colisão Transversal;0;0;0;2;0;0;;;;;0;0;2;0;0
03/09/2014;18:47:00;341;Acidente sem Vítima;269,5;BR-101/ES;Norte;Colisão Lateral;1;0;1;0;0;0;;;;;2;0;0;0;0
03/09/2014;21:43:00;407;Acidente com vítima;287,5;BR-101/ES;Norte;Colisão Lateral;0;0;4;0;0;0;;;;;1;0;0;1;0
03/09/2014;13:50:00;253;Acidente sem Vítima;290;BR-101/ES;Norte;Colisão Lateral;1;0;1;0;0;0;;;;;3;0;0;0;0
03/09/2014;22:05:00;416;Acidente com Morte;290;BR-101/ES;Sul;Atropelamento - Equino;0;0;0;1;0;0;;;;;0;0;1;0;1
03/09/2014;00:15:00;6;Acidente com vítima;386;BR-101/ES;Sul;Tombamento;0;0;2;0;0;0;;;;;0;1;0;0;0
03/09/2014;10:58:00;163;Acidente sem Vítima;430;BR-101/ES;Norte;Capotamento;1;0;0;0;0;0;;;;;1;0;0;0;0
03/09/2014;08:26:00;114;Acidente com vítima;443;BR-101/ES;Sul;Tombamento;0;0;1;0;0;0;;;;;1;0;1;0;0
03/09/2014;10:01:00;144;Acidente sem Vítima;454,6;BR-101/ES;Sul;Capotamento;1;0;0;0;0;0;;;;;1;0;0;0;0
03/09/2014;01:43:00;18;Acidente sem Vítima;458;BR-101/ES;Sul;Capotamento;1;0;0;0;0;0;;;;;1;0;0;0;0
04/09/2014;15:07:00;280;Acidente com vítima;141;BR-101/ES;Norte;Queda de Moto;0;0;2;1;0;0;;;;;2;1;0;0;0
04/09/2014;07:02:00;88;Acidente sem Vítima;147;BR-101/ES;Norte;Engavetamento;3;0;0;0;0;0;;;;;4;0;0;0;0
04/09/2014;11:31:00;199;Atropelamento sem Morte;174;BR-101/ES;Norte;Atropelamento;1;0;0;0;0;0;;;;;1;0;0;1;0
04/09/2014;23:25:00;454;Acidente sem Vítima;205;BR-101/ES;Norte;Colisão Lateral;2;0;0;0;0;0;;;;;2;0;0;0;0
04/09/2014;15:28:00;288;Acidente sem Vítima;257;BR-101/ES;Norte;Colisão Lateral;2;0;1;0;0;0;;;;;4;0;0;0;0
04/09/2014;08:39:00;119;Acidente sem Vítima;264;BR-101/ES;Norte;Colisão Lateral;1;0;1;0;0;0;;;;;2;0;0;0;0
04/09/2014;15:29:00;289;Acidente sem Vítima;264;BR-101/ES;Norte;Colisão Traseira;2;0;0;0;0;0;;;;;2;0;0;0;0
04/09/2014;20:53:00;410;Acidente com vítima;264;BR-101/ES;Sul;Colisão Transversal;2;0;0;0;0;0;;;;;2;1;0;0;0
04/09/2014;18:18:00;351;Acidente sem Vítima;266;BR-101/ES;Norte;Colisão Lateral;1;0;2;0;0;0;;;;;2;0;0;0;0
04/09/2014;08:13:00;106;Acidente com vítima;267;BR-101/ES;Norte;Queda de Moto;0;0;0;1;0;0;;;;;0;1;0;0;0
04/09/2014;23:47:00;461;Acidente sem Vítima;271;BR-101/ES;Norte;Choque com Objeto Fixo;1;0;0;0;0;0;;;;;1;0;0;0;0
04/09/2014;16:56:00;322;Acidente sem Vítima;290;BR-101/ES;Norte;Colisão Traseira;1;0;1;0;0;0;;;;;2;0;0;0;0
04/09/2014;09:59:00;159;Acidente sem Vítima;293;BR-101/ES;Sul;Colisão Traseira;2;0;0;0;0;0;;;;;2;0;0;0;0
04/09/2014;16:08:00;301;Acidente sem Vítima;293;BR-101/ES;Norte;Colisão Traseira;0;0;2;0;0;0;;;;;2;0;0;0;0
04/09/2014;12:41:00;235;Acidente sem Vítima;302,5;BR-101/ES;Sul;Capotamento;1;0;0;0;0;0;;;;;2;0;0;0;0
04/09/2014;14:13:00;264;Acidente sem Vítima;310;BR-101/ES;Sul;Saída de Pista;1;0;0;0;0;0;;;;;1;0;0;0;0
04/09/2014;14:16:00;265;Acidente com vítima;310;BR-101/ES;Norte;Engavetamento;2;0;1;1;0;0;;;;;3;3;0;0;0
04/09/2014;19:14:00;368;Acidente sem Vítima;372;BR-101/ES;Sul;Colisão Traseira;0;0;4;0;0;0;;;;;2;0;0;0;0
04/09/2014;17:46:00;339;Acidente com vítima;405;BR-101/ES;Norte;Saída de Pista;0;0;1;0;0;0;;;;;0;1;0;0;0
04/09/2014;18:18:00;352;Acidente com vítima;405;BR-101/ES;Norte;Saída de Pista;0;0;1;0;0;0;;;;;0;1;0;0;0
04/09/2014;14:41:00;270;Acidente com vítima;430;BR-101/ES;Sul;Saída de Pista;1;0;0;0;0;0;;;;;0;0;1;0;0
05/09/2014;09:06:00;124;Acidente sem Vítima;29;BR-101/ES;Norte;Capotamento;1;0;0;0;0;0;;;;;1;0;0;0;0
05/09/2014;05:17:00;74;Acidente sem Vítima;90;BR-101/ES;Sul;Colisão Lateral;2;0;0;0;0;0;;;;;2;0;0;0;0
05/09/2014;15:58:00;287;Acidente sem Vítima;93;BR-101/ES;Norte;Colisão Traseira;2;0;0;0;0;0;;;;;7;0;0;0;0
05/09/2014;15:24:00;271;Acidente sem Vítima;125;BR-101/ES;Sul;Colisão Traseira;2;0;0;0;0;0;;;;;2;0;0;0;0
05/09/2014;04:14:00;61;Acidente sem Vítima;148;BR-101/ES;Norte;Choque com Objeto Fixo;1;0;0;0;0;0;;;;;1;0;0;0;0
05/09/2014;03:18:00;47;Acidente com Morte;189;BR-101/ES;Norte;Choque com Objeto Fixo;1;0;0;0;0;0;;;;;0;0;0;0;1
05/09/2014;13:21:00;231;Acidente sem Vítima;204;BR-101/ES;Norte;Colisão Traseira;2;0;0;0;0;0;;;;;5;0;0;0;0
05/09/2014;15:51:00;283;Acidente sem Vítima;213;BR-101/ES;Sul;Colisão Traseira;2;0;0;0;0;0;;;;;3;0;0;0;0
05/09/2014;06:42:00;91;Acidente sem Vítima;239;BR-101/ES;Sul;Colisão Lateral;1;0;1;0;0;0;;;;;3;0;0;0;0
05/09/2014;16:08:00;289;Acidente sem Vítima;256;BR-101/ES;Norte;Colisão Traseira;0;0;2;0;0;0;;;;;2;0;0;0;0
05/09/2014;14:47:00;257;Acidente sem Vítima;263,3;BR-101/ES;Norte;Colisão Traseira;1;0;1;0;0;0;;;;;2;0;0;0;0
05/09/2014;18:46:00;346;Acidente sem Vítima;264;BR-101/ES;Sul;Colisão Transversal;2;0;0;0;0;0;;;;;2;0;0;0;0
05/09/2014;03:01:00;44;Acidente com vítima;267;BR-101/ES;Norte;Colisão Traseira;1;0;2;0;0;0;;;;;1;0;1;1;0
05/09/2014;19:45:00;371;Acidente sem Vítima;268;BR-101/ES;Sul;Colisão Traseira;2;0;0;0;0;0;;;;;2;0;0;0;0
05/09/2014;17:16:00;312;Acidente com vítima;269;BR-101/ES;Norte;Queda de Moto;0;0;0;1;0;0;;;;;0;1;0;0;0
05/09/2014;19:24:00;358;Acidente sem Vítima;269;BR-101/ES;Sul;Colisão Lateral;1;0;0;0;1;0;;;;;2;0;0;0;0
05/09/2014;18:14:00;330;Acidente sem Vítima;269,8;BR-101/ES;Sul;Engavetamento;3;0;0;0;0;0;;;;;4;0;0;0;0
05/09/2014;17:59:00;326;Acidente sem Vítima;270;BR-101/ES;Sul;Colisão Traseira;1;0;2;0;0;0;;;;;3;0;0;0;0
05/09/2014;20:13:00;384;Acidente com vítima;270;BR-101/ES;Norte;Queda de Moto;0;0;0;1;0;0;;;;;0;1;0;0;0
05/09/2014;07:01:00;94;Acidente com Morte;280;BR-101/ES;Norte;Colisão Traseira;4;0;0;1;0;0;;;;;4;0;1;0;1
05/09/2014;09:28:00;136;Acidente sem Vítima;288;BR-101/ES;Sul;Colisão Traseira;1;0;1;0;0;0;;;;;2;0;0;0;0
05/09/2014;07:27:00;101;Acidente sem Vítima;290;BR-101/ES;Norte;Colisão Traseira;0;0;2;0;0;0;;;;;2;0;0;0;0
05/09/2014;19:57:00;379;Acidente sem Vítima;291;BR-101/ES;Sul;Colisão Traseira;1;0;2;0;0;0;;;;;5;0;0;0;0
05/09/2014;19:41:00;368;Acidente sem Vítima;323;BR-101/ES;Norte;Colisão Traseira;2;0;0;0;0;0;;;;;2;0;0;0;0
05/09/2014;19:50:00;374;Acidente sem Vítima;346,5;BR-101/ES;Norte;Saída de Pista;0;0;2;0;0;0;;;;;2;0;0;0;0
05/09/2014;06:49:00;92;Acidente com Morte;347;BR-101/ES;Norte;Colisão Frontal;5;0;2;0;0;0;;;;;15;5;2;0;1
05/09/2014;10:45:00;165;Acidente com vítima;406;BR-101/ES;Sul;Saída de Pista;0;0;0;1;0;0;;;;;0;1;0;0;0
05/09/2014;07:13:00;96;Acidente sem Vítima;430;BR-101/ES;Sul;Colisão Lateral;2;0;0;0;0;0;;;;;6;0;0;0;0
06/09/2014;23:37:00;467;Acidente sem Vítima;30;BR-101/ES;Norte;Atropelamento - Bovino;1;0;0;0;0;0;;;;;4;0;0;0;0
06/09/2014;15:09:00;332;Acidente sem Vítima;40;BR-101/ES;Sul;Saída de Pista;1;0;0;0;0;0;;;;;1;0;0;0;0
06/09/2014;03:51:00;51;Acidente com vítima;46;BR-101/ES;Sul;Capotamento;1;0;0;0;0;0;;;;;0;1;0;0;0
06/09/2014;16:14:00;351;Acidente sem Vítima;50;BR-101/ES;Norte;Colisão Transversal;2;0;0;0;0;0;;;;;3;0;0;0;0
06/09/2014;04:38:00;64;Acidente com vítima;67;BR-101/ES;Norte;Colisão Frontal;0;0;1;1;0;0;;;;;1;1;0;0;0
06/09/2014;16:51:00;364;Acidente sem Vítima;136;BR-101/ES;Norte;Colisão Lateral;2;0;0;0;0;0;;;;;6;0;0;0;0
06/09/2014;21:55:00;448;Acidente com vítima;140;BR-101/ES;Norte;Colisão Traseira;1;0;0;1;0;0;;;;;4;0;2;0;0
06/09/2014;09:23:00;163;Acidente com vítima;143;BR-101/ES;Norte;Colisão Transversal;1;0;0;1;0;0;;;;;2;1;0;0;0
06/09/2014;20:26:00;424;Acidente sem Vítima;146;BR-101/ES;Norte;Engavetamento;3;0;0;0;0;0;;;;;4;0;0;0;0
06/09/2014;13:08:00;287;Acidente sem Vítima;150;BR-101/ES;Sul;Colisão Traseira;1;0;0;1;0;0;;;;;2;0;0;0;0
06/09/2014;05:48:00;81;Acidente sem Vítima;166;BR-101/ES;Norte;Colisão Traseira;2;0;0;0;0;0;;;;;6;0;0;0;0
06/09/2014;21:08:00;435;Acidente com Morte;186;BR-101/ES;Norte;Colisão Frontal;2;0;0;0;0;0;;;;;0;1;1;1;1
06/09/2014;02:48:00;36;Acidente com vítima;187;BR-101/ES;Sul;Queda de Moto;0;0;0;1;0;0;;;;;0;0;1;0;0
06/09/2014;11:40:00;242;Acidente sem Vítima;207;BR-101/ES;Norte;Colisão Transversal;1;0;1;0;0;0;;;;;2;0;0;0;0
06/09/2014;14:30:00;323;Acidente com vítima;223;BR-101/ES;Sul;Saída de Pista;0;0;1;0;0;0;;;;;0;1;0;0;0
06/09/2014;15:03:00;329;Acidente com vítima;260;BR-101/ES;Norte;Queda de ciclista;0;1;0;0;0;0;;;;;0;1;0;0;0
06/09/2014;20:39:00;427;Acidente com vítima;266;BR-101/ES;Norte;Colisão Lateral;2;0;0;0;0;0;;;;;2;0;2;0;0
06/09/2014;23:30:00;465;Acidente sem Vítima;268;BR-101/ES;Norte;Colisão Lateral;2;0;0;0;0;0;;;;;2;0;0;0;0
06/09/2014;11:29:00;232;Acidente sem Vítima;270;BR-101/ES;Sul;Colisão Lateral;2;0;0;0;0;0;;;;;2;0;0;0;0
06/09/2014;19:14:00;392;Acidente sem Vítima;284;BR-101/ES;Norte;Colisão Traseira;1;0;1;0;0;0;;;;;5;0;0;0;0
06/09/2014;20:22:00;421;Acidente sem Vítima;290,9;BR-101/ES;Sul;Veículo em Chamas;1;0;0;0;0;0;;;;;1;0;0;0;0
06/09/2014;09:21:00;162;Acidente sem Vítima;291;BR-101/ES;Norte;Colisão Lateral;1;0;2;0;0;0;;;;;2;0;0;0;0
06/09/2014;00:38:00;11;Acidente com vítima;386;BR-101/ES;Sul;Queda de Moto;0;0;0;1;0;0;;;;;0;0;1;0;0
06/09/2014;17:11:00;369;Acidente com vítima;397;BR-101/ES;Norte;Queda de Moto;0;0;0;1;0;0;;;;;0;2;0;0;0
06/09/2014;17:31:00;372;Acidente sem Vítima;448;BR-101/ES;Sul;Colisão Traseira;0;0;1;0;0;0;;;;;1;0;0;0;0
07/09/2014;22:42:00;406;Acidente com vítima;43;BR-101/ES;Sul;Queda de Moto;0;0;0;1;0;0;;;;;0;0;1;0;0
07/09/2014;02:31:00;37;Acidente sem Vítima;46;BR-101/ES;Sul;Colisão Lateral;1;0;1;0;0;0;;;;;3;0;0;0;0
07/09/2014;04:16:00;60;Acidente sem Vítima;49;BR-101/ES;Sul;Veículo em Chamas;0;0;3;0;0;0;;;;;1;0;0;0;0
07/09/2014;00:23:00;7;Acidente com vítima;66;BR-101/ES;Norte;Colisão Traseira;2;0;0;0;0;0;;;;;1;3;0;0;0
07/09/2014;18:40:00;342;Acidente sem Vítima;124;BR-101/ES;Norte;Saída de Pista;1;0;0;0;0;0;;;;;1;0;0;0;0
07/09/2014;23:18:00;414;Acidente com vítima;137;BR-101/ES;Sul;Colisão Traseira;0;0;2;1;0;0;;;;;1;0;1;0;0
07/09/2014;17:34:00;332;Acidente sem Vítima;247;BR-101/ES;Sul;Colisão Traseira;2;0;1;0;0;0;;;;;2;0;0;0;0
07/09/2014;18:04:00;336;Acidente sem Vítima;247;BR-101/ES;Norte;Colisão Traseira;2;0;0;0;0;0;;;;;2;0;0;0;0
07/09/2014;12:01:00;215;Acidente com vítima;250;BR-101/ES;Norte;Queda de Moto;0;0;0;1;0;0;;;;;0;1;0;0;0
07/09/2014;21:29:00;395;Acidente sem Vítima;264;BR-101/ES;Norte;Queda de ciclista;0;1;0;0;0;0;;;;;1;0;0;0;0
07/09/2014;13:34:00;253;Acidente sem Vítima;265;BR-101/ES;Norte;Engavetamento;3;0;0;0;0;0;;;;;7;0;0;0;0
07/09/2014;19:47:00;359;Acidente sem Vítima;266;BR-101/ES;Sul;Colisão Traseira;2;0;0;0;0;0;;;;;2;0;0;0;0
07/09/2014;07:03:00;90;Acidente sem Vítima;297;BR-101/ES;Norte;Choque com Objeto Fixo;1;0;0;0;0;0;;;;;1;0;0;0;0
07/09/2014;00:36:00;10;Acidente com vítima;321;BR-101/ES;Norte;Queda de Moto;0;0;0;1;0;0;;;;;0;1;0;0;0
07/09/2014;08:16:00;113;Acidente sem Vítima;321;BR-101/ES;Norte;Colisão Traseira;2;0;0;0;0;0;;;;;9;0;0;0;0
07/09/2014;18:21:00;340;Acidente sem Vítima;376,1;BR-101/ES;Norte;Colisão Lateral;1;0;0;1;0;0;;;;;2;0;0;0;0
07/09/2014;16:52:00;314;Acidente sem Vítima;459;BR-101/ES;Norte;Tombamento;0;0;1;0;0;0;;;;;1;0;0;0;0
08/09/2014;23:32:00;468;Acidente com Morte;22;BR-101/ES;Norte;Colisão Transversal;1;0;1;0;0;0;;;;;1;0;1;0;2
08/09/2014;18:59:00;370;Acidente sem Vítima;49;BR-101/ES;Sul;Colisão Lateral;1;0;4;0;0;0;;;;;2;0;0;0;0
08/09/2014;14:58:00;289;Acidente com vítima;67;BR-101/ES;Norte;Colisão Transversal;1;0;0;1;0;0;;;;;3;2;0;0;0
08/09/2014;01:57:00;25;Acidente sem Vítima;140;BR-101/ES;Sul;Colisão Traseira;1;0;2;0;0;0;;;;;2;0;0;0;0
08/09/2014;13:23:00;266;Acidente com vítima;147;BR-101/ES;Norte;Colisão Transversal;1;0;0;1;0;0;;;;;1;1;0;0;0
08/09/2014;19:16:00;376;Acidente sem Vítima;147;BR-101/ES;Sul;Saída de Pista;1;0;0;0;0;0;;;;;2;0;0;0;0
08/09/2014;14:28:00;282;Acidente sem Vítima;156,8;BR-101/ES;Norte;Saída de Pista;1;0;0;0;0;0;;;;;1;0;0;0;0
08/09/2014;13:12:00;261;Acidente com vítima;157;BR-101/ES;Norte;Colisão Traseira;0;0;1;1;0;0;;;;;1;1;0;0;0
08/09/2014;07:33:00;104;Acidente sem Vítima;169;BR-101/ES;Sul;Colisão Traseira;2;0;0;0;0;0;;;;;3;0;0;0;0
08/09/2014;16:03:00;313;Acidente sem Vítima;231;BR-101/ES;Norte;Colisão Traseira;2;0;0;0;0;0;;;;;2;0;0;0;0
08/09/2014;17:39:00;347;Acidente com vítima;237;BR-101/ES;Sul;Colisão Lateral;0;0;1;1;0;0;;;;;0;1;0;0;0
08/09/2014;18:22:00;362;Atropelamento sem Morte;237,5;BR-101/ES;Norte;Atropelamento;0;0;1;0;0;0;;;;;1;0;0;1;0
08/09/2014;20:17:00;405;Acidente sem Vítima;241;BR-101/ES;Sul;Colisão Traseira;1;0;1;0;0;0;;;;;3;0;0;0;0
08/09/2014;12:15:00;232;Acidente sem Vítima;264;BR-101/ES;Norte;Colisão Transversal;1;0;0;1;0;0;;;;;2;0;0;0;0
08/09/2014;04:45:00;63;Acidente sem Vítima;265;BR-101/ES;Norte;Queda de Moto;0;0;0;1;0;0;;;;;1;0;0;0;0
08/09/2014;19:24:00;381;Acidente sem Vítima;296;BR-101/ES;Sul;Colisão Traseira;1;0;0;0;1;0;;;;;2;0;0;0;0
08/09/2014;18:43:00;367;Acidente sem Vítima;335;BR-101/ES;Sul;Engavetamento;3;0;0;0;0;0;;;;;4;0;0;0;0
08/09/2014;18:26:00;364;Acidente sem Vítima;955;BR-101/BA;Sul;Colisão Traseira;2;0;0;0;0;0;;;;;2;0;0;0;0
09/09/2014;18:20:00;327;Acidente sem Vítima;42;BR-101/ES;Sul;Abalroamento - Mesmo Sentido;2;0;0;0;0;0;;;;;1;0;0;0;0
09/09/2014;16:04:00;286;Acidente sem Vítima;123;BR-101/ES;Sul;Saída de Pista;3;0;0;0;0;0;;;;;1;0;0;0;0
09/09/2014;10:23:00;149;Acidente sem Vítima;149,2;BR-101/ES;Sul;Colisão Traseira;2;0;0;0;0;0;;;;;4;0;0;0;0
09/09/2014;07:15:00;79;Acidente sem Vítima;220;BR-101/ES;Sul;Colisão Traseira;1;0;2;0;0;0;;;;;3;0;0;0;0
09/09/2014;06:17:00;68;Acidente com vítima;221;BR-101/ES;Norte;Colisão Transversal;1;0;1;0;0;0;;;;;1;0;0;1;0
09/09/2014;16:18:00;291;Acidente sem Vítima;232;BR-101/ES;Norte;Saída de Pista;2;0;0;0;0;0;;;;;2;0;0;0;0
09/09/2014;19:33:00;354;Acidente sem Vítima;242,5;BR-101/ES;Norte;Colisão Frontal;2;0;0;0;0;0;;;;;5;0;0;0;0
09/09/2014;08:11:00;94;Acidente sem Vítima;248;BR-101/ES;Norte;Choque com Objeto Fixo;1;0;0;0;0;0;;;;;1;0;0;0;0
09/09/2014;06:40:00;74;Acidente com vítima;255;BR-101/ES;Sul;Colisão Traseira;3;0;0;0;0;0;;;;;3;0;2;0;0
09/09/2014;13:00:00;223;Acidente sem Vítima;255;BR-101/ES;Sul;Engavetamento;3;0;0;0;0;0;;;;;5;0;0;0;0
09/09/2014;17:27:00;313;Atropelamento sem Morte;267;BR-101/ES;Norte;Atropelamento;0;0;0;1;0;0;;;;;1;0;1;0;0
09/09/2014;06:31:00;73;Acidente sem Vítima;270;BR-101/ES;Norte;Colisão Traseira;1;0;0;0;1;0;;;;;2;0;0;0;0
09/09/2014;05:44:00;64;Acidente com vítima;285;BR-101/ES;Norte;Saída de Pista;1;0;0;0;0;0;;;;;0;0;1;0;0
09/09/2014;19:23:00;351;Acidente sem Vítima;288;BR-101/ES;Sul;Colisão Lateral;1;0;1;0;0;0;;;;;4;0;0;0;0
09/09/2014;17:35:00;319;Acidente sem Vítima;298;BR-101/ES;Sul;Colisão Traseira;1;0;3;0;0;0;;;;;4;0;0;0;0
09/09/2014;20:21:00;378;Acidente sem Vítima;318;BR-101/ES;Sul;Queda de Moto;1;0;0;0;0;0;;;;;1;0;0;0;0
09/09/2014;10:20:00;147;Acidente com vítima;385;BR-101/ES;Norte;Queda de Moto;0;0;0;1;0;0;;;;;0;1;0;0;0
10/09/2014;13:13:00;230;Acidente com vítima;148;BR-101/ES;Norte;Colisão Lateral;1;0;0;1;0;0;;;;;1;1;0;0;0
10/09/2014;12:44:00;213;Acidente sem Vítima;263;BR-101/ES;Norte;Colisão Transversal;1;0;0;1;0;0;;;;;3;0;0;0;0
10/09/2014;18:56:00;340;Acidente sem Vítima;263;BR-101/ES;Sul;Queda de ciclista;0;0;0;0;0;1;;;;;1;0;0;0;0
10/09/2014;16:10:00;282;Acidente sem Vítima;269;BR-101/ES;Sul;Colisão Traseira;2;0;0;0;0;0;;;;;2;0;0;0;0
10/09/2014;07:28:00;72;Acidente sem Vítima;270;BR-101/ES;Norte;Colisão Lateral;1;0;1;0;0;0;;;;;2;0;0;0;0