data;horario;n_da_ocorrencia;tipo_de_ocorrencia;km;trecho;sentido;tipo_de_acidente;automovel;bicicleta;caminhao;moto;onibus;outros;tracao_animal;transporte_de_cargas_especiais;trator_maquinas;utilitarios;ilesos;levemente_feridos;moderadamente_feridos;gravemente_feridos;mortos
05/10/2014;05:22:00;60;Acidente com vítima;149;BR-101/ES;Norte;Colisão Lateral;2;0;0;0;0;0;;;;;0;3;0;0;0
05/10/2014;15:46:00;261;Acidente com vítima;177;BR-101/ES;Norte;Queda de Moto;0;0;0;1;0;0;;;;;0;1;0;0;0
05/10/2014;05:10:00;55;Acidente com vítima;232;BR-101/ES;Sul;Saída de Pista;1;0;0;0;0;0;;;;;0;1;0;0;0
05/10/2014;18:57:00;314;Acidente sem Vítima;258;BR-101/ES;Sul;Colisão Lateral;2;0;0;0;0;0;;;;;5;0;0;0;0
05/10/2014;13:18:00;214;Acidente sem Vítima;262;BR-101/ES;Sul;Saída de Pista;1;0;0;1;0;0;;;;;2;0;0;0;0
05/10/2014;14:19:00;233;Acidente com vítima;264;BR-101/ES;Sul;Queda de Moto;1;0;0;1;0;0;;;;;2;1;0;0;0
05/10/2014;16:34:00;276;Acidente com vítima;265;BR-101/ES;Sul;Colisão Traseira;3;0;1;0;0;0;;;;;4;1;0;0;0
05/10/2014;14:26:00;235;Acidente com vítima;266;BR-101/ES;Norte;Colisão Transversal;1;0;0;1;0;0;;;;;1;1;0;0;0
05/10/2014;22:47:00;380;Acidente com vítima;269;BR-101/ES;Sul;Colisão Transversal;1;0;2;0;0;0;;;;;2;0;1;0;0
05/10/2014;19:36:00;325;Acidente com Morte;290;BR-101/ES;Norte;Colisão Transversal;1;0;0;1;0;0;;;;;1;0;0;0;1
05/10/2014;09:15:00;113;Acidente sem Vítima;301;BR-101/ES;Sul;Colisão Transversal;3;0;0;0;0;0;;;;;3;0;0;0;0
05/10/2014;10:34:00;138;Acidente sem Vítima;301;BR-101/ES;Sul;Colisão Traseira;1;0;2;0;0;0;;;;;2;0;0;0;0
06/10/2014;18:40:00;301;Acidente com vítima;65,5;BR-101/ES;Norte;Colisão Lateral;1;0;0;1;0;0;;;;;2;1;0;0;0
06/10/2014;17:53:00;291;Acidente sem Vítima;66;BR-101/ES;Norte;Colisão Lateral;1;0;1;0;0;0;;;;;8;0;0;0;0
06/10/2014;04:37:00;48;Acidente sem Vítima;167;BR-101/ES;Sul;Saída de Pista;1;0;0;0;0;0;;;;;1;0;0;0;0
06/10/2014;10:30:00;140;Acidente sem Vítima;177;BR-101/ES;Sul;Choque;1;0;0;0;0;0;;;;;1;0;0;0;0
06/10/2014;19:54:00;331;Acidente com vítima;202;BR-101/ES;Norte;Tombamento;0;0;2;0;0;0;;;;;0;0;1;0;0
06/10/2014;12:07:00;182;Acidente com vítima;203;BR-101/ES;Sul;Queda de Moto;0;0;0;1;0;0;;;;;0;0;1;0;0
06/10/2014;06:56:00;78;Acidente sem Vítima;220;BR-101/ES;Sul;Colisão Lateral;2;0;0;0;0;0;;;;;2;0;0;0;0
06/10/2014;09:32:00;124;Acidente sem Vítima;241;BR-101/ES;Sul;Colisão Traseira;2;0;0;0;0;0;;;;;5;0;0;0;0
06/10/2014;06:41:00;77;Acidente com vítima;244;BR-101/ES;Norte;Colisão Frontal;2;0;0;0;0;0;;;;;0;0;5;0;0
06/10/2014;15:58:00;251;Acidente com vítima;259;BR-101/ES;Sul;Colisão Traseira;1;0;1;1;0;0;;;;;2;1;0;0;0
06/10/2014;08:52:00;110;Atropelamento sem Morte;264;BR-101/ES;Norte;Atropelamento;1;1;0;0;0;0;;;;;0;1;0;0;0
06/10/2014;04:47:00;51;Acidente sem Vítima;271;BR-101/ES;Sul;Saída de Pista;1;0;0;0;0;0;;;;;1;0;0;0;0
06/10/2014;05:33:00;63;Acidente com vítima;287;BR-101/ES;Norte;Choque com Objeto Fixo;0;0;2;0;0;0;;;;;0;1;0;0;0
06/10/2014;07:06:00;84;Acidente com vítima;298;BR-101/ES;Sul;Colisão Traseira;1;0;0;1;0;0;;;;;1;1;0;0;0
06/10/2014;10:26:00;136;Acidente sem Vítima;341;BR-101/ES;Sul;Saída de Pista;1;0;0;0;0;0;;;;;4;0;0;0;0
06/10/2014;05:49:00;67;Acidente sem Vítima;428;BR-101/ES;Norte;Saída de Pista;1;0;0;0;0;0;;;;;1;0;0;0;0
06/10/2014;10:42:00;143;Acidente com vítima;450;BR-101/ES;Norte;Saída de Pista;1;0;0;0;0;0;;;;;1;1;0;0;0
06/10/2014;05:26:00;61;Acidente sem Vítima;453;BR-101/ES;Sul;Saída de Pista;1;0;0;0;0;0;;;;;2;0;0;0;0
06/10/2014;09:23:00;120;Acidente sem Vítima;943;BR-101/BA;Sul;Colisão Traseira;0;0;3;0;0;0;;;;;3;0;0;0;0
07/10/2014;10:06:00;118;Acidente sem Vítima;0,5;BR-101/ES;Norte;Saída de Pista;0;0;1;0;0;0;;;;;2;0;0;0;0
07/10/2014;06:52:00;78;Acidente com vítima;31;BR-101/ES;Norte;Colisão Transversal;1;0;0;0;1;0;;;;;1;0;0;1;0
07/10/2014;03:10:00;36;Acidente com vítima;32;BR-101/ES;Sul;Saída de Pista;1;0;0;0;0;0;;;;;0;0;1;0;0
07/10/2014;16:30:00;231;Acidente sem Vítima;60;BR-101/ES;Sul;Colisão Lateral;2;0;0;0;0;0;;;;;3;0;0;0;0
07/10/2014;14:51:00;200;Acidente sem Vítima;125;BR-101/ES;Sul;Colisão Traseira;1;0;0;1;0;0;;;;;2;0;0;0;0
07/10/2014;09:08:00;105;Acidente sem Vítima;141;BR-101/ES;Norte;Choque com Veículo Estacionado;1;0;2;0;0;0;;;;;2;0;0;0;0
07/10/2014;22:19:00;345;Acidente com vítima;149;BR-101/ES;Norte;Queda de Moto;0;0;0;1;0;0;;;;;0;1;0;0;0
07/10/2014;05:31:00;63;Acidente sem Vítima;214;BR-101/ES;Norte;Engavetamento;0;0;2;0;1;0;;;;;3;0;0;0;0
07/10/2014;08:05:00;96;Acidente com vítima;262;BR-101/ES;Sul;Choque com Objeto Fixo;1;0;0;0;0;0;;;;;0;1;0;0;0
07/10/2014;08:41:00;98;Acidente com vítima;263;BR-101/ES;Sul;Colisão Traseira;0;0;0;1;1;0;;;;;1;0;0;1;0
07/10/2014;06:33:00;76;Acidente sem Vítima;266;BR-101/ES;Norte;Colisão Traseira;1;0;1;0;0;0;;;;;2;0;0;0;0
07/10/2014;07:55:00;93;Acidente com vítima;267;BR-101/ES;Sul;Colisão Lateral;2;0;0;1;0;0;;;;;2;0;1;0;0
07/10/2014;20:07:00;307;Acidente sem Vítima;285;BR-101/ES;Sul;Colisão Traseira;1;0;1;0;0;0;;;;;2;0;0;0;0
07/10/2014;12:13:00;158;Acidente sem Vítima;298;BR-101/ES;Norte;Engavetamento;3;0;3;0;0;0;;;;;5;0;0;0;0
07/10/2014;17:11:00;244;Acidente sem Vítima;300;BR-101/ES;Sul;Choque com Veículo Estacionado;1;0;3;0;0;0;;;;;4;0;0;0;0
07/10/2014;10:24:00;122;Acidente sem Vítima;315;BR-101/ES;Sul;Colisão Traseira;1;0;1;0;0;0;;;;;3;0;0;0;0
07/10/2014;18:26:00;267;Acidente com Morte;372,7;BR-101/ES;Sul;Colisão Transversal;0;0;4;1;0;0;;;;;2;0;0;1;1
07/10/2014;08:50:00;101;Acidente com vítima;375;BR-101/ES;Sul;Colisão Lateral;2;0;0;0;0;0;;;;;1;1;0;0;0
07/10/2014;05:23:00;62;Acidente sem Vítima;391;BR-101/ES;Sul;Saída de Pista;1;0;0;0;0;0;;;;;3;0;0;0;0
07/10/2014;09:05:00;104;Acidente sem Vítima;435,8;BR-101/ES;Sul;Saída de Pista;1;0;0;0;0;0;;;;;2;0;0;0;0
08/10/2014;16:53:00;285;Acidente sem Vítima;8;BR-101/ES;Sul;Tombamento;0;0;1;0;0;0;;;;;1;0;0;0;0
08/10/2014;11:32:00;165;Acidente com vítima;12;BR-101/ES;Norte;Queda de Moto;0;0;0;1;0;0;;;;;0;1;0;0;0
08/10/2014;23:08:00;382;Acidente sem Vítima;69;BR-101/ES;Sul;Colisão Traseira;2;0;0;0;0;0;;;;;4;0;0;0;0
08/10/2014;18:15:00;309;Acidente com vítima;123,7;BR-101/ES;Norte;Queda de Moto;0;0;0;1;0;0;;;;;0;1;0;0;0
08/10/2014;07:00:00;62;Acidente com vítima;138;BR-101/ES;Norte;Capotamento;1;0;0;1;0;0;;;;;1;0;1;0;0
08/10/2014;08:51:00;98;Acidente sem Vítima;147;BR-101/ES;Norte;Engavetamento;2;0;0;0;0;0;;;;;2;0;0;0;0
08/10/2014;07:47:00;77;Acidente com Morte;162;BR-101/ES;Sul;Colisão Traseira;3;0;0;0;0;0;;;;;0;3;1;0;1
08/10/2014;06:18:00;52;Acidente sem Vítima;189;BR-101/ES;Sul;Choque com Objeto Fixo;1;0;0;0;0;0;;;;;1;0;0;0;0
08/10/2014;16:17:00;277;Acidente sem Vítima;196;BR-101/ES;Norte;Veículo em Chamas;0;0;2;0;0;0;;;;;1;0;0;0;0
08/10/2014;08:20:00;91;Acidente sem Vítima;258;BR-101/ES;Norte;Colisão Lateral;1;0;1;0;0;0;;;;;3;0;0;0;0
08/10/2014;06:59:00;61;Acidente sem Vítima;263;BR-101/ES;Sul;Colisão Traseira;1;0;1;0;0;0;;;;;2;0;0;0;0
08/10/2014;13:41:00;232;Acidente sem Vítima;263;BR-101/ES;Norte;Colisão Lateral;0;0;2;0;0;0;;;;;2;0;0;0;0
08/10/2014;12:35:00;200;Acidente sem Vítima;265;BR-101/ES;Norte;Colisão Lateral;1;0;2;0;0;0;;;;;2;0;0;0;0
08/10/2014;14:53:00;250;Acidente sem Vítima;265;BR-101/ES;Norte;Choque com Objeto Fixo;1;0;0;0;0;0;;;;;1;0;0;0;0
08/10/2014;20:38:00;355;Atropelamento sem Morte;265;BR-101/ES;Sul;Atropelamento;0;0;0;1;0;0;;;;;0;2;0;0;0
08/10/2014;08:17:00;88;Acidente sem Vítima;268;BR-101/ES;Sul;Colisão Traseira;1;0;0;0;1;0;;;;;2;0;0;0;0
08/10/2014;08:19:00;90;Acidente com vítima;288;BR-101/ES;Sul;Colisão Transversal;1;0;1;0;0;0;;;;;1;1;0;0;0
08/10/2014;12:25:00;195;Acidente sem Vítima;291;BR-101/ES;Sul;Colisão Traseira;0;0;2;0;0;0;;;;;2;0;0;0;0
08/10/2014;13:35:00;228;Acidente com vítima;387;BR-101/ES;Norte;Choque com Objeto Fixo;0;0;2;0;0;0;;;;;0;1;0;0;0
09/10/2014;09:01:00;125;Acidente com vítima;47,4;BR-101/ES;Norte;Colisão Lateral;1;0;1;0;0;0;;;;;1;1;0;1;0
09/10/2014;00:03:00;1;Acidente sem Vítima;58;BR-101/ES;Sul;Choque com Objeto Fixo;1;0;0;0;0;0;;;;;1;0;0;0;0
09/10/2014;15:41:00;280;Acidente sem Vítima;166,8;BR-101/ES;Sul;Colisão Traseira;1;0;1;0;0;0;;;;;4;0;0;0;0
09/10/2014;06:04:00;77;Acidente com vítima;229;BR-101/ES;Norte;Colisão Lateral;1;0;0;0;1;0;;;;;0;2;0;0;0
09/10/2014;13:38:00;247;Acidente sem Vítima;247;BR-101/ES;Sul;Capotamento;1;0;0;0;0;0;;;;;2;0;0;0;0
09/10/2014;13:23:00;244;Acidente com vítima;256;BR-101/ES;Sul;Colisão Traseira;0;0;2;0;0;0;;;;;0;2;0;0;0
09/10/2014;16:35:00;304;Acidente sem Vítima;259;BR-101/ES;Norte;Saída de Pista;1;0;0;0;0;0;;;;;1;0;0;0;0
09/10/2014;18:02:00;325;Acidente com vítima;269;BR-101/ES;Sul;Colisão Lateral;1;0;0;1;0;0;;;;;2;1;0;0;0
09/10/2014;02:36:00;33;Acidente sem Vítima;296,8;BR-101/ES;Norte;Atropelamento - Animal;0;0;2;0;0;0;;;;;1;0;0;0;0
09/10/2014;17:27:00;319;Acidente com vítima;298;BR-101/ES;Sul;Colisão Lateral;1;0;0;1;0;0;;;;;1;1;0;0;0
09/10/2014;16:09:00;290;Acidente com vítima;395;BR-101/ES;Sul;Capotamento;1;0;0;0;0;0;;;;;0;2;0;0;0
09/10/2014;14:07:00;260;Acidente sem Vítima;428;BR-101/ES;Sul;Colisão Frontal;1;0;4;0;0;0;;;;;4;0;0;0;0
10/10/2014;07:51:00;101;Acidente sem Vítima;66,5;BR-101/ES;Norte;Colisão Traseira;2;0;0;0;0;0;;;;;4;0;0;0;0
10/10/2014;16:08:00;291;Acidente sem Vítima;228;BR-101/ES;Norte;Engavetamento;2;0;1;0;0;0;;;;;3;0;0;0;0
10/10/2014;16:52:00;300;Acidente sem Vítima;228;BR-101/ES;Sul;Colisão Traseira;2;0;1;0;0;0;;;;;5;0;0;0;0
10/10/2014;21:33:00;396;Acidente com vítima;244;BR-101/ES;Norte;Engavetamento;2;0;0;1;0;0;;;;;2;2;0;0;0
10/10/2014;07:50:00;100;Acidente sem Vítima;255;BR-101/ES;Norte;Colisão Transversal;1;0;1;0;0;0;;;;;3;0;0;0;0
10/10/2014;14:33:00;272;Acidente com vítima;265;BR-101/ES;Sul;Colisão Traseira;1;0;0;1;0;0;;;;;1;1;0;0;0
10/10/2014;05:31:00;62;Acidente sem Vítima;266;BR-101/ES;Sul;Colisão Lateral;2;0;0;0;0;0;;;;;2;0;0;0;0
10/10/2014;08:42:00;122;Acidente sem Vítima;266;BR-101/ES;Sul;Colisão Transversal;2;0;0;0;0;0;;;;;2;0;0;0;0
10/10/2014;19:37:00;353;Acidente sem Vítima;269;BR-101/ES;Sul;Colisão Traseira;2;0;0;0;0;0;;;;;2;0;0;0;0
10/10/2014;08:46:00;125;Acidente sem Vítima;270;BR-101/ES;Norte;Colisão Lateral;1;0;2;0;0;0;;;;;2;0;0;0;0
10/10/2014;12:10:00;219;Acidente sem Vítima;270;BR-101/ES;Norte;Colisão Lateral;1;0;2;0;0;0;;;;;2;0;0;0;0
10/10/2014;18:18:00;329;Atropelamento sem Morte;301;BR-101/ES;Norte;Atropelamento;0;0;0;1;0;0;;;;;1;0;1;0;0
10/10/2014;16:01:00;289;Acidente sem Vítima;358,5;BR-101/ES;Norte;Colisão Lateral;2;0;2;0;0;0;;;;;6;0;0;0;0
10/10/2014;16:39:00;298;Acidente sem Vítima;368;BR-101/ES;Norte;Colisão Lateral;1;0;3;0;0;0;;;;;3;0;0;0;0
10/10/2014;01:53:00;18;Acidente sem Vítima;939;BR-101/BA;Sul;Tombamento;0;0;2;0;0;0;;;;;1;0;0;0;0
11/10/2014;12:59:00;255;Acidente com vítima;68;BR-101/ES;Norte;Colisão Transversal;1;0;0;1;0;0;;;;;4;1;0;0;0
11/10/2014;11:27:00;213;Acidente sem Vítima;84,6;BR-101/ES;Sul;Colisão Transversal;2;0;0;0;0;0;;;;;6;0;0;0;0
11/10/2014;15:31:00;302;Acidente sem Vítima;140;BR-101/ES;Sul;Colisão Lateral;1;0;2;0;0;0;;;;;2;0;0;0;0
11/10/2014;20:39:00;414;Acidente sem Vítima;143;BR-101/ES;Sul;Queda de Moto;0;0;0;1;0;0;;;;;1;0;0;0;0
11/10/2014;08:52:00;145;Acidente sem Vítima;241;BR-101/ES;Norte;Choque com Objeto Fixo;1;0;0;0;0;0;;;;;1;0;0;0;0
11/10/2014;20:41:00;415;Acidente sem Vítima;241;BR-101/ES;Sul;Colisão Traseira;2;0;0;0;0;0;;;;;3;0;0;0;0
11/10/2014;10:58:00;194;Acidente sem Vítima;246;BR-101/ES;Norte;Colisão Lateral;2;0;0;0;0;0;;;;;6;0;0;0;0
11/10/2014;23:35:00;461;Acidente com vítima;264,5;BR-101/ES;Norte;Queda de Moto;0;0;0;1;0;0;;;;;0;0;0;1;0
11/10/2014;17:46:00;346;Acidente com vítima;266;BR-101/ES;Sul;Queda de Moto;0;0;0;1;0;0;;;;;0;1;0;0;0
11/10/2014;15:59:00;314;Acidente sem Vítima;268;BR-101/ES;Norte;Saída de Pista;1;0;0;0;0;0;;;;;1;0;0;0;0
11/10/2014;13:50:00;278;Acidente sem Vítima;269;BR-101/ES;Norte;Engavetamento;3;0;0;0;0;0;;;;;9;0;0;0;0
11/10/2014;07:05:00;95;Acidente sem Vítima;295;BR-101/ES;Norte;Colisão Traseira;1;0;2;0;0;0;;;;;2;0;0;0;0
11/10/2014;16:29:00;323;Acidente sem Vítima;424;BR-101/ES;Norte;Saída de Pista;1;0;0;0;0;0;;;;;1;0;0;0;0
11/10/2014;06:54:00;93;Acidente sem Vítima;451;BR-101/ES;Norte;Saída de Pista;1;0;0;0;0;0;;;;;4;0;0;0;0
12/10/2014;19:02:00;341;Acidente sem Vítima;24;BR-101/ES;Norte;Queda de Moto;0;0;0;1;0;0;;;;;1;0;0;0;0
12/10/2014;23:32:00;415;Acidente com vítima;29;BR-101/ES;Norte;Colisão Frontal;2;0;0;0;0;0;;;;;5;0;1;0;0
12/10/2014;00:58:00;16;Acidente com vítima;208;BR-101/ES;Norte;Capotamento;1;0;0;0;0;0;;;;;0;1;0;0;0
12/10/2014;15:05:00;257;Acidente com vítima;251;BR-101/ES;Sul;Saída de Pista;0;0;0;1;0;0;;;;;0;2;0;0;0
12/10/2014;18:14:00;323;Acidente sem Vítima;253;BR-101/ES;Sul;Colisão Traseira;2;0;0;0;0;0;;;;;2;0;0;0;0
12/10/2014;07:17:00;91;Acidente sem Vítima;255;BR-101/ES;Norte;Veículo em Chamas;1;0;0;0;0;0;;;;;4;0;0;0;0
12/10/2014;14:51:00;252;Acidente sem Vítima;255;BR-101/ES;Sul;Colisão Traseira;2;0;0;0;0;0;;;;;2;0;0;0;0
12/10/2014;01:07:00;19;Acidente com vítima;266;BR-101/ES;Sul;Colisão Transversal;2;0;0;0;0;0;;;;;1;1;1;1;0
12/10/2014;04:25:00;59;Acidente sem Vítima;275;BR-101/ES;Norte;Choque com Objeto Fixo;1;0;0;0;0;0;;;;;2;0;0;0;0
13/10/2014;07:51:00;112;Acidente sem Vítima;68,3;BR-101/ES;Sul;Colisão Traseira;1;0;4;0;0;0;;;;;3;0;0;0;0
13/10/2014;18:52:00;362;Acidente sem Vítima;77,5;BR-101/ES;Norte;Colisão Traseira;2;0;1;0;0;0;;;;;5;0;0;0;0
13/10/2014;14:25:00;284;Acidente sem Vítima;93;BR-101/ES;Norte;Colisão Lateral;1;0;0;1;0;0;;;;;2;0;0;0;0
13/10/2014;19:37:00;384;Acidente com vítima;127;BR-101/ES;Sul;Colisão Traseira;1;0;0;1;0;0;;;;;2;1;0;0;0
13/10/2014;14:58:00;290;Acidente sem Vítima;146;BR-101/ES;Sul;Colisão Traseira;1;0;0;0;1;0;;;;;3;0;0;0;0
13/10/2014;11:15:00;207;Acidente sem Vítima;148,5;BR-101/ES;Norte;Choque;1;0;3;0;0;0;;;;;2;0;0;0;0
13/10/2014;06:43:00;90;Acidente sem Vítima;249;BR-101/ES;Norte;Saída de Pista;1;0;0;0;0;0;;;;;2;0;0;0;0
13/10/2014;16:42:00;322;Acidente sem Vítima;264;BR-101/ES;Norte;Colisão Traseira;1;0;0;0;1;0;;;;;3;0;0;0;0
13/10/2014;15:25:00;298;Acidente com vítima;269,5;BR-101/ES;Sul;Queda de Moto;0;0;1;1;0;0;;;;;1;1;0;0;0
13/10/2014;12:00:00;224;Acidente com vítima;273;BR-101/ES;Norte;Saída de Pista;1;0;0;0;0;0;;;;;1;0;1;0;0
13/10/2014;19:31:00;383;Acidente com vítima;296;BR-101/ES;Sul;Queda de Moto;1;0;0;0;0;0;;;;;0;2;0;0;0
13/10/2014;01:03:00;12;Acidente sem Vítima;321;BR-101/ES;Norte;Saída de Pista;1;0;0;0;0;0;;;;;1;0;0;0;0
13/10/2014;00:21:00;4;Acidente sem Vítima;359;BR-101/ES;Norte;Choque com Objeto Fixo;1;0;0;0;0;0;;;;;1;0;0;0;0
13/10/2014;15:15:00;295;Acidente sem Vítima;391,9;BR-101/ES;Sul;Colisão Frontal;2;0;3;0;0;0;;;;;4;0;0;0;0
13/10/2014;15:29:00;300;Acidente sem Vítima;411;BR-101/ES;Sul;Saída de Pista;2;0;1;0;0;0;;;;;6;0;0;0;0
14/10/2014;18:30:00;341;Acidente sem Vítima;251;BR-101/ES;Norte;Choque;1;0;0;0;0;0;;;;;1;0;0;0;0
14/10/2014;13:54:00;252;Acidente com vítima;258;BR-101/ES;Norte;Colisão Traseira;2;0;0;0;0;0;;;;;1;1;0;0;0
14/10/2014;18:10:00;335;Acidente sem Vítima;269;BR-101/ES;Sul;Colisão Lateral;1;0;1;0;0;0;;;;;2;0;0;0;0
14/10/2014;17:40:00;324;Acidente sem Vítima;269,5;BR-101/ES;Sul;Colisão Traseira;2;0;0;0;0;0;;;;;1;0;0;0;0
14/10/2014;18:16:00;337;Acidente sem Vítima;270;BR-101/ES;Norte;Colisão Lateral;1;0;1;0;0;0;;;;;2;0;0;0;0
14/10/2014;07:41:00;86;Acidente sem Vítima;321;BR-101/ES;Norte;Colisão Traseira;1;0;1;0;0;0;;;;;3;0;0;0;0
14/10/2014;19:19:00;363;Acidente sem Vítima;321;BR-101/ES;Sul;Choque com Objeto Fixo;1;0;1;0;0;0;;;;;4;0;0;0;0
14/10/2014;05:22:00;61;Acidente sem Vítima;374,5;BR-101/ES;Norte;Saída de Pista;1;0;0;0;0;0;;;;;3;0;0;0;0
15/10/2014;15:41:00;271;Acidente sem Vítima;66;BR-101/ES;Sul;Colisão Traseira;1;0;1;0;0;0;;;;;6;0;0;0;0
15/10/2014;19:38:00;348;Acidente com vítima;67;BR-101/ES;Sul;Capotamento;1;0;0;0;0;0;;;;;1;1;1;0;0
15/10/2014;22:36:00;396;Acidente sem Vítima;147;BR-101/ES;Norte;Colisão Traseira;0;0;2;0;0;0;;;;;4;0;0;0;0
15/10/2014;07:53:00;98;Acidente sem Vítima;262;BR-101/ES;Sul;Colisão Traseira;1;0;1;0;0;0;;;;;2;0;0;0;0
15/10/2014;21:22:00;379;Acidente sem Vítima;264,5;BR-101/ES;Norte;Colisão Lateral;1;0;1;0;0;0;;;;;2;0;0;0;0
15/10/2014;07:33:00;90;Acidente sem Vítima;266;BR-101/ES;Sul;Colisão Traseira;2;0;0;0;0;0;;;;;3;0;0;0;0
15/10/2014;10:12:00;154;Acidente sem Vítima;269;BR-101/ES;Sul;Colisão Lateral;1;0;2;0;0;0;;;;;2;0;0;0;0
15/10/2014;13:32:00;241;Acidente sem Vítima;270;BR-101/ES;Norte;Colisão Traseira;1;0;1;0;0;0;;;;;2;0;0;0;0
15/10/2014;10:26:00;157;Acidente sem Vítima;270,5;BR-101/ES;Sul;Engavetamento;0;0;4;0;0;0;;;;;9;0;0;0;0
15/10/2014;18:38:00;329;Acidente com vítima;291;BR-101/ES;Sul;Queda de Moto;0;0;0;1;0;0;;;;;1;1;0;0;0
15/10/2014;16:11:00;287;Acidente sem Vítima;316;BR-101/ES;Norte;Tombamento;0;0;5;0;0;0;;;;;1;0;0;0;0
15/10/2014;10:43:00;167;Acidente com vítima;319;BR-101/ES;Sul;Abalroamento - Mesmo Sentido;0;0;3;0;0;0;;;;;0;2;0;0;0
15/10/2014;21:38:00;384;Acidente sem Vítima;336;BR-101/ES;Norte;Queda de Moto;0;0;0;1;0;0;;;;;1;0;0;0;0
16/10/2014;10:09:00;154;Acidente com vítima;146;BR-101/ES;Sul;Colisão Traseira;1;0;0;1;0;0;;;;;1;1;0;0;0
16/10/2014;17:23:00;315;Acidente com vítima;172,9;BR-101/ES;Sul;Colisão Lateral;2;0;0;0;0;0;;;;;0;2;0;0;0
16/10/2014;16:23:00;296;Acidente com vítima;255;BR-101/ES;Norte;Colisão Traseira;2;0;0;0;0;0;;;;;0;2;0;0;0
16/10/2014;13:52:00;248;Acidente sem Vítima;266;BR-101/ES;Sul;Colisão Lateral;1;0;2;0;0;0;;;;;2;0;0;0;0
16/10/2014;16:57:00;306;Acidente sem Vítima;270,5;BR-101/ES;Norte;Colisão Traseira;2;0;0;0;0;0;;;;;2;0;0;0;0
16/10/2014;07:39:00;97;Acidente com vítima;271;BR-101/ES;Norte;Engavetamento;3;0;0;1;0;0;;;;;4;0;1;0;0
16/10/2014;08:16:00;111;Acidente sem Vítima;271;BR-101/ES;Norte;Colisão Lateral;1;0;2;0;0;0;;;;;2;0;0;0;0
16/10/2014;09:23:00;134;Acidente sem Vítima;271;BR-101/ES;Norte;Colisão Lateral;1;0;2;0;0;0;;;;;2;0;0;0;0
16/10/2014;07:31:00;92;Acidente sem Vítima;293;BR-101/ES;Sul;Colisão Traseira;1;0;2;0;0;0;;;;;3;0;0;0;0
16/10/2014;16:55:00;305;Acidente sem Vítima;377;BR-101/ES;Norte;Colisão Traseira;2;0;0;0;0;0;;;;;2;0;0;0;0
17/10/2014;15:52:00;262;Acidente sem Vítima;12;BR-101/ES;Norte;Veículo em Chamas;0;0;2;0;0;0;;;;;1;0;0;0;0
17/10/2014;08:15:00;102;Acidente com vítima;142;BR-101/ES;Norte;Colisão Traseira;2;0;0;0;0;0;;;;;2;1;0;0;0
17/10/2014;07:46:00;94;Acidente com vítima;144;BR-101/ES;Sul;Colisão Traseira;0;0;1;1;1;0;;;;;2;1;0;0;0
17/10/2014;17:15:00;293;Acidente sem Vítima;213;BR-101/ES;Sul;Engavetamento;3;0;0;0;0;0;;;;;3;0;0;0;0
17/10/2014;12:41:00;209;Acidente sem Vítima;242;BR-101/ES;Norte;Colisão Transversal;2;0;0;0;0;0;;;;;3;0;0;0;0
17/10/2014;15:21:00;250;Acidente sem Vítima;255;BR-101/ES;Sul;Colisão Traseira;2;0;0;0;0;0;;;;;4;0;0;0;0
17/10/2014;07:23:00;86;Acidente com vítima;269,8;BR-101/ES;Sul;Colisão Lateral;1;0;0;1;0;0;;;;;1;0;1;0;0
17/10/2014;06:12:00;76;Acidente com Morte;279;BR-101/ES;Norte;Colisão Transversal;1;0;0;1;0;0;;;;;1;0;0;0;1
17/10/2014;19:22:00;335;Acidente sem Vítima;289;BR-101/ES;Norte;Colisão Lateral;2;0;0;0;0;0;;;;;2;0;0;0;0
17/10/2014;10:30:00;146;Acidente sem Vítima;299;BR-101/ES;Sul;Colisão Lateral;1;0;2;0;0;0;;;;;2;0;0;0;0
17/10/2014;18:23:00;323;Acidente sem Vítima;321;BR-101/ES;Norte;Choque com Objeto Fixo;0;0;2;0;0;0;;;;;1;0;0;0;0
17/10/2014;07:26:00;89;Acidente com vítima;388;BR-101/ES;Norte;Saída de Pista;1;0;0;0;0;0;;;;;0;0;1;0;0
17/10/2014;13:37:00;228;Acidente com vítima;415;BR-101/ES;Norte;Capotamento;1;0;1;0;0;0;;;;;1;1;0;0;0
17/10/2014;23:07:00;400;Acidente sem Vítima;443;BR-101/ES;Sul;Tombamento;0;0;1;0;0;0;;;;;1;0;0;0;0
18/10/2014;19:39:00;349;Acidente sem Vítima;45,5;BR-101/ES;Norte;Atropelamento - Bovino;1;0;0;0;0;0;;;;;2;0;0;0;0
18/10/2014;22:51:00;401;Acidente com vítima;66;BR-101/ES;Norte;Colisão Transversal;0;0;1;1;0;0;;;;;1;0;1;0;0
18/10/2014;15:57:00;270;Acidente com vítima;68;BR-101/ES;Norte;Colisão Traseira;1;0;0;1;0;0;;;;;1;1;0;0;0
18/10/2014;15:47:00;267;Acidente com vítima;118;BR-101/ES;Norte;Queda de Moto;1;0;0;1;0;0;;;;;1;1;0;0;0
18/10/2014;12:25:00;206;Acidente com vítima;160;BR-101/ES;Norte;Queda de Moto;0;0;0;1;0;0;;;;;0;1;1;0;0
18/10/2014;18:34:00;328;Acidente com vítima;211;BR-101/ES;Norte;Queda de Moto;0;0;1;1;0;0;;;;;0;2;0;0;0
18/10/2014;17:52:00;311;Atropelamento sem Morte;213;BR-101/ES;Sul;Atropelamento;0;0;0;1;0;0;;;;;1;0;1;0;0