data;horario;n_da_ocorrencia;tipo_de_ocorrencia;km;trecho;sentido;tipo_de_acidente;automovel;bicicleta;caminhao;moto;onibus;outros;tracao_animal;transporte_de_cargas_especiais;trator_maquinas;utilitarios;ilesos;levemente_feridos;moderadamente_feridos;gravemente_feridos;mortos
18/10/2014;13:34:00;234;Acidente com vítima;257;BR-101/ES;Norte;Colisão Frontal;0;0;1;1;0;0;;;;;1;0;1;0;0
18/10/2014;15:04:00;252;Acidente sem Vítima;259;BR-101/ES;Sul;Saída de Pista;1;0;0;0;0;0;;;;;1;0;0;0;0
18/10/2014;15:25:00;258;Acidente sem Vítima;260;BR-101/ES;Norte;Colisão Traseira;2;0;0;0;0;0;;;;;2;0;0;0;0
18/10/2014;09:37:00;136;Acidente com vítima;272;BR-101/ES;Norte;Saída de Pista;1;0;0;0;0;0;;;;;0;1;0;0;0
18/10/2014;18:22:00;325;Acidente com vítima;291;BR-101/ES;Norte;Queda de Moto;0;0;0;2;0;0;;;;;0;1;0;0;0
18/10/2014;15:08:00;253;Acidente sem Vítima;296;BR-101/ES;Norte;Queda de Moto;0;0;0;1;0;0;;;;;1;0;0;0;0
18/10/2014;17:48:00;310;Acidente sem Vítima;298;BR-101/ES;Norte;Saída de Pista;1;0;0;0;0;0;;;;;1;0;0;0;0
18/10/2014;13:42:00;238;Acidente sem Vítima;329;BR-101/ES;Norte;Colisão Traseira;2;0;4;0;0;0;;;;;6;0;0;0;0
18/10/2014;19:09:00;338;Acidente sem Vítima;329;BR-101/ES;Norte;Colisão Traseira;1;0;1;0;0;0;;;;;2;0;0;0;0
18/10/2014;21:34:00;394;Acidente sem Vítima;357;BR-101/ES;Sul;Saída de Pista;1;0;0;0;0;0;;;;;4;0;0;0;0
18/10/2014;11:59:00;199;Acidente sem Vítima;399;BR-101/ES;Norte;Colisão Traseira;1;0;3;0;0;0;;;;;4;0;0;0;0
18/10/2014;21:39:00;396;Acidente sem Vítima;436;BR-101/ES;Norte;Saída de Pista;0;0;1;0;0;0;;;;;1;0;0;0;0
19/10/2014;05:12:00;60;Acidente com vítima;40;BR-101/ES;Norte;Colisão Lateral;0;0;1;1;0;0;;;;;1;1;1;0;0
19/10/2014;18:19:00;292;Acidente com vítima;43;BR-101/ES;Norte;Colisão Lateral;1;0;3;0;0;0;;;;;1;0;0;1;0
19/10/2014;11:20:00;152;Acidente com vítima;120;BR-101/ES;Norte;Queda de Moto;0;0;0;1;0;0;;;;;1;1;0;0;0
19/10/2014;16:22:00;249;Acidente sem Vítima;135;BR-101/ES;Norte;Saída de Pista;1;0;0;0;0;0;;;;;5;0;0;0;0
19/10/2014;05:37:00;68;Acidente com vítima;143;BR-101/ES;Norte;Queda de Moto;0;0;0;1;0;0;;;;;0;0;1;0;0
19/10/2014;19:25:00;312;Acidente com vítima;144;BR-101/ES;Norte;Choque com Veículo Estacionado;1;0;0;1;0;0;;;;;1;1;0;0;0
19/10/2014;15:12:00;217;Acidente sem Vítima;149;BR-101/ES;Sul;Colisão Traseira;1;0;0;0;1;0;;;;;3;0;0;0;0
19/10/2014;15:16:00;220;Acidente sem Vítima;149;BR-101/ES;Sul;Colisão Traseira;1;0;0;1;0;0;;;;;3;0;0;0;0
19/10/2014;03:32:00;38;Acidente com vítima;152;BR-101/ES;Sul;Tombamento;0;0;0;0;1;0;;;;;0;3;2;0;0
19/10/2014;06:32:00;78;Acidente com vítima;152;BR-101/ES;Norte;Saída de Pista;1;0;0;0;0;0;;;;;0;1;0;0;0
19/10/2014;13:02:00;187;Acidente com vítima;159;BR-101/ES;Sul;Colisão Transversal;2;0;0;0;0;0;;;;;1;0;1;0;0
19/10/2014;04:51:00;53;Acidente com vítima;160;BR-101/ES;Norte;Queda de Moto;0;0;0;1;0;0;;;;;0;1;0;0;0
19/10/2014;14:22:00;211;Acidente sem Vítima;266;BR-101/ES;Sul;Colisão Traseira;2;0;0;0;0;0;;;;;4;0;0;0;0
19/10/2014;12:19:00;173;Acidente com vítima;267;BR-101/ES;Sul;Queda de Moto;0;0;0;1;0;0;;;;;0;1;0;0;0
19/10/2014;20:00:00;323;Atropelamento sem Morte;267;BR-101/ES;Norte;Atropelamento;1;0;0;0;0;0;;;;;1;1;1;0;0
19/10/2014;15:31:00;227;Acidente sem Vítima;269;BR-101/ES;Sul;Engavetamento;3;0;0;0;0;0;;;;;3;0;0;0;0
19/10/2014;15:38:00;234;Acidente com vítima;270;BR-101/ES;Sul;Queda de Moto;0;0;0;1;0;0;;;;;1;0;1;0;0
19/10/2014;21:20:00;356;Acidente sem Vítima;270;BR-101/ES;Sul;Colisão Lateral;1;0;2;0;0;0;;;;;3;0;0;0;0
19/10/2014;13:31:00;198;Acidente com vítima;297;BR-101/ES;Norte;Colisão Traseira;2;0;0;0;0;0;;;;;7;2;0;0;0
19/10/2014;17:30:00;273;Acidente com vítima;319;BR-101/ES;Sul;Queda de Moto;0;0;0;1;0;0;;;;;0;2;0;0;0
20/10/2014;18:02:00;340;Acidente com vítima;127;BR-101/ES;Sul;Queda de ciclista;0;1;0;0;0;0;;;;;0;1;0;0;0
20/10/2014;18:20:00;347;Acidente com vítima;141;BR-101/ES;Sul;Engavetamento;2;0;1;0;0;0;;;;;5;1;0;0;0
20/10/2014;03:07:00;50;Acidente sem Vítima;160;BR-101/ES;Sul;Colisão Traseira;0;0;2;0;0;0;;;;;2;0;0;0;0
20/10/2014;07:04:00;91;Acidente sem Vítima;229;BR-101/ES;Norte;Colisão Lateral;1;0;1;0;0;0;;;;;3;0;0;0;0
20/10/2014;22:28:00;440;Acidente com vítima;255;BR-101/ES;Sul;Colisão;1;1;0;0;0;0;;;;;0;2;0;0;0
20/10/2014;17:04:00;323;Acidente sem Vítima;265;BR-101/ES;Norte;Colisão Transversal;0;0;0;2;0;0;;;;;2;0;0;0;0
20/10/2014;22:54:00;442;Acidente com vítima;266;BR-101/ES;Norte;Colisão Lateral;1;0;0;1;0;0;;;;;1;0;1;0;0
20/10/2014;07:46:00;106;Acidente com vítima;269;BR-101/ES;Sul;Colisão Lateral;2;0;0;0;0;0;;;;;1;0;2;0;0
20/10/2014;08:14:00;114;Acidente sem Vítima;286;BR-101/ES;Norte;Colisão Traseira;2;0;0;0;0;0;;;;;2;0;0;0;0
20/10/2014;23:24:00;446;Acidente sem Vítima;287;BR-101/ES;Sul;Saída de Pista;1;0;0;0;0;0;;;;;1;0;0;0;0
20/10/2014;06:48:00;88;Acidente com vítima;401;BR-101/ES;Norte;Saída de Pista;0;0;1;0;0;0;;;;;0;0;1;0;0
20/10/2014;06:42:00;87;Acidente sem Vítima;407;BR-101/ES;Sul;Saída de Pista;0;0;2;0;0;0;;;;;1;0;0;0;0
20/10/2014;20:49:00;412;Acidente sem Vítima;452;BR-101/ES;Sul;Colisão Traseira;0;0;1;0;1;0;;;;;21;0;0;0;0
21/10/2014;09:21:00;131;Acidente sem Vítima;65,5;BR-101/ES;Sul;Colisão Traseira;1;0;1;0;0;0;;;;;2;0;0;0;0
21/10/2014;07:12:00;85;Acidente com vítima;67;BR-101/ES;Norte;Queda de Moto;0;0;0;1;0;0;;;;;1;1;0;0;0
21/10/2014;13:12:00;215;Acidente com vítima;164;BR-101/ES;Norte;Saída de Pista;1;0;0;0;0;0;;;;;1;0;0;1;0
21/10/2014;22:16:00;353;Acidente com vítima;171;BR-101/ES;Norte;Colisão Lateral;1;0;2;0;0;0;;;;;2;0;1;0;0
21/10/2014;13:58:00;224;Acidente com vítima;203;BR-101/ES;Norte;Colisão Transversal;1;0;0;1;0;0;;;;;1;2;0;0;0
21/10/2014;17:27:00;277;Acidente com vítima;214;BR-101/ES;Norte;Colisão Transversal;1;0;0;1;0;0;;;;;1;1;0;0;0
21/10/2014;05:45:00;67;Acidente com vítima;243;BR-101/ES;Sul;Colisão Lateral;1;0;2;0;0;0;;;;;2;1;0;0;0
21/10/2014;21:57:00;347;Acidente sem Vítima;269;BR-101/ES;Sul;Colisão Traseira;1;0;1;0;0;0;;;;;3;0;0;0;0
21/10/2014;11:06:00;172;Acidente sem Vítima;271;BR-101/ES;Sul;Colisão Transversal;1;0;1;0;0;0;;;;;4;0;0;0;0
21/10/2014;08:20:00;107;Acidente com vítima;304;BR-101/ES;Sul;Colisão Traseira;0;0;1;1;0;0;;;;;1;1;0;0;0
21/10/2014;17:49:00;284;Acidente sem Vítima;329;BR-101/ES;Norte;Saída de Pista;2;0;1;0;0;0;;;;;3;0;0;0;0
21/10/2014;19:30:00;301;Acidente sem Vítima;346;BR-101/ES;Sul;Abalroamento - Mesmo Sentido;0;0;5;0;0;0;;;;;2;0;0;0;0
21/10/2014;10:54:00;163;Acidente com Morte;360,7;BR-101/ES;Norte;Colisão Frontal;1;0;3;0;0;0;;;;;0;1;1;0;2
21/10/2014;10:56:00;166;Acidente sem Vítima;384,5;BR-101/ES;Norte;Saída de Pista;0;0;1;0;0;0;;;;;1;0;0;0;0
21/10/2014;15:29:00;238;Acidente com vítima;402,5;BR-101/ES;Norte;Colisão Transversal;0;0;2;0;0;0;;;;;1;0;0;1;0
21/10/2014;14:31:00;231;Acidente sem Vítima;430;BR-101/ES;Norte;Saída de Pista;0;0;2;0;0;0;;;;;3;0;0;0;0
21/10/2014;17:35:00;279;Acidente sem Vítima;445;BR-101/ES;Norte;Saída de Pista;0;0;2;0;0;0;;;;;1;0;0;0;0
21/10/2014;23:40:00;361;Acidente sem Vítima;445,5;BR-101/ES;Norte;Colisão Traseira;0;0;4;0;0;0;;;;;2;0;0;0;0
21/10/2014;11:44:00;189;Acidente com vítima;450;BR-101/ES;Sul;Queda de Moto;0;0;0;1;0;0;;;;;0;1;0;0;0
21/10/2014;14:12:00;230;Acidente com vítima;457;BR-101/ES;Norte;Saída de Pista;0;0;1;0;0;0;;;;;0;1;0;0;0
22/10/2014;17:10:00;284;Acidente com vítima;122,5;BR-101/ES;Sul;Colisão Transversal;2;0;0;0;0;0;;;;;2;1;0;0;0
22/10/2014;20:25:00;337;Acidente sem Vítima;143;BR-101/ES;Sul;Saída de Pista;3;0;0;0;0;0;;;;;3;0;0;0;0
22/10/2014;16:57:00;279;Acidente sem Vítima;166;BR-101/ES;Norte;Colisão Traseira;1;0;1;0;0;0;;;;;2;0;0;0;0
22/10/2014;04:15:00;44;Acidente sem Vítima;242,5;BR-101/ES;Sul;Atropelamento - Animal;1;0;0;0;0;0;;;;;1;0;0;0;0
22/10/2014;08:04:00;94;Acidente sem Vítima;255;BR-101/ES;Norte;Colisão Traseira;1;0;1;0;0;0;;;;;5;0;0;0;0
22/10/2014;00:02:00;1;Acidente sem Vítima;266;BR-101/ES;Sul;Colisão Transversal;0;0;2;0;0;0;;;;;2;0;0;0;0
22/10/2014;00:23:00;2;Acidente sem Vítima;267;BR-101/ES;Sul;Colisão Lateral;2;0;0;0;0;0;;;;;5;0;0;0;0
22/10/2014;18:47:00;305;Acidente sem Vítima;288;BR-101/ES;Sul;Colisão Lateral;1;0;2;0;0;0;;;;;2;0;0;0;0
22/10/2014;19:54:00;325;Acidente sem Vítima;399;BR-101/ES;Sul;Choque com Objeto Fixo;1;0;0;0;0;0;;;;;1;0;0;0;0
22/10/2014;20:21:00;335;Acidente sem Vítima;450;BR-101/ES;Norte;Choque;1;0;4;0;0;0;;;;;8;0;0;0;0
23/10/2014;20:03:00;331;Acidente com vítima;66;BR-101/ES;Sul;Colisão Transversal;1;0;0;1;0;0;;;;;1;0;2;0;0
23/10/2014;19:58:00;328;Acidente sem Vítima;84;BR-101/ES;Norte;Colisão Traseira;2;0;0;0;0;0;;;;;3;0;0;0;0
23/10/2014;19:16:00;312;Acidente sem Vítima;107;BR-101/ES;Norte;Colisão Traseira;1;0;0;0;1;0;;;;;27;0;0;0;0
23/10/2014;13:16:00;215;Acidente com Morte;227;BR-101/ES;Norte;Colisão Frontal;2;0;2;0;0;0;;;;;2;0;0;0;1
23/10/2014;16:13:00;252;Acidente sem Vítima;229;BR-101/ES;Norte;Colisão Traseira;2;0;0;0;0;0;;;;;2;0;0;0;0
23/10/2014;17:14:00;269;Acidente sem Vítima;230;BR-101/ES;Norte;Colisão Lateral;1;0;2;0;0;0;;;;;3;0;0;0;0
23/10/2014;08:51:00;108;Acidente sem Vítima;257;BR-101/ES;Sul;Colisão Traseira;1;0;1;0;0;0;;;;;2;0;0;0;0
23/10/2014;14:51:00;229;Acidente com vítima;260;BR-101/ES;Sul;Queda de Moto;0;0;1;1;0;0;;;;;1;1;0;0;0
23/10/2014;23:58:00;388;Acidente sem Vítima;262;BR-101/ES;Norte;Colisão Traseira;2;0;0;0;0;0;;;;;2;0;0;0;0
23/10/2014;20:17:00;336;Acidente sem Vítima;263;BR-101/ES;Sul;Choque com Objeto Fixo;1;0;0;1;0;0;;;;;4;0;0;0;0
23/10/2014;21:54:00;370;Acidente sem Vítima;265;BR-101/ES;Sul;Colisão Lateral;1;0;1;0;0;0;;;;;3;0;0;0;0
23/10/2014;11:57:00;187;Acidente com vítima;281;BR-101/ES;Sul;Queda de Moto;0;0;0;1;0;0;;;;;0;0;1;0;0
24/10/2014;06:17:00;73;Acidente sem Vítima;84,5;BR-101/ES;Sul;Colisão Lateral;0;0;3;1;0;0;;;;;2;0;0;0;0
24/10/2014;19:45:00;351;Acidente com vítima;121;BR-101/ES;Norte;Atropelamento - Animal;1;0;0;0;0;0;;;;;0;0;2;0;0
24/10/2014;18:35:00;332;Acidente com vítima;147;BR-101/ES;Norte;Colisão Lateral;1;0;0;1;0;0;;;;;1;2;0;0;0
24/10/2014;05:30:00;69;Acidente com vítima;219;BR-101/ES;Norte;Queda de Moto;1;0;0;0;0;0;;;;;0;1;0;0;0
24/10/2014;20:02:00;356;Acidente sem Vítima;262;BR-101/ES;Norte;Colisão Traseira;2;0;0;0;0;0;;;;;2;0;0;0;0
24/10/2014;21:42:00;382;Atropelamento sem Morte;262;BR-101/ES;Norte;Atropelamento;1;0;0;0;0;0;;;;;1;0;1;0;0
24/10/2014;16:36:00;302;Acidente sem Vítima;288;BR-101/ES;Norte;Colisão Traseira;1;0;1;0;0;0;;;;;2;0;0;0;0
24/10/2014;19:45:00;352;Acidente com vítima;294;BR-101/ES;Norte;Colisão Lateral;0;0;0;2;0;0;;;;;1;1;0;0;0
24/10/2014;12:37:00;222;Acidente sem Vítima;344;BR-101/ES;Sul;Colisão Traseira;0;0;3;0;0;0;;;;;5;0;0;0;0
24/10/2014;02:38:00;28;Acidente com vítima;460;BR-101/ES;Norte;Saída de Pista;0;0;2;0;0;0;;;;;0;0;1;0;0
25/10/2014;15:37:00;268;Acidente sem Vítima;134;BR-101/ES;Sul;Capotamento;1;0;0;0;0;0;;;;;1;0;0;0;0
25/10/2014;22:38:00;377;Acidente com vítima;146;BR-101/ES;Norte;Colisão Traseira;1;0;0;0;1;0;;;;;1;2;0;0;0
25/10/2014;05:13:00;52;Acidente com vítima;164;BR-101/ES;Norte;Colisão Frontal;1;0;4;0;0;0;;;;;1;1;0;0;0
25/10/2014;15:13:00;259;Acidente sem Vítima;256;BR-101/ES;Norte;Colisão Lateral;1;0;0;0;1;0;;;;;3;0;0;0;0
25/10/2014;22:19:00;376;Acidente com vítima;264,5;BR-101/ES;Norte;Colisão Traseira;2;0;0;0;0;0;;;;;2;1;0;0;0
25/10/2014;09:38:00;132;Acidente sem Vítima;266;BR-101/ES;Sul;Colisão Traseira;1;0;1;0;0;0;;;;;2;0;0;0;0
25/10/2014;10:58:00;174;Acidente com vítima;268;BR-101/ES;Norte;Queda de Moto;1;0;0;1;0;0;;;;;1;0;1;0;0
25/10/2014;19:09:00;321;Acidente sem Vítima;276;BR-101/ES;Sul;Capotamento;1;0;0;0;0;0;;;;;1;0;0;0;0
25/10/2014;04:29:00;48;Acidente sem Vítima;403;BR-101/ES;Norte;Colisão Lateral;1;0;0;0;1;0;;;;;3;0;0;0;0
26/10/2014;13:55:00;224;Acidente com vítima;17,5;BR-101/ES;Sul;Colisão Lateral;1;0;0;1;0;0;;;;;2;1;0;0;0
26/10/2014;03:58:00;42;Acidente sem Vítima;26;BR-101/ES;Sul;Saída de Pista;1;0;0;0;0;0;;;;;1;0;0;0;0
26/10/2014;20:15:00;334;Acidente com vítima;96;BR-101/ES;Sul;Choque com Objeto Fixo;0;0;0;1;0;0;;;;;1;1;0;0;0
26/10/2014;23:29:00;379;Acidente com vítima;126;BR-101/ES;Sul;Colisão Traseira;1;0;1;0;0;0;;;;;3;1;0;0;0
26/10/2014;22:12:00;363;Acidente com vítima;146;BR-101/ES;Norte;Colisão Traseira;3;0;0;0;0;0;;;;;6;2;0;0;0
26/10/2014;17:29:00;278;Acidente sem Vítima;149;BR-101/ES;Sul;Colisão Transversal;1;0;0;1;0;0;;;;;3;0;0;0;0
26/10/2014;18:24:00;289;Acidente sem Vítima;163;BR-101/ES;Norte;Saída de Pista;1;0;0;0;0;0;;;;;1;0;0;0;0
26/10/2014;19:41:00;319;Acidente com vítima;171;BR-101/ES;Norte;Queda de Moto;0;0;0;1;0;0;;;;;0;1;0;0;0
26/10/2014;13:30:00;216;Acidente sem Vítima;212;BR-101/ES;Norte;Colisão Traseira;2;0;0;0;0;0;;;;;3;0;0;0;0
26/10/2014;21:26:00;355;Acidente com vítima;213;BR-101/ES;Sul;Colisão Traseira;0;0;1;1;0;0;;;;;1;1;0;0;0
26/10/2014;10:01:00;115;Acidente sem Vítima;244;BR-101/ES;Sul;Colisão Transversal;2;0;0;0;0;0;;;;;2;0;0;0;0
26/10/2014;14:45:00;233;Acidente sem Vítima;244;BR-101/ES;Sul;Colisão Traseira;2;0;0;0;0;0;;;;;2;0;0;0;0
26/10/2014;15:08:00;237;Acidente sem Vítima;245;BR-101/ES;Sul;Saída de Pista;1;0;0;0;0;0;;;;;1;0;0;0;0
26/10/2014;17:00:00;269;Acidente sem Vítima;253;BR-101/ES;Sul;Colisão Traseira;2;0;0;0;0;0;;;;;4;0;0;0;0
26/10/2014;19:18:00;309;Acidente sem Vítima;258;BR-101/ES;Sul;Saída de Pista;2;0;0;0;0;0;;;;;2;0;0;0;0
26/10/2014;09:39:00;111;Acidente sem Vítima;270;BR-101/ES;Sul;Colisão Lateral;2;0;1;0;0;0;;;;;3;0;0;0;0
26/10/2014;15:00:00;235;Acidente sem Vítima;280;BR-101/ES;Sul;Colisão Lateral;2;0;0;0;0;0;;;;;2;0;0;0;0
26/10/2014;19:33:00;315;Acidente sem Vítima;281;BR-101/ES;Norte;Choque com Objeto Fixo;1;0;0;0;0;0;;;;;1;0;0;0;0
26/10/2014;20:16:00;335;Acidente sem Vítima;281;BR-101/ES;Sul;Choque com Objeto Fixo;1;0;0;0;0;0;;;;;1;0;0;0;0
26/10/2014;10:14:00;122;Acidente com vítima;282;BR-101/ES;Sul;Queda de Moto;1;0;0;0;0;0;;;;;1;1;0;0;0
26/10/2014;15:37:00;245;Acidente sem Vítima;282;BR-101/ES;Sul;Colisão Traseira;4;0;0;0;0;0;;;;;4;0;0;0;0
26/10/2014;16:35:00;263;Acidente sem Vítima;283;BR-101/ES;Sul;Choque com Objeto Fixo;0;0;2;0;0;0;;;;;1;0;0;0;0
26/10/2014;15:51:00;249;Acidente com vítima;288;BR-101/ES;Norte;Colisão Traseira;2;0;0;0;0;0;;;;;0;3;0;0;0
26/10/2014;11:10:00;146;Acidente sem Vítima;288,5;BR-101/ES;Sul;Colisão Transversal;1;0;1;0;0;0;;;;;2;0;0;0;0
26/10/2014;17:47:00;282;Acidente com vítima;308;BR-101/ES;Norte;Colisão Lateral;2;0;0;1;0;0;;;;;1;0;2;1;0
26/10/2014;13:55:00;225;Acidente sem Vítima;331;BR-101/ES;Norte;Colisão Transversal;1;0;0;1;0;0;;;;;2;0;0;0;0
26/10/2014;03:27:00;37;Acidente com vítima;381;BR-101/ES;Norte;Saída de Pista;1;0;0;0;0;0;;;;;0;2;1;0;0
26/10/2014;13:51:00;223;Acidente com vítima;426;BR-101/ES;Norte;Saída de Pista;0;0;0;1;0;0;;;;;0;0;2;0;0
26/10/2014;10:31:00;132;Acidente sem Vítima;434;BR-101/ES;Sul;Choque com Objeto Fixo;1;0;0;0;0;0;;;;;2;0;0;0;0
26/10/2014;17:27:00;277;Acidente com vítima;449;BR-101/ES;Sul;Tombamento;0;0;1;0;0;0;;;;;0;2;0;0;0
26/10/2014;14:59:00;234;Acidente com vítima;450;BR-101/ES;Norte;Saída de Pista;1;0;0;0;0;0;;;;;1;2;0;0;0
27/10/2014;16:20:00;245;Acidente sem Vítima;147;BR-101/ES;Norte;Colisão Traseira;2;0;0;0;0;0;;;;;8;0;0;0;0
27/10/2014;05:41:00;52;Acidente sem Vítima;166;BR-101/ES;Sul;Queda de Moto;0;0;0;1;0;0;;;;;1;0;0;0;0
27/10/2014;11:13:00;144;Acidente sem Vítima;233;BR-101/ES;Norte;Saída de Pista;1;0;0;0;0;0;;;;;1;0;0;0;0
27/10/2014;14:16:00;207;Acidente sem Vítima;244;BR-101/ES;Norte;Capotamento;1;0;1;0;0;0;;;;;2;0;0;0;0
27/10/2014;12:48:00;178;Acidente sem Vítima;246;BR-101/ES;Norte;Colisão Lateral;1;0;1;0;0;0;;;;;3;0;0;0;0
27/10/2014;14:30:00;212;Acidente com vítima;259;BR-101/ES;Sul;Colisão Traseira;1;0;2;0;0;0;;;;;3;1;0;0;0
27/10/2014;06:12:00;56;Acidente com vítima;264;BR-101/ES;Sul;Colisão Traseira;1;0;0;0;1;0;;;;;2;1;0;0;0
27/10/2014;11:52:00;161;Acidente sem Vítima;267;BR-101/ES;Norte;Colisão Lateral;1;0;1;0;0;0;;;;;2;0;0;0;0
27/10/2014;12:05:00;165;Acidente sem Vítima;267;BR-101/ES;Sul;Colisão Traseira;2;0;0;0;0;0;;;;;4;0;0;0;0
27/10/2014;06:08:00;55;Acidente sem Vítima;268,5;BR-101/ES;Norte;Colisão Lateral;1;0;1;0;0;0;;;;;2;0;0;0;0
27/10/2014;19:06:00;301;Acidente sem Vítima;271;BR-101/ES;Norte;Choque com Objeto Fixo;1;0;0;0;0;0;;;;;1;0;0;0;0
27/10/2014;19:16:00;307;Acidente sem Vítima;274;BR-101/ES;Sul;Saída de Pista;2;0;0;0;0;0;;;;;1;0;0;0;0
27/10/2014;18:02:00;279;Acidente sem Vítima;288;BR-101/ES;Norte;Saída de Pista;1;0;0;0;0;0;;;;;1;0;0;0;0
27/10/2014;23:31:00;372;Acidente com vítima;291;BR-101/ES;Norte;Choque com Objeto Fixo;0;0;1;0;0;0;;;;;0;0;1;0;0
27/10/2014;14:37:00;213;Acidente com vítima;296;BR-101/ES;Norte;Colisão Traseira;1;0;0;1;0;0;;;;;1;0;1;0;0
27/10/2014;08:19:00;88;Acidente com vítima;298;BR-101/ES;Norte;Engavetamento;1;0;1;0;1;0;;;;;2;1;0;0;0
27/10/2014;08:42:00;97;Acidente com vítima;298;BR-101/ES;Norte;Engavetamento;3;0;1;1;0;0;;;;;5;1;0;0;0
27/10/2014;16:31:00;248;Acidente com vítima;298;BR-101/ES;Sul;Colisão Lateral;2;0;0;0;0;0;;;;;1;1;0;0;0
27/10/2014;20:45:00;340;Acidente sem Vítima;299;BR-101/ES;Norte;Colisão Traseira;0;0;1;1;0;0;;;;;2;0;0;0;0
27/10/2014;11:00:00;138;Acidente com vítima;302,5;BR-101/ES;Norte;Colisão Traseira;1;0;2;0;0;0;;;;;1;1;0;0;0
27/10/2014;05:55:00;53;Acidente sem Vítima;351;BR-101/ES;Sul;Saída de Pista;0;0;3;0;0;0;;;;;1;0;0;0;0
27/10/2014;10:41:00;128;Acidente sem Vítima;408;BR-101/ES;Sul;Tombamento;0;0;2;0;0;0;;;;;1;0;0;0;0
27/10/2014;17:59:00;274;Acidente sem Vítima;450;BR-101/ES;Sul;Queda de Moto;0;0;1;1;0;0;;;;;2;0;0;0;0
28/10/2014;07:09:00;64;Acidente com vítima;32;BR-101/ES;Norte;Colisão Transversal;1;0;0;1;0;0;;;;;1;0;1;0;0
28/10/2014;09:23:00;94;Acidente com vítima;64;BR-101/ES;Norte;Colisão Transversal;2;0;0;0;0;0;;;;;1;2;0;0;0
28/10/2014;14:07:00;213;Acidente com vítima;211;BR-101/ES;Norte;Colisão Lateral;1;0;2;0;0;0;;;;;4;1;0;0;0
28/10/2014;09:25:00;96;Acidente sem Vítima;242;BR-101/ES;Sul;Colisão Traseira;1;0;1;0;0;0;;;;;3;0;0;0;0
28/10/2014;06:50:00;61;Acidente com vítima;243;BR-101/ES;Sul;Saída de Pista;1;0;0;0;0;0;;;;;1;1;0;0;0
28/10/2014;09:33:00;99;Acidente sem Vítima;257;BR-101/ES;Sul;Colisão Traseira;2;0;0;0;0;0;;;;;2;0;0;0;0
28/10/2014;11:33:00;140;Acidente sem Vítima;269;BR-101/ES;Norte;Colisão Lateral;2;0;0;0;0;0;;;;;2;0;0;0;0
28/10/2014;13:31:00;197;Acidente sem Vítima;274;BR-101/ES;Norte;Engavetamento;2;0;5;0;0;0;;;;;5;0;0;0;0
28/10/2014;20:40:00;324;Acidente sem Vítima;283;BR-101/ES;Sul;Saída de Pista;1;0;0;0;0;0;;;;;1;0;0;0;0
28/10/2014;08:21:00;82;Acidente sem Vítima;291,3;BR-101/ES;Norte;Colisão Transversal;2;0;1;0;0;0;;;;;3;0;0;0;0
28/10/2014;20:19:00;315;Acidente sem Vítima;292,5;BR-101/ES;Sul;Saída de Pista;1;0;0;0;0;0;;;;;1;0;0;0;0
28/10/2014;12:35:00;171;Acidente com Morte;360,9;BR-101/ES;Norte;Choque;0;0;5;0;0;0;;;;;2;0;0;0;1
28/10/2014;17:36:00;261;Acidente sem Vítima;377;BR-101/ES;Norte;Colisão Transversal;2;0;0;0;0;0;;;;;2;0;0;0;0
29/10/2014;05:42:00;51;Acidente com vítima;32,5;BR-101/ES;Sul;Colisão Transversal;0;0;0;1;1;0;;;;;1;0;1;0;0
29/10/2014;09:53:00;127;Acidente com vítima;80;BR-101/ES;Norte;Saída de Pista;1;0;0;0;0;0;;;;;0;1;0;0;0
29/10/2014;11:41:00;172;Acidente com Morte;137;BR-101/ES;Norte;Saída de Pista;1;0;0;0;0;0;;;;;0;2;2;0;1
29/10/2014;11:39:00;170;Acidente sem Vítima;144;BR-101/ES;Norte;Colisão Traseira;0;0;4;0;0;0;;;;;2;0;0;0;0
29/10/2014;09:04:00;109;Acidente sem Vítima;147,3;BR-101/ES;Norte;Colisão Traseira;1;0;1;0;0;0;;;;;3;0;0;0;0
29/10/2014;03:46:00;34;Acidente sem Vítima;157;BR-101/ES;Norte;Atropelamento - Bovino;1;0;0;0;0;0;;;;;3;0;0;0;0
29/10/2014;18:31:00;310;Acidente sem Vítima;173;BR-101/ES;Norte;Colisão Transversal;1;0;4;0;0;0;;;;;4;0;0;0;0
29/10/2014;05:33:00;50;Acidente sem Vítima;206;BR-101/ES;Sul;Saída de Pista;0;0;1;0;0;0;;;;;1;0;0;0;0
29/10/2014;12:07:00;183;Acidente sem Vítima;228;BR-101/ES;Sul;Colisão Traseira;0;0;1;0;0;0;;;;;1;0;0;0;0
29/10/2014;18:44:00;314;Acidente com vítima;260;BR-101/ES;Sul;Queda de Moto;0;0;0;1;0;0;;;;;0;1;0;0;0
29/10/2014;16:14:00;259;Acidente sem Vítima;265;BR-101/ES;Sul;Colisão Traseira;2;0;0;0;0;0;;;;;4;0;0;0;0
29/10/2014;18:45:00;315;Acidente com vítima;265;BR-101/ES;Norte;Colisão Traseira;2;0;0;0;0;0;;;;;3;1;0;0;0
29/10/2014;11:41:00;171;Acidente sem Vítima;266;BR-101/ES;Norte;Tombamento;0;0;2;0;0;0;;;;;1;0;0;0;0
29/10/2014;10:14:00;135;Acidente sem Vítima;267;BR-101/ES;Sul;Colisão Traseira;1;0;1;0;0;0;;;;;3;0;0;0;0