data;horario;n_da_ocorrencia;tipo_de_ocorrencia;km;trecho;sentido;tipo_de_acidente;automovel;bicicleta;caminhao;moto;onibus;outros;tracao_animal;transporte_de_cargas_especiais;trator_maquinas;utilitarios;ilesos;levemente_feridos;moderadamente_feridos;gravemente_feridos;mortos
29/10/2014;19:53:00;335;Acidente sem Vítima;270;BR-101/ES;Sul;Colisão Traseira;2;0;0;0;0;0;;;;;4;0;0;0;0
29/10/2014;07:14:00;69;Acidente com vítima;270,9;BR-101/ES;Norte;Saída de Pista;1;0;0;0;0;0;;;;;0;1;0;0;0
29/10/2014;07:15:00;72;Acidente sem Vítima;296;BR-101/ES;Sul;Colisão Lateral;1;0;1;0;0;0;;;;;2;0;0;0;0
29/10/2014;22:13:00;385;Acidente com vítima;298;BR-101/ES;Sul;Colisão Lateral;0;0;1;1;0;0;;;;;1;1;0;0;0
29/10/2014;16:31:00;265;Acidente com vítima;457;BR-101/ES;Norte;Colisão Transversal;1;0;1;0;0;0;;;;;1;1;0;0;0
30/10/2014;02:27:00;29;Acidente com vítima;23;BR-101/ES;Sul;Colisão Frontal;1;0;3;0;0;0;;;;;1;0;1;0;0
30/10/2014;08:57:00;92;Acidente com vítima;64;BR-101/ES;Norte;Saída de Pista;1;0;0;0;0;0;;;;;1;1;0;0;0
30/10/2014;00:15:00;5;Acidente com vítima;147;BR-101/ES;Norte;Queda de Moto;0;0;1;1;0;0;;;;;0;1;0;0;0
30/10/2014;16:47:00;241;Acidente com vítima;199,4;BR-101/ES;Norte;Saída de Pista;1;0;0;0;0;0;;;;;0;1;0;0;0
30/10/2014;23:25:00;339;Acidente sem Vítima;218;BR-101/ES;Sul;Saída de Pista;0;0;1;0;0;0;;;;;1;0;0;0;0
30/10/2014;17:17:00;252;Acidente com Morte;253;BR-101/ES;Norte;Colisão Lateral;1;0;1;0;0;0;;;;;1;1;0;0;2
30/10/2014;07:08:00;60;Acidente sem Vítima;264;BR-101/ES;Sul;Engavetamento;3;0;0;0;0;0;;;;;3;0;0;0;0
30/10/2014;08:04:00;74;Acidente sem Vítima;265;BR-101/ES;Sul;Colisão Lateral;1;0;0;1;0;0;;;;;2;0;0;0;0
30/10/2014;05:32:00;49;Acidente sem Vítima;266;BR-101/ES;Sul;Queda de Moto;0;0;0;1;0;0;;;;;1;0;0;0;0
30/10/2014;16:22:00;234;Acidente com vítima;266;BR-101/ES;Norte;Colisão Lateral;0;0;0;1;0;0;;;;;0;1;0;0;0
30/10/2014;16:53:00;242;Acidente sem Vítima;274;BR-101/ES;Norte;Saída de Pista;1;0;0;0;0;0;;;;;1;0;0;0;0
31/10/2014;16:02:00;239;Acidente com vítima;126;BR-101/ES;Norte;Queda de Moto;0;0;0;1;0;0;;;;;1;1;0;0;0
31/10/2014;11:15:00;151;Acidente com vítima;144;BR-101/ES;Norte;Colisão Lateral;1;0;0;1;0;0;;;;;1;1;0;0;0
31/10/2014;09:28:00;109;Acidente com vítima;152;BR-101/ES;Norte;Saída de Pista;1;0;0;0;0;0;;;;;0;1;0;0;0
31/10/2014;14:27:00;217;Acidente sem Vítima;166;BR-101/ES;Norte;Colisão Traseira;2;0;0;0;0;0;;;;;2;0;0;0;0
31/10/2014;23:44:00;371;Acidente sem Vítima;214;BR-101/ES;Sul;Choque com Objeto Fixo;1;0;1;0;0;0;;;;;1;0;0;0;0
31/10/2014;20:16:00;328;Acidente sem Vítima;268;BR-101/ES;Norte;Colisão Traseira;2;0;0;0;0;0;;;;;5;0;0;0;0
31/10/2014;21:33:00;348;Acidente sem Vítima;268;BR-101/ES;Sul;Colisão Lateral;2;0;0;0;0;0;;;;;2;0;0;0;0
31/10/2014;15:51:00;236;Acidente sem Vítima;271;BR-101/ES;Sul;Colisão Traseira;2;0;0;0;0;0;;;;;2;0;0;0;0
31/10/2014;19:06:00;301;Acidente sem Vítima;282;BR-101/ES;Sul;Colisão Lateral;2;0;0;0;0;0;;;;;2;0;0;0;0
31/10/2014;08:28:00;94;Acidente sem Vítima;291;BR-101/ES;Sul;Engavetamento;2;0;2;0;0;0;;;;;3;0;0;0;0
31/10/2014;08:17:00;87;Acidente sem Vítima;303;BR-101/ES;Sul;Colisão Traseira;0;0;2;0;0;0;;;;;3;0;0;0;0
31/10/2014;12:26:00;184;Acidente com vítima;306;BR-101/ES;Norte;Colisão Lateral;2;0;0;0;0;0;;;;;0;4;0;0;0
31/10/2014;22:23:00;358;Acidente com vítima;368;BR-101/ES;Sul;Saída de Pista;1;0;0;0;0;0;;;;;0;1;0;0;0
31/10/2014;12:03:00;171;Acidente sem Vítima;399;BR-101/ES;Norte;Abalroamento - Mesmo Sentido;0;0;5;0;0;0;;;;;2;0;0;0;0
31/10/2014;17:56:00;273;Acidente sem Vítima;457;BR-101/ES;Norte;Choque com Objeto Fixo;2;0;0;0;0;0;;;;;2;0;0;0;0
01/11/2014;00:17:00;2;Acidente sem Vítima;175;BR-101/ES;Sul;Saída de Pista;1;0;0;0;0;0;;;;;1;0;0;0;0
01/11/2014;16:13:00;239;Acidente sem Vítima;218;BR-101/ES;Norte;Choque com Objeto Fixo;1;0;0;0;0;0;;;;;3;0;0;0;0
01/11/2014;14:44:00;226;Acidente com vítima;240;BR-101/ES;Norte;Colisão Lateral;1;0;0;1;0;0;;;;;2;0;2;0;0
01/11/2014;19:44:00;303;Acidente com vítima;262;BR-101/ES;Norte;Colisão Frontal;1;0;0;1;0;0;;;;;1;1;0;0;0
01/11/2014;09:51:00;119;Acidente sem Vítima;264;BR-101/ES;Norte;Colisão Lateral;2;0;0;0;0;0;;;;;2;0;0;0;0
01/11/2014;00:24:00;4;Acidente com vítima;265;BR-101/ES;Sul;Saída de Pista;1;0;1;0;0;0;;;;;2;1;1;0;0
01/11/2014;16:23:00;244;Acidente com vítima;266;BR-101/ES;Norte;Choque com Objeto Fixo;0;0;0;1;0;0;;;;;0;1;0;0;0
01/11/2014;17:19:00;262;Acidente sem Vítima;288;BR-101/ES;Norte;Colisão Traseira;2;0;0;0;0;0;;;;;6;0;0;0;0
01/11/2014;17:38:00;269;Acidente sem Vítima;297;BR-101/ES;Norte;Colisão Traseira;2;0;0;0;0;0;;;;;4;0;0;0;0
01/11/2014;10:45:00;135;Acidente com vítima;326;BR-101/ES;Sul;Colisão Transversal;1;0;2;0;0;0;;;;;1;1;1;0;0
02/11/2014;10:39:00;116;Acidente sem Vítima;23;BR-101/ES;Norte;Saída de Pista;1;0;0;1;0;0;;;;;3;0;0;0;0
02/11/2014;12:05:00;147;Acidente com vítima;36;BR-101/ES;Norte;Saída de Pista;1;0;0;0;0;0;;;;;0;1;0;0;0
02/11/2014;16:32:00;212;Acidente sem Vítima;38;BR-101/ES;Norte;Choque com Objeto Fixo;0;0;1;0;0;0;;;;;2;0;0;0;0
02/11/2014;18:58:00;247;Acidente sem Vítima;123;BR-101/ES;Norte;Colisão Lateral;2;0;0;0;0;0;;;;;2;0;0;0;0
02/11/2014;17:29:00;220;Acidente sem Vítima;260;BR-101/ES;Norte;Capotamento;1;0;0;0;0;0;;;;;1;0;0;0;0
02/11/2014;16:17:00;210;Acidente sem Vítima;266;BR-101/ES;Sul;Colisão Traseira;2;0;0;0;0;0;;;;;5;0;0;0;0
02/11/2014;18:34:00;240;Acidente sem Vítima;280;BR-101/ES;Norte;Capotamento;1;0;0;0;0;0;;;;;1;0;0;0;0
02/11/2014;16:32:00;211;Acidente sem Vítima;293;BR-101/ES;Sul;Colisão Lateral;2;0;0;0;0;0;;;;;4;0;0;0;0
02/11/2014;05:42:00;46;Acidente com vítima;299;BR-101/ES;Sul;Colisão Traseira;1;0;2;0;0;0;;;;;2;1;1;0;0
02/11/2014;06:07:00;48;Acidente com Morte;424;BR-101/ES;Norte;Colisão Frontal;1;0;1;0;0;0;;;;;1;0;0;0;2
03/11/2014;21:19:00;381;Acidente com vítima;12;BR-101/ES;Sul;Colisão Lateral;0;0;2;1;0;0;;;;;1;0;1;0;0
03/11/2014;08:55:00;102;Acidente sem Vítima;23;BR-101/ES;Sul;Engavetamento;1;0;4;0;0;0;;;;;7;0;0;0;0
03/11/2014;19:32:00;337;Acidente com vítima;65,5;BR-101/ES;Sul;Colisão Lateral;1;0;0;1;0;0;;;;;2;1;0;0;0
03/11/2014;14:23:00;227;Acidente sem Vítima;140;BR-101/ES;Sul;Colisão Traseira;1;0;0;1;0;0;;;;;2;0;0;0;0
03/11/2014;15:00:00;236;Acidente com vítima;150;BR-101/ES;Norte;Colisão Traseira;1;0;0;1;0;0;;;;;1;1;0;0;0
03/11/2014;14:37:00;232;Acidente com vítima;197,5;BR-101/ES;Sul;Queda de Moto;0;0;0;1;0;0;;;;;0;0;2;0;0
03/11/2014;06:57:00;53;Acidente sem Vítima;255;BR-101/ES;Norte;Engavetamento;2;0;1;0;0;0;;;;;6;0;0;0;0
03/11/2014;19:54:00;344;Acidente com vítima;262;BR-101/ES;Norte;Atropelamento e Fuga;1;0;0;0;0;0;;;;;1;1;0;0;0
03/11/2014;20:00:00;349;Acidente com vítima;264;BR-101/ES;Norte;Choque com Objeto Fixo;0;1;0;0;0;0;;;;;0;1;0;0;0
03/11/2014;21:13:00;380;Acidente sem Vítima;264;BR-101/ES;Norte;Colisão Traseira;0;0;2;0;0;0;;;;;2;0;0;0;0
03/11/2014;15:49:00;251;Acidente sem Vítima;264,5;BR-101/ES;Sul;Colisão Frontal;2;0;0;0;0;0;;;;;2;0;0;0;0
03/11/2014;03:51:00;34;Acidente sem Vítima;269;BR-101/ES;Sul;Colisão Traseira;0;0;2;0;0;0;;;;;2;0;0;0;0
03/11/2014;08:35:00;96;Acidente com vítima;270;BR-101/ES;Norte;Colisão Lateral;1;0;2;0;0;0;;;;;1;1;0;0;0
03/11/2014;20:48:00;371;Acidente com vítima;270;BR-101/ES;Norte;Colisão Lateral;2;0;0;0;0;0;;;;;1;1;0;0;0
03/11/2014;00:35:00;4;Acidente com vítima;291;BR-101/ES;Sul;Queda de Moto;0;0;0;1;0;0;;;;;0;1;0;0;0
03/11/2014;06:19:00;51;Acidente com vítima;374;BR-101/ES;Sul;Colisão Lateral;0;0;1;2;0;0;;;;;2;0;1;0;0
03/11/2014;07:11:00;57;Acidente com vítima;376;BR-101/ES;Norte;Colisão Transversal;1;0;3;0;0;0;;;;;1;1;0;0;0
04/11/2014;08:05:00;98;Acidente com vítima;146;BR-101/ES;Norte;Colisão Lateral;1;0;0;1;0;0;;;;;1;1;0;0;0
04/11/2014;06:57:00;71;Atropelamento sem Morte;269;BR-101/ES;Sul;Atropelamento;0;0;0;1;0;0;;;;;2;0;1;0;0
04/11/2014;12:12:00;183;Acidente com vítima;270;BR-101/ES;Sul;Colisão Traseira;0;0;0;2;0;0;;;;;1;1;0;0;0
04/11/2014;08:50:00;107;Acidente sem Vítima;281;BR-101/ES;Sul;Choque com Objeto Fixo;1;0;0;0;0;0;;;;;1;0;0;0;0
04/11/2014;12:50:00;199;Acidente com vítima;289;BR-101/ES;Sul;Colisão Lateral;0;0;0;2;0;0;;;;;0;3;0;0;0
04/11/2014;16:36:00;267;Acidente sem Vítima;297,8;BR-101/ES;Sul;Colisão Traseira;2;0;0;0;0;0;;;;;2;0;0;0;0
04/11/2014;23:26:00;407;Acidente sem Vítima;298,5;BR-101/ES;Sul;Veículo em Chamas;1;0;0;0;0;0;;;;;1;0;0;0;0
04/11/2014;13:02:00;202;Acidente com vítima;335;BR-101/ES;Sul;Saída de Pista;1;0;0;0;0;0;;;;;0;0;1;0;0
04/11/2014;07:49:00;90;Acidente com vítima;367;BR-101/ES;Norte;Capotamento;1;0;0;0;0;0;;;;;0;0;0;2;0
05/11/2014;18:43:00;324;Acidente sem Vítima;19;BR-101/ES;Norte;Saída de Pista;1;0;1;0;0;0;;;;;2;0;0;0;0
05/11/2014;17:21:00;297;Acidente sem Vítima;66;BR-101/ES;Sul;Colisão Traseira;1;0;0;0;1;0;;;;;3;0;0;0;0
05/11/2014;11:04:00;152;Acidente sem Vítima;144;BR-101/ES;Sul;Colisão Transversal;1;0;1;0;0;0;;;;;2;0;0;0;0
05/11/2014;14:17:00;242;Acidente sem Vítima;222;BR-101/ES;Sul;Engavetamento;3;0;0;0;0;0;;;;;7;0;0;0;0
05/11/2014;06:50:00;53;Acidente sem Vítima;261;BR-101/ES;Sul;Colisão Traseira;2;0;0;0;0;0;;;;;2;0;0;0;0
05/11/2014;17:32:00;301;Acidente sem Vítima;264;BR-101/ES;Norte;Colisão Lateral;1;0;1;0;0;0;;;;;2;0;0;0;0
05/11/2014;12:46:00;206;Acidente com vítima;267;BR-101/ES;Sul;Colisão Transversal;0;0;0;2;0;0;;;;;0;2;0;0;0
05/11/2014;20:42:00;353;Acidente com vítima;267;BR-101/ES;Sul;Colisão;0;1;0;1;0;0;;;;;1;1;0;0;0
05/11/2014;12:49:00;209;Acidente sem Vítima;269;BR-101/ES;Norte;Colisão Lateral;1;0;2;0;0;0;;;;;2;0;0;0;0
05/11/2014;18:14:00;319;Acidente sem Vítima;270;BR-101/ES;Norte;Colisão Lateral;1;0;1;0;0;0;;;;;2;0;0;0;0
05/11/2014;10:36:00;138;Acidente sem Vítima;298;BR-101/ES;Sul;Colisão Traseira;1;0;2;0;0;0;;;;;2;0;0;0;0
05/11/2014;10:13:00;132;Acidente sem Vítima;300;BR-101/ES;Norte;Colisão Traseira;2;0;0;0;0;0;;;;;2;0;0;0;0
05/11/2014;19:03:00;329;Acidente com Morte;300;BR-101/ES;Sul;Colisão Traseira;1;0;2;0;0;0;;;;;1;0;0;1;2
05/11/2014;18:01:00;314;Acidente sem Vítima;304;BR-101/ES;Sul;Colisão Traseira;0;0;2;0;0;0;;;;;3;0;0;0;0
06/11/2014;08:04:00;85;Acidente sem Vítima;65;BR-101/ES;Norte;Choque com Objeto Fixo;1;0;0;0;0;0;;;;;1;0;0;0;0
06/11/2014;08:56:00;98;Acidente sem Vítima;65;BR-101/ES;Norte;Colisão Traseira;2;0;0;0;0;0;;;;;2;0;0;0;0
06/11/2014;21:10:00;370;Atropelamento sem Morte;66;BR-101/ES;Norte;Atropelamento;0;0;1;0;0;0;;;;;1;1;0;0;0
06/11/2014;09:22:00;107;Acidente sem Vítima;67;BR-101/ES;Norte;Colisão Traseira;2;0;0;0;0;0;;;;;2;0;0;0;0
06/11/2014;05:34:00;53;Acidente sem Vítima;125;BR-101/ES;Norte;Colisão Traseira;1;0;1;0;0;0;;;;;4;0;0;0;0
06/11/2014;08:13:00;89;Acidente com vítima;144;BR-101/ES;Norte;Colisão Transversal;1;0;0;1;0;0;;;;;1;1;0;0;0
06/11/2014;17:17:00;300;Acidente sem Vítima;147;BR-101/ES;Norte;Colisão Traseira;2;0;0;0;0;0;;;;;6;0;0;0;0
06/11/2014;18:59:00;331;Acidente sem Vítima;147;BR-101/ES;Sul;Colisão Traseira;1;0;1;0;0;0;;;;;2;0;0;0;0
06/11/2014;16:01:00;269;Acidente sem Vítima;233;BR-101/ES;Norte;Colisão Lateral;2;0;3;0;0;0;;;;;3;0;0;0;0
06/11/2014;00:16:00;4;Acidente com vítima;266;BR-101/ES;Sul;Colisão Traseira;0;0;1;1;0;0;;;;;0;1;0;1;0
06/11/2014;11:00:00;156;Acidente sem Vítima;270;BR-101/ES;Norte;Colisão Lateral;1;0;3;0;0;0;;;;;2;0;0;0;0
06/11/2014;11:24:00;167;Acidente sem Vítima;270;BR-101/ES;Sul;Colisão Lateral;1;0;0;0;1;0;;;;;3;0;0;0;0
06/11/2014;14:33:00;241;Acidente sem Vítima;270;BR-101/ES;Sul;Engavetamento;3;0;0;0;0;0;;;;;3;0;0;0;0
06/11/2014;13:56:00;231;Acidente sem Vítima;285;BR-101/ES;Norte;Colisão Traseira;1;0;1;0;0;0;;;;;2;0;0;0;0
06/11/2014;20:46:00;366;Atropelamento sem Morte;298;BR-101/ES;Sul;Atropelamento;0;0;0;1;0;0;;;;;1;0;2;0;0
06/11/2014;23:55:00;409;Acidente sem Vítima;302;BR-101/ES;Sul;Colisão Lateral;1;0;1;0;0;0;;;;;3;0;0;0;0
06/11/2014;07:21:00;63;Acidente com vítima;309;BR-101/ES;Norte;Queda de Moto;0;0;0;1;0;0;;;;;0;0;1;0;0
06/11/2014;05:51:00;55;Acidente com vítima;318;BR-101/ES;Norte;Saída de Pista;0;0;1;0;0;0;;;;;0;1;0;0;0
07/11/2014;12:04:00;159;Acidente com vítima;127;BR-101/ES;Sul;Colisão Transversal;1;0;0;1;0;0;;;;;1;0;1;0;0
07/11/2014;17:08:00;242;Acidente sem Vítima;127;BR-101/ES;Sul;Engavetamento;3;0;1;0;0;0;;;;;6;0;0;0;0
07/11/2014;14:03:00;200;Acidente sem Vítima;131;BR-101/ES;Norte;Choque com Objeto Fixo;0;0;1;0;0;0;;;;;2;0;0;0;0
07/11/2014;01:28:00;12;Acidente com vítima;190;BR-101/ES;Sul;Saída de Pista;1;0;0;0;0;0;;;;;4;1;0;0;0
07/11/2014;18:01:00;257;Acidente sem Vítima;213;BR-101/ES;Norte;Colisão Traseira;2;0;0;0;0;0;;;;;2;0;0;0;0
07/11/2014;22:31:00;321;Acidente com vítima;213;BR-101/ES;Sul;Queda de Moto;0;0;0;1;0;0;;;;;0;2;0;0;0
07/11/2014;11:16:00;139;Acidente sem Vítima;261;BR-101/ES;Sul;Saída de Pista;1;0;0;0;0;0;;;;;1;0;0;0;0
07/11/2014;11:13:00;135;Acidente sem Vítima;267;BR-101/ES;Sul;Queda de Moto;1;0;0;1;0;0;;;;;2;0;0;0;0
07/11/2014;22:47:00;324;Acidente com vítima;268;BR-101/ES;Norte;Colisão Traseira;1;0;0;1;0;0;;;;;1;1;0;0;0
07/11/2014;18:06:00;260;Acidente sem Vítima;270;BR-101/ES;Norte;Abalroamento - Mesmo Sentido;1;0;2;0;0;0;;;;;2;0;0;0;0
07/11/2014;18:09:00;263;Acidente sem Vítima;293;BR-101/ES;Sul;Colisão Lateral;1;0;1;0;0;0;;;;;3;0;0;0;0
07/11/2014;07:28:00;66;Acidente sem Vítima;299;BR-101/ES;Sul;Colisão Traseira;2;0;0;0;0;0;;;;;2;0;0;0;0
07/11/2014;13:46:00;195;Acidente sem Vítima;299;BR-101/ES;Norte;Colisão Traseira;1;0;1;0;0;0;;;;;3;0;0;0;0
07/11/2014;07:55:00;71;Acidente com vítima;368,5;BR-101/ES;Sul;Colisão Lateral;1;0;2;0;0;0;;;;;1;1;0;0;0
07/11/2014;18:42:00;267;Acidente sem Vítima;388;BR-101/ES;Norte;Colisão Traseira;1;0;2;0;0;0;;;;;6;0;0;0;0
08/11/2014;21:41:00;337;Acidente com vítima;143;BR-101/ES;Sul;Queda de Moto;0;0;0;1;0;0;;;;;0;1;0;0;0
08/11/2014;19:14:00;288;Atropelamento sem Morte;150;BR-101/ES;Sul;Atropelamento;0;0;0;1;0;0;;;;;0;1;1;0;0
08/11/2014;15:01:00;217;Acidente com vítima;265;BR-101/ES;Norte;Colisão Lateral;0;0;1;1;0;0;;;;;0;1;0;0;0
08/11/2014;15:49:00;228;Acidente com vítima;289;BR-101/ES;Sul;Colisão Lateral;1;0;0;1;0;0;;;;;1;1;0;0;0
08/11/2014;13:15:00;200;Acidente sem Vítima;296;BR-101/ES;Norte;Colisão Lateral;1;0;1;0;0;0;;;;;3;0;0;0;0
08/11/2014;17:10:00;250;Acidente sem Vítima;301;BR-101/ES;Sul;Colisão Traseira;2;0;0;0;0;0;;;;;3;0;0;0;0
08/11/2014;19:00:00;283;Acidente sem Vítima;442;BR-101/ES;Norte;Veículo em Chamas;0;0;2;0;0;0;;;;;1;0;0;0;0
08/11/2014;04:20:00;49;Acidente com vítima;947,9;BR-101/BA;Sul;Colisão Traseira;1;0;1;0;0;0;;;;;1;0;0;1;0
09/11/2014;00:03:00;1;Acidente sem Vítima;15;BR-101/ES;Sul;Colisão Traseira;2;0;0;0;0;0;;;;;3;0;0;0;0
09/11/2014;21:03:00;305;Acidente com vítima;23;BR-101/ES;Sul;Queda de Moto;0;0;0;1;0;0;;;;;0;0;1;0;0
09/11/2014;21:54:00;315;Acidente com vítima;94;BR-101/ES;Sul;Queda de Moto;0;0;0;1;0;0;;;;;0;2;0;0;0
09/11/2014;17:26:00;238;Acidente com vítima;125;BR-101/ES;Sul;Queda de ciclista;0;1;0;0;0;0;;;;;0;1;0;0;0
09/11/2014;22:22:00;317;Acidente sem Vítima;141;BR-101/ES;Norte;Saída de Pista;1;0;0;0;0;0;;;;;1;0;0;0;0
09/11/2014;17:31:00;241;Acidente com vítima;144;BR-101/ES;Norte;Colisão Traseira;1;0;0;1;0;0;;;;;2;1;0;0;0
09/11/2014;19:23:00;265;Acidente sem Vítima;147;BR-101/ES;Sul;Colisão Transversal;2;0;1;0;0;0;;;;;3;0;0;0;0
09/11/2014;21:07:00;307;Acidente com vítima;163;BR-101/ES;Sul;Queda de Moto;0;0;0;1;0;0;;;;;0;1;0;0;0
09/11/2014;12:39:00;174;Atropelamento sem Morte;206;BR-101/ES;Norte;Atropelamento;0;0;2;0;0;0;;;;;1;0;0;1;0
09/11/2014;12:24:00;167;Acidente sem Vítima;335;BR-101/ES;Sul;Tombamento;0;0;2;0;0;0;;;;;1;0;0;0;0
09/11/2014;12:27:00;169;Acidente com vítima;354;BR-101/ES;Norte;Colisão Traseira;2;0;0;0;0;0;;;;;3;1;0;0;0
10/11/2014;07:25:00;55;Acidente sem Vítima;6;BR-101/ES;Norte;Saída de Pista;1;0;0;0;0;0;;;;;1;0;0;0;0
10/11/2014;17:05:00;227;Acidente com vítima;144;BR-101/ES;Sul;Colisão Traseira;1;0;0;1;0;0;;;;;2;1;0;0;0
10/11/2014;11:09:00;121;Acidente sem Vítima;144,5;BR-101/ES;Sul;Colisão Traseira;2;0;0;0;0;0;;;;;5;0;0;0;0
10/11/2014;06:07:00;42;Acidente sem Vítima;188;BR-101/ES;Sul;Colisão Lateral;0;0;7;0;0;0;;;;;3;0;0;0;0
10/11/2014;15:25:00;201;Acidente com Morte;215,6;BR-101/ES;Sul;Colisão Lateral;2;0;2;0;0;0;;;;;3;0;0;0;1
10/11/2014;00:04:00;1;Acidente com Morte;230,8;BR-101/ES;Norte;Colisão Frontal;2;0;2;0;0;0;;;;;4;0;1;0;2
10/11/2014;11:31:00;133;Acidente sem Vítima;241;BR-101/ES;Norte;Colisão Lateral;0;0;4;0;0;0;;;;;3;0;0;0;0
10/11/2014;16:34:00;213;Acidente sem Vítima;265;BR-101/ES;Norte;Tombamento;0;0;1;0;0;0;;;;;1;0;0;0;0
10/11/2014;12:47:00;165;Acidente com vítima;291;BR-101/ES;Sul;Colisão Traseira;0;0;2;1;0;0;;;;;1;0;1;0;0
11/11/2014;12:45:00;176;Acidente com vítima;37;BR-101/ES;Norte;Colisão Transversal;1;0;1;0;0;0;;;;;1;1;0;0;0
11/11/2014;08:36:00;79;Acidente com vítima;144;BR-101/ES;Sul;Colisão Traseira;1;0;0;1;0;0;;;;;0;1;0;0;0
11/11/2014;08:16:00;72;Acidente com vítima;144,3;BR-101/ES;Sul;Queda de Moto;1;0;0;1;0;0;;;;;1;1;0;0;0
11/11/2014;01:32:00;17;Acidente com vítima;233;BR-101/ES;Norte;Saída de Pista;1;0;0;0;0;0;;;;;0;0;1;0;0
11/11/2014;16:54:00;236;Acidente com vítima;237;BR-101/ES;Norte;Tombamento;0;0;1;0;0;0;;;;;1;1;0;0;0
11/11/2014;16:21:00;227;Acidente sem Vítima;261;BR-101/ES;Sul;Colisão Traseira;1;0;2;0;0;0;;;;;2;0;0;0;0
11/11/2014;20:35:00;300;Acidente com Morte;268;BR-101/ES;Sul;Colisão Lateral;0;0;1;1;0;0;;;;;1;0;1;0;1
11/11/2014;11:35:00;153;Acidente sem Vítima;269;BR-101/ES;Sul;Engavetamento;3;0;0;0;0;0;;;;;4;0;0;0;0
11/11/2014;06:07:00;47;Atropelamento sem Morte;270;BR-101/ES;Sul;Atropelamento;1;0;0;0;0;0;;;;;1;1;0;0;0
11/11/2014;11:15:00;146;Acidente com vítima;270;BR-101/ES;Sul;Colisão Transversal;0;0;2;0;1;0;;;;;3;1;0;0;0
11/11/2014;21:35:00;318;Acidente sem Vítima;277;BR-101/ES;Sul;Tombamento;0;0;1;0;0;0;;;;;1;0;0;0;0
11/11/2014;16:40:00;233;Acidente sem Vítima;291;BR-101/ES;Norte;Engavetamento;4;0;0;0;0;0;;;;;5;0;0;0;0
11/11/2014;14:23:00;204;Acidente sem Vítima;393;BR-101/ES;Norte;Colisão Lateral;2;0;0;0;0;0;;;;;4;0;0;0;0
11/11/2014;10:05:00;114;Acidente sem Vítima;402;BR-101/ES;Norte;Colisão Lateral;1;0;0;0;1;0;;;;;3;0;0;0;0
12/11/2014;18:03:00;285;Acidente sem Vítima;69;BR-101/ES;Norte;Colisão Traseira;0;0;1;1;0;0;;;;;5;0;0;0;0
12/11/2014;09:48:00;127;Acidente com vítima;70;BR-101/ES;Norte;Colisão Transversal;2;0;0;1;0;0;;;;;1;2;2;0;0
12/11/2014;07:49:00;81;Acidente com vítima;149;BR-101/ES;Sul;Queda de Moto;0;0;1;1;0;0;;;;;1;1;0;0;0
12/11/2014;17:44:00;279;Acidente com vítima;160;BR-101/ES;Norte;Colisão Frontal;2;0;0;0;0;0;;;;;2;0;2;0;0
12/11/2014;16:13:00;252;Acidente com vítima;164;BR-101/ES;Norte;Queda de Moto;1;0;0;0;0;0;;;;;0;1;0;0;0
12/11/2014;09:37:00;124;Acidente sem Vítima;176;BR-101/ES;Sul;Colisão Traseira;1;0;1;0;0;0;;;;;4;0;0;0;0
12/11/2014;14:55:00;228;Acidente sem Vítima;222;BR-101/ES;Norte;Saída de Pista;1;0;0;0;0;0;;;;;2;0;0;0;0
12/11/2014;19:52:00;311;Acidente sem Vítima;240;BR-101/ES;Norte;Colisão Lateral;2;0;0;0;0;0;;;;;2;0;0;0;0
12/11/2014;20:27:00;327;Acidente com vítima;269;BR-101/ES;Norte;Choque com Veículo Estacionado;1;0;1;0;0;0;;;;;1;1;0;0;0
12/11/2014;19:16:00;300;Acidente sem Vítima;291;BR-101/ES;Sul;Colisão Traseira;2;0;0;0;0;0;;;;;2;0;0;0;0
12/11/2014;00:03:00;1;Acidente com vítima;318;BR-101/ES;Sul;Colisão Frontal;0;0;3;0;0;0;;;;;0;2;1;0;0
12/11/2014;11:44:00;165;Acidente com vítima;318;BR-101/ES;Norte;Queda de Moto;0;0;0;1;0;0;;;;;1;1;0;0;0
12/11/2014;15:55:00;244;Acidente com vítima;377;BR-101/ES;Sul;Queda de Moto;2;0;0;0;0;0;;;;;1;1;0;0;0
12/11/2014;10:09:00;136;Acidente sem Vítima;399;BR-101/ES;Norte;Colisão Traseira;0;0;3;0;0;0;;;;;2;0;0;0;0
12/11/2014;12:04:00;179;Acidente com vítima;413;BR-101/ES;Norte;Colisão Traseira;0;0;2;0;1;0;;;;;1;1;0;0;0
12/11/2014;13:39:00;211;Acidente com vítima;458;BR-101/ES;Norte;Tombamento;0;0;1;0;0;0;;;;;0;1;0;0;0
13/11/2014;18:04:00;301;Acidente com vítima;37;BR-101/ES;Sul;Saída de Pista;1;0;1;0;0;0;;;;;1;1;0;0;0
13/11/2014;12:45:00;211;Acidente com vítima;70;BR-101/ES;Sul;Colisão Lateral;1;0;0;1;0;0;;;;;1;1;0;0;0
13/11/2014;09:22:00;123;Acidente sem Vítima;108;BR-101/ES;Norte;Veículo em Chamas;0;0;2;0;0;0;;;;;1;0;0;0;0
13/11/2014;17:26:00;292;Acidente sem Vítima;150;BR-101/ES;Sul;Colisão Traseira;2;0;0;0;0;0;;;;;4;0;0;0;0
13/11/2014;14:56:00;255;Acidente sem Vítima;221;BR-101/ES;Sul;Queda de Moto;0;0;0;1;0;0;;;;;1;0;0;0;0
13/11/2014;11:59:00;191;Acidente sem Vítima;228;BR-101/ES;Sul;Saída de Pista;1;0;1;0;0;0;;;;;2;0;0;0;0