data;horario;n_da_ocorrencia;tipo_de_ocorrencia;km;trecho;sentido;tipo_de_acidente;automovel;bicicleta;caminhao;moto;onibus;outros;tracao_animal;transporte_de_cargas_especiais;trator_maquinas;utilitarios;ilesos;levemente_feridos;moderadamente_feridos;gravemente_feridos;mortos
13/11/2014;20:35:00;340;Acidente sem Vítima;237;BR-101/ES;Sul;Choque;0;0;2;0;0;0;;;;;2;0;0;0;0
13/11/2014;18:13:00;304;Acidente sem Vítima;262;BR-101/ES;Norte;Colisão Traseira;1;0;1;0;0;0;;;;;3;0;0;0;0
13/11/2014;06:31:00;66;Acidente sem Vítima;266;BR-101/ES;Sul;Colisão Lateral;1;0;1;0;0;0;;;;;2;0;0;0;0
13/11/2014;23:09:00;368;Acidente sem Vítima;268;BR-101/ES;Sul;Engavetamento;2;0;1;0;0;0;;;;;5;0;0;0;0
13/11/2014;08:24:00;102;Acidente sem Vítima;270,5;BR-101/ES;Sul;Colisão Traseira;0;0;4;1;0;0;;;;;2;0;0;0;0
13/11/2014;20:10:00;330;Acidente sem Vítima;275;BR-101/ES;Norte;Choque com Objeto Fixo;1;0;0;0;0;0;;;;;1;0;0;0;0
13/11/2014;16:14:00;276;Acidente com vítima;285;BR-101/ES;Sul;Colisão Traseira;1;0;1;0;1;0;;;;;3;1;0;0;0
13/11/2014;14:56:00;254;Acidente sem Vítima;287;BR-101/ES;Sul;Saída de Pista;1;0;4;0;0;0;;;;;4;0;0;0;0
13/11/2014;23:47:00;373;Acidente sem Vítima;297;BR-101/ES;Norte;Colisão Traseira;2;0;0;0;0;0;;;;;2;0;0;0;0
13/11/2014;09:33:00;128;Acidente com vítima;298;BR-101/ES;Sul;Colisão Lateral;2;0;0;0;0;0;;;;;2;1;0;0;0
13/11/2014;15:56:00;270;Acidente sem Vítima;329;BR-101/ES;Norte;Saída de Pista;0;0;1;0;0;0;;;;;2;0;0;0;0
13/11/2014;14:52:00;253;Acidente sem Vítima;337;BR-101/ES;Norte;Saída de Pista;0;0;1;0;0;0;;;;;1;0;0;0;0
13/11/2014;07:13:00;74;Acidente sem Vítima;349;BR-101/ES;Sul;Tombamento;0;0;2;0;0;0;;;;;1;0;0;0;0
13/11/2014;12:01:00;193;Acidente sem Vítima;366,2;BR-101/ES;Norte;Saída de Pista;0;0;2;0;0;0;;;;;1;0;0;0;0
13/11/2014;20:44:00;343;Acidente com vítima;415;BR-101/ES;Norte;Queda de Moto;0;0;0;1;0;0;;;;;0;1;0;0;0
13/11/2014;16:13:00;275;Acidente com vítima;438;BR-101/ES;Sul;Saída de Pista;0;0;1;0;0;0;;;;;0;4;0;0;0
13/11/2014;20:54:00;346;Acidente sem Vítima;448;BR-101/ES;Norte;Tombamento;0;0;1;0;0;0;;;;;1;0;0;0;0
13/11/2014;18:09:00;303;Acidente com vítima;460;BR-101/ES;Sul;Colisão Lateral;2;0;2;0;0;0;;;;;3;1;0;0;0
14/11/2014;16:48:00;216;Acidente sem Vítima;32,5;BR-101/ES;Sul;Colisão Transversal;2;0;0;0;0;0;;;;;2;0;0;0;0
14/11/2014;09:38:00;91;Acidente sem Vítima;107;BR-101/ES;Sul;Colisão Traseira;2;0;1;0;0;0;;;;;4;0;0;0;0
14/11/2014;13:18:00;160;Acidente sem Vítima;145;BR-101/ES;Norte;Colisão Traseira;0;0;0;1;1;0;;;;;2;0;0;0;0
14/11/2014;10:21:00;106;Acidente sem Vítima;174;BR-101/ES;Norte;Capotamento;1;0;0;0;0;0;;;;;1;0;0;0;0
14/11/2014;17:59:00;236;Acidente sem Vítima;216;BR-101/ES;Sul;Choque;2;0;0;0;0;0;;;;;3;0;0;0;0
14/11/2014;20:59:00;284;Acidente sem Vítima;249;BR-101/ES;Sul;Queda de Moto;0;0;0;1;0;0;;;;;2;0;0;0;0
14/11/2014;10:24:00;107;Acidente sem Vítima;258;BR-101/ES;Norte;Colisão Traseira;2;0;0;0;0;0;;;;;2;0;0;0;0
14/11/2014;10:44:00;115;Acidente sem Vítima;258;BR-101/ES;Norte;Saída de Pista;1;0;0;0;0;0;;;;;1;0;0;0;0
14/11/2014;23:48:00;311;Acidente sem Vítima;266;BR-101/ES;Norte;Colisão Lateral;0;0;1;0;0;0;;;;;2;0;0;0;0
14/11/2014;18:33:00;240;Acidente sem Vítima;270;BR-101/ES;Sul;Colisão Traseira;1;0;1;0;0;0;;;;;2;0;0;0;0
14/11/2014;11:16:00;125;Acidente sem Vítima;282;BR-101/ES;Norte;Choque com Objeto Fixo;2;0;2;0;0;0;;;;;4;0;0;0;0
14/11/2014;07:41:00;66;Acidente sem Vítima;293;BR-101/ES;Norte;Colisão Traseira;1;0;1;0;0;0;;;;;2;0;0;0;0
14/11/2014;10:10:00;105;Acidente sem Vítima;333;BR-101/ES;Norte;Colisão Traseira;2;0;0;0;0;0;;;;;3;0;0;0;0
14/11/2014;01:14:00;8;Acidente sem Vítima;335;BR-101/ES;Sul;Veículo em Chamas;1;0;0;0;0;0;;;;;1;0;0;0;0
14/11/2014;16:16:00;204;Acidente sem Vítima;394;BR-101/ES;Norte;Colisão Lateral;2;0;4;0;0;0;;;;;7;0;0;0;0
14/11/2014;08:24:00;75;Acidente com vítima;401;BR-101/ES;Norte;Colisão Transversal;0;0;5;0;0;0;;;;;0;3;1;0;0
14/11/2014;18:52:00;242;Acidente com vítima;407;BR-101/ES;Norte;Colisão Frontal;2;0;0;0;0;0;;;;;0;1;2;1;0
14/11/2014;05:42:00;46;Acidente com vítima;436;BR-101/ES;Norte;Capotamento;1;0;0;0;0;0;;;;;0;0;3;0;0
14/11/2014;03:29:00;27;Acidente sem Vítima;444;BR-101/ES;Norte;Colisão Frontal;1;0;4;0;0;0;;;;;3;0;0;0;0
14/11/2014;21:10:00;286;Acidente sem Vítima;946,4;BR-101/BA;Norte;Colisão Lateral;1;0;3;0;0;0;;;;;2;0;0;0;0
15/11/2014;05:29:00;57;Acidente com vítima;9;BR-101/ES;Sul;Queda de Moto;0;0;0;1;0;0;;;;;0;1;0;0;0
15/11/2014;17:50:00;249;Acidente sem Vítima;25;BR-101/ES;Norte;Colisão Traseira;2;0;0;0;0;0;;;;;5;0;0;0;0
15/11/2014;06:37:00;64;Acidente sem Vítima;125;BR-101/ES;Norte;Colisão Traseira;2;0;0;0;0;0;;;;;7;0;0;0;0
15/11/2014;19:23:00;270;Acidente com vítima;195;BR-101/ES;Sul;Queda de Moto;1;0;0;0;0;0;;;;;0;1;0;0;0
15/11/2014;23:10:00;307;Acidente sem Vítima;258;BR-101/ES;Norte;Colisão Frontal;1;0;0;1;0;0;;;;;2;0;0;0;0
15/11/2014;12:18:00;174;Acidente sem Vítima;263;BR-101/ES;Norte;Atropelamento - Equino;1;0;0;0;0;0;;;;;2;0;0;0;0
15/11/2014;14:41:00;207;Acidente sem Vítima;264;BR-101/ES;Sul;Colisão Lateral;2;0;0;0;0;0;;;;;2;0;0;0;0
15/11/2014;23:23:00;308;Acidente sem Vítima;269;BR-101/ES;Sul;Colisão Lateral;1;0;1;0;0;0;;;;;2;0;0;0;0
15/11/2014;11:30:00;155;Acidente sem Vítima;293;BR-101/ES;Norte;Colisão Traseira;1;0;1;0;0;0;;;;;2;0;0;0;0
15/11/2014;01:38:00;17;Acidente sem Vítima;337;BR-101/ES;Sul;Colisão Lateral;1;0;1;0;0;0;;;;;4;0;0;0;0
15/11/2014;09:37:00;106;Acidente sem Vítima;399;BR-101/ES;Sul;Colisão Traseira;0;0;6;0;0;0;;;;;2;0;0;0;0
15/11/2014;01:20:00;13;Acidente com Morte;401;BR-101/ES;Norte;Queda de Moto;0;0;2;1;0;0;;;;;1;0;0;0;1
16/11/2014;21:11:00;277;Acidente com Morte;101,8;BR-101/ES;Sul;Choque com Objeto Fixo;1;0;0;0;0;0;;;;;0;1;0;0;1
16/11/2014;04:58:00;50;Acidente com vítima;140;BR-101/ES;Norte;Colisão Traseira;2;0;0;0;0;0;;;;;2;1;0;0;0
16/11/2014;13:29:00;158;Acidente com vítima;146;BR-101/ES;Sul;Colisão Traseira;1;0;0;1;0;0;;;;;1;1;0;0;0
16/11/2014;18:54:00;234;Acidente sem Vítima;156;BR-101/ES;Sul;Saída de Pista;1;0;0;0;0;0;;;;;4;0;0;0;0
16/11/2014;18:04:00;221;Acidente sem Vítima;246;BR-101/ES;Norte;Colisão Transversal;2;0;0;0;0;0;;;;;5;0;0;0;0
16/11/2014;13:53:00;165;Acidente sem Vítima;255;BR-101/ES;Sul;Colisão Traseira;2;0;0;0;0;0;;;;;2;0;0;0;0
16/11/2014;19:35:00;244;Acidente sem Vítima;287;BR-101/ES;Norte;Colisão Lateral;2;0;0;0;0;0;;;;;6;0;0;0;0
16/11/2014;12:03:00;135;Acidente com vítima;290;BR-101/ES;Sul;Saída de Pista;1;0;0;0;0;0;;;;;0;0;1;0;0
16/11/2014;13:27:00;157;Acidente sem Vítima;448;BR-101/ES;Norte;Saída de Pista;1;0;0;1;0;0;;;;;2;0;0;0;0
17/11/2014;22:46:00;329;Acidente sem Vítima;67;BR-101/ES;Norte;Colisão Transversal;2;0;0;0;0;0;;;;;3;0;0;0;0
17/11/2014;18:37:00;267;Acidente com vítima;89;BR-101/ES;Norte;Colisão Transversal;0;0;0;1;1;0;;;;;1;0;0;1;0
17/11/2014;15:50:00;225;Acidente sem Vítima;115;BR-101/ES;Norte;Colisão Traseira;3;0;0;0;0;0;;;;;5;0;0;0;0
17/11/2014;06:57:00;60;Acidente com vítima;144;BR-101/ES;Norte;Queda de Moto;0;0;0;1;0;0;;;;;1;1;0;0;0
17/11/2014;14:05:00;193;Acidente sem Vítima;145;BR-101/ES;Sul;Colisão Traseira;2;0;0;0;0;0;;;;;2;0;0;0;0
17/11/2014;17:24:00;254;Acidente com vítima;154;BR-101/ES;Norte;Colisão Traseira;1;0;1;0;0;0;;;;;1;2;0;0;0
17/11/2014;16:26:00;235;Acidente sem Vítima;179;BR-101/ES;Norte;Abalroamento - Mesmo Sentido;0;0;10;0;0;0;;;;;3;0;0;0;0
17/11/2014;12:56:00;175;Acidente sem Vítima;252;BR-101/ES;Sul;Saída de Pista;1;0;1;0;0;0;;;;;2;0;0;0;0
17/11/2014;20:55:00;302;Acidente com vítima;265;BR-101/ES;Sul;Atropelamento e Fuga;0;0;0;0;1;0;;;;;0;0;1;0;0
17/11/2014;08:56:00;100;Acidente com vítima;269;BR-101/ES;Norte;Queda de Moto;0;0;1;1;0;0;;;;;1;2;0;0;0
17/11/2014;11:20:00;143;Acidente sem Vítima;290;BR-101/ES;Norte;Colisão Traseira;2;0;0;0;0;0;;;;;2;0;0;0;0
17/11/2014;04:08:00;42;Acidente sem Vítima;352;BR-101/ES;Norte;Saída de Pista;0;0;1;0;0;0;;;;;1;0;0;0;0
17/11/2014;06:58:00;61;Acidente sem Vítima;399;BR-101/ES;Norte;Colisão Traseira;1;0;2;0;0;0;;;;;2;0;0;0;0
17/11/2014;18:22:00;259;Acidente sem Vítima;412;BR-101/ES;Sul;Capotamento;1;0;0;0;0;0;;;;;3;0;0;0;0
18/11/2014;10:53:00;147;Acidente com vítima;85,8;BR-101/ES;Sul;Colisão Traseira;0;0;1;1;0;0;;;;;1;2;0;0;0
18/11/2014;08:27:00;107;Acidente sem Vítima;145;BR-101/ES;Sul;Colisão Transversal;1;0;0;1;0;0;;;;;2;0;0;0;0
18/11/2014;15:31:00;240;Acidente sem Vítima;150;BR-101/ES;Sul;Colisão Lateral;1;0;4;0;0;0;;;;;2;0;0;0;0
18/11/2014;10:18:00;139;Acidente sem Vítima;150,5;BR-101/ES;Sul;Choque com Objeto Fixo;0;0;2;0;0;0;;;;;1;0;0;0;0
18/11/2014;09:23:00;121;Acidente com vítima;205;BR-101/ES;Sul;Colisão Lateral;1;0;1;0;0;0;;;;;1;1;0;0;0
18/11/2014;13:56:00;219;Acidente sem Vítima;229;BR-101/ES;Norte;Colisão Lateral;1;0;2;0;0;0;;;;;4;0;0;0;0
18/11/2014;12:19:00;186;Acidente sem Vítima;258,5;BR-101/ES;Norte;Colisão Traseira;1;0;0;0;1;0;;;;;3;0;0;0;0
18/11/2014;16:21:00;251;Acidente com vítima;261;BR-101/ES;Norte;Queda de Moto;0;0;0;1;0;0;;;;;0;1;0;0;0
18/11/2014;18:40:00;288;Acidente sem Vítima;262;BR-101/ES;Sul;Engavetamento;3;0;0;0;0;0;;;;;5;0;0;0;0
18/11/2014;21:39:00;349;Acidente com vítima;263;BR-101/ES;Norte;Colisão Traseira;0;0;1;0;1;0;;;;;2;12;1;0;0
18/11/2014;09:56:00;132;Acidente sem Vítima;267;BR-101/ES;Norte;Colisão Lateral;1;0;0;0;1;0;;;;;4;0;0;0;0
18/11/2014;15:57:00;244;Acidente sem Vítima;269;BR-101/ES;Norte;Colisão Traseira;1;0;2;0;0;0;;;;;2;0;0;0;0
18/11/2014;06:48:00;64;Acidente sem Vítima;273;BR-101/ES;Sul;Veículo em Chamas;1;0;0;0;0;0;;;;;1;0;0;0;0
18/11/2014;08:23:00;102;Acidente sem Vítima;291;BR-101/ES;Norte;Veículo em Chamas;0;0;4;0;0;0;;;;;1;0;0;0;0
18/11/2014;14:58:00;235;Acidente com vítima;301;BR-101/ES;Norte;Queda de Moto;0;0;1;1;0;0;;;;;1;0;1;0;0
18/11/2014;18:51:00;293;Acidente com vítima;324;BR-101/ES;Sul;Saída de Pista;0;0;1;0;0;0;;;;;0;1;0;0;0
18/11/2014;06:26:00;59;Acidente sem Vítima;336;BR-101/ES;Sul;Engavetamento;0;0;8;0;1;0;;;;;6;0;0;0;0
19/11/2014;14:23:00;210;Acidente sem Vítima;93;BR-101/ES;Sul;Saída de Pista;1;0;0;0;0;0;;;;;1;0;0;0;0
19/11/2014;22:23:00;322;Acidente com vítima;203;BR-101/ES;Sul;Queda de Moto;0;0;0;1;0;0;;;;;0;1;0;0;0
19/11/2014;07:52:00;70;Acidente sem Vítima;266;BR-101/ES;Norte;Colisão Lateral;1;0;2;0;0;0;;;;;2;0;0;0;0
19/11/2014;18:50:00;275;Acidente sem Vítima;270;BR-101/ES;Sul;Colisão Traseira;1;0;2;0;0;0;;;;;2;0;0;0;0
19/11/2014;08:12:00;81;Acidente sem Vítima;270,5;BR-101/ES;Sul;Colisão Lateral;1;0;2;1;0;0;;;;;3;0;0;0;0
19/11/2014;19:25:00;280;Acidente com vítima;278;BR-101/ES;Sul;Queda de Moto;0;0;0;1;0;0;;;;;0;1;0;0;0
19/11/2014;17:51:00;263;Acidente sem Vítima;296;BR-101/ES;Sul;Colisão Traseira;1;0;1;0;0;0;;;;;2;0;0;0;0
19/11/2014;13:27:00;195;Acidente sem Vítima;307;BR-101/ES;Norte;Colisão Traseira;2;0;0;0;0;0;;;;;2;0;0;0;0
19/11/2014;05:11:00;45;Acidente sem Vítima;321;BR-101/ES;Sul;Colisão Traseira;0;0;4;0;0;0;;;;;2;0;0;0;0
20/11/2014;07:43:00;82;Acidente sem Vítima;13,6;BR-101/ES;Norte;Saída de Pista;0;0;2;0;0;0;;;;;1;0;0;0;0
20/11/2014;13:06:00;190;Acidente sem Vítima;61,5;BR-101/ES;Sul;Colisão Traseira;0;0;1;0;1;0;;;;;3;0;0;0;0
20/11/2014;19:54:00;316;Acidente com vítima;139;BR-101/ES;Norte;Colisão Traseira;1;0;0;1;0;0;;;;;1;0;1;0;0
20/11/2014;07:53:00;83;Acidente sem Vítima;144;BR-101/ES;Norte;Colisão Traseira;2;0;0;0;0;0;;;;;2;0;0;0;0
20/11/2014;22:16:00;360;Acidente com vítima;149;BR-101/ES;Sul;Colisão Traseira;1;0;0;1;0;0;;;;;1;1;0;0;0
20/11/2014;14:33:00;219;Acidente sem Vítima;163;BR-101/ES;Norte;Saída de Pista;1;0;0;0;0;0;;;;;1;0;0;0;0
20/11/2014;07:22:00;72;Acidente sem Vítima;265;BR-101/ES;Sul;Engavetamento;3;0;0;0;0;0;;;;;3;0;0;0;0
20/11/2014;07:41:00;80;Acidente sem Vítima;265;BR-101/ES;Sul;Colisão Traseira;0;0;0;2;0;0;;;;;2;0;0;0;0
20/11/2014;08:59:00;99;Acidente sem Vítima;267;BR-101/ES;Sul;Colisão Lateral;1;0;1;0;0;0;;;;;2;0;0;0;0
20/11/2014;10:47:00;125;Acidente com vítima;268;BR-101/ES;Sul;Queda de Moto;1;0;0;1;0;0;;;;;0;1;0;0;0
20/11/2014;21:30:00;348;Acidente sem Vítima;270;BR-101/ES;Sul;Colisão Traseira;1;0;2;0;0;0;;;;;2;0;0;0;0
20/11/2014;07:35:00;77;Acidente sem Vítima;310,5;BR-101/ES;Sul;Colisão Transversal;2;0;0;0;0;0;;;;;3;0;0;0;0
20/11/2014;05:50:00;62;Acidente sem Vítima;332;BR-101/ES;Sul;Colisão Lateral;1;0;2;0;0;0;;;;;2;0;0;0;0
20/11/2014;17:03:00;266;Acidente sem Vítima;411,5;BR-101/ES;Norte;Saída de Pista;1;0;0;0;0;0;;;;;1;0;0;0;0
20/11/2014;15:22:00;236;Acidente com vítima;445;BR-101/ES;Sul;Queda de Moto;0;0;0;1;0;0;;;;;0;1;0;0;0
21/11/2014;09:21:00;109;Acidente com vítima;17;BR-101/ES;Sul;Tombamento;0;0;3;0;0;0;;;;;1;0;1;0;0
21/11/2014;07:28:00;67;Acidente sem Vítima;139;BR-101/ES;Norte;Colisão Lateral;0;0;0;1;1;0;;;;;2;0;0;0;0
21/11/2014;22:13:00;376;Acidente sem Vítima;149;BR-101/ES;Sul;Colisão Lateral;1;0;1;0;0;0;;;;;4;0;0;0;0
21/11/2014;02:09:00;16;Acidente sem Vítima;205;BR-101/ES;Norte;Veículo em Chamas;0;0;2;0;0;0;;;;;1;0;0;0;0
21/11/2014;11:14:00;155;Acidente sem Vítima;213;BR-101/ES;Sul;Colisão Traseira;2;0;0;0;0;0;;;;;2;0;0;0;0
21/11/2014;17:59:00;287;Acidente sem Vítima;258,3;BR-101/ES;Sul;Colisão Lateral;1;0;1;0;0;0;;;;;4;0;0;0;0
21/11/2014;15:21:00;234;Acidente sem Vítima;262;BR-101/ES;Sul;Engavetamento;3;0;0;0;0;0;;;;;3;0;0;0;0
21/11/2014;15:48:00;243;Acidente sem Vítima;264;BR-101/ES;Sul;Colisão Traseira;1;0;1;0;0;0;;;;;2;0;0;0;0
21/11/2014;18:30:00;301;Atropelamento sem Morte;266;BR-101/ES;Norte;Atropelamento;0;0;0;1;0;0;;;;;0;0;2;0;0
21/11/2014;10:37:00;139;Acidente sem Vítima;270;BR-101/ES;Norte;Colisão Lateral;2;0;0;0;0;0;;;;;2;0;0;0;0
21/11/2014;16:19:00;258;Acidente sem Vítima;270;BR-101/ES;Sul;Engavetamento;3;0;0;0;0;0;;;;;3;0;0;0;0
21/11/2014;16:50:00;264;Acidente sem Vítima;298;BR-101/ES;Norte;Engavetamento;3;0;0;0;0;0;;;;;4;0;0;0;0
21/11/2014;21:00:00;358;Acidente sem Vítima;317;BR-101/ES;Sul;Queda de Moto;0;0;0;1;0;0;;;;;2;0;0;0;0
22/11/2014;08:13:00;103;Acidente sem Vítima;67;BR-101/ES;Sul;Choque com Objeto Fixo;0;0;1;0;0;0;;;;;1;0;0;0;0
22/11/2014;10:22:00;152;Acidente com vítima;146;BR-101/ES;Norte;Colisão Lateral;2;0;0;0;0;0;;;;;3;1;0;0;0
22/11/2014;07:26:00;77;Acidente sem Vítima;166;BR-101/ES;Norte;Colisão Traseira;2;0;0;0;0;0;;;;;3;0;0;0;0
22/11/2014;14:14:00;243;Acidente sem Vítima;255;BR-101/ES;Sul;Colisão Traseira;2;0;0;0;0;0;;;;;2;0;0;0;0
22/11/2014;00:06:00;2;Acidente sem Vítima;268;BR-101/ES;Norte;Colisão Lateral;2;0;0;0;0;0;;;;;2;0;0;0;0
22/11/2014;19:41:00;347;Acidente sem Vítima;269;BR-101/ES;Norte;Colisão Traseira;1;0;0;1;0;0;;;;;3;0;0;0;0
22/11/2014;22:06:00;384;Acidente sem Vítima;292;BR-101/ES;Sul;Colisão Traseira;2;0;0;0;0;0;;;;;2;0;0;0;0
22/11/2014;22:44:00;387;Acidente sem Vítima;293,9;BR-101/ES;Sul;Atropelamento - Equino;1;0;0;0;0;0;;;;;1;0;0;0;0
22/11/2014;05:20:00;62;Acidente sem Vítima;297;BR-101/ES;Sul;Choque com Objeto Fixo;1;0;0;0;0;0;;;;;1;0;0;0;0
22/11/2014;10:20:00;150;Acidente com vítima;363;BR-101/ES;Norte;Colisão Frontal;0;0;4;0;0;0;;;;;0;0;2;0;0
22/11/2014;09:57:00;140;Acidente sem Vítima;377;BR-101/ES;Norte;Colisão Transversal;2;0;0;0;0;0;;;;;4;0;0;0;0
22/11/2014;09:35:00;133;Acidente com vítima;399;BR-101/ES;Sul;Colisão Traseira;1;0;2;0;0;0;;;;;2;1;0;0;0
23/11/2014;10:53:00;125;Acidente com vítima;160,5;BR-101/ES;Norte;Colisão Frontal;2;0;0;0;0;0;;;;;0;3;3;1;0
23/11/2014;17:19:00;241;Acidente com vítima;166;BR-101/ES;Norte;Colisão Lateral;1;0;0;1;0;0;;;;;2;2;0;0;0
23/11/2014;09:53:00;112;Acidente com vítima;189;BR-101/ES;Norte;Saída de Pista;1;0;0;0;0;0;;;;;0;1;0;1;0
23/11/2014;08:10:00;82;Atropelamento sem Morte;204;BR-101/ES;Sul;Atropelamento;1;0;0;0;0;0;;;;;1;0;1;0;0
23/11/2014;20:46:00;305;Acidente com vítima;219;BR-101/ES;Sul;Colisão Lateral;1;0;2;0;0;0;;;;;1;2;0;0;0
23/11/2014;17:41:00;245;Acidente com vítima;247;BR-101/ES;Sul;Colisão Lateral;1;0;0;1;0;0;;;;;1;0;1;0;0
23/11/2014;20:32:00;299;Acidente sem Vítima;262;BR-101/ES;Sul;Colisão Frontal;2;0;0;0;0;0;;;;;2;0;0;0;0
23/11/2014;03:41:00;41;Acidente com vítima;267;BR-101/ES;Norte;Capotamento;1;0;0;0;0;0;;;;;1;1;1;0;0
23/11/2014;13:35:00;177;Acidente sem Vítima;267;BR-101/ES;Sul;Colisão Traseira;2;0;0;0;0;0;;;;;6;0;0;0;0
23/11/2014;14:49:00;196;Acidente com vítima;285;BR-101/ES;Sul;Colisão Traseira;1;0;0;1;0;0;;;;;1;2;0;0;0
23/11/2014;15:16:00;203;Acidente sem Vítima;291;BR-101/ES;Norte;Colisão Traseira;2;0;0;0;0;0;;;;;2;0;0;0;0
23/11/2014;00:08:00;1;Acidente sem Vítima;293;BR-101/ES;Norte;Colisão Lateral;1;0;1;0;0;0;;;;;2;0;0;0;0
23/11/2014;13:10:00;169;Acidente com vítima;448;BR-101/ES;Norte;Queda de Moto;0;0;0;1;0;0;;;;;0;1;0;0;0
23/11/2014;20:00:00;289;Acidente sem Vítima;458;BR-101/ES;Norte;Saída de Pista;1;0;0;0;0;0;;;;;2;0;0;0;0
24/11/2014;02:18:00;30;Acidente com vítima;47;BR-101/ES;Sul;Saída de Pista;1;0;0;0;0;0;;;;;0;0;3;0;0
24/11/2014;08:01:00;94;Acidente sem Vítima;151;BR-101/ES;Sul;Colisão Traseira;2;0;0;0;0;0;;;;;2;0;0;0;0
24/11/2014;07:42:00;89;Acidente sem Vítima;151,5;BR-101/ES;Sul;Colisão Lateral;2;0;0;0;0;0;;;;;3;0;0;0;0
24/11/2014;08:08:00;97;Acidente sem Vítima;198;BR-101/ES;Sul;Colisão Traseira;1;0;2;0;0;0;;;;;4;0;0;0;0
24/11/2014;16:57:00;240;Acidente com vítima;240;BR-101/ES;Norte;Colisão Lateral;2;0;0;0;0;0;;;;;2;2;0;1;0
24/11/2014;07:59:00;93;Acidente com vítima;260;BR-101/ES;Sul;Queda de Moto;0;0;0;1;0;0;;;;;0;1;0;0;0
24/11/2014;15:06:00;202;Acidente sem Vítima;262;BR-101/ES;Norte;Colisão Frontal;0;0;1;1;0;0;;;;;2;0;0;0;0
24/11/2014;15:52:00;215;Acidente sem Vítima;264;BR-101/ES;Sul;Colisão Traseira;2;0;0;0;0;0;;;;;5;0;0;0;0
24/11/2014;11:14:00;135;Acidente sem Vítima;264,5;BR-101/ES;Norte;Colisão Lateral;2;0;0;0;0;0;;;;;2;0;0;0;0
24/11/2014;21:59:00;325;Acidente com vítima;266;BR-101/ES;Sul;Colisão Lateral;1;0;0;1;0;0;;;;;1;1;0;0;0
24/11/2014;13:13:00;173;Acidente com Morte;271;BR-101/ES;Norte;Colisão;0;1;2;0;0;0;;;;;1;0;0;0;1
24/11/2014;14:34:00;194;Acidente com vítima;315;BR-101/ES;Sul;Colisão Lateral;0;0;1;1;0;0;;;;;1;0;1;0;0
24/11/2014;03:27:00;43;Acidente com vítima;357;BR-101/ES;Sul;Tombamento;1;0;0;0;0;0;;;;;0;1;0;0;0
24/11/2014;07:19:00;81;Acidente sem Vítima;363;BR-101/ES;Sul;Colisão Traseira;1;0;2;0;0;0;;;;;2;0;0;0;0
24/11/2014;08:13:00;99;Acidente sem Vítima;401;BR-101/ES;Sul;Saída de Pista;0;0;2;0;0;0;;;;;1;0;0;0;0
24/11/2014;18:19:00;261;Acidente sem Vítima;430;BR-101/ES;Norte;Saída de Pista;0;0;1;0;0;0;;;;;1;0;0;0;0
24/11/2014;08:17:00;100;Acidente com vítima;455;BR-101/ES;Sul;Saída de Pista;1;0;0;0;0;0;;;;;1;3;0;0;0
24/11/2014;09:38:00;108;Acidente sem Vítima;956;BR-101/BA;Norte;Saída de Pista;0;0;2;0;0;0;;;;;1;0;0;0;0
25/11/2014;18:14:00;302;Acidente sem Vítima;11;BR-101/ES;Norte;Colisão Lateral;1;0;1;0;0;0;;;;;2;0;0;0;0
25/11/2014;10:09:00;121;Acidente sem Vítima;32;BR-101/ES;Norte;Colisão Traseira;1;0;1;0;0;0;;;;;2;0;0;0;0
25/11/2014;15:46:00;255;Acidente com vítima;123;BR-101/ES;Sul;Colisão Traseira;0;0;1;1;0;0;;;;;1;1;0;0;0
25/11/2014;16:58:00;277;Acidente sem Vítima;126;BR-101/ES;Norte;Colisão Traseira;2;0;0;0;0;0;;;;;4;0;0;0;0
25/11/2014;20:45:00;347;Acidente com vítima;135;BR-101/ES;Sul;Colisão Frontal;2;0;0;0;0;0;;;;;3;0;1;0;0
25/11/2014;18:30:00;304;Acidente sem Vítima;144;BR-101/ES;Sul;Colisão Lateral;1;0;2;0;0;0;;;;;4;0;0;0;0
25/11/2014;11:13:00;144;Acidente sem Vítima;146;BR-101/ES;Norte;Colisão Traseira;1;0;1;0;0;0;;;;;2;0;0;0;0
25/11/2014;09:03:00;99;Acidente com vítima;170,5;BR-101/ES;Sul;Colisão Traseira;0;0;6;0;0;0;;;;;1;0;1;0;0
25/11/2014;12:49:00;189;Acidente com vítima;266;BR-101/ES;Sul;Colisão;1;1;0;0;0;0;;;;;1;1;0;0;0
25/11/2014;09:32:00;111;Acidente sem Vítima;270;BR-101/ES;Norte;Engavetamento;4;0;1;0;0;0;;;;;6;0;0;0;0
25/11/2014;16:50:00;275;Acidente sem Vítima;271;BR-101/ES;Sul;Choque com Objeto Fixo;1;0;1;0;0;0;;;;;2;0;0;0;0
25/11/2014;20:02:00;332;Acidente sem Vítima;275;BR-101/ES;Norte;Veículo em Chamas;0;0;1;0;0;0;;;;;1;0;0;0;0
25/11/2014;03:55:00;35;Acidente sem Vítima;423;BR-101/ES;Norte;Tombamento;0;0;1;0;0;0;;;;;1;0;0;0;0
25/11/2014;14:38:00;231;Acidente sem Vítima;437;BR-101/ES;Sul;Saída de Pista;1;0;0;0;0;0;;;;;3;0;0;0;0
26/11/2014;06:30:00;72;Acidente com vítima;31;BR-101/ES;Sul;Colisão Transversal;1;0;2;0;0;0;;;;;1;1;0;0;0
26/11/2014;13:41:00;218;Acidente com vítima;67;BR-101/ES;Norte;Colisão Lateral;1;0;0;1;0;0;;;;;1;1;0;0;0
26/11/2014;06:24:00;69;Acidente sem Vítima;127;BR-101/ES;Sul;Colisão Traseira;1;0;3;0;0;0;;;;;2;0;0;0;0