data;horario;n_da_ocorrencia;tipo_de_ocorrencia;km;trecho;sentido;tipo_de_acidente;automovel;bicicleta;caminhao;moto;onibus;outros;tracao_animal;transporte_de_cargas_especiais;trator_maquinas;utilitarios;ilesos;levemente_feridos;moderadamente_feridos;gravemente_feridos;mortos
07/12/2014;13:41:00;189;Acidente sem Vítima;270;BR-101/ES;Sul;Choque com Objeto Fixo;1;0;0;1;0;0;;;;;4;0;0;0;0
07/12/2014;07:05:00;66;Acidente com vítima;272;BR-101/ES;Sul;Saída de Pista;1;0;0;0;0;0;;;;;0;1;0;0;0
07/12/2014;18:03:00;257;Acidente sem Vítima;276;BR-101/ES;Norte;Saída de Pista;1;0;0;0;0;0;;;;;1;0;0;0;0
07/12/2014;01:41:00;17;Acidente sem Vítima;308;BR-101/ES;Sul;Saída de Pista;1;0;0;0;0;0;;;;;1;0;0;0;0
07/12/2014;08:33:00;93;Acidente sem Vítima;310;BR-101/ES;Norte;Saída de Pista;1;0;0;0;0;0;;;;;1;0;0;0;0
07/12/2014;16:50:00;232;Acidente sem Vítima;369;BR-101/ES;Norte;Tombamento;0;0;2;0;0;0;;;;;1;0;0;0;0
07/12/2014;11:04:00;135;Acidente com vítima;390;BR-101/ES;Norte;Choque com Objeto Fixo;0;0;1;0;0;0;;;;;0;1;0;0;0
07/12/2014;11:25:00;146;Acidente com vítima;430;BR-101/ES;Sul;Saída de Pista;1;0;0;0;0;0;;;;;1;0;1;0;0
07/12/2014;02:44:00;28;Acidente sem Vítima;460;BR-101/ES;Sul;Saída de Pista;1;0;0;0;0;0;;;;;2;0;0;0;0
08/12/2014;18:13:00;280;Acidente com vítima;12;BR-101/ES;Sul;Queda de Moto;0;0;0;1;0;0;;;;;0;1;0;0;0
08/12/2014;06:37:00;51;Acidente com vítima;30;BR-101/ES;Sul;Colisão Traseira;0;0;4;0;0;0;;;;;2;0;1;0;0
08/12/2014;09:52:00;108;Acidente sem Vítima;49;BR-101/ES;Sul;Saída de Pista;1;0;0;0;0;0;;;;;1;0;0;0;0
08/12/2014;15:51:00;228;Acidente sem Vítima;67,8;BR-101/ES;Sul;Choque com Objeto Fixo;0;0;1;0;0;0;;;;;1;0;0;0;0
08/12/2014;16:50:00;250;Acidente sem Vítima;79,8;BR-101/ES;Sul;Colisão Traseira;1;0;1;0;0;0;;;;;4;0;0;0;0
08/12/2014;06:33:00;50;Acidente sem Vítima;133;BR-101/ES;Norte;Saída de Pista;1;0;0;0;0;0;;;;;3;0;0;0;0
08/12/2014;22:32:00;337;Acidente sem Vítima;162;BR-101/ES;Norte;Queda de Moto;0;0;0;1;0;0;;;;;1;0;0;0;0
08/12/2014;09:38:00;101;Acidente com vítima;171;BR-101/ES;Sul;Queda de Moto;0;0;0;1;0;0;;;;;0;1;0;0;0
08/12/2014;17:11:00;256;Acidente sem Vítima;177;BR-101/ES;Sul;Engavetamento;3;0;0;0;0;0;;;;;10;0;0;0;0
08/12/2014;17:48:00;268;Acidente sem Vítima;262;BR-101/ES;Norte;Colisão Traseira;2;0;0;0;0;0;;;;;2;0;0;0;0
08/12/2014;10:48:00;121;Acidente sem Vítima;265;BR-101/ES;Norte;Colisão Lateral;1;0;0;0;1;0;;;;;6;0;0;0;0
08/12/2014;18:49:00;288;Acidente sem Vítima;270;BR-101/ES;Norte;Engavetamento;1;0;3;0;0;0;;;;;3;0;0;0;0
08/12/2014;20:28:00;318;Acidente sem Vítima;270;BR-101/ES;Norte;Colisão Lateral;1;0;2;0;0;0;;;;;3;0;0;0;0
08/12/2014;22:00:00;331;Acidente sem Vítima;270;BR-101/ES;Norte;Colisão Lateral;1;0;2;0;0;0;;;;;2;0;0;0;0
08/12/2014;04:54:00;35;Acidente com vítima;273;BR-101/ES;Sul;Saída de Pista;1;0;0;0;0;0;;;;;0;2;0;0;0
08/12/2014;07:54:00;69;Atropelamento com Morte;288;BR-101/ES;Sul;Atropelamento;0;0;2;0;0;0;;;;;1;0;0;0;1
08/12/2014;08:40:00;86;Acidente com vítima;288;BR-101/ES;Norte;Colisão Transversal;1;0;0;1;0;0;;;;;1;1;0;0;0
08/12/2014;15:23:00;218;Acidente sem Vítima;317;BR-101/ES;Norte;Colisão Lateral;2;0;0;0;0;0;;;;;3;0;0;0;0
08/12/2014;02:37:00;20;Acidente com vítima;391;BR-101/ES;Norte;Colisão Frontal;1;0;1;0;0;0;;;;;1;0;1;0;0
09/12/2014;13:31:00;225;Acidente com vítima;147;BR-101/ES;Sul;Colisão Transversal;1;0;1;0;0;0;;;;;2;3;0;0;0
09/12/2014;16:44:00;281;Acidente sem Vítima;204;BR-101/ES;Sul;Colisão Traseira;0;0;2;0;0;0;;;;;6;0;0;0;0
09/12/2014;17:33:00;295;Acidente sem Vítima;268;BR-101/ES;Sul;Colisão Lateral;1;0;2;0;0;0;;;;;2;0;0;0;0
09/12/2014;18:58:00;319;Atropelamento sem Morte;270;BR-101/ES;Sul;Atropelamento;0;0;0;1;0;0;;;;;1;1;0;0;0
09/12/2014;10:07:00;127;Acidente sem Vítima;270,5;BR-101/ES;Norte;Colisão Lateral;1;0;1;0;0;0;;;;;2;0;0;0;0
09/12/2014;21:42:00;377;Acidente sem Vítima;290;BR-101/ES;Sul;Colisão Traseira;1;0;1;0;0;0;;;;;4;0;0;0;0
09/12/2014;13:17:00;220;Acidente sem Vítima;376;BR-101/ES;Norte;Colisão Transversal;2;0;0;0;0;0;;;;;2;0;0;0;0
09/12/2014;15:31:00;260;Acidente sem Vítima;399;BR-101/ES;Sul;Colisão Lateral;1;0;2;0;0;0;;;;;2;0;0;0;0
10/12/2014;08:38:00;112;Acidente com vítima;85;BR-101/ES;Sul;Queda de Moto;0;0;0;1;0;0;;;;;0;1;0;0;0
10/12/2014;11:48:00;190;Acidente sem Vítima;209;BR-101/ES;Sul;Colisão Traseira;2;0;0;0;0;0;;;;;6;0;0;0;0
10/12/2014;09:55:00;146;Acidente com vítima;212;BR-101/ES;Sul;Colisão Transversal;2;0;0;0;0;0;;;;;3;0;2;0;0
10/12/2014;21:09:00;366;Acidente sem Vítima;269;BR-101/ES;Sul;Colisão Traseira;1;0;2;0;0;0;;;;;2;0;0;0;0
10/12/2014;06:29:00;68;Acidente sem Vítima;271;BR-101/ES;Sul;Queda de Moto;0;0;0;1;0;0;;;;;1;0;0;0;0
10/12/2014;15:37:00;256;Acidente sem Vítima;280;BR-101/ES;Norte;Choque com Objeto Fixo;1;0;0;0;0;0;;;;;1;0;0;0;0
10/12/2014;05:39:00;61;Acidente sem Vítima;285;BR-101/ES;Sul;Colisão Transversal;2;0;0;0;0;0;;;;;2;0;0;0;0
10/12/2014;08:54:00;119;Acidente com vítima;286;BR-101/ES;Norte;Colisão Traseira;0;0;1;1;1;0;;;;;1;0;1;0;0
10/12/2014;02:58:00;32;Acidente com Morte;430;BR-101/ES;Norte;Saída de Pista;0;0;2;0;0;0;;;;;0;0;0;0;1
11/12/2014;14:39:00;213;Acidente com vítima;40;BR-101/ES;Sul;Colisão Frontal;2;0;2;0;0;0;;;;;0;1;2;0;0
11/12/2014;07:22:00;72;Acidente sem Vítima;59;BR-101/ES;Norte;Colisão Traseira;2;0;0;0;0;0;;;;;4;0;0;0;0
11/12/2014;01:09:00;13;Acidente com Morte;94;BR-101/ES;Norte;Saída de Pista;0;0;1;0;0;0;;;;;0;2;1;0;1
11/12/2014;17:18:00;260;Acidente sem Vítima;133;BR-101/ES;Norte;Colisão Lateral;2;0;2;0;0;0;;;;;8;0;0;0;0
11/12/2014;19:48:00;305;Acidente com vítima;148;BR-101/ES;Sul;Queda de Moto;0;0;0;1;0;0;;;;;1;1;0;0;0
11/12/2014;18:46:00;281;Acidente com vítima;154;BR-101/ES;Norte;Saída de Pista;1;0;0;0;0;0;;;;;0;1;0;0;0
11/12/2014;23:52:00;351;Acidente sem Vítima;200;BR-101/ES;Norte;Queda de Moto;0;0;0;1;0;0;;;;;1;0;0;0;0
11/12/2014;04:18:00;48;Acidente com vítima;264;BR-101/ES;Sul;Colisão Traseira;1;0;0;1;0;0;;;;;1;1;0;0;0
11/12/2014;09:55:00;119;Acidente sem Vítima;266;BR-101/ES;Norte;Colisão Lateral;2;0;0;0;0;0;;;;;3;0;0;0;0
11/12/2014;16:26:00;240;Acidente sem Vítima;266;BR-101/ES;Sul;Colisão Lateral;1;0;0;1;0;0;;;;;2;0;0;0;0
11/12/2014;13:46:00;199;Acidente sem Vítima;270;BR-101/ES;Norte;Colisão Traseira;2;0;0;0;0;0;;;;;2;0;0;0;0
11/12/2014;19:51:00;306;Acidente sem Vítima;306,1;BR-101/ES;Sul;Colisão Lateral;1;0;0;0;0;0;;;;;4;0;0;0;0
11/12/2014;11:55:00;158;Acidente com vítima;309;BR-101/ES;Sul;Colisão Traseira;1;0;4;0;0;0;;;;;2;0;0;2;0
11/12/2014;10:50:00;132;Acidente sem Vítima;372,5;BR-101/ES;Sul;Colisão Traseira;2;0;0;0;0;0;;;;;7;0;0;0;0
12/12/2014;21:38:00;375;Acidente sem Vítima;16;BR-101/ES;Norte;Saída de Pista;1;0;0;0;0;0;;;;;1;0;0;0;0
12/12/2014;08:44:00;97;Acidente sem Vítima;85,3;BR-101/ES;Norte;Saída de Pista;1;0;0;0;0;0;;;;;1;0;0;0;0
12/12/2014;17:01:00;282;Acidente sem Vítima;127;BR-101/ES;Sul;Colisão Transversal;1;0;0;1;0;0;;;;;2;0;0;0;0
12/12/2014;19:05:00;321;Acidente sem Vítima;225;BR-101/ES;Sul;Engavetamento;1;0;2;0;0;0;;;;;3;0;0;0;0
12/12/2014;22:37:00;382;Acidente sem Vítima;239;BR-101/ES;Norte;Colisão Traseira;2;0;0;0;0;0;;;;;1;0;0;0;0
12/12/2014;21:31:00;371;Acidente sem Vítima;255;BR-101/ES;Sul;Saída de Pista;1;0;0;0;0;0;;;;;1;0;0;0;0
12/12/2014;09:53:00;123;Acidente com vítima;263;BR-101/ES;Norte;Colisão Lateral;1;0;1;0;0;0;;;;;2;0;2;0;0
12/12/2014;12:35:00;199;Acidente sem Vítima;269;BR-101/ES;Sul;Colisão Traseira;2;0;0;0;0;0;;;;;2;0;0;0;0
12/12/2014;08:31:00;91;Acidente sem Vítima;270;BR-101/ES;Sul;Colisão Traseira;2;0;0;0;0;0;;;;;2;0;0;0;0
12/12/2014;17:56:00;300;Acidente com vítima;288;BR-101/ES;Sul;Colisão Lateral;0;0;1;2;0;0;;;;;1;1;0;0;0
12/12/2014;07:28:00;70;Acidente sem Vítima;302;BR-101/ES;Norte;Colisão Lateral;0;0;1;0;0;1;;;;;4;0;0;0;0
12/12/2014;01:20:00;16;Acidente sem Vítima;343;BR-101/ES;Norte;Atropelamento - Bovino;1;0;0;0;0;0;;;;;1;0;0;0;0
12/12/2014;15:30:00;259;Acidente sem Vítima;361;BR-101/ES;Sul;Saída de Pista;0;0;1;0;0;0;;;;;1;0;0;0;0
12/12/2014;16:46:00;279;Acidente com vítima;414;BR-101/ES;Sul;Colisão Lateral;0;0;0;1;0;0;;;;;0;1;0;0;0
13/12/2014;16:35:00;258;Acidente sem Vítima;123;BR-101/ES;Norte;Queda de Moto;0;0;0;1;0;0;;;;;2;0;0;0;0
13/12/2014;04:16:00;36;Acidente sem Vítima;144;BR-101/ES;Norte;Choque com Objeto Fixo;1;0;0;0;0;0;;;;;1;0;0;0;0
13/12/2014;15:06:00;230;Acidente com vítima;159;BR-101/ES;Norte;Queda de Moto;0;0;0;1;0;0;;;;;0;1;0;0;0
13/12/2014;13:29:00;211;Acidente com vítima;203;BR-101/ES;Sul;Queda de Moto;0;0;0;1;0;0;;;;;0;2;0;0;0
13/12/2014;11:57:00;171;Acidente sem Vítima;254;BR-101/ES;Norte;Colisão Lateral;2;0;0;0;0;0;;;;;4;0;0;0;0
13/12/2014;20:17:00;327;Acidente com vítima;262;BR-101/ES;Norte;Colisão Transversal;2;0;0;0;0;0;;;;;1;1;0;1;0
13/12/2014;07:10:00;67;Acidente sem Vítima;268;BR-101/ES;Sul;Colisão Traseira;0;0;1;0;1;0;;;;;7;0;0;0;0
13/12/2014;07:25:00;70;Acidente com vítima;306;BR-101/ES;Norte;Queda de Moto;0;0;0;1;0;0;;;;;0;0;1;0;0
13/12/2014;19:29:00;304;Acidente sem Vítima;376;BR-101/ES;Sul;Colisão Lateral;2;0;0;0;0;0;;;;;6;0;0;0;0
13/12/2014;06:17:00;58;Acidente sem Vítima;413;BR-101/ES;Sul;Veículo em Chamas;0;0;1;0;0;0;;;;;1;0;0;0;0
13/12/2014;06:24:00;59;Acidente sem Vítima;437,5;BR-101/ES;Sul;Tombamento;0;0;2;0;0;0;;;;;1;0;0;0;0
13/12/2014;10:23:00;126;Acidente sem Vítima;448;BR-101/ES;Norte;Saída de Pista;1;0;0;0;0;0;;;;;1;0;0;0;0
14/12/2014;22:01:00;344;Acidente sem Vítima;32;BR-101/ES;Sul;Colisão Traseira;1;0;1;0;0;0;;;;;2;0;0;0;0
14/12/2014;15:37:00;219;Acidente com vítima;109;BR-101/ES;Norte;Saída de Pista;1;0;0;0;0;0;;;;;1;1;0;0;0
14/12/2014;00:07:00;3;Acidente sem Vítima;125;BR-101/ES;Sul;Colisão Traseira;2;0;0;0;0;0;;;;;4;0;0;0;0
14/12/2014;14:48:00;210;Acidente sem Vítima;212;BR-101/ES;Norte;Engavetamento;3;0;0;0;0;0;;;;;3;0;0;0;0
14/12/2014;23:47:00;358;Acidente com vítima;214;BR-101/ES;Norte;Colisão Frontal;2;0;0;0;0;0;;;;;2;2;1;0;0
14/12/2014;17:00:00;249;Acidente com vítima;230;BR-101/ES;Norte;Queda de Moto;1;0;0;0;0;0;;;;;0;1;0;0;0
14/12/2014;17:44:00;265;Acidente com vítima;242;BR-101/ES;Sul;Colisão Frontal;2;0;0;0;0;0;;;;;2;0;2;0;0
14/12/2014;21:53:00;340;Acidente sem Vítima;265;BR-101/ES;Norte;Colisão Traseira;2;0;0;0;0;0;;;;;3;0;0;0;0
14/12/2014;11:17:00;136;Acidente sem Vítima;291;BR-101/ES;Sul;Colisão Traseira;2;0;0;0;0;0;;;;;3;0;0;0;0
14/12/2014;17:48:00;268;Acidente sem Vítima;298;BR-101/ES;Sul;Colisão Transversal;1;0;0;0;1;0;;;;;6;0;0;0;0
14/12/2014;22:38:00;348;Acidente com vítima;391;BR-101/ES;Sul;Saída de Pista;0;0;2;0;0;0;;;;;0;1;0;0;0
14/12/2014;01:08:00;16;Acidente com vítima;438;BR-101/ES;Norte;Saída de Pista;1;0;0;0;0;0;;;;;0;1;0;0;0
15/12/2014;07:00:00;66;Acidente com vítima;163;BR-101/ES;Norte;Colisão Transversal;1;0;2;0;0;0;;;;;1;0;0;1;0
15/12/2014;16:39:00;249;Acidente sem Vítima;200;BR-101/ES;Norte;Colisão Frontal;1;0;1;0;0;0;;;;;6;0;0;0;0
15/12/2014;02:32:00;28;Acidente sem Vítima;255;BR-101/ES;Norte;Colisão Transversal;0;0;3;0;0;0;;;;;2;0;0;0;0
15/12/2014;22:31:00;347;Acidente sem Vítima;258;BR-101/ES;Norte;Colisão Traseira;2;0;0;0;0;0;;;;;2;0;0;0;0
15/12/2014;03:36:00;42;Acidente sem Vítima;264;BR-101/ES;Sul;Saída de Pista;1;0;0;0;0;0;;;;;1;0;0;0;0
15/12/2014;09:56:00;108;Acidente sem Vítima;265;BR-101/ES;Sul;Colisão Lateral;3;0;1;0;0;0;;;;;4;0;0;0;0
15/12/2014;18:52:00;289;Acidente sem Vítima;266;BR-101/ES;Sul;Colisão Traseira;1;0;0;0;1;0;;;;;2;0;0;0;0
15/12/2014;08:59:00;92;Acidente sem Vítima;277;BR-101/ES;Sul;Atropelamento - Animal;1;0;0;0;0;0;;;;;1;0;0;0;0
15/12/2014;10:49:00;127;Acidente sem Vítima;291,9;BR-101/ES;Sul;Choque com Objeto Fixo;0;0;1;0;0;0;;;;;1;0;0;0;0
15/12/2014;12:12:00;164;Acidente com vítima;292;BR-101/ES;Sul;Choque com Objeto Fixo;0;0;1;0;0;0;;;;;0;1;0;0;0
15/12/2014;10:07:00;113;Acidente sem Vítima;301;BR-101/ES;Norte;Colisão Lateral;1;0;5;0;0;0;;;;;4;0;0;0;0
15/12/2014;03:53:00;44;Acidente com vítima;316;BR-101/ES;Norte;Saída de Pista;0;0;1;0;0;0;;;;;0;1;0;0;0
15/12/2014;23:38:00;357;Acidente sem Vítima;382;BR-101/ES;Sul;Saída de Pista;0;0;1;0;0;0;;;;;1;0;0;0;0
15/12/2014;22:57:00;350;Acidente sem Vítima;391;BR-101/ES;Sul;Saída de Pista;1;0;0;0;0;0;;;;;1;0;0;0;0
15/12/2014;10:09:00;116;Acidente com vítima;432;BR-101/ES;Norte;Colisão Transversal;2;0;0;0;0;0;;;;;2;1;2;0;0
15/12/2014;07:42:00;75;Acidente sem Vítima;452;BR-101/ES;Sul;Colisão Traseira;0;0;2;0;1;0;;;;;6;0;0;0;0
15/12/2014;17:59:00;271;Acidente sem Vítima;452;BR-101/ES;Sul;Choque com Objeto Fixo;0;0;1;0;0;0;;;;;1;0;0;0;0
16/12/2014;07:59:00;73;Acidente com vítima;64;BR-101/ES;Sul;Colisão Lateral;2;0;0;1;0;0;;;;;2;0;1;0;0
16/12/2014;11:41:00;161;Acidente com vítima;65,5;BR-101/ES;Norte;Colisão Traseira;1;0;0;1;0;0;;;;;1;1;0;0;0
16/12/2014;20:56:00;357;Acidente sem Vítima;171;BR-101/ES;Sul;Colisão Traseira;0;0;7;0;0;0;;;;;2;0;0;0;0
16/12/2014;20:09:00;341;Acidente sem Vítima;209,5;BR-101/ES;Norte;Colisão Lateral;0;0;0;0;2;0;;;;;25;0;0;0;0
16/12/2014;07:21:00;56;Acidente sem Vítima;247;BR-101/ES;Norte;Colisão Lateral;2;0;0;0;0;0;;;;;3;0;0;0;0
16/12/2014;17:16:00;282;Acidente com vítima;264;BR-101/ES;Sul;Queda de Moto;0;0;0;1;0;0;;;;;0;1;0;0;0
16/12/2014;19:59:00;338;Acidente com vítima;265;BR-101/ES;Norte;Colisão Traseira;1;0;0;0;1;1;;;;;3;1;0;0;0
16/12/2014;16:22:00;255;Acidente sem Vítima;266;BR-101/ES;Sul;Engavetamento;2;0;2;0;0;0;;;;;4;0;0;0;0
16/12/2014;07:41:00;62;Acidente sem Vítima;269;BR-101/ES;Norte;Colisão Traseira;1;0;0;1;0;0;;;;;2;0;0;0;0
16/12/2014;18:16:00;297;Acidente sem Vítima;299;BR-101/ES;Sul;Colisão Traseira;0;0;2;0;1;0;;;;;2;0;0;0;0
16/12/2014;07:59:00;72;Acidente com vítima;317;BR-101/ES;Norte;Colisão Transversal;1;0;0;1;0;0;;;;;1;1;0;0;0
16/12/2014;12:18:00;181;Acidente sem Vítima;347;BR-101/ES;Sul;Colisão Traseira;2;0;0;0;0;0;;;;;2;0;0;0;0
17/12/2014;09:59:00;135;Acidente sem Vítima;18,8;BR-101/ES;Norte;Tombamento;0;0;3;0;0;0;;;;;1;0;0;0;0
17/12/2014;06:55:00;66;Acidente com vítima;69;BR-101/ES;Norte;Queda de Moto;0;0;0;1;0;0;;;;;1;1;0;0;0
17/12/2014;04:41:00;51;Acidente sem Vítima;114;BR-101/ES;Norte;Colisão Lateral;0;0;2;0;0;0;;;;;1;0;0;0;0
17/12/2014;08:55:00;113;Acidente com vítima;144;BR-101/ES;Norte;Queda de Moto;0;0;0;1;0;0;;;;;0;1;0;0;0
17/12/2014;17:40:00;284;Acidente com vítima;177;BR-101/ES;Norte;Colisão Transversal;1;0;0;1;0;0;;;;;1;0;0;1;0
17/12/2014;15:42:00;253;Acidente sem Vítima;244;BR-101/ES;Sul;Colisão Lateral;2;0;0;0;0;0;;;;;2;0;0;0;0
17/12/2014;23:25:00;373;Acidente com Morte;259;BR-101/ES;Sul;Colisão Frontal;1;0;2;0;0;0;;;;;1;0;0;0;1
17/12/2014;12:07:00;192;Acidente sem Vítima;268;BR-101/ES;Sul;Queda de Moto;0;0;0;1;0;0;;;;;2;0;0;0;0
17/12/2014;10:07:00;138;Acidente sem Vítima;270;BR-101/ES;Norte;Colisão Lateral;0;0;3;0;0;0;;;;;2;0;0;0;0
17/12/2014;17:11:00;272;Acidente com vítima;270;BR-101/ES;Sul;Colisão Lateral;1;0;0;1;0;0;;;;;1;1;0;0;0
17/12/2014;22:08:00;362;Acidente sem Vítima;270;BR-101/ES;Sul;Queda de Moto;1;0;0;0;0;0;;;;;1;0;0;0;0
17/12/2014;08:38:00;108;Acidente sem Vítima;285;BR-101/ES;Sul;Colisão Lateral;2;0;1;0;0;0;;;;;3;0;0;0;0
17/12/2014;18:32:00;303;Acidente sem Vítima;287;BR-101/ES;Sul;Engavetamento;2;0;1;0;0;0;;;;;4;0;0;0;0
17/12/2014;22:24:00;365;Acidente com Morte;289;BR-101/ES;Norte;Colisão Frontal;0;0;1;1;0;0;;;;;1;0;0;1;1
17/12/2014;18:14:00;299;Acidente sem Vítima;302;BR-101/ES;Norte;Colisão Lateral;0;0;1;1;0;0;;;;;2;0;0;0;0
17/12/2014;07:09:00;69;Acidente com vítima;351;BR-101/ES;Norte;Colisão Lateral;2;0;0;0;0;0;;;;;2;2;0;0;0
17/12/2014;15:20:00;246;Acidente sem Vítima;948;BR-101/BA;Sul;Saída de Pista;1;0;0;0;0;0;;;;;2;0;0;0;0
18/12/2014;17:27:00;288;Acidente sem Vítima;107;BR-101/ES;Norte;Colisão Traseira;1;0;1;0;0;0;;;;;4;0;0;0;0
18/12/2014;20:49:00;340;Acidente sem Vítima;130;BR-101/ES;Norte;Colisão Lateral;1;0;1;0;1;0;;;;;5;0;0;0;0
18/12/2014;22:21:00;363;Acidente sem Vítima;145;BR-101/ES;Norte;Engavetamento;3;0;0;0;0;0;;;;;3;0;0;0;0
18/12/2014;07:56:00;83;Acidente sem Vítima;146;BR-101/ES;Norte;Colisão Lateral;2;0;0;0;0;0;;;;;2;0;0;0;0
18/12/2014;08:13:00;86;Acidente com vítima;147;BR-101/ES;Norte;Colisão Lateral;1;0;0;1;0;0;;;;;2;0;1;0;0
18/12/2014;11:17:00;163;Acidente sem Vítima;147;BR-101/ES;Sul;Colisão Traseira;1;0;1;0;0;0;;;;;2;0;0;0;0
18/12/2014;05:48:00;58;Acidente com vítima;155;BR-101/ES;Sul;Queda de Moto;1;0;0;0;0;0;;;;;0;1;0;0;0
18/12/2014;23:13:00;372;Acidente sem Vítima;160;BR-101/ES;Norte;Colisão Traseira;1;0;1;0;0;0;;;;;2;0;0;0;0
18/12/2014;10:11:00;134;Acidente sem Vítima;163;BR-101/ES;Norte;Queda de Moto;0;0;0;1;0;0;;;;;1;0;0;0;0
18/12/2014;16:30:00;273;Acidente sem Vítima;263;BR-101/ES;Norte;Choque;1;0;0;0;0;0;;;;;1;0;0;0;0
18/12/2014;15:47:00;259;Acidente sem Vítima;265,5;BR-101/ES;Norte;Choque;1;0;1;0;0;0;;;;;2;0;0;0;0
18/12/2014;12:00:00;179;Acidente sem Vítima;269;BR-101/ES;Norte;Colisão Traseira;2;0;0;0;0;0;;;;;2;0;0;0;0
18/12/2014;08:38:00;94;Acidente sem Vítima;270;BR-101/ES;Norte;Engavetamento;2;0;2;0;0;0;;;;;3;0;0;0;0
18/12/2014;13:47:00;226;Acidente sem Vítima;273;BR-101/ES;Sul;Saída de Pista;1;0;0;0;0;0;;;;;1;0;0;0;0
18/12/2014;12:51:00;205;Acidente sem Vítima;279;BR-101/ES;Sul;Colisão Traseira;2;0;0;0;0;0;;;;;2;0;0;0;0
18/12/2014;07:34:00;75;Acidente com vítima;298;BR-101/ES;Sul;Engavetamento;2;0;1;0;0;0;;;;;2;1;0;0;0
18/12/2014;16:08:00;266;Acidente sem Vítima;301;BR-101/ES;Sul;Colisão Transversal;2;0;0;0;0;0;;;;;4;0;0;0;0
18/12/2014;17:11:00;285;Acidente sem Vítima;315;BR-101/ES;Sul;Colisão Lateral;1;0;1;0;0;1;;;;;2;0;0;0;0
18/12/2014;16:35:00;276;Acidente sem Vítima;455;BR-101/ES;Norte;Veículo em Chamas;1;0;0;0;0;0;;;;;3;0;0;0;0
19/12/2014;22:21:00;427;Acidente sem Vítima;6;BR-101/ES;Sul;Veículo em Chamas;1;0;0;0;0;0;;;;;4;0;0;0;0
19/12/2014;10:30:00;167;Acidente sem Vítima;37,5;BR-101/ES;Sul;Colisão Lateral;2;0;0;0;0;0;;;;;2;0;0;0;0
19/12/2014;16:18:00;300;Acidente sem Vítima;107;BR-101/ES;Norte;Colisão Traseira;2;0;0;0;0;0;;;;;2;0;0;0;0
19/12/2014;07:04:00;87;Acidente com vítima;147;BR-101/ES;Norte;Queda de Moto;0;0;0;1;0;0;;;;;0;1;0;0;0
19/12/2014;08:51:00;131;Acidente sem Vítima;149;BR-101/ES;Sul;Colisão Lateral;1;0;1;0;0;0;;;;;3;0;0;0;0
19/12/2014;15:40:00;287;Acidente com vítima;152;BR-101/ES;Norte;Colisão Traseira;2;0;0;0;0;0;;;;;3;1;0;0;0
19/12/2014;17:31:00;319;Acidente com vítima;166;BR-101/ES;Sul;Queda de Moto;0;0;0;1;0;0;;;;;0;0;1;0;0
19/12/2014;14:58:00;275;Acidente sem Vítima;186;BR-101/ES;Sul;Colisão Lateral;1;0;2;0;0;0;;;;;4;0;0;0;0
19/12/2014;16:31:00;304;Acidente sem Vítima;265;BR-101/ES;Norte;Colisão Traseira;2;0;0;0;0;0;;;;;2;0;0;0;0
19/12/2014;17:05:00;313;Acidente com vítima;266;BR-101/ES;Sul;Atropelamento e Fuga;0;0;0;1;0;0;;;;;0;1;0;0;0
19/12/2014;18:42:00;345;Acidente sem Vítima;266;BR-101/ES;Sul;Colisão Lateral;1;0;1;0;0;0;;;;;2;0;0;0;0
19/12/2014;15:28:00;282;Acidente com Morte;268;BR-101/ES;Sul;Colisão Lateral;0;0;2;1;1;0;;;;;3;0;0;0;1
19/12/2014;11:41:00;209;Acidente sem Vítima;269;BR-101/ES;Sul;Colisão Traseira;2;0;0;0;0;0;;;;;3;0;0;0;0
19/12/2014;11:12:00;193;Acidente sem Vítima;270;BR-101/ES;Norte;Colisão Lateral;1;0;2;0;0;0;;;;;2;0;0;0;0
19/12/2014;15:37:00;284;Acidente sem Vítima;270;BR-101/ES;Sul;Engavetamento;3;0;0;0;0;0;;;;;2;0;0;0;0
19/12/2014;08:41:00;126;Acidente sem Vítima;270,5;BR-101/ES;Norte;Colisão Traseira;1;0;2;0;0;0;;;;;2;0;0;0;0
19/12/2014;06:44:00;84;Acidente sem Vítima;285;BR-101/ES;Norte;Saída de Pista;1;0;0;0;0;0;;;;;1;0;0;0;0
19/12/2014;20:44:00;394;Acidente sem Vítima;375;BR-101/ES;Sul;Colisão Lateral;2;0;0;0;0;0;;;;;5;0;0;0;0
19/12/2014;13:10:00;246;Acidente com vítima;426;BR-101/ES;Norte;Saída de Pista;0;0;2;0;0;0;;;;;0;2;0;0;0
20/12/2014;08:44:00;116;Acidente com vítima;124,5;BR-101/ES;Norte;Colisão Transversal;1;0;0;1;1;0;;;;;2;0;1;0;0
20/12/2014;12:55:00;229;Acidente sem Vítima;141;BR-101/ES;Sul;Saída de Pista;0;0;2;0;0;0;;;;;2;0;0;0;0
20/12/2014;07:10:00;82;Acidente com vítima;147;BR-101/ES;Sul;Colisão Traseira;2;0;0;0;0;0;;;;;4;1;0;0;0
20/12/2014;17:19:00;299;Acidente com vítima;163;BR-101/ES;Sul;Saída de Pista;1;0;0;0;0;0;;;;;0;2;1;0;0
20/12/2014;19:43:00;342;Acidente sem Vítima;166;BR-101/ES;Sul;Colisão Lateral;1;0;2;0;0;0;;;;;6;0;0;0;0
20/12/2014;12:24:00;216;Acidente sem Vítima;169;BR-101/ES;Sul;Saída de Pista;1;0;0;0;0;0;;;;;1;0;0;0;0
20/12/2014;04:37:00;58;Acidente com vítima;196;BR-101/ES;Norte;Capotamento;1;0;0;0;0;0;;;;;1;1;0;0;0