data;horario;n_da_ocorrencia;tipo_de_ocorrencia;km;trecho;sentido;tipo_de_acidente;automovel;bicicleta;caminhao;moto;onibus;outros;tracao_animal;transporte_de_cargas_especiais;trator_maquinas;utilitarios;ilesos;levemente_feridos;moderadamente_feridos;gravemente_feridos;mortos
03/01/2015;15:44:00;237;Acidente sem Vítima;125,5;BR-101/ES;Norte;Colisão Lateral;1;0;1;0;0;0;;;;;3;0;0;0;0
03/01/2015;14:55:00;221;Acidente com vítima;166;BR-101/ES;Norte;Colisão Lateral;1;0;0;1;0;0;;;;;4;1;0;0;0
03/01/2015;17:01:00;259;Acidente sem Vítima;254,9;BR-101/ES;Sul;Colisão Traseira;2;0;0;0;0;0;;;;;2;0;0;0;0
03/01/2015;18:15:00;273;Acidente sem Vítima;255;BR-101/ES;Sul;Colisão Traseira;2;0;0;0;0;0;;;;;2;0;0;0;0
03/01/2015;09:34:00;104;Acidente sem Vítima;262;BR-101/ES;Norte;Colisão Traseira;2;0;0;0;0;0;;;;;4;0;0;0;0
03/01/2015;22:22:00;353;Acidente com vítima;264;BR-101/ES;Norte;Colisão Traseira;1;0;0;1;0;0;;;;;2;1;0;0;0
03/01/2015;09:31:00;103;Acidente sem Vítima;279;BR-101/ES;Sul;Colisão Transversal;0;0;1;1;0;0;;;;;2;0;0;0;0
03/01/2015;10:48:00;131;Acidente sem Vítima;322;BR-101/ES;Norte;Queda de Moto;2;0;0;0;0;0;;;;;2;0;0;0;0
03/01/2015;11:12:00;142;Acidente sem Vítima;322;BR-101/ES;Norte;Engavetamento;3;0;0;0;0;0;;;;;9;0;0;0;0
03/01/2015;11:30:00;152;Acidente sem Vítima;328;BR-101/ES;Sul;Colisão Traseira;1;0;1;0;0;0;;;;;4;0;0;0;0
03/01/2015;22:30:00;355;Acidente com Morte;338;BR-101/ES;Norte;Queda de ciclista;1;1;0;0;0;0;;;;;1;0;0;0;1
03/01/2015;07:55:00;79;Acidente sem Vítima;458;BR-101/ES;Sul;Colisão Transversal;2;0;0;0;0;0;;;;;6;0;0;0;0
04/01/2015;09:05:00;113;Acidente sem Vítima;27;BR-101/ES;Norte;Colisão Traseira;2;0;0;0;0;0;;;;;2;0;0;0;0
04/01/2015;10:45:00;143;Acidente sem Vítima;61;BR-101/ES;Sul;Colisão Traseira;2;0;0;0;0;0;;;;;2;0;0;0;0
04/01/2015;13:28:00;210;Acidente sem Vítima;69;BR-101/ES;Norte;Queda de ciclista;0;1;0;0;0;0;;;;;1;0;0;0;0
04/01/2015;11:06:00;151;Acidente sem Vítima;90,4;BR-101/ES;Sul;Colisão Traseira;2;0;0;0;0;0;;;;;5;0;0;0;0
04/01/2015;12:17:00;188;Acidente sem Vítima;107;BR-101/ES;Sul;Engavetamento;4;0;0;0;0;0;;;;;8;0;0;0;0
04/01/2015;12:07:00;185;Acidente com vítima;125;BR-101/ES;Norte;Colisão Lateral;1;0;0;1;0;0;;;;;1;1;0;0;0
04/01/2015;17:58:00;304;Acidente sem Vítima;228;BR-101/ES;Sul;Colisão Traseira;1;0;1;0;0;0;;;;;4;0;0;0;0
04/01/2015;17:26:00;295;Acidente sem Vítima;229;BR-101/ES;Sul;Colisão Traseira;1;0;0;1;0;0;;;;;6;0;0;0;0
04/01/2015;17:33:00;298;Acidente sem Vítima;251;BR-101/ES;Sul;Engavetamento;4;0;0;0;0;0;;;;;4;0;0;0;0
04/01/2015;09:03:00;111;Acidente sem Vítima;269;BR-101/ES;Norte;Colisão Traseira;2;0;0;0;0;0;;;;;2;0;0;0;0
04/01/2015;10:42:00;141;Acidente sem Vítima;269;BR-101/ES;Norte;Colisão Lateral;2;0;0;0;0;0;;;;;3;0;0;0;0
04/01/2015;19:08:00;324;Acidente sem Vítima;284;BR-101/ES;Sul;Colisão Traseira;2;0;0;0;0;0;;;;;3;0;0;0;0
04/01/2015;09:44:00;126;Acidente sem Vítima;354,2;BR-101/ES;Sul;Engavetamento;3;0;0;0;0;0;;;;;7;0;0;0;0
04/01/2015;11:52:00;177;Acidente com vítima;371;BR-101/ES;Sul;Colisão Transversal;1;0;2;0;0;0;;;;;5;1;0;0;0
05/01/2015;09:53:00;121;Acidente sem Vítima;145;BR-101/ES;Norte;Colisão Lateral;2;0;0;0;0;0;;;;;2;0;0;0;0
05/01/2015;10:16:00;129;Acidente sem Vítima;145;BR-101/ES;Norte;Colisão Traseira;3;0;0;0;0;0;;;;;3;0;0;0;0
05/01/2015;18:23:00;299;Acidente sem Vítima;150;BR-101/ES;Sul;Colisão Transversal;2;0;0;0;0;0;;;;;3;0;0;0;0
05/01/2015;19:32:00;326;Acidente sem Vítima;190,1;BR-101/ES;Sul;Saída de Pista;1;0;0;0;0;0;;;;;1;0;0;0;0
05/01/2015;12:58:00;207;Acidente com vítima;225;BR-101/ES;Norte;Colisão Lateral;3;0;0;0;0;0;;;;;4;1;0;0;0
05/01/2015;07:26:00;62;Acidente sem Vítima;325;BR-101/ES;Sul;Colisão Lateral;1;0;0;0;1;0;;;;;22;0;0;0;0
05/01/2015;18:20:00;298;Acidente sem Vítima;343;BR-101/ES;Norte;Colisão Traseira;2;0;0;0;0;0;;;;;2;0;0;0;0
05/01/2015;13:23:00;218;Acidente sem Vítima;372;BR-101/ES;Sul;Colisão Traseira;2;0;0;0;0;0;;;;;2;0;0;0;0
06/01/2015;16:06:00;263;Acidente com vítima;107;BR-101/ES;Norte;Queda de Moto;0;0;0;1;0;0;;;;;0;2;0;0;0
06/01/2015;04:29:00;56;Acidente sem Vítima;112;BR-101/ES;Norte;Capotamento;1;0;0;0;0;0;;;;;1;0;0;0;0
06/01/2015;12:17:00;198;Acidente sem Vítima;125;BR-101/ES;Norte;Engavetamento;3;0;0;0;0;0;;;;;9;0;0;0;0
06/01/2015;18:05:00;294;Acidente com vítima;166;BR-101/ES;Norte;Colisão Traseira;1;0;0;1;0;0;;;;;1;1;0;0;0
06/01/2015;19:25:00;311;Acidente sem Vítima;170;BR-101/ES;Sul;Colisão Traseira;0;0;1;0;1;0;;;;;2;0;0;0;0
06/01/2015;14:39:00;242;Acidente sem Vítima;176;BR-101/ES;Sul;Colisão Traseira;2;0;0;0;0;0;;;;;2;0;0;0;0
06/01/2015;11:36:00;179;Acidente com Morte;233;BR-101/ES;Norte;Colisão Frontal;2;0;4;0;0;0;;;;;7;1;0;1;1
06/01/2015;17:54:00;292;Acidente sem Vítima;244;BR-101/ES;Norte;Colisão Lateral;1;0;1;0;0;0;;;;;4;0;0;0;0
06/01/2015;00:50:00;12;Acidente com vítima;264;BR-101/ES;Norte;Queda de Moto;0;0;0;1;0;0;;;;;0;1;0;0;0
06/01/2015;07:34:00;79;Acidente sem Vítima;264,5;BR-101/ES;Norte;Queda de Moto;0;0;0;1;0;0;;;;;1;0;0;0;0
06/01/2015;19:29:00;312;Acidente com vítima;265;BR-101/ES;Norte;Queda de Moto;1;0;0;0;0;0;;;;;0;2;0;0;0
06/01/2015;15:50:00;256;Acidente sem Vítima;268;BR-101/ES;Sul;Colisão Lateral;0;0;3;0;0;0;;;;;2;0;0;0;0
06/01/2015;07:51:00;88;Acidente com vítima;270;BR-101/ES;Sul;Queda de Moto;0;0;0;1;0;0;;;;;0;2;0;0;0
06/01/2015;10:46:00;156;Acidente sem Vítima;307,8;BR-101/ES;Sul;Colisão Lateral;0;0;3;0;0;0;;;;;2;0;0;0;0
06/01/2015;08:58:00;115;Acidente com vítima;313;BR-101/ES;Sul;Colisão Traseira;2;0;0;1;0;0;;;;;3;0;1;0;0
06/01/2015;06:15:00;66;Acidente sem Vítima;399;BR-101/ES;Norte;Colisão Traseira;0;0;3;0;0;0;;;;;2;0;0;0;0
07/01/2015;09:58:00;127;Atropelamento sem Morte;65;BR-101/ES;Norte;Atropelamento;1;0;0;0;0;0;;;;;1;1;0;0;0
07/01/2015;18:49:00;296;Acidente com vítima;67;BR-101/ES;Norte;Colisão Traseira;1;0;0;1;0;0;;;;;2;1;0;0;0
07/01/2015;05:41:00;57;Acidente sem Vítima;69;BR-101/ES;Norte;Atropelamento - Equino;0;0;1;0;0;0;;;;;1;0;0;0;0
07/01/2015;00:20:00;3;Acidente com vítima;127;BR-101/ES;Sul;Colisão;0;1;0;1;0;0;;;;;0;0;2;0;0
07/01/2015;18:55:00;297;Acidente sem Vítima;149;BR-101/ES;Norte;Colisão Frontal;1;0;0;0;1;0;;;;;3;0;0;0;0
07/01/2015;08:20:00;88;Acidente com vítima;174;BR-101/ES;Sul;Colisão Traseira;1;0;0;1;0;0;;;;;1;1;0;0;0
07/01/2015;14:04:00;228;Acidente sem Vítima;262;BR-101/ES;Sul;Colisão Traseira;0;0;6;0;0;0;;;;;2;0;0;0;0
07/01/2015;17:54:00;280;Acidente sem Vítima;266;BR-101/ES;Sul;Colisão Traseira;2;0;0;0;0;0;;;;;2;0;0;0;0
07/01/2015;14:59:00;238;Acidente sem Vítima;267;BR-101/ES;Norte;Saída de Pista;1;0;0;0;0;0;;;;;1;0;0;0;0
07/01/2015;07:12:00;67;Acidente com vítima;309;BR-101/ES;Norte;Colisão Traseira;1;0;0;1;0;0;;;;;1;1;0;0;0
07/01/2015;09:45:00;121;Acidente sem Vítima;316;BR-101/ES;Sul;Colisão Lateral;1;0;1;0;0;0;;;;;6;0;0;0;0
08/01/2015;16:00:00;298;Acidente sem Vítima;27;BR-101/ES;Sul;Colisão Traseira;2;0;1;0;0;0;;;;;3;0;0;0;0
08/01/2015;19:04:00;367;Acidente sem Vítima;31;BR-101/ES;Norte;Engavetamento;3;0;0;0;0;0;;;;;8;0;0;0;0
08/01/2015;10:40:00;158;Acidente sem Vítima;68,5;BR-101/ES;Sul;Colisão Traseira;2;0;0;0;0;0;;;;;2;0;0;0;0
08/01/2015;06:58:00;67;Acidente sem Vítima;129;BR-101/ES;Sul;Colisão Lateral;1;0;0;1;0;0;;;;;3;0;0;0;0
08/01/2015;17:52:00;346;Acidente sem Vítima;140;BR-101/ES;Norte;Colisão Traseira;1;0;2;0;0;0;;;;;4;0;0;0;0
08/01/2015;22:17:00;431;Acidente com vítima;176;BR-101/ES;Norte;Colisão Traseira;2;0;0;0;0;0;;;;;2;1;0;0;0
08/01/2015;17:39:00;338;Acidente sem Vítima;263;BR-101/ES;Sul;Colisão Lateral;2;0;0;1;0;0;;;;;3;0;0;0;0
08/01/2015;11:58:00;205;Acidente com vítima;266;BR-101/ES;Norte;Colisão Traseira;2;0;0;0;0;0;;;;;2;1;0;0;0
08/01/2015;09:06:00;118;Acidente sem Vítima;269;BR-101/ES;Norte;Colisão Traseira;2;0;0;0;0;0;;;;;3;0;0;0;0
08/01/2015;08:50:00;106;Atropelamento sem Morte;270;BR-101/ES;Sul;Atropelamento;1;0;0;1;0;0;;;;;2;1;0;0;0
08/01/2015;09:19:00;128;Acidente sem Vítima;270;BR-101/ES;Norte;Colisão Lateral;1;0;2;0;0;0;;;;;2;0;0;0;0
08/01/2015;20:37:00;402;Acidente com vítima;295;BR-101/ES;Norte;Colisão Lateral;1;0;0;0;0;0;;;;;2;1;0;0;0
08/01/2015;15:13:00;283;Acidente sem Vítima;296;BR-101/ES;Norte;Choque com Objeto Fixo;1;0;0;0;0;0;;;;;1;0;0;0;0
09/01/2015;09:32:00;124;Acidente com vítima;148;BR-101/ES;Norte;Colisão Traseira;1;0;0;1;0;0;;;;;1;1;0;0;0
09/01/2015;16:24:00;266;Acidente com vítima;149;BR-101/ES;Norte;Colisão Traseira;2;0;0;0;0;0;;;;;2;4;0;0;0
09/01/2015;06:39:00;67;Acidente com vítima;176;BR-101/ES;Norte;Colisão Traseira;0;0;1;1;0;0;;;;;1;0;1;0;0
09/01/2015;09:41:00;125;Acidente sem Vítima;261;BR-101/ES;Sul;Saída de Pista;1;0;0;0;0;0;;;;;2;0;0;0;0
09/01/2015;17:40:00;296;Acidente com vítima;268;BR-101/ES;Sul;Colisão Lateral;1;0;0;1;0;0;;;;;1;2;0;0;0
09/01/2015;08:16:00;91;Acidente com vítima;270;BR-101/ES;Sul;Colisão;1;1;0;0;0;0;;;;;1;1;0;0;0
09/01/2015;15:50:00;255;Acidente sem Vítima;299,5;BR-101/ES;Norte;Colisão Traseira;1;0;1;0;0;0;;;;;3;0;0;0;0
09/01/2015;07:34:00;77;Acidente sem Vítima;302;BR-101/ES;Sul;Colisão Lateral;1;0;3;0;0;0;;;;;3;0;0;0;0
09/01/2015;20:22:00;362;Acidente sem Vítima;321;BR-101/ES;Sul;Colisão Traseira;1;0;1;0;0;0;;;;;3;0;0;0;0
09/01/2015;16:52:00;280;Atropelamento sem Morte;329;BR-101/ES;Norte;Atropelamento;0;0;0;1;0;0;;;;;0;2;0;0;0
09/01/2015;13:16:00;213;Acidente sem Vítima;399;BR-101/ES;Norte;Colisão Traseira;2;0;0;0;0;0;;;;;5;0;0;0;0
09/01/2015;14:32:00;234;Acidente com vítima;459;BR-101/ES;Sul;Saída de Pista;1;0;0;0;0;0;;;;;0;1;1;2;0
10/01/2015;10:40:00;149;Acidente sem Vítima;68;BR-101/ES;Norte;Engavetamento;3;0;0;0;0;0;;;;;3;0;0;0;0
10/01/2015;07:50:00;81;Acidente com vítima;144;BR-101/ES;Norte;Queda de Moto;0;0;0;1;0;0;;;;;0;0;1;0;0
10/01/2015;10:46:00;155;Acidente com vítima;147;BR-101/ES;Sul;Colisão Lateral;1;0;0;1;0;0;;;;;1;1;0;0;0
10/01/2015;22:55:00;396;Acidente com vítima;148;BR-101/ES;Norte;Colisão Traseira;1;0;4;0;0;0;;;;;2;0;1;0;0
10/01/2015;00:10:00;2;Acidente com vítima;150;BR-101/ES;Sul;Colisão Frontal;2;0;0;0;0;0;;;;;1;6;1;1;0
10/01/2015;05:49:00;48;Acidente com vítima;150;BR-101/ES;Sul;Colisão Frontal;1;0;0;1;0;0;;;;;1;1;0;0;0
10/01/2015;13:42:00;233;Acidente sem Vítima;219;BR-101/ES;Sul;Saída de Pista;1;0;0;0;0;0;;;;;1;0;0;0;0
10/01/2015;12:59:00;214;Acidente com vítima;259;BR-101/ES;Sul;Colisão Lateral;1;0;1;0;0;0;;;;;1;0;1;0;0
10/01/2015;16:58:00;299;Acidente com vítima;262;BR-101/ES;Norte;Colisão Lateral;3;0;0;0;0;0;;;;;2;1;0;0;0
10/01/2015;15:42:00;269;Acidente sem Vítima;272;BR-101/ES;Norte;Capotamento;1;0;0;0;0;0;;;;;1;0;0;0;0
10/01/2015;10:27:00;142;Acidente sem Vítima;274;BR-101/ES;Norte;Queda de Moto;1;0;0;0;0;0;;;;;1;0;0;0;0
10/01/2015;11:13:00;171;Acidente sem Vítima;291;BR-101/ES;Sul;Engavetamento;3;0;0;0;0;0;;;;;8;0;0;0;0
10/01/2015;11:56:00;189;Acidente com vítima;323;BR-101/ES;Norte;Colisão Traseira;0;0;0;2;0;0;;;;;1;1;0;0;0
10/01/2015;21:38:00;383;Acidente com vítima;330;BR-101/ES;Norte;Saída de Pista;0;0;0;0;1;0;;;;;31;7;4;0;0
11/01/2015;16:54:00;247;Acidente sem Vítima;170,2;BR-101/ES;Norte;Colisão Lateral;2;0;0;0;0;0;;;;;10;0;0;0;0
11/01/2015;16:04:00;236;Acidente sem Vítima;250;BR-101/ES;Norte;Colisão Traseira;2;0;0;0;0;0;;;;;7;0;0;0;0
11/01/2015;18:01:00;272;Acidente com vítima;251;BR-101/ES;Sul;Engavetamento;3;0;0;0;0;0;;;;;3;0;0;1;0
11/01/2015;17:17:00;255;Acidente com vítima;263;BR-101/ES;Norte;Queda de Moto;0;0;0;1;0;0;;;;;0;2;0;0;0
11/01/2015;15:59:00;234;Acidente com vítima;264;BR-101/ES;Norte;Colisão Lateral;1;0;0;1;0;0;;;;;2;1;0;0;0
11/01/2015;20:19:00;317;Acidente sem Vítima;266;BR-101/ES;Norte;Colisão Traseira;2;0;0;0;0;0;;;;;6;0;0;0;0
11/01/2015;11:26:00;150;Acidente sem Vítima;301;BR-101/ES;Norte;Colisão Traseira;2;0;0;0;0;0;;;;;5;0;0;0;0
11/01/2015;22:26:00;355;Acidente sem Vítima;308;BR-101/ES;Sul;Choque com Objeto Fixo;1;0;0;0;0;0;;;;;2;0;0;0;0
11/01/2015;17:31:00;260;Acidente sem Vítima;326;BR-101/ES;Sul;Engavetamento;4;0;0;0;0;0;;;;;14;0;0;0;0
11/01/2015;18:36:00;279;Acidente sem Vítima;327;BR-101/ES;Norte;Colisão Traseira;2;0;0;0;0;0;;;;;8;0;0;0;0
11/01/2015;13:49:00;202;Acidente sem Vítima;330;BR-101/ES;Norte;Colisão Traseira;2;0;0;0;0;0;;;;;3;0;0;0;0
12/01/2015;14:33:00;253;Acidente sem Vítima;54;BR-101/ES;Sul;Saída de Pista;1;0;0;0;0;0;;;;;2;0;0;0;0
12/01/2015;13:45:00;239;Acidente sem Vítima;66;BR-101/ES;Sul;Colisão Traseira;2;0;0;0;0;0;;;;;2;0;0;0;0
12/01/2015;14:14:00;248;Acidente com vítima;103;BR-101/ES;Sul;Saída de Pista;0;0;1;0;0;0;;;;;0;0;1;0;0
12/01/2015;15:48:00;275;Acidente com vítima;150;BR-101/ES;Norte;Queda de Moto;0;0;0;1;0;0;;;;;0;2;0;0;0
12/01/2015;06:45:00;56;Acidente sem Vítima;203;BR-101/ES;Norte;Colisão Traseira;1;0;1;0;0;0;;;;;5;0;0;0;0
12/01/2015;15:31:00;268;Acidente sem Vítima;264;BR-101/ES;Norte;Colisão Transversal;0;0;3;0;0;0;;;;;2;0;0;0;0
12/01/2015;16:55:00;297;Acidente sem Vítima;269,8;BR-101/ES;Sul;Colisão Lateral;1;0;1;0;0;0;;;;;2;0;0;0;0
12/01/2015;07:06:00;60;Acidente com vítima;270;BR-101/ES;Sul;Colisão Traseira;0;0;1;1;0;0;;;;;1;1;0;0;0
12/01/2015;08:10:00;73;Acidente sem Vítima;270;BR-101/ES;Sul;Colisão Lateral;1;0;0;1;0;0;;;;;2;0;0;0;0
12/01/2015;17:48:00;311;Acidente sem Vítima;271;BR-101/ES;Sul;Colisão Lateral;1;0;1;0;0;0;;;;;2;0;0;0;0
12/01/2015;08:28:00;80;Acidente sem Vítima;275;BR-101/ES;Sul;Colisão Traseira;0;0;3;0;0;0;;;;;2;0;0;0;0
12/01/2015;20:40:00;375;Acidente sem Vítima;292,8;BR-101/ES;Sul;Colisão Traseira;1;0;1;0;0;0;;;;;2;0;0;0;0
12/01/2015;16:22:00;288;Acidente sem Vítima;309;BR-101/ES;Norte;Saída de Pista;1;0;0;0;0;0;;;;;1;0;0;0;0
12/01/2015;17:48:00;310;Acidente sem Vítima;335;BR-101/ES;Sul;Choque;0;0;0;0;1;0;;;;;27;0;0;0;0
12/01/2015;06:31:00;52;Acidente sem Vítima;340;BR-101/ES;Norte;Colisão Frontal;2;0;0;0;0;0;;;;;2;0;0;0;0
12/01/2015;06:41:00;53;Acidente sem Vítima;363;BR-101/ES;Norte;Veículo em Chamas;0;0;2;0;0;0;;;;;2;0;0;0;0
12/01/2015;08:34:00;84;Acidente sem Vítima;374;BR-101/ES;Sul;Colisão Traseira;0;0;1;0;1;0;;;;;6;0;0;0;0
12/01/2015;13:21:00;227;Acidente sem Vítima;448;BR-101/ES;Sul;Colisão Traseira;2;0;0;0;0;0;;;;;4;0;0;0;0
13/01/2015;08:49:00;109;Acidente sem Vítima;51;BR-101/ES;Sul;Colisão Traseira;2;0;0;0;0;0;;;;;2;0;0;0;0
13/01/2015;08:38:00;98;Acidente sem Vítima;147,2;BR-101/ES;Norte;Colisão Traseira;1;0;1;0;0;0;;;;;5;0;0;0;0
13/01/2015;19:25:00;346;Acidente sem Vítima;256;BR-101/ES;Sul;Colisão Traseira;1;0;0;0;0;0;;;;;1;0;0;0;0
13/01/2015;18:14:00;317;Acidente sem Vítima;267;BR-101/ES;Sul;Colisão Lateral;0;0;2;0;0;0;;;;;2;0;0;0;0
13/01/2015;14:17:00;244;Acidente sem Vítima;269;BR-101/ES;Sul;Colisão Traseira;2;0;0;0;0;0;;;;;2;0;0;0;0
13/01/2015;16:22:00;276;Acidente com vítima;269;BR-101/ES;Sul;Colisão Lateral;0;0;1;1;0;0;;;;;1;1;0;0;0
13/01/2015;17:28:00;303;Acidente sem Vítima;272;BR-101/ES;Sul;Colisão Traseira;2;0;0;0;0;0;;;;;2;0;0;0;0
13/01/2015;11:32:00;174;Acidente com vítima;294;BR-101/ES;Sul;Colisão Transversal;0;0;1;1;0;0;;;;;1;0;1;0;0
13/01/2015;02:02:00;24;Acidente sem Vítima;297;BR-101/ES;Sul;Choque com Objeto Fixo;1;0;0;0;0;0;;;;;2;0;0;0;0
13/01/2015;10:17:00;143;Acidente com vítima;314;BR-101/ES;Sul;Colisão Traseira;1;0;0;1;0;0;;;;;2;0;1;0;0
13/01/2015;14:39:00;247;Acidente com vítima;321,5;BR-101/ES;Sul;Saída de Pista;1;0;0;0;0;0;;;;;2;1;0;0;0
13/01/2015;09:01:00;114;Acidente com vítima;375;BR-101/ES;Sul;Colisão Frontal;0;0;1;1;0;0;;;;;1;1;0;0;0
13/01/2015;20:38:00;374;Acidente com Morte;383;BR-101/ES;Norte;Colisão Transversal;0;0;1;1;0;0;;;;;1;0;1;0;1
13/01/2015;09:37:00;125;Acidente com vítima;461;BR-101/ES;Sul;Colisão Traseira;0;0;2;0;0;0;;;;;1;0;1;0;0
14/01/2015;16:22:00;274;Acidente sem Vítima;69;BR-101/ES;Norte;Engavetamento;4;0;1;0;0;0;;;;;5;0;0;0;0
14/01/2015;01:14:00;22;Acidente sem Vítima;142;BR-101/ES;Norte;Saída de Pista;1;0;0;0;0;0;;;;;1;0;0;0;0
14/01/2015;22:03:00;386;Acidente sem Vítima;145,5;BR-101/ES;Norte;Queda de Moto;0;0;0;1;0;0;;;;;1;0;0;0;0
14/01/2015;14:10:00;231;Acidente com vítima;257;BR-101/ES;Norte;Queda de Moto;0;0;0;1;0;0;;;;;0;1;0;0;0
14/01/2015;19:57:00;348;Acidente sem Vítima;266;BR-101/ES;Sul;Engavetamento;2;0;1;0;0;0;;;;;4;0;0;0;0
14/01/2015;19:48:00;342;Acidente sem Vítima;268;BR-101/ES;Norte;Colisão Lateral;1;0;2;0;0;0;;;;;2;0;0;0;0
14/01/2015;15:14:00;249;Acidente sem Vítima;270;BR-101/ES;Sul;Colisão;1;1;0;1;0;0;;;;;3;0;0;0;0
14/01/2015;10:50:00;159;Acidente com vítima;273;BR-101/ES;Norte;Queda de Moto;0;0;0;1;0;0;;;;;0;0;1;0;0
14/01/2015;07:23:00;76;Acidente com vítima;285;BR-101/ES;Norte;Colisão Traseira;0;0;0;2;0;0;;;;;0;1;0;0;0
14/01/2015;00:19:00;7;Acidente com vítima;944;BR-101/BA;Sul;Queda de Moto;0;0;0;1;0;0;;;;;1;1;0;0;0
15/01/2015;00:04:00;1;Acidente com vítima;66;BR-101/ES;Sul;Engavetamento;2;0;2;0;0;0;;;;;4;1;2;0;0
15/01/2015;21:16:00;362;Acidente sem Vítima;146;BR-101/ES;Norte;Engavetamento;3;0;0;0;0;0;;;;;3;0;0;0;0
15/01/2015;15:11:00;273;Acidente com vítima;163;BR-101/ES;Norte;Queda de Moto;0;0;0;1;0;0;;;;;0;0;1;0;0
15/01/2015;11:10:00;169;Acidente com vítima;208;BR-101/ES;Sul;Colisão Lateral;1;0;1;0;0;0;;;;;2;1;0;0;0
15/01/2015;15:32:00;276;Acidente sem Vítima;266;BR-101/ES;Norte;Colisão Traseira;2;0;1;0;0;0;;;;;3;0;0;0;0
15/01/2015;10:20:00;151;Acidente sem Vítima;268;BR-101/ES;Norte;Colisão Lateral;1;0;0;1;0;0;;;;;2;0;0;0;0
15/01/2015;06:08:00;68;Atropelamento sem Morte;288;BR-101/ES;Norte;Atropelamento;0;0;0;0;1;0;;;;;1;0;0;1;0
15/01/2015;19:57:00;343;Acidente com vítima;343;BR-101/ES;Sul;Saída de Pista;1;0;0;0;0;0;;;;;0;0;1;0;0
15/01/2015;08:14:00;111;Acidente sem Vítima;376;BR-101/ES;Sul;Colisão Traseira;2;0;0;0;0;0;;;;;2;0;0;0;0
15/01/2015;20:29:00;351;Acidente sem Vítima;448;BR-101/ES;Sul;Tombamento;0;0;1;0;0;0;;;;;1;0;0;0;0
15/01/2015;16:10:00;285;Acidente com vítima;450;BR-101/ES;Sul;Colisão Lateral;1;0;4;0;0;0;;;;;5;1;2;1;0
15/01/2015;13:28:00;242;Acidente sem Vítima;455;BR-101/ES;Norte;Queda de Moto;0;0;0;1;0;0;;;;;1;0;0;0;0
16/01/2015;18:42:00;347;Acidente com vítima;68,5;BR-101/ES;Sul;Colisão Traseira;2;0;0;0;0;0;;;;;6;2;0;0;0
16/01/2015;13:20:00;241;Acidente sem Vítima;126,2;BR-101/ES;Sul;Colisão Traseira;2;0;0;0;0;0;;;;;2;0;0;0;0
16/01/2015;15:06:00;274;Acidente com vítima;141,4;BR-101/ES;Sul;Colisão Traseira;0;0;0;1;1;0;;;;;1;1;0;0;0
16/01/2015;17:05:00;318;Acidente com vítima;142;BR-101/ES;Sul;Colisão Lateral;1;0;2;0;0;0;;;;;2;0;2;0;0
16/01/2015;02:03:00;14;Acidente sem Vítima;170;BR-101/ES;Sul;Veículo em Chamas;0;0;2;0;0;0;;;;;1;0;0;0;0
16/01/2015;09:49:00;145;Acidente sem Vítima;176;BR-101/ES;Sul;Colisão Traseira;1;0;1;0;0;0;;;;;2;0;0;0;0
16/01/2015;05:56:00;62;Acidente sem Vítima;215;BR-101/ES;Sul;Choque com Objeto Fixo;1;0;1;0;0;0;;;;;3;0;0;0;0
16/01/2015;10:54:00;175;Acidente com vítima;226;BR-101/ES;Sul;Colisão Traseira;1;0;1;0;0;0;;;;;1;0;1;0;0
16/01/2015;16:02:00;295;Acidente sem Vítima;266;BR-101/ES;Sul;Colisão Lateral;1;0;2;0;0;0;;;;;2;0;0;0;0
16/01/2015;17:15:00;323;Acidente sem Vítima;266;BR-101/ES;Norte;Colisão Traseira;2;0;0;0;0;0;;;;;2;0;0;0;0
16/01/2015;21:44:00;409;Acidente sem Vítima;267;BR-101/ES;Sul;Colisão Traseira;2;0;0;0;0;0;;;;;2;0;0;0;0
16/01/2015;11:11:00;183;Acidente sem Vítima;270;BR-101/ES;Norte;Engavetamento;3;0;0;0;0;0;;;;;4;0;0;0;0
16/01/2015;17:43:00;331;Acidente sem Vítima;270;BR-101/ES;Norte;Colisão Traseira;4;0;4;0;0;0;;;;;9;0;0;0;0
16/01/2015;13:44:00;254;Acidente com vítima;276;BR-101/ES;Sul;Queda de Moto;0;0;0;1;0;0;;;;;0;1;0;0;0
16/01/2015;05:07:00;49;Acidente sem Vítima;296;BR-101/ES;Norte;Colisão Lateral;0;0;3;0;1;0;;;;;2;0;0;0;0
16/01/2015;13:47:00;256;Acidente com vítima;315;BR-101/ES;Sul;Colisão Traseira;0;0;1;1;0;0;;;;;0;1;0;0;0
16/01/2015;18:50:00;350;Acidente sem Vítima;361;BR-101/ES;Norte;Choque;0;0;4;0;0;0;;;;;2;0;0;0;0
17/01/2015;18:19:00;301;Acidente com vítima;90;BR-101/ES;Sul;Colisão Lateral;1;0;0;1;0;0;;;;;1;0;1;0;0
17/01/2015;15:28:00;243;Acidente sem Vítima;108;BR-101/ES;Sul;Colisão Traseira;2;0;0;0;0;0;;;;;5;0;0;0;0
17/01/2015;17:26:00;282;Acidente com vítima;143;BR-101/ES;Norte;Atropelamento - Animal;0;0;0;1;0;0;;;;;0;1;0;0;0
17/01/2015;21:31:00;364;Acidente com vítima;206;BR-101/ES;Sul;Queda de Moto;0;0;0;1;0;0;;;;;0;1;0;0;0
17/01/2015;17:35:00;286;Acidente com vítima;271;BR-101/ES;Sul;Colisão Transversal;1;1;0;0;0;0;;;;;1;1;0;0;0
17/01/2015;04:48:00;53;Acidente com vítima;335;BR-101/ES;Sul;Colisão Frontal;1;0;2;0;0;0;;;;;1;0;1;0;0