data;horario;n_da_ocorrencia;tipo_de_ocorrencia;km;trecho;sentido;tipo_de_acidente;automovel;bicicleta;caminhao;moto;onibus;outros;tracao_animal;transporte_de_cargas_especiais;trator_maquinas;utilitarios;ilesos;levemente_feridos;moderadamente_feridos;gravemente_feridos;mortos
14/02/2015;22:58:00;446;Acidente com vítima;117,5;BR-101/ES;Norte;Queda de Moto;0;0;0;1;0;0;;;;;0;1;0;0;0
14/02/2015;09:20:00;160;Acidente sem Vítima;166;BR-101/ES;Norte;Colisão Traseira;2;0;0;0;0;0;;;;;5;0;0;0;0
14/02/2015;06:33:00;89;Acidente com vítima;173;BR-101/ES;Norte;Colisão Traseira;2;0;0;0;0;0;;;;;5;3;0;0;0
14/02/2015;06:07:00;84;Acidente com vítima;205;BR-101/ES;Sul;Colisão;1;0;1;0;0;0;;;;;3;0;1;0;0
14/02/2015;07:04:00;98;Acidente com vítima;244;BR-101/ES;Norte;Colisão Traseira;2;0;0;0;0;0;;;;;5;1;0;0;0
14/02/2015;15:10:00;320;Acidente com vítima;265,8;BR-101/ES;Sul;Colisão Traseira;2;0;0;0;0;0;;;;;0;1;1;0;0
14/02/2015;06:41:00;92;Acidente sem Vítima;270,5;BR-101/ES;Sul;Choque com Objeto Fixo;1;0;0;0;0;0;;;;;1;0;0;0;0
14/02/2015;00:32:00;10;Acidente sem Vítima;283;BR-101/ES;Norte;Choque com Objeto Fixo;1;0;0;0;0;0;;;;;1;0;0;0;0
14/02/2015;20:58:00;416;Acidente com vítima;307;BR-101/ES;Norte;Capotamento;1;0;0;0;0;0;;;;;0;0;1;0;0
14/02/2015;09:45:00;173;Acidente com vítima;325;BR-101/ES;Norte;Saída de Pista;1;0;0;0;0;0;;;;;0;1;2;0;0
14/02/2015;18:01:00;365;Acidente sem Vítima;356;BR-101/ES;Sul;Colisão Lateral;2;0;0;0;0;0;;;;;3;0;0;0;0
14/02/2015;11:39:00;216;Acidente sem Vítima;378;BR-101/ES;Norte;Colisão Traseira;2;0;0;0;0;0;;;;;3;0;0;0;0
14/02/2015;12:47:00;253;Acidente sem Vítima;378;BR-101/ES;Norte;Colisão Traseira;2;0;0;0;0;0;;;;;4;0;0;0;0
14/02/2015;13:03:00;263;Acidente com vítima;378;BR-101/ES;Norte;Engavetamento;3;0;0;0;0;0;;;;;4;1;0;0;0
14/02/2015;08:52:00;145;Acidente sem Vítima;379;BR-101/ES;Norte;Colisão Traseira;2;0;0;0;0;0;;;;;8;0;0;0;0
14/02/2015;16:13:00;337;Acidente com Morte;442;BR-101/ES;Sul;Colisão Frontal;0;0;1;0;0;0;;;;;0;1;1;0;2
15/02/2015;12:48:00;203;Acidente com vítima;18;BR-101/ES;Norte;Queda de Moto;0;0;0;1;0;0;;;;;1;0;1;0;0
15/02/2015;07:04:00;79;Acidente sem Vítima;58;BR-101/ES;Sul;Saída de Pista;1;0;0;0;0;0;;;;;3;0;0;0;0
15/02/2015;18:01:00;292;Acidente sem Vítima;137;BR-101/ES;Norte;Saída de Pista;1;0;0;0;0;0;;;;;1;0;0;0;0
15/02/2015;00:11:00;4;Acidente sem Vítima;156;BR-101/ES;Sul;Saída de Pista;1;0;0;0;0;0;;;;;2;0;0;0;0
15/02/2015;07:31:00;87;Acidente sem Vítima;229;BR-101/ES;Norte;Colisão Lateral;1;0;1;0;2;0;;;;;2;0;0;0;0
15/02/2015;10:27:00;144;Acidente com vítima;234;BR-101/ES;Norte;Saída de Pista;0;0;0;1;0;0;;;;;0;0;0;1;0
15/02/2015;06:52:00;76;Acidente com vítima;237;BR-101/ES;Norte;Queda de Moto;0;0;0;1;0;0;;;;;0;2;0;0;0
15/02/2015;13:28:00;223;Acidente sem Vítima;291;BR-101/ES;Sul;Colisão Traseira;2;0;0;0;0;0;;;;;3;0;0;0;0
15/02/2015;08:18:00;103;Acidente sem Vítima;327;BR-101/ES;Sul;Queda de Moto;0;0;0;1;0;0;;;;;1;0;0;0;0
15/02/2015;15:18:00;253;Acidente com vítima;368;BR-101/ES;Sul;Colisão Frontal;1;0;0;0;2;0;;;;;6;1;0;0;0
15/02/2015;23:22:00;358;Acidente com vítima;378;BR-101/ES;Sul;Tombamento;1;0;0;0;0;0;;;;;0;1;0;0;0
16/02/2015;09:28:00;99;Acidente sem Vítima;125;BR-101/ES;Sul;Engavetamento;3;0;0;0;0;0;;;;;10;0;0;0;0
16/02/2015;20:55:00;304;Acidente com vítima;156;BR-101/ES;Norte;Queda de Moto;0;0;0;1;0;0;;;;;0;1;0;0;0
16/02/2015;01:50:00;10;Acidente sem Vítima;175;BR-101/ES;Sul;Saída de Pista;1;0;0;0;0;0;;;;;1;0;0;0;0
16/02/2015;11:56:00;147;Atropelamento sem Morte;266;BR-101/ES;Norte;Atropelamento;0;0;0;0;0;0;;;;;1;1;0;0;0
16/02/2015;17:16:00;249;Acidente sem Vítima;270;BR-101/ES;Sul;Colisão Traseira;1;0;1;0;0;0;;;;;2;0;0;0;0
16/02/2015;01:34:00;8;Acidente com vítima;299;BR-101/ES;Sul;Capotamento;1;0;0;0;0;0;;;;;0;0;0;1;0
16/02/2015;16:25:00;236;Acidente com vítima;393;BR-101/ES;Sul;Queda de Moto;0;0;0;1;0;0;;;;;0;1;0;0;0
16/02/2015;14:46:00;213;Acidente sem Vítima;396;BR-101/ES;Norte;Colisão Traseira;2;0;0;0;0;0;;;;;3;0;0;0;0
17/02/2015;13:50:00;234;Acidente sem Vítima;102;BR-101/ES;Sul;Colisão Traseira;2;0;0;0;0;0;;;;;2;0;0;0;0
17/02/2015;17:59:00;305;Acidente sem Vítima;119;BR-101/ES;Sul;Colisão Traseira;2;0;0;0;0;0;;;;;5;0;0;0;0
17/02/2015;14:49:00;246;Acidente com vítima;143;BR-101/ES;Sul;Colisão Transversal;1;0;0;1;0;0;;;;;4;0;1;0;0
17/02/2015;15:21:00;253;Acidente sem Vítima;148;BR-101/ES;Sul;Colisão Traseira;2;0;0;0;0;0;;;;;2;0;0;0;0
17/02/2015;23:26:00;383;Acidente sem Vítima;205;BR-101/ES;Norte;Engavetamento;2;0;1;0;0;0;;;;;8;0;0;0;0
17/02/2015;04:53:00;62;Acidente com vítima;219;BR-101/ES;Norte;Queda de Moto;0;0;0;1;0;0;;;;;0;1;0;0;0
17/02/2015;16:38:00;277;Acidente com Morte;224;BR-101/ES;Sul;Colisão Lateral;2;0;1;0;0;0;;;;;3;0;1;0;4
17/02/2015;08:07:00;99;Acidente com vítima;244;BR-101/ES;Sul;Colisão Traseira;2;0;0;0;0;0;;;;;2;0;2;0;0
17/02/2015;08:16:00;102;Acidente com vítima;253;BR-101/ES;Norte;Colisão Traseira;1;0;0;1;0;0;;;;;1;1;0;0;0
17/02/2015;20:16:00;339;Atropelamento sem Morte;269;BR-101/ES;Norte;Atropelamento;1;0;0;0;0;0;;;;;1;0;0;2;0
17/02/2015;07:42:00;92;Acidente sem Vítima;270;BR-101/ES;Sul;Colisão Lateral;2;0;0;0;0;0;;;;;2;0;0;0;0
17/02/2015;16:33:00;275;Acidente sem Vítima;298,5;BR-101/ES;Norte;Engavetamento;4;0;0;0;0;0;;;;;6;0;0;0;0
17/02/2015;19:55:00;335;Acidente sem Vítima;316;BR-101/ES;Norte;Tombamento;0;0;1;0;0;0;;;;;1;0;0;0;0
18/02/2015;16:25:00;302;Acidente com vítima;8;BR-101/ES;Sul;Tombamento;0;0;0;0;2;0;;;;;0;1;0;0;0
18/02/2015;14:58:00;276;Acidente sem Vítima;30;BR-101/ES;Norte;Colisão Traseira;2;0;0;0;0;0;;;;;4;0;0;0;0
18/02/2015;12:19:00;212;Acidente sem Vítima;60,9;BR-101/ES;Sul;Engavetamento;4;0;0;0;0;0;;;;;6;0;0;0;0
18/02/2015;05:14:00;61;Acidente sem Vítima;61;BR-101/ES;Sul;Colisão Traseira;1;0;0;0;0;0;;;;;2;0;0;0;0
18/02/2015;18:05:00;341;Acidente sem Vítima;123;BR-101/ES;Sul;Saída de Pista;1;0;0;0;0;0;;;;;2;0;0;0;0
18/02/2015;14:08:00;258;Atropelamento sem Morte;130;BR-101/ES;Norte;Atropelamento;1;0;0;0;0;0;;;;;1;2;0;1;0
18/02/2015;09:38:00;132;Acidente sem Vítima;141;BR-101/ES;Norte;Engavetamento;3;0;0;0;0;0;;;;;6;0;0;0;0
18/02/2015;05:45:00;65;Acidente sem Vítima;147;BR-101/ES;Sul;Colisão Lateral;2;0;0;0;0;0;;;;;3;0;0;0;0
18/02/2015;08:21:00;97;Atropelamento com Morte;147;BR-101/ES;Norte;Atropelamento;0;0;1;0;0;0;;;;;1;0;0;0;1
18/02/2015;16:40:00;306;Acidente sem Vítima;147;BR-101/ES;Norte;Colisão Transversal;1;0;0;0;4;0;;;;;2;0;0;0;0
18/02/2015;12:41:00;224;Acidente sem Vítima;149;BR-101/ES;Sul;Colisão Lateral;1;0;1;0;0;0;;;;;4;0;0;0;0
18/02/2015;08:56:00;116;Acidente sem Vítima;174;BR-101/ES;Norte;Colisão Traseira;1;1;0;0;0;0;;;;;3;0;0;0;0
18/02/2015;15:21:00;285;Acidente com vítima;176;BR-101/ES;Sul;Colisão Traseira;2;0;0;0;0;0;;;;;1;1;0;0;0
18/02/2015;15:49:00;294;Acidente sem Vítima;221;BR-101/ES;Sul;Saída de Pista;1;0;0;0;0;0;;;;;2;0;0;0;0
18/02/2015;08:58:00;117;Acidente com vítima;253;BR-101/ES;Sul;Colisão Traseira;1;0;0;1;0;0;;;;;5;1;0;0;0
18/02/2015;20:04:00;373;Acidente com vítima;262;BR-101/ES;Norte;Colisão Lateral;1;0;0;1;0;0;;;;;1;1;0;0;0
18/02/2015;14:14:00;260;Acidente sem Vítima;270;BR-101/ES;Sul;Colisão Traseira;1;0;0;0;1;0;;;;;3;0;0;0;0
18/02/2015;18:06:00;342;Acidente sem Vítima;298;BR-101/ES;Norte;Colisão Traseira;2;0;0;0;0;0;;;;;3;0;0;0;0
18/02/2015;15:10:00;280;Acidente sem Vítima;321;BR-101/ES;Sul;Colisão Traseira;2;0;0;0;0;0;;;;;6;0;0;0;0
18/02/2015;14:55:00;274;Acidente sem Vítima;335;BR-101/ES;Norte;Colisão Traseira;1;0;0;1;0;0;;;;;2;0;0;0;0
18/02/2015;03:06:00;42;Acidente com vítima;406,5;BR-101/ES;Sul;Tombamento;0;0;1;0;0;0;;;;;0;1;0;0;0
18/02/2015;13:03:00;233;Acidente sem Vítima;458;BR-101/ES;Norte;Colisão Transversal;2;0;0;0;0;0;;;;;4;0;0;0;0
19/02/2015;06:00:00;65;Acidente sem Vítima;62;BR-101/ES;Norte;Choque com Veículo Estacionado;1;0;0;0;3;0;;;;;2;0;0;0;0
19/02/2015;19:30:00;311;Acidente com vítima;145;BR-101/ES;Norte;Colisão;1;0;1;1;0;0;;;;;1;2;0;0;0
19/02/2015;16:49:00;271;Acidente com vítima;147;BR-101/ES;Sul;Choque com Objeto Fixo;1;0;1;0;0;0;;;;;1;2;0;0;0
19/02/2015;18:33:00;293;Acidente sem Vítima;149;BR-101/ES;Norte;Engavetamento;2;0;0;1;0;0;;;;;6;0;0;0;0
19/02/2015;09:06:00;116;Acidente com vítima;208;BR-101/ES;Norte;Saída de Pista;0;0;1;0;0;0;;;;;1;1;0;0;0
19/02/2015;21:26:00;342;Acidente com vítima;264;BR-101/ES;Norte;Colisão Frontal;2;0;0;0;0;0;;;;;1;1;1;0;0
19/02/2015;13:17:00;216;Atropelamento sem Morte;268;BR-101/ES;Norte;Atropelamento;0;0;0;1;0;0;;;;;1;1;0;0;0
19/02/2015;09:23:00;130;Acidente com vítima;270;BR-101/ES;Norte;Saída de Pista;0;0;0;1;0;0;;;;;1;0;1;0;0
19/02/2015;23:22:00;370;Acidente sem Vítima;298;BR-101/ES;Sul;Veículo em Chamas;0;0;1;0;0;0;;;;;1;0;0;0;0
19/02/2015;10:52:00;150;Acidente sem Vítima;373;BR-101/ES;Norte;Saída de Pista;1;0;0;0;0;0;;;;;1;0;0;0;0
20/02/2015;05:31:00;65;Acidente com vítima;29;BR-101/ES;Sul;Tombamento;0;0;0;0;4;0;;;;;0;1;0;0;0
20/02/2015;15:40:00;261;Acidente com vítima;47,5;BR-101/ES;Sul;Queda de Moto;0;0;0;1;0;0;;;;;1;1;0;0;0
20/02/2015;14:37:00;243;Acidente com vítima;49;BR-101/ES;Norte;Colisão Frontal;2;0;1;1;0;0;;;;;2;3;0;1;0
20/02/2015;18:26:00;304;Acidente com vítima;144;BR-101/ES;Norte;Queda de Moto;0;0;0;1;0;0;;;;;0;1;0;0;0
20/02/2015;19:01:00;309;Acidente sem Vítima;166,5;BR-101/ES;Sul;Colisão Transversal;2;0;0;0;0;0;;;;;4;0;0;0;0
20/02/2015;15:27:00;255;Acidente sem Vítima;233;BR-101/ES;Norte;Choque;1;0;0;0;0;0;;;;;1;0;0;0;0
20/02/2015;20:33:00;334;Acidente sem Vítima;240,5;BR-101/ES;Norte;Colisão Lateral;0;2;0;0;0;0;;;;;2;0;0;0;0
20/02/2015;13:54:00;229;Acidente sem Vítima;255;BR-101/ES;Sul;Colisão Traseira;1;0;1;0;0;0;;;;;2;0;0;0;0
20/02/2015;14:18:00;238;Acidente sem Vítima;255;BR-101/ES;Norte;Colisão Traseira;1;0;0;0;3;0;;;;;2;0;0;0;0
20/02/2015;14:44:00;245;Acidente sem Vítima;265;BR-101/ES;Norte;Choque com Objeto Fixo;1;0;1;0;0;0;;;;;2;0;0;0;0
20/02/2015;15:22:00;253;Acidente sem Vítima;267;BR-101/ES;Norte;Colisão Traseira;1;1;0;0;0;0;;;;;3;0;0;0;0
20/02/2015;22:57:00;369;Acidente sem Vítima;273;BR-101/ES;Norte;Colisão Traseira;2;0;0;0;0;0;;;;;2;0;0;0;0
20/02/2015;07:08:00;83;Acidente sem Vítima;399;BR-101/ES;Norte;Colisão Traseira;0;0;1;0;3;0;;;;;3;0;0;0;0
20/02/2015;08:28:00;108;Acidente sem Vítima;955;BR-101/BA;Sul;Colisão Traseira;2;0;0;0;0;0;;;;;5;0;0;0;0
21/02/2015;17:31:00;295;Acidente com vítima;73;BR-101/ES;Sul;Colisão Lateral;0;0;1;0;2;0;;;;;0;2;0;0;0
21/02/2015;21:45:00;363;Acidente com vítima;113;BR-101/ES;Norte;Queda de Moto;0;0;0;1;0;0;;;;;1;0;1;0;0
21/02/2015;19:26:00;322;Acidente com vítima;143;BR-101/ES;Norte;Queda de ciclista;0;0;1;0;0;0;;;;;0;0;1;0;0
21/02/2015;01:10:00;10;Acidente com vítima;170;BR-101/ES;Norte;Colisão Frontal;0;0;1;1;0;0;;;;;1;1;2;0;0
21/02/2015;12:02:00;193;Acidente sem Vítima;255;BR-101/ES;Sul;Engavetamento;3;0;0;0;0;0;;;;;6;0;0;0;0
21/02/2015;20:13:00;335;Acidente sem Vítima;265;BR-101/ES;Norte;Colisão Traseira;2;0;0;0;0;0;;;;;2;0;0;0;0
21/02/2015;23:56:00;401;Acidente com vítima;355;BR-101/ES;Norte;Queda de ciclista;0;0;1;0;0;0;;;;;0;0;0;1;0
21/02/2015;04:10:00;51;Acidente com vítima;367;BR-101/ES;Norte;Saída de Pista;1;0;0;0;0;0;;;;;0;1;0;0;0
21/02/2015;04:43:00;58;Acidente com vítima;439;BR-101/ES;Sul;Atropelamento - Animal;0;0;0;1;0;0;;;;;0;1;0;0;0
22/02/2015;16:02:00;228;Acidente com vítima;118;BR-101/ES;Sul;Colisão Traseira;2;0;0;0;0;0;;;;;5;1;0;0;0
22/02/2015;18:36:00;266;Acidente com vítima;206;BR-101/ES;Sul;Colisão Lateral;1;0;0;0;2;0;;;;;3;1;0;0;0
22/02/2015;05:31:00;65;Acidente com vítima;208;BR-101/ES;Norte;Saída de Pista;1;0;0;0;0;0;;;;;0;1;0;0;0
22/02/2015;20:53:00;304;Acidente com vítima;247;BR-101/ES;Norte;Colisão Transversal;0;0;1;1;0;0;;;;;1;0;0;1;0
22/02/2015;23:07:00;331;Acidente com vítima;269;BR-101/ES;Norte;Choque com Objeto Fixo;0;0;0;1;0;0;;;;;0;0;1;0;0
22/02/2015;20:36:00;300;Acidente sem Vítima;299;BR-101/ES;Norte;Colisão Traseira;1;1;0;0;0;0;;;;;2;0;0;0;0
22/02/2015;15:27:00;221;Acidente com vítima;308;BR-101/ES;Norte;Saída de Pista;0;0;1;0;0;0;;;;;0;1;0;0;0
22/02/2015;05:33:00;66;Acidente sem Vítima;311;BR-101/ES;Norte;Saída de Pista;1;0;0;0;0;0;;;;;1;0;0;0;0
22/02/2015;17:09:00;248;Acidente sem Vítima;368;BR-101/ES;Norte;Colisão Traseira;1;1;0;0;0;0;;;;;4;0;0;0;0
23/02/2015;07:32:00;93;Acidente com vítima;122;BR-101/ES;Norte;Colisão Lateral;1;0;0;0;3;0;;;;;1;3;0;1;0
23/02/2015;08:14:00;104;Acidente com vítima;148;BR-101/ES;Sul;Colisão Traseira;2;0;0;0;0;0;;;;;1;1;0;0;0
23/02/2015;10:02:00;150;Acidente sem Vítima;221,1;BR-101/ES;Norte;Saída de Pista;0;0;0;1;0;0;;;;;2;0;0;0;0
23/02/2015;20:23:00;325;Acidente com vítima;267;BR-101/ES;Sul;Colisão Traseira;0;0;0;2;0;0;;;;;0;2;0;0;0
23/02/2015;18:34:00;301;Acidente com vítima;270;BR-101/ES;Norte;Queda de Moto;0;0;0;1;0;0;;;;;0;0;1;0;0
23/02/2015;09:57:00;147;Acidente com vítima;281;BR-101/ES;Sul;Queda de Moto;0;0;0;1;0;0;;;;;0;2;0;0;0
23/02/2015;10:06:00;151;Acidente com vítima;281;BR-101/ES;Norte;Queda de Moto;0;0;0;1;0;0;;;;;0;0;1;0;0
23/02/2015;21:46:00;341;Acidente sem Vítima;282;BR-101/ES;Sul;Colisão Traseira;1;0;0;0;2;0;;;;;2;0;0;0;0
24/02/2015;23:58:00;345;Acidente sem Vítima;31;BR-101/ES;Norte;Colisão Traseira;0;0;1;0;4;0;;;;;2;0;0;0;0
24/02/2015;10:22:00;128;Acidente sem Vítima;115;BR-101/ES;Norte;Saída de Pista;1;0;0;0;0;0;;;;;2;0;0;0;0
24/02/2015;19:47:00;290;Acidente sem Vítima;162;BR-101/ES;Sul;Colisão Lateral;0;0;1;0;1;0;;;;;2;0;0;0;0
24/02/2015;12:24:00;189;Acidente sem Vítima;211;BR-101/ES;Norte;Saída de Pista;0;0;1;0;0;0;;;;;1;0;0;0;0
24/02/2015;05:29:00;44;Acidente com vítima;301;BR-101/ES;Sul;Colisão Transversal;1;0;1;0;0;0;;;;;1;0;1;0;0
24/02/2015;11:48:00;171;Acidente com vítima;376;BR-101/ES;Norte;Saída de Pista;0;0;0;1;0;0;;;;;0;1;0;0;0
25/02/2015;01:54:00;16;Acidente sem Vítima;18;BR-101/ES;Norte;Tombamento;0;0;0;0;2;0;;;;;1;0;0;0;0
25/02/2015;20:10:00;314;Acidente com vítima;144,5;BR-101/ES;Sul;Colisão;0;0;1;1;0;0;;;;;2;1;0;0;0
25/02/2015;06:26:00;54;Acidente com vítima;166;BR-101/ES;Norte;Colisão;1;0;1;0;0;0;;;;;3;0;1;0;0
25/02/2015;07:00:00;61;Atropelamento com Morte;175;BR-101/ES;Sul;Atropelamento;1;0;0;0;0;0;;;;;1;0;0;0;1
25/02/2015;11:48:00;159;Acidente sem Vítima;210;BR-101/ES;Norte;Colisão Traseira;1;0;0;0;2;0;;;;;4;0;0;0;0
25/02/2015;05:41:00;51;Acidente sem Vítima;211,6;BR-101/ES;Sul;Capotamento;0;0;1;0;0;0;;;;;1;0;0;0;0
25/02/2015;03:26:00;34;Acidente sem Vítima;239;BR-101/ES;Norte;Saída de Pista;1;0;0;0;0;0;;;;;1;0;0;0;0
25/02/2015;11:55:00;161;Acidente sem Vítima;273;BR-101/ES;Sul;Tombamento;0;0;1;0;0;0;;;;;1;0;0;0;0
25/02/2015;13:05:00;185;Acidente com vítima;273;BR-101/ES;Norte;Queda de Moto;0;0;1;1;0;0;;;;;0;1;0;0;0
25/02/2015;16:54:00;262;Acidente sem Vítima;286;BR-101/ES;Sul;Choque com Objeto Fixo;0;0;0;0;2;0;;;;;1;0;0;0;0
25/02/2015;06:58:00;60;Acidente com vítima;298;BR-101/ES;Norte;Queda de Moto;1;0;0;1;0;0;;;;;0;0;1;0;0
25/02/2015;09:45:00;111;Acidente sem Vítima;305;BR-101/ES;Sul;Colisão Transversal;1;0;1;0;0;0;;;;;3;0;0;0;0
25/02/2015;12:15:00;168;Acidente com vítima;355;BR-101/ES;Sul;Colisão Transversal;1;1;0;0;0;0;;;;;1;2;1;0;0
25/02/2015;09:40:00;106;Acidente sem Vítima;357,5;BR-101/ES;Sul;Saída de Pista;1;0;1;0;0;0;;;;;1;0;0;0;0
25/02/2015;08:13:00;79;Acidente sem Vítima;440;BR-101/ES;Norte;Tombamento;0;0;1;0;0;0;;;;;2;0;0;0;0
26/02/2015;09:14:00;126;Acidente sem Vítima;136;BR-101/ES;Norte;Queda de Moto;0;0;1;1;1;0;;;;;2;0;0;0;0
26/02/2015;16:51:00;300;Acidente com vítima;147,8;BR-101/ES;Sul;Colisão Lateral;1;0;0;0;1;0;;;;;0;2;0;0;0
26/02/2015;14:06:00;255;Acidente sem Vítima;241;BR-101/ES;Norte;Queda de Moto;0;0;0;1;0;0;;;;;1;0;0;0;0
26/02/2015;16:46:00;295;Acidente sem Vítima;245;BR-101/ES;Sul;Saída de Pista;1;0;0;0;0;0;;;;;1;0;0;0;0
26/02/2015;15:08:00;270;Acidente sem Vítima;266;BR-101/ES;Sul;Engavetamento;4;0;0;0;0;0;;;;;4;0;0;0;0
26/02/2015;21:41:00;372;Acidente com vítima;266;BR-101/ES;Sul;Choque com Objeto Fixo;0;0;0;1;0;0;;;;;0;0;2;0;0
26/02/2015;12:13:00;211;Acidente com vítima;269;BR-101/ES;Norte;Queda de Moto;0;0;0;1;0;0;;;;;0;1;0;0;0
26/02/2015;08:04:00;93;Acidente sem Vítima;270,5;BR-101/ES;Sul;Colisão Traseira;1;0;1;0;0;0;;;;;2;0;0;0;0
26/02/2015;10:35:00;163;Acidente sem Vítima;291;BR-101/ES;Sul;Queda de Moto;0;0;0;1;0;0;;;;;1;0;0;0;0
26/02/2015;08:42:00;113;Acidente sem Vítima;358;BR-101/ES;Norte;Engavetamento;2;0;0;0;1;0;;;;;5;0;0;0;0
26/02/2015;10:45:00;167;Acidente sem Vítima;368,5;BR-101/ES;Norte;Tombamento;2;0;0;0;2;0;;;;;5;0;0;0;0
26/02/2015;06:54:00;71;Atropelamento sem Morte;376;BR-101/ES;Norte;Atropelamento;0;0;0;1;0;0;;;;;1;1;0;0;0
26/02/2015;06:28:00;66;Acidente sem Vítima;399;BR-101/ES;Sul;Colisão Traseira;0;0;2;0;0;0;;;;;2;0;0;0;0
26/02/2015;10:05:00;144;Acidente sem Vítima;399;BR-101/ES;Sul;Colisão Traseira;0;0;1;0;3;0;;;;;2;0;0;0;0
26/02/2015;16:29:00;290;Acidente sem Vítima;408;BR-101/ES;Norte;Capotamento;1;0;0;0;0;0;;;;;1;0;0;0;0
26/02/2015;09:21:00;128;Acidente com vítima;417;BR-101/ES;Norte;Queda de Moto;0;0;0;1;0;0;;;;;0;1;0;0;0
27/02/2015;00:19:00;4;Acidente sem Vítima;47;BR-101/ES;Sul;Saída de Pista;1;0;0;0;0;0;;;;;1;0;0;0;0
27/02/2015;22:03:00;356;Acidente sem Vítima;52;BR-101/ES;Norte;Saída de Pista;1;0;0;0;0;0;;;;;2;0;0;0;0
27/02/2015;14:47:00;244;Acidente sem Vítima;67;BR-101/ES;Norte;Colisão Traseira;1;1;0;0;0;0;;;;;3;0;0;0;0
27/02/2015;16:13:00;268;Acidente sem Vítima;67;BR-101/ES;Sul;Colisão Traseira;2;0;0;0;0;0;;;;;5;0;0;0;0
27/02/2015;18:51:00;317;Acidente sem Vítima;97;BR-101/ES;Norte;Colisão Traseira;1;0;1;0;0;0;;;;;3;0;0;0;0
27/02/2015;23:49:00;380;Acidente sem Vítima;107;BR-101/ES;Norte;Choque;1;0;0;0;0;0;;;;;4;0;0;0;0
27/02/2015;10:02:00;143;Acidente sem Vítima;127;BR-101/ES;Sul;Colisão Traseira;1;0;0;1;0;0;;;;;2;0;0;0;0
27/02/2015;22:44:00;368;Acidente com vítima;144;BR-101/ES;Norte;Colisão Traseira;0;0;1;1;0;0;;;;;2;1;0;0;0
27/02/2015;13:10:00;212;Acidente sem Vítima;146;BR-101/ES;Norte;Colisão Transversal;1;0;1;0;0;0;;;;;2;0;0;0;0
27/02/2015;15:05:00;250;Acidente com vítima;149;BR-101/ES;Sul;Colisão Transversal;1;0;0;1;0;0;;;;;3;1;0;0;0
27/02/2015;08:00:00;93;Acidente com vítima;204;BR-101/ES;Norte;Queda de Moto;0;0;0;1;0;0;;;;;0;2;0;0;0
27/02/2015;05:48:00;58;Acidente sem Vítima;231;BR-101/ES;Norte;Colisão Lateral;2;0;1;0;0;0;;;;;5;0;0;0;0
27/02/2015;22:20:00;363;Acidente com vítima;259;BR-101/ES;Sul;Queda de Moto;0;0;0;1;0;0;;;;;0;1;0;0;0
27/02/2015;17:15:00;286;Acidente sem Vítima;264;BR-101/ES;Norte;Queda de Moto;0;0;0;1;0;0;;;;;1;0;0;0;0
27/02/2015;07:23:00;81;Acidente sem Vítima;265;BR-101/ES;Norte;Colisão Lateral;0;0;1;1;0;0;;;;;2;0;0;0;0
27/02/2015;18:52:00;318;Acidente sem Vítima;265;BR-101/ES;Norte;Colisão Traseira;2;0;0;0;0;0;;;;;3;0;0;0;0
27/02/2015;09:06:00;116;Acidente sem Vítima;269;BR-101/ES;Sul;Colisão Traseira;2;0;0;0;0;0;;;;;2;0;0;0;0
27/02/2015;19:43:00;330;Acidente sem Vítima;269;BR-101/ES;Norte;Colisão Traseira;1;0;0;0;1;0;;;;;2;0;0;0;0
27/02/2015;22:20:00;362;Acidente com vítima;271;BR-101/ES;Norte;Queda de Moto;0;0;0;1;0;0;;;;;0;0;0;1;0
27/02/2015;11:01:00;162;Acidente sem Vítima;274;BR-101/ES;Sul;Colisão Traseira;1;0;0;0;2;0;;;;;2;0;0;0;0
27/02/2015;19:11:00;322;Acidente sem Vítima;298;BR-101/ES;Sul;Colisão Traseira;2;0;0;0;0;0;;;;;2;0;0;0;0
27/02/2015;16:21:00;272;Acidente sem Vítima;349;BR-101/ES;Sul;Colisão Traseira;1;0;0;1;0;0;;;;;2;0;0;0;0
27/02/2015;16:19:00;270;Acidente sem Vítima;358;BR-101/ES;Sul;Colisão Traseira;2;0;0;0;0;0;;;;;3;0;0;0;0
27/02/2015;09:17:00;125;Acidente com vítima;395,5;BR-101/ES;Norte;Colisão Lateral;1;0;1;0;0;0;;;;;2;1;0;0;0
27/02/2015;10:44:00;155;Acidente sem Vítima;448;BR-101/ES;Sul;Queda de Moto;0;0;0;1;0;0;;;;;1;0;0;0;0
28/02/2015;13:15:00;210;Acidente sem Vítima;144;BR-101/ES;Norte;Colisão Traseira;1;0;0;1;0;0;;;;;3;0;0;0;0
28/02/2015;09:59:00;138;Acidente sem Vítima;146;BR-101/ES;Sul;Colisão Traseira;2;0;0;0;0;0;;;;;4;0;0;0;0
28/02/2015;00:06:00;3;Acidente com vítima;160;BR-101/ES;Norte;Saída de Pista;1;0;0;0;0;0;;;;;2;1;0;0;0
28/02/2015;00:12:00;5;Acidente com vítima;212;BR-101/ES;Sul;Choque com Objeto Fixo;0;0;0;1;0;0;;;;;0;1;0;0;0
28/02/2015;06:25:00;69;Acidente com vítima;266,5;BR-101/ES;Sul;Colisão Lateral;1;0;0;1;0;0;;;;;1;0;1;0;0
28/02/2015;14:27:00;239;Acidente sem Vítima;288;BR-101/ES;Norte;Colisão Traseira;2;0;0;0;0;0;;;;;3;0;0;0;0
28/02/2015;10:27:00;146;Acidente sem Vítima;301;BR-101/ES;Sul;Colisão Lateral;1;0;1;0;0;0;;;;;3;0;0;0;0