data;horario;n_da_ocorrencia;tipo_de_ocorrencia;km;trecho;sentido;tipo_de_acidente;automovel;bicicleta;caminhao;moto;onibus;outros;tracao_animal;transporte_de_cargas_especiais;trator_maquinas;utilitarios;ilesos;levemente_feridos;moderadamente_feridos;gravemente_feridos;mortos
30/03/2015;13:43:00;228;Acidente sem Vítima;266;BR-101/ES;Norte;Colisão Traseira;2;0;0;0;0;0;;;;;2;0;0;0;0
30/03/2015;17:52:00;302;Acidente com vítima;267;BR-101/ES;Norte;Colisão Traseira;1;0;0;1;0;0;;;;;2;0;1;0;0
30/03/2015;04:16:00;54;Acidente sem Vítima;287;BR-101/ES;Sul;Atropelamento - Equino;0;0;1;0;0;0;;;;;1;0;0;0;0
30/03/2015;07:14:00;81;Acidente sem Vítima;291;BR-101/ES;Norte;Colisão Lateral;0;0;2;0;0;1;;;;;2;0;0;0;0
30/03/2015;15:27:00;264;Acidente com vítima;314;BR-101/ES;Norte;Queda de Moto;0;0;0;1;0;0;;;;;0;2;0;0;0
30/03/2015;12:07:00;186;Acidente sem Vítima;362,5;BR-101/ES;Norte;Colisão Lateral;1;0;1;0;0;0;;;;;2;0;0;0;0
30/03/2015;10:00:00;139;Acidente com vítima;364;BR-101/ES;Norte;Colisão Traseira;1;0;1;0;0;0;;;;;2;1;0;0;0
30/03/2015;17:55:00;303;Acidente com vítima;412;BR-101/ES;Norte;Queda de Moto;0;0;0;1;0;0;;;;;0;0;1;0;0
31/03/2015;18:20:00;290;Acidente sem Vítima;144;BR-101/ES;Norte;Colisão Traseira;1;0;0;1;0;0;;;;;3;0;0;0;0
31/03/2015;11:19:00;172;Acidente com vítima;145;BR-101/ES;Sul;Colisão Traseira;1;0;0;1;0;0;;;;;1;1;0;0;0
31/03/2015;18:00:00;285;Acidente com vítima;230;BR-101/ES;Sul;Colisão Transversal;2;0;0;0;0;0;;;;;2;1;0;0;0
31/03/2015;09:05:00;112;Acidente com vítima;263;BR-101/ES;Sul;Colisão Lateral;3;0;1;0;0;0;;;;;2;5;0;0;0
31/03/2015;22:17:00;349;Acidente com vítima;263,8;BR-101/ES;Norte;Engavetamento;5;0;0;1;0;0;;;;;5;1;0;0;0
31/03/2015;23:27:00;357;Acidente com vítima;264;BR-101/ES;Norte;Queda de Moto;0;0;0;1;0;0;;;;;0;2;0;0;0
31/03/2015;08:23:00;101;Acidente sem Vítima;269;BR-101/ES;Sul;Engavetamento;5;0;0;0;0;0;;;;;5;0;0;0;0
31/03/2015;10:15:00;137;Acidente sem Vítima;270;BR-101/ES;Sul;Colisão Traseira;2;0;0;0;0;0;;;;;2;0;0;0;0
31/03/2015;15:24:00;245;Acidente sem Vítima;282;BR-101/ES;Norte;Saída de Pista;1;0;0;0;0;0;;;;;1;0;0;0;0
31/03/2015;18:45:00;293;Atropelamento com Morte;283,5;BR-101/ES;Sul;Atropelamento;0;0;0;1;0;0;;;;;0;0;1;0;1
31/03/2015;02:02:00;15;Acidente com vítima;285;BR-101/ES;Sul;Colisão Lateral;3;0;0;0;0;0;;;;;2;1;0;0;0
31/03/2015;19:40:00;304;Acidente sem Vítima;298;BR-101/ES;Norte;Colisão Lateral;1;0;2;0;0;0;;;;;2;0;0;0;0
31/03/2015;19:04:00;299;Acidente com vítima;299;BR-101/ES;Norte;Colisão Traseira;1;0;0;1;0;0;;;;;1;1;0;0;0
31/03/2015;18:56:00;295;Atropelamento sem Morte;429;BR-101/ES;Sul;Atropelamento;0;0;0;1;0;0;;;;;1;1;0;0;0
01/04/2015;17:43:00;328;Acidente sem Vítima;84;BR-101/ES;Norte;Colisão Traseira;0;0;3;0;0;0;;;;;4;0;0;0;0
01/04/2015;13:34:00;248;Acidente sem Vítima;110;BR-101/ES;Sul;Colisão Traseira;2;0;0;0;0;0;;;;;6;0;0;0;0
01/04/2015;15:08:00;270;Acidente com vítima;204;BR-101/ES;Sul;Colisão Frontal;1;0;1;0;0;0;;;;;1;2;0;0;0
01/04/2015;13:36:00;249;Acidente com vítima;248;BR-101/ES;Norte;Veículo em Chamas;0;0;2;0;0;0;;;;;0;1;0;0;0
01/04/2015;16:23:00;302;Acidente sem Vítima;264;BR-101/ES;Norte;Colisão Lateral;1;0;0;0;1;0;;;;;3;0;0;0;0
01/04/2015;06:43:00;90;Acidente com vítima;269;BR-101/ES;Sul;Colisão Lateral;1;0;0;1;0;0;;;;;1;0;1;0;0
01/04/2015;07:53:00;120;Acidente sem Vítima;270,5;BR-101/ES;Norte;Colisão Traseira;0;0;2;0;0;0;;;;;3;0;0;0;0
01/04/2015;14:51:00;266;Acidente sem Vítima;271;BR-101/ES;Norte;Engavetamento;2;0;1;0;0;0;;;;;4;0;0;0;0
01/04/2015;18:12:00;339;Acidente com vítima;314;BR-101/ES;Norte;Queda de ciclista;0;1;0;0;0;0;;;;;0;0;1;0;0
01/04/2015;19:28:00;360;Acidente sem Vítima;325;BR-101/ES;Sul;Veículo em Chamas;0;0;1;0;0;0;;;;;1;0;0;0;0
01/04/2015;13:48:00;253;Acidente sem Vítima;363;BR-101/ES;Sul;Saída de Pista;1;0;0;0;0;0;;;;;2;0;0;0;0
02/04/2015;20:51:00;329;Acidente sem Vítima;25;BR-101/ES;Sul;Colisão Frontal;2;0;0;0;0;0;;;;;3;0;0;0;0
02/04/2015;16:17:00;261;Acidente sem Vítima;125;BR-101/ES;Sul;Colisão Traseira;2;0;0;0;0;0;;;;;8;0;0;0;0
02/04/2015;12:07:00;172;Acidente sem Vítima;223;BR-101/ES;Sul;Saída de Pista;1;0;0;0;0;0;;;;;1;0;0;0;0
02/04/2015;15:02:00;240;Acidente com vítima;228;BR-101/ES;Norte;Engavetamento;4;0;1;0;0;0;;;;;6;2;0;0;0
02/04/2015;17:36:00;279;Acidente sem Vítima;231;BR-101/ES;Norte;Colisão Traseira;2;0;0;0;0;0;;;;;4;0;0;0;0
02/04/2015;20:01:00;311;Acidente sem Vítima;242;BR-101/ES;Norte;Colisão Lateral;1;0;1;0;0;0;;;;;2;0;0;0;0
02/04/2015;10:56:00;148;Acidente sem Vítima;244;BR-101/ES;Norte;Queda de Moto;0;0;0;1;0;0;;;;;2;0;0;0;0
02/04/2015;16:14:00;260;Acidente sem Vítima;264;BR-101/ES;Norte;Colisão Lateral;1;0;0;1;0;0;;;;;2;0;0;0;0
02/04/2015;16:53:00;272;Acidente sem Vítima;266;BR-101/ES;Sul;Engavetamento;4;0;0;0;0;0;;;;;4;0;0;0;0
02/04/2015;17:20:00;277;Acidente sem Vítima;270;BR-101/ES;Norte;Colisão Lateral;1;0;0;1;0;0;;;;;2;0;0;0;0
02/04/2015;09:23:00;116;Acidente com vítima;271;BR-101/ES;Sul;Colisão;1;1;0;0;0;0;;;;;1;1;0;0;0
02/04/2015;18:49:00;294;Acidente sem Vítima;271;BR-101/ES;Norte;Colisão Traseira;2;0;0;0;0;0;;;;;2;0;0;0;0
02/04/2015;20:34:00;324;Acidente sem Vítima;273;BR-101/ES;Sul;Saída de Pista;1;0;0;0;0;0;;;;;1;0;0;0;0
02/04/2015;11:11:00;154;Acidente sem Vítima;274;BR-101/ES;Sul;Colisão Lateral;2;0;0;0;0;0;;;;;2;0;0;0;0
02/04/2015;11:21:00;161;Acidente sem Vítima;316;BR-101/ES;Sul;Colisão Traseira;1;0;0;0;0;0;;;;;1;0;0;0;0
02/04/2015;12:24:00;180;Acidente sem Vítima;316;BR-101/ES;Sul;Colisão Lateral;0;0;3;0;0;0;;;;;2;0;0;0;0
02/04/2015;06:50:00;65;Acidente sem Vítima;321;BR-101/ES;Norte;Colisão Lateral;0;0;6;0;0;0;;;;;2;0;0;0;0
02/04/2015;22:58:00;358;Acidente sem Vítima;357;BR-101/ES;Sul;Queda de Moto;0;0;0;1;0;0;;;;;1;0;0;0;0
02/04/2015;17:39:00;281;Acidente com vítima;371;BR-101/ES;Norte;Colisão Lateral;1;0;0;1;0;0;;;;;5;1;0;0;0
02/04/2015;13:17:00;202;Acidente com vítima;393;BR-101/ES;Sul;Colisão;1;0;0;1;0;0;;;;;3;0;1;0;0
02/04/2015;03:45:00;39;Acidente sem Vítima;461;BR-101/ES;Sul;Veículo em Chamas;0;0;1;0;0;0;;;;;1;0;0;0;0
03/04/2015;01:55:00;22;Acidente sem Vítima;31;BR-101/ES;Sul;Saída de Pista;1;0;0;0;0;0;;;;;7;0;0;0;0
03/04/2015;09:24:00;112;Acidente sem Vítima;72;BR-101/ES;Norte;Queda de Moto;0;0;0;1;0;0;;;;;2;0;0;0;0
03/04/2015;20:02:00;257;Acidente sem Vítima;144;BR-101/ES;Norte;Queda de Moto;0;0;0;1;0;0;;;;;1;0;0;0;0
03/04/2015;08:56:00;103;Acidente sem Vítima;203;BR-101/ES;Norte;Queda de Moto;0;0;0;1;0;0;;;;;1;0;0;0;0
03/04/2015;09:18:00;109;Acidente com vítima;204;BR-101/ES;Sul;Engavetamento;3;0;0;0;0;0;;;;;3;1;0;0;0
03/04/2015;12:50:00;178;Acidente sem Vítima;241;BR-101/ES;Norte;Colisão Lateral;1;0;1;0;0;0;;;;;2;0;0;0;0
03/04/2015;06:10:00;67;Acidente com vítima;267;BR-101/ES;Norte;Colisão Traseira;1;0;0;0;0;0;;;;;0;2;0;0;0
03/04/2015;00:55:00;13;Acidente sem Vítima;270;BR-101/ES;Sul;Colisão Lateral;2;0;0;0;0;0;;;;;4;0;0;0;0
03/04/2015;06:27:00;69;Acidente sem Vítima;270;BR-101/ES;Norte;Saída de Pista;1;0;0;0;0;0;;;;;3;0;0;0;0
03/04/2015;13:09:00;186;Acidente com vítima;318;BR-101/ES;Sul;Saída de Pista;2;0;0;0;0;0;;;;;0;1;0;0;0
03/04/2015;08:29:00;96;Acidente com vítima;384;BR-101/ES;Norte;Saída de Pista;1;0;0;0;0;0;;;;;3;1;0;0;0
04/04/2015;23:07:00;288;Acidente sem Vítima;24;BR-101/ES;Sul;Colisão Lateral;1;0;4;0;0;0;;;;;5;0;0;0;0
04/04/2015;00:24:00;4;Acidente com vítima;146,5;BR-101/ES;Sul;Queda de Moto;0;0;0;1;0;0;;;;;0;1;0;0;0
04/04/2015;19:22:00;242;Acidente com vítima;148;BR-101/ES;Norte;Colisão;0;1;1;0;0;0;;;;;1;0;0;1;0
04/04/2015;14:52:00;191;Acidente sem Vítima;258;BR-101/ES;Sul;Colisão Traseira;2;0;0;0;0;0;;;;;2;0;0;0;0
04/04/2015;22:10:00;272;Acidente com vítima;299;BR-101/ES;Norte;Queda de Moto;0;0;0;1;0;0;;;;;0;2;0;0;0
05/04/2015;15:28:00;233;Acidente sem Vítima;30;BR-101/ES;Sul;Colisão Traseira;2;0;0;0;0;0;;;;;4;0;0;0;0
05/04/2015;16:06:00;247;Acidente sem Vítima;102;BR-101/ES;Sul;Engavetamento;4;0;0;0;0;0;;;;;4;0;0;0;0
05/04/2015;21:35:00;352;Acidente com vítima;107;BR-101/ES;Sul;Queda de Moto;0;0;0;1;0;0;;;;;0;2;0;0;0
05/04/2015;14:03:00;204;Acidente sem Vítima;149,2;BR-101/ES;Norte;Colisão Traseira;1;0;0;1;0;0;;;;;3;0;0;0;0
05/04/2015;21:23:00;348;Acidente com vítima;173;BR-101/ES;Norte;Colisão Traseira;0;0;0;1;1;0;;;;;1;1;0;0;0
05/04/2015;00:17:00;4;Acidente com vítima;199;BR-101/ES;Sul;Queda de Moto;0;0;0;1;0;0;;;;;0;2;0;0;0
05/04/2015;16:26:00;254;Acidente sem Vítima;205;BR-101/ES;Sul;Colisão Lateral;1;0;0;1;0;0;;;;;7;0;0;0;0
05/04/2015;15:03:00;221;Acidente sem Vítima;209,3;BR-101/ES;Norte;Queda de Moto;0;0;0;1;0;0;;;;;2;0;0;0;0
05/04/2015;14:19:00;210;Acidente com vítima;211;BR-101/ES;Sul;Colisão Traseira;2;0;0;0;0;0;;;;;1;0;1;0;0
05/04/2015;14:48:00;216;Acidente sem Vítima;227;BR-101/ES;Sul;Colisão Traseira;2;0;0;0;0;0;;;;;2;0;0;0;0
05/04/2015;11:27:00;148;Acidente sem Vítima;228;BR-101/ES;Norte;Colisão Traseira;3;0;0;0;0;0;;;;;4;0;0;0;0
05/04/2015;05:40:00;68;Acidente com vítima;263;BR-101/ES;Norte;Colisão Transversal;3;0;0;0;0;0;;;;;2;1;0;0;0
05/04/2015;14:59:00;218;Acidente sem Vítima;291;BR-101/ES;Sul;Colisão Traseira;2;0;0;0;0;0;;;;;6;0;0;0;0
05/04/2015;11:40:00;155;Acidente com Morte;368,7;BR-101/ES;Norte;Colisão Frontal;2;0;0;0;0;0;;;;;0;1;4;0;1
05/04/2015;12:33:00;173;Acidente sem Vítima;370;BR-101/ES;Norte;Queda de Moto;0;0;0;1;0;0;;;;;2;0;0;0;0
05/04/2015;22:46:00;368;Acidente sem Vítima;385;BR-101/ES;Norte;Saída de Pista;1;0;0;0;0;0;;;;;1;0;0;0;0
05/04/2015;17:18:00;272;Acidente sem Vítima;452;BR-101/ES;Sul;Colisão Traseira;2;0;0;0;0;0;;;;;4;0;0;0;0
06/04/2015;01:26:00;15;Acidente sem Vítima;4;BR-101/ES;Norte;Atropelamento - Bovino;0;0;2;0;0;0;;;;;1;0;0;0;0
06/04/2015;18:20:00;314;Acidente sem Vítima;48;BR-101/ES;Norte;Atropelamento - Equino;1;0;0;0;0;0;;;;;1;0;0;0;0
06/04/2015;12:33:00;212;Acidente com vítima;61,5;BR-101/ES;Sul;Colisão Traseira;1;0;0;1;0;0;;;;;3;1;0;0;0
06/04/2015;13:29:00;223;Acidente com vítima;67;BR-101/ES;Norte;Colisão;1;1;0;0;0;0;;;;;1;1;0;0;0
06/04/2015;08:49:00;126;Acidente com vítima;84,5;BR-101/ES;Norte;Saída de Pista;1;0;0;0;0;0;;;;;0;1;0;0;0
06/04/2015;18:07:00;311;Acidente com vítima;146;BR-101/ES;Norte;Colisão;0;1;0;1;0;0;;;;;1;1;0;0;0
06/04/2015;18:55:00;322;Acidente sem Vítima;147;BR-101/ES;Norte;Colisão Traseira;0;0;1;1;0;0;;;;;2;0;0;0;0
06/04/2015;21:39:00;364;Acidente com vítima;166;BR-101/ES;Sul;Colisão Traseira;1;0;2;0;0;0;;;;;1;1;0;0;0
06/04/2015;05:46:00;75;Acidente com vítima;181;BR-101/ES;Norte;Queda de Moto;1;0;0;0;0;0;;;;;0;1;0;0;0
06/04/2015;12:46:00;218;Acidente com vítima;181;BR-101/ES;Sul;Choque com Objeto Fixo;1;0;0;0;0;0;;;;;2;3;0;0;0
06/04/2015;14:13:00;236;Acidente sem Vítima;184;BR-101/ES;Sul;Colisão Lateral;0;0;3;0;0;0;;;;;2;0;0;0;0
06/04/2015;22:47:00;379;Acidente sem Vítima;270;BR-101/ES;Sul;Colisão Traseira;1;0;0;1;0;0;;;;;1;0;0;0;0
06/04/2015;00:56:00;11;Acidente sem Vítima;279;BR-101/ES;Norte;Saída de Pista;1;0;0;0;0;0;;;;;1;0;0;0;0
06/04/2015;16:36:00;281;Acidente sem Vítima;287;BR-101/ES;Sul;Choque;0;0;2;1;0;0;;;;;3;0;0;0;0
06/04/2015;07:57:00;106;Acidente com vítima;300;BR-101/ES;Norte;Colisão Traseira;1;0;0;1;0;0;;;;;1;0;1;0;0
06/04/2015;10:26:00;153;Acidente sem Vítima;376;BR-101/ES;Sul;Colisão Transversal;1;0;0;1;0;0;;;;;1;0;0;0;0
06/04/2015;15:14:00;253;Acidente sem Vítima;380;BR-101/ES;Norte;Colisão Lateral;0;0;3;0;0;0;;;;;2;0;0;0;0
06/04/2015;17:12:00;294;Acidente sem Vítima;391;BR-101/ES;Norte;Saída de Pista;1;0;0;0;0;0;;;;;1;0;0;0;0
06/04/2015;13:49:00;232;Acidente com vítima;443;BR-101/ES;Sul;Saída de Pista;0;0;2;0;0;0;;;;;0;1;0;0;0
06/04/2015;00:34:00;7;Acidente sem Vítima;944;BR-101/BA;Norte;Saída de Pista;0;0;4;0;0;0;;;;;1;0;0;0;0
07/04/2015;03:29:00;46;Acidente com vítima;65;BR-101/ES;Norte;Colisão Traseira;0;0;3;1;0;0;;;;;1;1;0;0;0
07/04/2015;19:13:00;302;Acidente com vítima;147;BR-101/ES;Norte;Colisão Transversal;1;0;0;1;0;0;;;;;1;1;0;0;0
07/04/2015;07:26:00;86;Acidente com vítima;149;BR-101/ES;Norte;Colisão;1;0;0;1;0;0;;;;;0;2;0;0;0
07/04/2015;21:14:00;326;Acidente com vítima;182;BR-101/ES;Norte;Colisão Lateral;0;0;2;0;0;0;;;;;1;1;0;0;0
07/04/2015;15:45:00;254;Acidente sem Vítima;263;BR-101/ES;Sul;Choque com Objeto Fixo;1;0;0;0;0;0;;;;;3;0;0;0;0
07/04/2015;10:03:00;152;Acidente com vítima;269;BR-101/ES;Sul;Colisão Lateral;1;0;0;1;0;0;;;;;1;1;0;0;0
07/04/2015;10:57:00;174;Acidente sem Vítima;270;BR-101/ES;Sul;Colisão Lateral;1;0;2;0;0;0;;;;;2;0;0;0;0
07/04/2015;17:30:00;278;Acidente com vítima;270;BR-101/ES;Norte;Queda de Moto;0;0;0;1;0;0;;;;;0;1;0;0;0
07/04/2015;14:49:00;245;Acidente sem Vítima;280;BR-101/ES;Norte;Choque com Objeto Fixo;0;0;2;0;0;0;;;;;1;0;0;0;0
07/04/2015;08:57:00;119;Acidente com vítima;291;BR-101/ES;Norte;Engavetamento;3;0;1;1;0;0;;;;;3;1;0;0;0
07/04/2015;22:06:00;340;Acidente sem Vítima;306;BR-101/ES;Sul;Tombamento;0;0;2;0;0;0;;;;;1;0;0;0;0
07/04/2015;06:53:00;73;Acidente sem Vítima;326,5;BR-101/ES;Norte;Colisão Lateral;1;0;2;0;0;0;;;;;3;0;0;0;0
07/04/2015;17:42:00;286;Acidente sem Vítima;379;BR-101/ES;Norte;Atropelamento - Bovino;1;0;0;0;0;0;;;;;1;0;0;0;0
07/04/2015;15:59:00;259;Acidente sem Vítima;397;BR-101/ES;Norte;Colisão Lateral;1;0;1;0;0;0;;;;;2;0;0;0;0
07/04/2015;19:17:00;303;Acidente com vítima;448;BR-101/ES;Sul;Colisão Frontal;1;0;1;0;0;0;;;;;0;2;0;1;0
08/04/2015;09:32:00;122;Acidente com vítima;66,5;BR-101/ES;Sul;Colisão Traseira;2;0;0;0;0;0;;;;;1;2;0;0;0
08/04/2015;08:33:00;106;Acidente sem Vítima;147;BR-101/ES;Norte;Colisão Transversal;2;0;0;0;0;0;;;;;2;0;0;0;0
08/04/2015;20:54:00;322;Acidente sem Vítima;219;BR-101/ES;Norte;Choque com Objeto Fixo;1;0;0;0;0;0;;;;;1;0;0;0;0
08/04/2015;15:30:00;246;Acidente sem Vítima;266;BR-101/ES;Sul;Colisão Lateral;1;0;0;1;0;0;;;;;2;0;0;0;0
08/04/2015;10:19:00;130;Acidente sem Vítima;268;BR-101/ES;Sul;Colisão Lateral;1;0;1;0;0;0;;;;;2;0;0;0;0
08/04/2015;07:31:00;75;Acidente sem Vítima;290;BR-101/ES;Norte;Colisão Traseira;2;0;0;0;0;0;;;;;3;0;0;0;0
09/04/2015;18:40:00;306;Acidente com vítima;163;BR-101/ES;Norte;Queda de Moto;0;0;0;1;0;0;;;;;0;1;1;0;0
09/04/2015;07:50:00;95;Acidente com vítima;267;BR-101/ES;Norte;Colisão Lateral;1;0;0;1;0;0;;;;;1;0;1;0;0
09/04/2015;13:02:00;227;Acidente com vítima;269;BR-101/ES;Norte;Colisão Traseira;1;0;1;0;0;0;;;;;1;1;0;0;0
09/04/2015;16:09:00;265;Acidente com vítima;269;BR-101/ES;Norte;Queda de Moto;0;0;0;1;0;0;;;;;0;1;0;0;0
09/04/2015;07:32:00;84;Acidente sem Vítima;269,8;BR-101/ES;Norte;Engavetamento;3;0;0;0;0;0;;;;;3;0;0;0;0
09/04/2015;19:35:00;316;Acidente sem Vítima;283;BR-101/ES;Norte;Colisão Lateral;0;0;1;0;1;0;;;;;2;0;0;0;0
09/04/2015;07:23:00;79;Acidente sem Vítima;298,5;BR-101/ES;Norte;Colisão Lateral;1;0;1;0;0;0;;;;;1;0;0;0;0
09/04/2015;07:39:00;86;Acidente com vítima;336;BR-101/ES;Norte;Colisão Traseira;3;0;0;0;0;0;;;;;3;1;0;0;0
09/04/2015;15:28:00;260;Acidente sem Vítima;367;BR-101/ES;Sul;Saída de Pista;1;0;0;0;0;0;;;;;1;0;0;0;0
09/04/2015;13:10:00;229;Acidente sem Vítima;376;BR-101/ES;Sul;Colisão Transversal;1;0;0;1;0;0;;;;;2;0;0;0;0
09/04/2015;23:04:00;353;Acidente com vítima;387;BR-101/ES;Norte;Tombamento;0;0;2;0;0;0;;;;;0;1;0;0;0
09/04/2015;16:34:00;272;Acidente sem Vítima;401;BR-101/ES;Sul;Saída de Pista;0;0;1;0;0;0;;;;;1;0;0;0;0
09/04/2015;13:59:00;240;Acidente sem Vítima;435;BR-101/ES;Norte;Saída de Pista;1;0;0;0;0;0;;;;;2;0;0;0;0
09/04/2015;19:59:00;323;Acidente sem Vítima;438,5;BR-101/ES;Norte;Saída de Pista;1;0;0;0;0;0;;;;;1;0;0;0;0
09/04/2015;19:20:00;314;Acidente sem Vítima;439;BR-101/ES;Norte;Tombamento;0;0;1;0;0;0;;;;;1;0;0;0;0
10/04/2015;16:33:00;255;Acidente sem Vítima;8;BR-101/ES;Norte;Tombamento;0;0;4;0;0;0;;;;;1;0;0;0;0
10/04/2015;15:54:00;249;Acidente com vítima;149;BR-101/ES;Norte;Engavetamento;3;0;0;0;1;0;;;;;5;1;0;0;0
10/04/2015;14:42:00;234;Acidente com vítima;162;BR-101/ES;Sul;Queda de Moto;0;0;0;1;0;0;;;;;0;2;0;0;0
10/04/2015;23:12:00;351;Acidente sem Vítima;203;BR-101/ES;Norte;Saída de Pista;1;0;0;0;0;0;;;;;1;0;0;0;0
10/04/2015;10:11:00;137;Acidente com vítima;208;BR-101/ES;Sul;Saída de Pista;1;0;0;0;0;0;;;;;0;1;0;0;0
10/04/2015;18:39:00;289;Acidente com vítima;262;BR-101/ES;Sul;Colisão Lateral;1;0;0;1;0;0;;;;;1;1;0;0;0
10/04/2015;20:28:00;320;Acidente sem Vítima;287;BR-101/ES;Sul;Atropelamento - Equino;1;0;0;0;0;0;;;;;1;0;0;0;0
10/04/2015;04:32:00;32;Acidente sem Vítima;289;BR-101/ES;Norte;Atropelamento - Equino;0;0;2;0;0;0;;;;;1;0;0;0;0
10/04/2015;07:48:00;73;Acidente sem Vítima;291;BR-101/ES;Sul;Colisão Traseira;2;0;0;0;0;0;;;;;2;0;0;0;0
10/04/2015;10:25:00;142;Acidente sem Vítima;301;BR-101/ES;Norte;Colisão Traseira;2;0;0;0;0;0;;;;;3;0;0;0;0
11/04/2015;14:47:00;213;Acidente com vítima;17,5;BR-101/ES;Sul;Colisão Frontal;0;0;4;0;0;0;;;;;0;2;0;0;0
11/04/2015;10:34:00;144;Acidente sem Vítima;38;BR-101/ES;Sul;Tombamento;0;0;3;0;0;0;;;;;1;0;0;0;0
11/04/2015;18:52:00;263;Acidente sem Vítima;51;BR-101/ES;Norte;Colisão Lateral;1;0;1;0;0;0;;;;;2;0;0;0;0
11/04/2015;06:19:00;67;Acidente sem Vítima;126;BR-101/ES;Sul;Colisão Traseira;1;0;1;0;0;0;;;;;4;0;0;0;0
11/04/2015;06:29:00;69;Acidente sem Vítima;135;BR-101/ES;Sul;Saída de Pista;1;0;0;0;0;0;;;;;1;0;0;0;0
11/04/2015;17:51:00;253;Acidente com vítima;146;BR-101/ES;Sul;Colisão Lateral;1;0;0;1;0;0;;;;;1;2;0;0;0
11/04/2015;08:29:00;107;Acidente sem Vítima;147;BR-101/ES;Sul;Colisão Transversal;2;0;0;0;0;0;;;;;2;0;0;0;0
11/04/2015;11:32:00;164;Acidente sem Vítima;149;BR-101/ES;Sul;Colisão Lateral;1;0;1;0;0;0;;;;;4;0;0;0;0
11/04/2015;17:36:00;249;Acidente com vítima;198,8;BR-101/ES;Norte;Queda de Moto;0;0;0;1;0;0;;;;;0;2;0;0;0
11/04/2015;18:49:00;261;Acidente sem Vítima;238;BR-101/ES;Norte;Queda de Moto;0;0;0;1;0;0;;;;;1;0;0;0;0
11/04/2015;15:56:00;228;Acidente sem Vítima;254;BR-101/ES;Sul;Colisão Transversal;1;0;0;1;0;0;;;;;2;0;0;0;0
11/04/2015;14:30:00;209;Acidente com vítima;263;BR-101/ES;Norte;Queda de Moto;0;0;0;1;0;0;;;;;0;2;0;0;0
11/04/2015;01:39:00;17;Acidente com vítima;291;BR-101/ES;Sul;Queda de Moto;0;0;0;1;0;0;;;;;1;1;0;0;0
11/04/2015;09:11:00;114;Acidente sem Vítima;363;BR-101/ES;Sul;Capotamento;1;0;0;0;0;0;;;;;3;0;0;0;0
12/04/2015;20:30:00;303;Acidente com vítima;80;BR-101/ES;Norte;Colisão Traseira;1;0;1;0;0;0;;;;;1;1;0;0;0
12/04/2015;22:03:00;321;Acidente sem Vítima;141;BR-101/ES;Norte;Colisão Traseira;0;0;5;0;0;0;;;;;2;0;0;0;0
12/04/2015;09:08:00;110;Acidente sem Vítima;151;BR-101/ES;Sul;Colisão Transversal;2;0;0;0;0;0;;;;;5;0;0;0;0
12/04/2015;01:50:00;19;Acidente sem Vítima;228;BR-101/ES;Norte;Saída de Pista;1;0;0;0;0;0;;;;;3;0;0;0;0
12/04/2015;18:45:00;281;Acidente sem Vítima;230;BR-101/ES;Sul;Choque com Objeto Fixo;1;0;0;0;0;0;;;;;1;0;0;0;0
12/04/2015;22:04:00;322;Acidente com vítima;233;BR-101/ES;Norte;Colisão Traseira;2;0;0;0;0;0;;;;;5;1;1;0;0
12/04/2015;00:30:00;3;Acidente com vítima;262;BR-101/ES;Norte;Colisão Transversal;2;0;0;0;0;0;;;;;2;0;1;1;0
12/04/2015;22:42:00;326;Acidente com vítima;267;BR-101/ES;Sul;Colisão Traseira;1;0;0;1;0;0;;;;;1;0;1;0;0
12/04/2015;04:04:00;47;Acidente com vítima;270;BR-101/ES;Norte;Queda de Moto;0;0;0;1;0;0;;;;;0;0;2;0;0
12/04/2015;22:09:00;323;Acidente com vítima;285;BR-101/ES;Norte;Colisão Traseira;0;0;2;1;0;0;;;;;1;0;1;0;0
12/04/2015;16:18:00;254;Acidente com vítima;318;BR-101/ES;Sul;Queda de Moto;1;0;0;0;0;0;;;;;0;2;0;0;0
12/04/2015;00:56:00;13;Acidente sem Vítima;353;BR-101/ES;Sul;Choque com Objeto Fixo;1;0;0;0;0;0;;;;;4;0;0;0;0
13/04/2015;08:35:00;120;Acidente com vítima;80;BR-101/ES;Sul;Colisão Lateral;2;0;0;0;0;0;;;;;4;1;0;0;0
13/04/2015;16:35:00;267;Acidente sem Vítima;81;BR-101/ES;Sul;Colisão Traseira;2;0;0;0;0;0;;;;;2;0;0;0;0
13/04/2015;17:24:00;281;Acidente sem Vítima;147;BR-101/ES;Sul;Colisão Transversal;1;0;1;0;0;0;;;;;2;0;0;0;0
13/04/2015;09:19:00;132;Acidente com vítima;150;BR-101/ES;Norte;Colisão;1;1;0;0;0;0;;;;;1;0;1;0;0
13/04/2015;10:41:00;158;Acidente sem Vítima;213;BR-101/ES;Norte;Colisão Traseira;2;0;0;0;0;0;;;;;3;0;0;0;0
13/04/2015;14:16:00;232;Acidente sem Vítima;241;BR-101/ES;Sul;Colisão Lateral;1;0;0;1;0;0;;;;;2;0;0;0;0
13/04/2015;18:03:00;292;Acidente sem Vítima;251;BR-101/ES;Sul;Engavetamento;3;0;0;0;0;0;;;;;3;0;0;0;0
13/04/2015;15:20:00;243;Acidente sem Vítima;267,1;BR-101/ES;Sul;Tombamento;0;0;1;0;0;0;;;;;1;0;0;0;0
13/04/2015;05:38:00;57;Acidente sem Vítima;269;BR-101/ES;Norte;Colisão Transversal;2;0;0;0;0;0;;;;;1;0;0;0;0