data;horario;n_da_ocorrencia;tipo_de_ocorrencia;km;trecho;sentido;tipo_de_acidente;automovel;bicicleta;caminhao;moto;onibus;outros;tracao_animal;transporte_de_cargas_especiais;trator_maquinas;utilitarios;ilesos;levemente_feridos;moderadamente_feridos;gravemente_feridos;mortos
13/04/2015;20:09:00;315;Acidente sem Vítima;287;BR-101/ES;Sul;Colisão Lateral;2;0;0;0;0;0;;;;;2;0;0;0;0
13/04/2015;06:06:00;63;Acidente sem Vítima;299;BR-101/ES;Norte;Engavetamento;1;0;4;0;0;0;;;;;5;0;0;0;0
13/04/2015;17:04:00;276;Acidente sem Vítima;331;BR-101/ES;Sul;Colisão Frontal;1;0;1;0;0;0;;;;;2;0;0;0;0
14/04/2015;10:43:00;152;Acidente sem Vítima;147;BR-101/ES;Sul;Colisão Lateral;2;0;0;0;0;0;;;;;3;0;0;0;0
14/04/2015;12:55:00;206;Acidente com vítima;241;BR-101/ES;Sul;Colisão Traseira;2;0;0;0;0;0;;;;;7;1;0;0;0
14/04/2015;14:14:00;234;Acidente com vítima;243;BR-101/ES;Norte;Queda de Moto;0;0;0;1;0;0;;;;;0;2;0;0;0
14/04/2015;09:54:00;135;Acidente sem Vítima;255;BR-101/ES;Norte;Engavetamento;3;0;0;0;0;0;;;;;5;0;0;0;0
14/04/2015;15:21:00;252;Acidente sem Vítima;263;BR-101/ES;Sul;Colisão Traseira;2;0;0;0;0;0;;;;;2;0;0;0;0
14/04/2015;11:46:00;170;Acidente sem Vítima;265;BR-101/ES;Norte;Colisão Lateral;1;0;1;0;0;0;;;;;2;0;0;0;0
14/04/2015;15:59:00;267;Acidente sem Vítima;265;BR-101/ES;Norte;Colisão Lateral;1;0;2;0;0;0;;;;;2;0;0;0;0
14/04/2015;12:38:00;201;Acidente sem Vítima;269;BR-101/ES;Sul;Engavetamento;3;0;0;0;0;0;;;;;3;0;0;0;0
14/04/2015;16:36:00;284;Acidente sem Vítima;269;BR-101/ES;Norte;Colisão Traseira;1;0;2;0;0;0;;;;;2;0;0;0;0
14/04/2015;14:05:00;230;Acidente com vítima;291;BR-101/ES;Sul;Saída de Pista;1;0;0;0;0;0;;;;;0;1;0;0;0
14/04/2015;14:29:00;240;Acidente sem Vítima;325;BR-101/ES;Norte;Engavetamento;1;0;5;0;0;0;;;;;5;0;0;0;0
14/04/2015;14:27:00;238;Acidente sem Vítima;335;BR-101/ES;Norte;Tombamento;0;0;1;0;0;0;;;;;1;0;0;0;0
14/04/2015;20:46:00;337;Acidente sem Vítima;341;BR-101/ES;Norte;Colisão Lateral;1;0;2;0;0;0;;;;;3;0;0;0;0
14/04/2015;22:48:00;365;Acidente sem Vítima;349;BR-101/ES;Norte;Colisão Traseira;0;0;2;0;0;0;;;;;2;0;0;0;0
14/04/2015;16:24:00;277;Acidente sem Vítima;382;BR-101/ES;Norte;Tombamento;0;0;2;0;0;0;;;;;2;0;0;0;0
15/04/2015;08:54:00;119;Acidente sem Vítima;68;BR-101/ES;Norte;Colisão Traseira;2;0;0;0;0;0;;;;;2;0;0;0;0
15/04/2015;16:28:00;291;Acidente com vítima;147,5;BR-101/ES;Sul;Colisão Lateral;0;0;0;1;0;0;;;;;0;1;0;0;0
15/04/2015;16:41:00;297;Acidente sem Vítima;148;BR-101/ES;Norte;Colisão Lateral;1;0;1;0;0;0;;;;;2;0;0;0;0
15/04/2015;17:27:00;306;Acidente sem Vítima;148,5;BR-101/ES;Sul;Colisão Lateral;1;0;1;0;0;0;;;;;4;0;0;0;0
15/04/2015;19:07:00;327;Acidente sem Vítima;155;BR-101/ES;Norte;Colisão Lateral;2;0;0;0;0;0;;;;;5;0;0;0;0
15/04/2015;18:37:00;324;Acidente com vítima;219;BR-101/ES;Norte;Choque com Objeto Fixo;0;0;0;1;0;0;;;;;0;1;0;0;0
15/04/2015;18:34:00;323;Acidente com Morte;259;BR-101/ES;Sul;Colisão;0;1;0;1;0;0;;;;;0;0;1;0;1
15/04/2015;10:12:00;154;Acidente sem Vítima;264;BR-101/ES;Norte;Colisão Lateral;2;0;0;0;0;0;;;;;2;0;0;0;0
15/04/2015;17:45:00;313;Atropelamento com Morte;265;BR-101/ES;Sul;Atropelamento;1;0;0;1;0;0;;;;;1;0;0;1;1
15/04/2015;11:23:00;175;Acidente sem Vítima;271;BR-101/ES;Sul;Colisão Transversal;0;0;3;0;0;0;;;;;2;0;0;0;0
15/04/2015;13:40:00;236;Acidente sem Vítima;287;BR-101/ES;Norte;Colisão;1;0;0;0;0;0;;;;;3;0;0;0;0
15/04/2015;17:29:00;307;Acidente com vítima;292;BR-101/ES;Sul;Queda de ciclista;0;1;0;0;0;0;;;;;0;0;1;0;0
15/04/2015;12:34:00;211;Acidente sem Vítima;314;BR-101/ES;Sul;Colisão Lateral;1;0;2;0;0;0;;;;;3;0;0;0;0
15/04/2015;18:00:00;316;Acidente com vítima;390;BR-101/ES;Norte;Queda de Moto;1;0;0;0;0;0;;;;;0;1;1;0;0
15/04/2015;06:28:00;76;Acidente com vítima;411;BR-101/ES;Sul;Tombamento;0;0;2;0;0;0;;;;;0;1;0;0;0
16/04/2015;12:47:00;202;Acidente sem Vítima;50;BR-101/ES;Sul;Colisão Traseira;0;0;6;0;0;0;;;;;2;0;0;0;0
16/04/2015;18:28:00;299;Acidente com vítima;84;BR-101/ES;Sul;Colisão Traseira;0;0;5;0;0;0;;;;;1;1;0;0;0
16/04/2015;14:10:00;227;Acidente sem Vítima;147;BR-101/ES;Norte;Colisão Traseira;1;0;1;0;0;0;;;;;3;0;0;0;0
16/04/2015;07:55:00;97;Acidente com vítima;148;BR-101/ES;Sul;Colisão Lateral;1;0;0;1;0;0;;;;;1;1;0;0;0
16/04/2015;21:47:00;341;Acidente com vítima;183;BR-101/ES;Sul;Tombamento;0;0;2;0;0;0;;;;;0;2;1;0;0
16/04/2015;17:33:00;287;Acidente sem Vítima;203,5;BR-101/ES;Norte;Colisão;0;1;0;1;0;0;;;;;2;0;0;0;0
16/04/2015;18:31:00;300;Acidente sem Vítima;205;BR-101/ES;Norte;Colisão Traseira;2;0;0;0;0;0;;;;;2;0;0;0;0
16/04/2015;22:32:00;350;Acidente com vítima;260;BR-101/ES;Norte;Colisão Frontal;1;0;0;1;0;0;;;;;0;2;1;0;0
16/04/2015;08:56:00;124;Acidente sem Vítima;270;BR-101/ES;Sul;Colisão Traseira;1;0;0;0;1;0;;;;;3;0;0;0;0
16/04/2015;09:10:00;130;Acidente com vítima;273;BR-101/ES;Norte;Colisão Traseira;2;0;0;0;0;0;;;;;2;2;0;0;0
16/04/2015;05:39:00;59;Acidente com vítima;283;BR-101/ES;Norte;Colisão Traseira;0;0;1;1;0;0;;;;;1;0;1;0;0
16/04/2015;07:46:00;92;Acidente com vítima;291;BR-101/ES;Norte;Colisão Lateral;2;0;0;1;0;0;;;;;2;0;1;0;0
16/04/2015;13:47:00;221;Acidente sem Vítima;353;BR-101/ES;Norte;Colisão Lateral;0;0;4;0;0;0;;;;;2;0;0;0;0
16/04/2015;10:30:00;160;Acidente sem Vítima;372;BR-101/ES;Sul;Colisão Traseira;2;0;0;0;0;0;;;;;3;0;0;0;0
17/04/2015;07:00:00;63;Acidente sem Vítima;37;BR-101/ES;Sul;Tombamento;0;0;2;0;0;0;;;;;1;0;0;0;0
17/04/2015;11:32:00;152;Acidente com vítima;50;BR-101/ES;Norte;Capotamento;1;0;0;0;0;0;;;;;0;4;0;0;0
17/04/2015;22:30:00;336;Acidente com vítima;142;BR-101/ES;Sul;Queda de Moto;0;0;0;1;0;0;;;;;0;1;0;0;0
17/04/2015;23:55:00;344;Acidente sem Vítima;144;BR-101/ES;Norte;Colisão Lateral;1;0;0;0;1;0;;;;;4;0;0;0;0
17/04/2015;18:54:00;292;Acidente com vítima;152;BR-101/ES;Sul;Colisão Lateral;1;0;4;0;0;0;;;;;2;1;0;0;0
17/04/2015;18:40:00;288;Acidente sem Vítima;206;BR-101/ES;Norte;Colisão Lateral;2;0;0;0;0;0;;;;;2;0;0;0;0
17/04/2015;10:37:00;133;Acidente com vítima;256;BR-101/ES;Sul;Colisão Lateral;2;0;0;0;0;0;;;;;1;2;0;0;0
17/04/2015;08:43:00;101;Acidente com vítima;262;BR-101/ES;Sul;Colisão Lateral;2;0;0;0;0;0;;;;;1;1;0;0;0
17/04/2015;18:38:00;287;Acidente sem Vítima;265;BR-101/ES;Norte;Colisão Traseira;2;0;0;0;0;0;;;;;1;0;0;0;0
17/04/2015;07:24:00;70;Acidente com vítima;276;BR-101/ES;Norte;Colisão Traseira;1;0;3;0;0;0;;;;;4;0;1;0;0
17/04/2015;10:33:00;132;Acidente sem Vítima;285;BR-101/ES;Sul;Colisão Traseira;2;0;0;0;0;0;;;;;2;0;0;0;0
17/04/2015;09:56:00;123;Acidente com vítima;333;BR-101/ES;Norte;Queda de Moto;0;0;0;1;0;0;;;;;0;0;2;0;0
17/04/2015;16:23:00;245;Acidente sem Vítima;357;BR-101/ES;Sul;Saída de Pista;1;0;0;0;0;0;;;;;2;0;0;0;0
17/04/2015;18:26:00;286;Acidente sem Vítima;374;BR-101/ES;Sul;Colisão Traseira;2;0;0;0;0;0;;;;;2;0;0;0;0
17/04/2015;03:40:00;32;Acidente sem Vítima;410;BR-101/ES;Norte;Choque com Objeto Fixo;1;0;0;0;0;0;;;;;3;0;0;0;0
17/04/2015;14:40:00;222;Acidente com vítima;418;BR-101/ES;Norte;Queda de Moto;1;0;0;0;0;0;;;;;0;2;0;0;0
18/04/2015;18:11:00;278;Acidente com Morte;19;BR-101/ES;Sul;Colisão Frontal;0;0;1;1;0;0;;;;;1;0;0;0;1
18/04/2015;10:05:00;112;Acidente sem Vítima;22;BR-101/ES;Norte;Colisão Traseira;1;0;1;0;0;0;;;;;3;0;0;0;0
18/04/2015;18:06:00;275;Acidente com vítima;61;BR-101/ES;Norte;Colisão Transversal;2;0;0;0;0;0;;;;;2;1;0;0;0
18/04/2015;16:28:00;243;Acidente sem Vítima;70;BR-101/ES;Sul;Saída de Pista;1;0;0;0;0;0;;;;;1;0;0;0;0
18/04/2015;18:45:00;284;Acidente com vítima;75,1;BR-101/ES;Norte;Capotamento;1;0;0;0;0;0;;;;;4;1;0;0;0
18/04/2015;10:12:00;117;Acidente sem Vítima;149;BR-101/ES;Norte;Colisão Lateral;1;0;0;0;1;0;;;;;6;0;0;0;0
18/04/2015;01:16:00;16;Acidente com Morte;154,3;BR-101/ES;Norte;Colisão Frontal;0;0;2;0;0;0;;;;;0;0;0;0;3
18/04/2015;16:52:00;252;Acidente sem Vítima;161,5;BR-101/ES;Sul;Saída de Pista;1;0;0;0;0;0;;;;;2;0;0;0;0
18/04/2015;15:29:00;229;Acidente com Morte;177;BR-101/ES;Sul;Queda de Moto;0;0;0;1;0;0;;;;;0;0;0;0;1
18/04/2015;07:45:00;77;Acidente com vítima;193;BR-101/ES;Norte;Queda de ciclista;0;1;0;0;0;0;;;;;0;1;0;0;0
18/04/2015;12:00:00;154;Acidente sem Vítima;242;BR-101/ES;Sul;Colisão Lateral;1;0;1;0;0;0;;;;;4;0;0;0;0
18/04/2015;21:09:00;315;Acidente sem Vítima;248;BR-101/ES;Norte;Veículo em Chamas;1;0;0;0;0;0;;;;;1;0;0;0;0
18/04/2015;08:44:00;96;Acidente sem Vítima;251;BR-101/ES;Sul;Colisão Traseira;2;0;0;0;0;0;;;;;2;0;0;0;0
18/04/2015;07:50:00;79;Acidente com vítima;261;BR-101/ES;Norte;Queda de Moto;0;0;0;1;0;0;;;;;0;0;1;0;0
18/04/2015;22:22:00;334;Acidente sem Vítima;264;BR-101/ES;Sul;Colisão Traseira;2;0;0;0;0;0;;;;;2;0;0;0;0
18/04/2015;22:52:00;339;Acidente com vítima;271;BR-101/ES;Sul;Colisão Lateral;1;0;0;1;0;0;;;;;1;0;0;1;0
18/04/2015;07:40:00;76;Acidente com vítima;298;BR-101/ES;Sul;Queda de ciclista;0;1;0;0;0;0;;;;;0;0;1;0;0
18/04/2015;09:02:00;98;Acidente com vítima;302;BR-101/ES;Norte;Colisão Lateral;2;0;0;0;0;0;;;;;3;1;0;0;0
18/04/2015;12:35:00;170;Acidente com vítima;413;BR-101/ES;Sul;Colisão Lateral;1;0;1;0;0;0;;;;;1;0;0;2;0
18/04/2015;07:56:00;81;Acidente com vítima;419;BR-101/ES;Sul;Saída de Pista;1;0;0;0;0;0;;;;;0;4;0;0;0
18/04/2015;09:42:00;104;Acidente com vítima;448;BR-101/ES;Sul;Saída de Pista;1;0;0;0;0;0;;;;;2;2;0;0;0
19/04/2015;05:57:00;62;Acidente com vítima;26;BR-101/ES;Norte;Saída de Pista;1;0;0;0;0;0;;;;;0;0;2;0;0
19/04/2015;22:35:00;309;Acidente com vítima;29;BR-101/ES;Norte;Queda de Moto;0;0;0;1;0;0;;;;;0;0;1;0;0
19/04/2015;04:49:00;48;Acidente com vítima;136;BR-101/ES;Sul;Colisão Lateral;1;0;0;0;1;0;;;;;1;1;0;0;0
19/04/2015;20:03:00;289;Acidente sem Vítima;159;BR-101/ES;Norte;Saída de Pista;1;0;0;0;0;0;;;;;1;0;0;0;0
19/04/2015;17:40:00;267;Acidente com vítima;170;BR-101/ES;Norte;Colisão Lateral;1;0;1;0;0;0;;;;;1;2;0;0;0
19/04/2015;09:58:00;104;Acidente sem Vítima;230;BR-101/ES;Sul;Colisão Traseira;2;0;0;0;0;0;;;;;2;0;0;0;0
19/04/2015;02:24:00;18;Acidente sem Vítima;257;BR-101/ES;Norte;Capotamento;1;0;0;0;0;0;;;;;1;0;0;0;0
19/04/2015;14:47:00;216;Acidente com Morte;263;BR-101/ES;Norte;Choque com Objeto Fixo;2;0;0;0;0;0;;;;;0;2;0;0;1
19/04/2015;12:21:00;164;Acidente sem Vítima;270;BR-101/ES;Norte;Choque com Objeto Fixo;1;0;0;0;0;0;;;;;3;0;0;0;0
19/04/2015;09:58:00;103;Acidente sem Vítima;321;BR-101/ES;Sul;Colisão Traseira;0;0;3;0;0;0;;;;;3;0;0;0;0
19/04/2015;07:29:00;73;Acidente sem Vítima;338,8;BR-101/ES;Sul;Saída de Pista;1;0;0;0;0;0;;;;;1;0;0;0;0
19/04/2015;12:09:00;157;Acidente sem Vítima;404,5;BR-101/ES;Norte;Saída de Pista;1;0;0;0;0;0;;;;;2;0;0;0;0
20/04/2015;00:40:00;9;Acidente sem Vítima;38;BR-101/ES;Sul;Queda de Moto;0;0;0;1;0;0;;;;;1;0;0;0;0
20/04/2015;18:26:00;315;Acidente com vítima;70;BR-101/ES;Sul;Colisão Lateral;1;0;0;1;0;0;;;;;5;0;1;0;0
20/04/2015;01:02:00;15;Acidente sem Vítima;206;BR-101/ES;Norte;Saída de Pista;1;0;0;0;0;0;;;;;2;0;0;0;0
20/04/2015;14:32:00;240;Acidente com vítima;206,1;BR-101/ES;Sul;Colisão Lateral;1;0;0;1;0;0;;;;;1;2;0;0;0
20/04/2015;08:55:00;104;Acidente com vítima;209;BR-101/ES;Sul;Colisão Traseira;2;0;0;0;0;0;;;;;2;0;1;0;0
20/04/2015;22:17:00;364;Acidente com vítima;265;BR-101/ES;Sul;Queda de Moto;0;0;0;2;0;0;;;;;0;2;2;0;0
20/04/2015;18:25:00;314;Acidente com vítima;266;BR-101/ES;Norte;Queda de Moto;0;0;0;1;0;0;;;;;0;2;0;0;0
20/04/2015;10:29:00;136;Atropelamento com Morte;267;BR-101/ES;Sul;Atropelamento;0;0;1;0;0;0;;;;;1;0;0;0;1
20/04/2015;15:30:00;258;Acidente sem Vítima;291;BR-101/ES;Norte;Colisão Lateral;1;0;0;1;0;0;;;;;4;0;0;0;0
20/04/2015;18:20:00;313;Acidente sem Vítima;399;BR-101/ES;Sul;Colisão Traseira;0;0;4;0;0;0;;;;;2;0;0;0;0
21/04/2015;09:23:00;115;Acidente sem Vítima;75;BR-101/ES;Norte;Saída de Pista;1;0;0;0;0;0;;;;;1;0;0;0;0
21/04/2015;20:51:00;291;Acidente com vítima;99;BR-101/ES;Norte;Queda de Moto;0;0;0;1;0;0;;;;;0;2;0;0;0
21/04/2015;12:13:00;162;Acidente sem Vítima;147;BR-101/ES;Sul;Saída de Pista;0;0;1;0;0;0;;;;;1;0;0;0;0
21/04/2015;05:14:00;61;Acidente sem Vítima;195;BR-101/ES;Sul;Saída de Pista;1;0;0;0;0;0;;;;;2;0;0;0;0
21/04/2015;17:30:00;246;Acidente sem Vítima;229;BR-101/ES;Sul;Colisão Traseira;1;0;0;1;0;0;;;;;1;0;0;0;0
21/04/2015;13:06:00;180;Acidente sem Vítima;230;BR-101/ES;Sul;Colisão Traseira;1;0;0;0;0;0;;;;;3;0;0;0;0
21/04/2015;15:02:00;215;Acidente sem Vítima;251;BR-101/ES;Norte;Colisão Traseira;2;0;0;0;0;0;;;;;3;0;0;0;0
21/04/2015;11:10:00;136;Acidente sem Vítima;258;BR-101/ES;Sul;Colisão Traseira;0;0;1;0;1;0;;;;;3;0;0;0;0
21/04/2015;21:01:00;295;Acidente sem Vítima;267;BR-101/ES;Norte;Colisão Traseira;1;0;0;1;0;0;;;;;2;0;0;0;0
21/04/2015;21:05:00;297;Acidente sem Vítima;268;BR-101/ES;Norte;Colisão Traseira;2;0;0;0;0;0;;;;;2;0;0;0;0
21/04/2015;18:49:00;263;Acidente com vítima;287;BR-101/ES;Sul;Queda de Moto;0;0;0;1;0;0;;;;;0;1;0;0;0
21/04/2015;06:25:00;68;Acidente sem Vítima;295;BR-101/ES;Sul;Choque com Objeto Fixo;1;0;0;0;0;0;;;;;3;0;0;0;0
21/04/2015;08:25:00;91;Acidente com Morte;368;BR-101/ES;Sul;Tombamento;0;0;5;0;0;0;;;;;0;0;1;0;2
21/04/2015;09:32:00;117;Acidente sem Vítima;368;BR-101/ES;Sul;Capotamento;1;0;0;0;0;0;;;;;1;0;0;0;0
21/04/2015;12:04:00;157;Acidente sem Vítima;412;BR-101/ES;Norte;Saída de Pista;1;0;0;0;0;0;;;;;2;0;0;0;0
22/04/2015;17:42:00;273;Acidente sem Vítima;14;BR-101/ES;Sul;Tombamento;0;0;1;0;0;0;;;;;1;0;0;0;0
22/04/2015;09:22:00;123;Acidente sem Vítima;143;BR-101/ES;Sul;Veículo em Chamas;0;0;0;0;1;0;;;;;1;0;0;0;0
22/04/2015;08:08:00;96;Acidente com vítima;145;BR-101/ES;Sul;Colisão Traseira;0;0;5;0;0;0;;;;;1;1;0;0;0
22/04/2015;16:20:00;256;Acidente com vítima;154;BR-101/ES;Norte;Colisão Traseira;1;0;1;0;0;0;;;;;4;1;0;0;0
22/04/2015;15:41:00;248;Acidente com vítima;162;BR-101/ES;Sul;Colisão Lateral;1;0;1;0;0;0;;;;;1;1;3;0;0
22/04/2015;08:10:00;97;Atropelamento com Morte;206;BR-101/ES;Sul;Atropelamento;0;0;0;0;0;1;;;;;2;0;0;0;1
22/04/2015;19:25:00;290;Acidente sem Vítima;213;BR-101/ES;Sul;Colisão Traseira;0;0;3;0;0;0;;;;;2;0;0;0;0
22/04/2015;15:22:00;245;Acidente sem Vítima;238;BR-101/ES;Sul;Saída de Pista;1;0;0;0;0;0;;;;;2;0;0;0;0
22/04/2015;06:50:00;70;Acidente sem Vítima;264;BR-101/ES;Norte;Colisão Transversal;2;0;0;0;0;0;;;;;2;0;0;0;0
22/04/2015;08:49:00;112;Acidente sem Vítima;269;BR-101/ES;Sul;Colisão Traseira;2;0;0;0;0;0;;;;;2;0;0;0;0
22/04/2015;15:55:00;249;Acidente sem Vítima;291;BR-101/ES;Sul;Colisão Traseira;2;0;0;0;0;0;;;;;2;0;0;0;0
22/04/2015;10:56:00;150;Acidente sem Vítima;294;BR-101/ES;Norte;Colisão Lateral;1;0;2;0;0;0;;;;;4;0;0;0;0
22/04/2015;07:38:00;84;Acidente sem Vítima;301;BR-101/ES;Sul;Engavetamento;3;0;0;0;0;0;;;;;8;0;0;0;0
22/04/2015;14:38:00;234;Acidente sem Vítima;396;BR-101/ES;Norte;Tombamento;0;0;2;0;0;0;;;;;1;0;0;0;0
22/04/2015;01:19:00;17;Acidente com vítima;459;BR-101/ES;Sul;Tombamento;0;0;2;0;0;0;;;;;0;1;0;0;0
23/04/2015;14:05:00;186;Acidente sem Vítima;8;BR-101/ES;Sul;Tombamento;0;0;4;0;0;0;;;;;1;0;0;0;0
23/04/2015;16:58:00;244;Acidente sem Vítima;66;BR-101/ES;Norte;Engavetamento;2;0;0;1;0;0;;;;;4;0;0;0;0
23/04/2015;09:53:00;116;Acidente com vítima;71;BR-101/ES;Sul;Colisão Transversal;1;0;0;1;0;0;;;;;1;0;1;0;0
23/04/2015;15:29:00;219;Acidente sem Vítima;134;BR-101/ES;Sul;Saída de Pista;1;0;0;0;0;0;;;;;2;0;0;0;0
23/04/2015;23:03:00;326;Acidente sem Vítima;145;BR-101/ES;Norte;Colisão Traseira;0;0;0;2;0;0;;;;;3;0;0;0;0
23/04/2015;11:59:00;148;Acidente com vítima;146;BR-101/ES;Norte;Queda de Moto;0;0;0;1;0;0;;;;;0;1;0;0;0
23/04/2015;17:57:00;259;Acidente com vítima;146;BR-101/ES;Norte;Colisão Lateral;1;0;0;1;0;0;;;;;1;1;0;0;0
23/04/2015;06:03:00;64;Acidente com vítima;258;BR-101/ES;Norte;Tombamento;0;0;1;0;0;0;;;;;0;1;0;0;0
23/04/2015;10:58:00;126;Acidente sem Vítima;262;BR-101/ES;Sul;Colisão Traseira;2;0;0;0;0;0;;;;;2;0;0;0;0
23/04/2015;11:30:00;135;Acidente sem Vítima;266;BR-101/ES;Sul;Colisão Traseira;1;0;2;0;0;0;;;;;2;0;0;0;0
23/04/2015;18:04:00;262;Acidente com vítima;268;BR-101/ES;Norte;Colisão Lateral;1;0;0;1;0;0;;;;;2;1;0;0;0
23/04/2015;07:14:00;76;Acidente sem Vítima;269;BR-101/ES;Norte;Engavetamento;4;0;0;0;0;0;;;;;4;0;0;0;0
23/04/2015;08:09:00;90;Acidente com vítima;317;BR-101/ES;Norte;Tombamento;0;0;1;0;0;0;;;;;0;1;0;0;0
23/04/2015;09:26:00;111;Acidente sem Vítima;327;BR-101/ES;Norte;Saída de Pista;1;0;0;0;0;0;;;;;3;0;0;0;0
23/04/2015;16:54:00;243;Acidente com vítima;371;BR-101/ES;Sul;Colisão Lateral;1;0;0;1;0;0;;;;;1;1;0;0;0
23/04/2015;00:54:00;11;Acidente sem Vítima;384;BR-101/ES;Norte;Saída de Pista;1;0;0;0;0;0;;;;;2;0;0;0;0
24/04/2015;16:54:00;292;Acidente sem Vítima;125;BR-101/ES;Sul;Colisão Lateral;1;0;0;1;0;0;;;;;5;0;0;0;0
24/04/2015;18:33:00;316;Acidente sem Vítima;147;BR-101/ES;Norte;Colisão Traseira;2;0;0;0;0;0;;;;;5;0;0;0;0
24/04/2015;11:10:00;163;Atropelamento sem Morte;179,5;BR-101/ES;Norte;Atropelamento;1;0;0;0;0;0;;;;;2;1;0;0;0
24/04/2015;18:53:00;322;Acidente sem Vítima;198;BR-101/ES;Sul;Colisão Lateral;1;0;1;0;0;0;;;;;5;0;0;0;0
24/04/2015;12:14:00;194;Acidente com vítima;270;BR-101/ES;Norte;Colisão Lateral;0;0;0;1;1;0;;;;;1;1;0;0;0
24/04/2015;14:05:00;239;Acidente com vítima;279;BR-101/ES;Sul;Saída de Pista;1;0;0;0;0;0;;;;;0;1;0;0;0
24/04/2015;08:11:00;98;Acidente sem Vítima;291;BR-101/ES;Sul;Colisão Lateral;2;0;0;0;0;0;;;;;2;0;0;0;0
24/04/2015;21:23:00;353;Atropelamento sem Morte;296;BR-101/ES;Norte;Atropelamento;1;0;0;0;0;0;;;;;1;0;0;1;0
25/04/2015;00:07:00;2;Acidente com vítima;67;BR-101/ES;Sul;Choque com Objeto Fixo;1;0;0;0;0;0;;;;;0;0;1;0;0
25/04/2015;09:25:00;122;Acidente sem Vítima;122;BR-101/ES;Sul;Colisão Traseira;1;0;1;0;0;0;;;;;2;0;0;0;0
25/04/2015;23:52:00;316;Acidente com vítima;219;BR-101/ES;Norte;Queda de Moto;0;0;0;1;0;0;;;;;1;1;0;0;0
25/04/2015;14:18:00;202;Acidente sem Vítima;264;BR-101/ES;Norte;Colisão Traseira;1;0;0;0;1;0;;;;;2;0;0;0;0
25/04/2015;09:34:00;126;Acidente sem Vítima;269;BR-101/ES;Norte;Colisão Lateral;1;0;2;0;0;0;;;;;2;0;0;0;0
25/04/2015;11:07:00;148;Acidente com vítima;270;BR-101/ES;Sul;Queda de Moto;0;0;0;1;0;0;;;;;0;2;0;0;0
25/04/2015;10:06:00;133;Acidente com vítima;288;BR-101/ES;Sul;Capotamento;1;0;0;0;0;0;;;;;0;0;0;1;0
25/04/2015;17:23:00;242;Acidente sem Vítima;288;BR-101/ES;Norte;Colisão Traseira;1;0;2;0;0;0;;;;;2;0;0;0;0
25/04/2015;13:46:00;195;Acidente sem Vítima;297;BR-101/ES;Norte;Colisão Lateral;2;0;0;0;0;0;;;;;5;0;0;0;0
25/04/2015;10:57:00;141;Acidente com vítima;385;BR-101/ES;Sul;Choque com Objeto Fixo;1;0;0;0;0;0;;;;;0;1;0;0;0
25/04/2015;09:54:00;129;Acidente com vítima;401;BR-101/ES;Sul;Saída de Pista;0;0;1;0;0;0;;;;;1;1;0;0;0
26/04/2015;13:34:00;175;Acidente com vítima;106;BR-101/ES;Norte;Queda de Moto;0;0;0;1;0;0;;;;;0;1;0;0;0
26/04/2015;14:00:00;184;Acidente sem Vítima;149;BR-101/ES;Norte;Colisão Traseira;2;0;0;0;0;0;;;;;3;0;0;0;0
26/04/2015;22:18:00;301;Acidente sem Vítima;219;BR-101/ES;Norte;Tombamento;0;0;3;0;0;0;;;;;1;0;0;0;0
26/04/2015;19:36:00;271;Acidente sem Vítima;250;BR-101/ES;Sul;Saída de Pista;1;0;0;0;0;0;;;;;1;0;0;0;0
26/04/2015;03:57:00;37;Acidente sem Vítima;264;BR-101/ES;Sul;Colisão Lateral;2;0;0;0;0;0;;;;;1;0;0;0;0
26/04/2015;07:09:00;64;Acidente sem Vítima;270;BR-101/ES;Norte;Capotamento;1;0;0;0;0;0;;;;;1;0;0;0;0
26/04/2015;03:13:00;25;Acidente com vítima;301;BR-101/ES;Norte;Colisão Lateral;2;0;0;0;0;0;;;;;2;2;0;0;0
26/04/2015;17:05:00;236;Acidente sem Vítima;351;BR-101/ES;Sul;Saída de Pista;1;0;0;0;0;0;;;;;2;0;0;0;0
27/04/2015;11:18:00;141;Acidente sem Vítima;101;BR-101/ES;Sul;Choque com Objeto Fixo;1;0;0;0;0;0;;;;;1;0;0;0;0
27/04/2015;01:37:00;14;Acidente sem Vítima;135;BR-101/ES;Sul;Colisão Traseira;1;0;4;0;0;0;;;;;3;0;0;0;0
27/04/2015;20:09:00;277;Acidente sem Vítima;192;BR-101/ES;Norte;Atropelamento - Bovino;0;0;1;0;0;0;;;;;1;0;0;0;0
27/04/2015;09:38:00;108;Acidente sem Vítima;265;BR-101/ES;Norte;Choque com Objeto Fixo;1;0;0;0;0;0;;;;;2;0;0;0;0
27/04/2015;18:48:00;266;Acidente sem Vítima;265,5;BR-101/ES;Norte;Choque com Objeto Fixo;1;0;0;0;0;0;;;;;1;0;0;0;0
27/04/2015;10:25:00;125;Acidente sem Vítima;269;BR-101/ES;Sul;Colisão Traseira;2;0;0;0;0;0;;;;;2;0;0;0;0
27/04/2015;07:31:00;65;Acidente sem Vítima;270;BR-101/ES;Sul;Colisão;1;1;0;1;0;0;;;;;3;0;0;0;0
27/04/2015;14:09:00;211;Acidente sem Vítima;288;BR-101/ES;Sul;Choque com Objeto Fixo;1;0;0;0;0;0;;;;;1;0;0;0;0
27/04/2015;10:28:00;126;Acidente com vítima;291;BR-101/ES;Norte;Colisão Traseira;0;0;4;0;0;0;;;;;1;1;0;0;0