data;horario;n_da_ocorrencia;tipo_de_ocorrencia;km;trecho;sentido;tipo_de_acidente;automovel;bicicleta;caminhao;moto;onibus;outros;tracao_animal;transporte_de_cargas_especiais;trator_maquinas;utilitarios;ilesos;levemente_feridos;moderadamente_feridos;gravemente_feridos;mortos
27/04/2015;12:34:00;172;Acidente sem Vítima;293;BR-101/ES;Sul;Colisão Traseira;2;0;0;0;0;0;;;;;2;0;0;0;0
27/04/2015;22:31:00;301;Atropelamento sem Morte;299;BR-101/ES;Norte;Atropelamento;0;0;2;0;0;0;;;;;0;0;1;0;0
27/04/2015;01:06:00;10;Acidente com vítima;301;BR-101/ES;Sul;Colisão Frontal;2;0;1;0;0;0;;;;;4;1;0;0;0
27/04/2015;12:57:00;181;Acidente com vítima;341,1;BR-101/ES;Sul;Saída de Pista;1;0;0;0;0;0;;;;;2;1;0;0;0
27/04/2015;01:53:00;16;Acidente com vítima;384;BR-101/ES;Sul;Capotamento;1;0;0;0;0;0;;;;;6;3;0;0;0
28/04/2015;15:14:00;270;Acidente sem Vítima;28;BR-101/ES;Sul;Queda de Moto;0;0;0;1;0;0;;;;;1;0;0;0;0
28/04/2015;17:26:00;311;Acidente com vítima;41,5;BR-101/ES;Sul;Queda de Moto;1;0;0;0;0;0;;;;;0;2;0;0;0
28/04/2015;07:40:00;89;Acidente sem Vítima;67;BR-101/ES;Norte;Colisão;0;1;0;1;0;0;;;;;2;0;0;0;0
28/04/2015;19:08:00;327;Acidente sem Vítima;132;BR-101/ES;Sul;Engavetamento;1;0;2;0;0;0;;;;;3;0;0;0;0
28/04/2015;17:45:00;313;Acidente com vítima;135;BR-101/ES;Norte;Colisão Transversal;1;0;1;0;0;0;;;;;1;0;1;0;0
28/04/2015;14:10:00;255;Acidente sem Vítima;236;BR-101/ES;Sul;Colisão Lateral;1;0;2;0;0;0;;;;;3;0;0;0;0
28/04/2015;23:20:00;377;Acidente com vítima;246;BR-101/ES;Sul;Tombamento;0;0;2;0;0;0;;;;;0;0;1;0;0
28/04/2015;12:32:00;226;Acidente sem Vítima;267,5;BR-101/ES;Sul;Colisão Traseira;2;0;0;0;0;0;;;;;2;0;0;0;0
28/04/2015;11:20:00;193;Acidente sem Vítima;270;BR-101/ES;Sul;Colisão Lateral;1;0;2;0;0;0;;;;;2;0;0;0;0
28/04/2015;07:17:00;80;Acidente sem Vítima;296;BR-101/ES;Norte;Queda de Moto;0;0;0;1;0;0;;;;;2;0;0;0;0
28/04/2015;15:51:00;281;Acidente sem Vítima;301;BR-101/ES;Norte;Colisão Lateral;2;0;1;0;0;0;;;;;6;0;0;0;0
28/04/2015;06:52:00;68;Acidente com vítima;419;BR-101/ES;Sul;Queda de ciclista;0;1;0;0;0;0;;;;;0;1;0;0;0
29/04/2015;07:50:00;71;Acidente sem Vítima;110;BR-101/ES;Norte;Colisão Traseira;2;0;0;0;0;0;;;;;3;0;0;0;0
29/04/2015;06:28:00;49;Acidente sem Vítima;130;BR-101/ES;Norte;Colisão Traseira;1;0;1;0;0;0;;;;;2;0;0;0;0
29/04/2015;18:34:00;295;Acidente sem Vítima;131;BR-101/ES;Sul;Saída de Pista;1;0;0;0;0;0;;;;;1;0;0;0;0
29/04/2015;12:32:00;192;Acidente com Morte;148;BR-101/ES;Sul;Atropelamento e Fuga;1;0;0;0;0;0;;;;;0;0;0;0;1
29/04/2015;20:02:00;318;Acidente sem Vítima;148;BR-101/ES;Norte;Engavetamento;3;0;0;0;0;0;;;;;3;0;0;0;0
29/04/2015;06:21:00;47;Acidente sem Vítima;202;BR-101/ES;Norte;Tombamento;0;0;2;0;0;0;;;;;1;0;0;0;0
29/04/2015;18:56:00;302;Acidente sem Vítima;255;BR-101/ES;Sul;Colisão Traseira;2;0;0;0;0;0;;;;;2;0;0;0;0
29/04/2015;16:44:00;264;Acidente sem Vítima;264;BR-101/ES;Norte;Colisão Lateral;1;0;2;0;0;0;;;;;2;0;0;0;0
29/04/2015;08:25:00;79;Acidente sem Vítima;291;BR-101/ES;Sul;Colisão Transversal;2;0;0;0;0;0;;;;;2;0;0;0;0
29/04/2015;17:05:00;275;Acidente sem Vítima;297;BR-101/ES;Norte;Engavetamento;2;0;1;0;0;0;;;;;4;0;0;0;0
29/04/2015;19:06:00;305;Acidente sem Vítima;331;BR-101/ES;Norte;Capotamento;1;0;0;0;0;0;;;;;2;0;0;0;0
29/04/2015;16:52:00;267;Acidente sem Vítima;453;BR-101/ES;Norte;Capotamento;1;0;0;0;0;0;;;;;1;0;0;0;0
30/04/2015;19:10:00;312;Acidente com vítima;16;BR-101/ES;Sul;Colisão;1;1;0;0;0;0;;;;;1;0;0;1;0
30/04/2015;15:35:00;253;Acidente com vítima;74;BR-101/ES;Sul;Colisão Lateral;1;0;0;1;0;0;;;;;0;1;0;1;0
30/04/2015;18:16:00;297;Acidente sem Vítima;117;BR-101/ES;Norte;Colisão Lateral;2;0;0;0;0;0;;;;;6;0;0;0;0
30/04/2015;17:53:00;288;Acidente sem Vítima;125;BR-101/ES;Sul;Colisão Traseira;2;0;0;0;0;0;;;;;2;0;0;0;0
30/04/2015;19:44:00;316;Acidente com vítima;147;BR-101/ES;Sul;Colisão Lateral;1;0;0;1;0;0;;;;;2;1;0;0;0
30/04/2015;09:24:00;109;Acidente sem Vítima;181;BR-101/ES;Sul;Colisão Traseira;2;0;0;0;0;0;;;;;5;0;0;0;0
30/04/2015;14:37:00;237;Acidente sem Vítima;201;BR-101/ES;Sul;Choque com Objeto Fixo;1;0;0;0;0;0;;;;;3;0;0;0;0
30/04/2015;19:04:00;309;Acidente com vítima;211;BR-101/ES;Sul;Colisão Traseira;2;0;0;0;0;0;;;;;2;2;0;0;0
30/04/2015;13:52:00;218;Acidente sem Vítima;230;BR-101/ES;Sul;Colisão Lateral;2;0;0;0;0;0;;;;;2;0;0;0;0
30/04/2015;21:59:00;362;Acidente sem Vítima;262;BR-101/ES;Sul;Colisão Traseira;0;0;2;0;1;0;;;;;2;0;0;0;0
30/04/2015;07:34:00;73;Acidente sem Vítima;263;BR-101/ES;Sul;Queda de Moto;0;0;0;1;0;0;;;;;2;0;0;0;0
30/04/2015;14:11:00;229;Acidente com vítima;265;BR-101/ES;Norte;Colisão;2;0;0;0;0;0;;;;;0;2;0;0;0
30/04/2015;03:14:00;32;Acidente sem Vítima;270;BR-101/ES;Norte;Capotamento;1;0;0;0;0;0;;;;;1;0;0;0;0
30/04/2015;07:33:00;71;Acidente sem Vítima;270;BR-101/ES;Norte;Colisão Lateral;1;0;2;0;0;0;;;;;2;0;0;0;0
30/04/2015;08:37:00;95;Acidente sem Vítima;270;BR-101/ES;Sul;Engavetamento;3;0;0;0;0;0;;;;;3;0;0;0;0
30/04/2015;10:08:00;123;Acidente sem Vítima;274;BR-101/ES;Norte;Choque com Objeto Fixo;0;0;2;0;0;0;;;;;1;0;0;0;0
30/04/2015;20:30:00;328;Acidente com vítima;276;BR-101/ES;Sul;Queda de Moto;0;0;0;1;0;0;;;;;0;1;0;0;0
30/04/2015;07:22:00;67;Acidente sem Vítima;291;BR-101/ES;Sul;Choque com Objeto Fixo;0;0;1;0;0;0;;;;;1;0;0;0;0
30/04/2015;21:43:00;356;Acidente sem Vítima;298;BR-101/ES;Sul;Veículo em Chamas;1;0;0;0;0;0;;;;;1;0;0;0;0
30/04/2015;21:47:00;360;Acidente com vítima;298,5;BR-101/ES;Norte;Engavetamento;4;0;0;0;0;0;;;;;9;0;1;0;0
30/04/2015;13:29:00;208;Acidente com vítima;329;BR-101/ES;Norte;Colisão Traseira;1;0;0;0;0;0;;;;;1;1;0;0;0
30/04/2015;19:05:00;310;Acidente sem Vítima;335;BR-101/ES;Norte;Saída de Pista;1;0;0;0;0;0;;;;;1;0;0;0;0
30/04/2015;12:35:00;184;Acidente com vítima;356;BR-101/ES;Sul;Queda de Moto;0;0;0;1;0;0;;;;;0;1;0;0;0
30/04/2015;12:47:00;189;Acidente sem Vítima;399;BR-101/ES;Norte;Engavetamento;1;0;1;0;1;0;;;;;9;0;0;0;0
30/04/2015;09:14:00;106;Acidente sem Vítima;420;BR-101/ES;Norte;Colisão Lateral;1;0;2;0;0;0;;;;;2;0;0;0;0
30/04/2015;13:09:00;200;Acidente sem Vítima;438;BR-101/ES;Sul;Colisão Transversal;0;0;2;0;0;0;;;;;3;0;0;0;0
01/05/2015;20:18:00;360;Acidente sem Vítima;98;BR-101/ES;Sul;Colisão Lateral;1;0;0;0;0;0;;;;;2;0;0;0;0
01/05/2015;16:58:00;322;Acidente sem Vítima;130,5;BR-101/ES;Norte;Saída de Pista;1;0;0;0;0;0;;;;;1;0;0;0;0
01/05/2015;18:50:00;342;Acidente com vítima;133;BR-101/ES;Sul;Queda de Moto;0;0;0;1;0;0;;;;;0;1;0;0;0
01/05/2015;18:11:00;335;Acidente com vítima;135;BR-101/ES;Norte;Colisão Lateral;2;0;0;0;0;0;;;;;6;1;0;0;0
01/05/2015;12:11:00;216;Acidente com vítima;141;BR-101/ES;Norte;Queda de Moto;0;0;0;1;0;0;;;;;0;1;0;0;0
01/05/2015;11:04:00;184;Acidente sem Vítima;146;BR-101/ES;Sul;Colisão Lateral;1;0;3;0;0;0;;;;;3;0;0;0;0
01/05/2015;04:38:00;70;Acidente com vítima;147;BR-101/ES;Sul;Queda de Moto;0;0;0;1;0;0;;;;;0;1;0;0;0
01/05/2015;22:59:00;392;Acidente sem Vítima;147;BR-101/ES;Norte;Colisão Traseira;2;0;0;0;0;0;;;;;4;0;0;0;0
01/05/2015;08:59:00;132;Acidente sem Vítima;176;BR-101/ES;Norte;Colisão Traseira;2;0;0;0;0;0;;;;;4;0;0;0;0
01/05/2015;06:32:00;89;Acidente sem Vítima;221,1;BR-101/ES;Norte;Colisão Traseira;2;0;0;0;0;0;;;;;7;0;0;0;0
01/05/2015;07:50:00;111;Acidente sem Vítima;230;BR-101/ES;Norte;Engavetamento;3;0;0;0;0;0;;;;;5;0;0;0;0
01/05/2015;21:25:00;376;Atropelamento sem Morte;240;BR-101/ES;Norte;Atropelamento;1;0;0;0;0;0;;;;;1;1;0;0;0
01/05/2015;00:30:00;16;Acidente sem Vítima;258;BR-101/ES;Norte;Choque com Objeto Fixo;1;0;0;0;0;0;;;;;3;0;0;0;0
01/05/2015;11:41:00;203;Acidente sem Vítima;267;BR-101/ES;Norte;Colisão Traseira;2;0;0;0;0;0;;;;;2;0;0;0;0
01/05/2015;19:34:00;349;Acidente com vítima;270;BR-101/ES;Norte;Queda de Moto;0;0;0;1;0;0;;;;;0;2;0;0;0
01/05/2015;04:33:00;68;Acidente sem Vítima;297;BR-101/ES;Norte;Capotamento;1;0;0;0;0;0;;;;;1;0;0;0;0
01/05/2015;09:10:00;139;Acidente sem Vítima;298;BR-101/ES;Sul;Colisão Traseira;3;0;1;0;0;0;;;;;7;0;0;0;0
01/05/2015;13:07:00;247;Acidente sem Vítima;326;BR-101/ES;Norte;Saída de Pista;1;0;0;0;0;0;;;;;3;0;0;0;0
01/05/2015;09:15:00;140;Acidente sem Vítima;415;BR-101/ES;Norte;Colisão Traseira;1;0;0;1;0;0;;;;;6;0;0;0;0
02/05/2015;23:20:00;329;Acidente sem Vítima;32;BR-101/ES;Norte;Atropelamento - Bovino;0;0;3;0;0;0;;;;;1;0;0;0;0
02/05/2015;20:26:00;297;Acidente sem Vítima;100;BR-101/ES;Norte;Colisão Traseira;2;0;0;0;0;0;;;;;2;0;0;0;0
02/05/2015;13:01:00;195;Acidente sem Vítima;268;BR-101/ES;Sul;Colisão Lateral;0;0;3;1;0;0;;;;;2;0;0;0;0
02/05/2015;08:43:00;112;Atropelamento sem Morte;288;BR-101/ES;Sul;Atropelamento;1;0;0;0;0;0;;;;;2;0;0;0;0
02/05/2015;19:54:00;295;Atropelamento sem Morte;298;BR-101/ES;Norte;Atropelamento;1;0;0;0;0;0;;;;;1;1;0;0;0
02/05/2015;16:23:00;240;Acidente com vítima;299;BR-101/ES;Norte;Colisão Traseira;0;0;5;0;0;0;;;;;1;1;0;0;0
02/05/2015;18:56:00;282;Acidente sem Vítima;300;BR-101/ES;Norte;Colisão Lateral;2;0;0;0;0;0;;;;;7;0;0;0;0
02/05/2015;10:02:00;136;Acidente sem Vítima;321;BR-101/ES;Sul;Choque com Objeto Fixo;1;0;1;0;0;0;;;;;2;0;0;0;0
02/05/2015;10:42:00;149;Acidente sem Vítima;334;BR-101/ES;Sul;Saída de Pista;1;0;0;0;0;0;;;;;1;0;0;0;0
02/05/2015;15:00:00;222;Acidente sem Vítima;344;BR-101/ES;Norte;Colisão Transversal;2;0;0;0;0;0;;;;;6;0;0;0;0
02/05/2015;11:33:00;165;Acidente sem Vítima;371;BR-101/ES;Sul;Queda de Moto;0;0;0;1;0;0;;;;;1;0;0;0;0
02/05/2015;17:43:00;265;Acidente com vítima;393;BR-101/ES;Norte;Colisão Transversal;0;0;1;1;0;0;;;;;1;0;0;1;0
02/05/2015;01:43:00;29;Acidente sem Vítima;423;BR-101/ES;Sul;Saída de Pista;1;0;0;0;0;0;;;;;1;0;0;0;0
03/05/2015;17:59:00;252;Acidente com vítima;67;BR-101/ES;Norte;Colisão Transversal;1;0;1;0;0;0;;;;;2;1;0;0;0
03/05/2015;12:53:00;176;Acidente sem Vítima;255;BR-101/ES;Norte;Colisão Traseira;2;0;0;0;0;0;;;;;8;0;0;0;0
03/05/2015;13:59:00;190;Acidente sem Vítima;371;BR-101/ES;Norte;Saída de Pista;1;0;0;0;0;0;;;;;2;0;0;0;0
03/05/2015;15:51:00;215;Acidente com vítima;373;BR-101/ES;Sul;Queda de Moto;0;0;0;1;0;0;;;;;1;0;1;0;0
03/05/2015;14:34:00;196;Acidente sem Vítima;399;BR-101/ES;Norte;Colisão Traseira;0;0;2;0;1;0;;;;;4;0;0;0;0
03/05/2015;03:29:00;32;Acidente com vítima;401;BR-101/ES;Sul;Capotamento;1;0;0;0;0;0;;;;;0;0;1;0;0
04/05/2015;16:13:00;252;Acidente com vítima;70;BR-101/ES;Norte;Colisão Frontal;2;0;1;0;0;0;;;;;1;4;0;0;0
04/05/2015;17:59:00;279;Acidente sem Vítima;227;BR-101/ES;Norte;Colisão Lateral;0;0;2;0;1;0;;;;;25;0;0;0;0
04/05/2015;05:32:00;46;Acidente com vítima;257;BR-101/ES;Sul;Choque com Objeto Fixo;1;0;0;0;0;0;;;;;1;1;0;0;0
04/05/2015;18:01:00;280;Acidente sem Vítima;262;BR-101/ES;Sul;Colisão Traseira;1;0;1;0;0;0;;;;;2;0;0;0;0
04/05/2015;06:57:00;57;Acidente sem Vítima;266;BR-101/ES;Sul;Engavetamento;5;0;0;0;0;0;;;;;5;0;0;0;0
04/05/2015;18:23:00;286;Acidente sem Vítima;268;BR-101/ES;Norte;Colisão Traseira;1;0;1;0;0;0;;;;;2;0;0;0;0
04/05/2015;19:01:00;290;Acidente sem Vítima;268;BR-101/ES;Sul;Engavetamento;1;0;1;0;2;0;;;;;4;0;0;0;0
04/05/2015;17:25:00;271;Acidente sem Vítima;321;BR-101/ES;Sul;Colisão Traseira;2;0;0;0;0;0;;;;;6;0;0;0;0
05/05/2015;19:22:00;337;Acidente sem Vítima;69;BR-101/ES;Norte;Engavetamento;3;0;0;0;0;0;;;;;3;0;0;0;0
05/05/2015;09:46:00;146;Acidente sem Vítima;149;BR-101/ES;Norte;Colisão Lateral;2;0;0;0;0;0;;;;;2;0;0;0;0
05/05/2015;17:19:00;307;Acidente com vítima;256;BR-101/ES;Norte;Atropelamento - Equino;0;0;0;1;0;0;;;;;0;2;0;0;0
05/05/2015;06:50:00;90;Acidente sem Vítima;269;BR-101/ES;Sul;Colisão Traseira;2;0;0;0;0;0;;;;;2;0;0;0;0
05/05/2015;21:42:00;372;Acidente sem Vítima;319;BR-101/ES;Norte;Saída de Pista;0;0;2;0;0;0;;;;;1;0;0;0;0
05/05/2015;07:33:00;102;Acidente sem Vítima;321;BR-101/ES;Norte;Colisão Lateral;1;0;2;0;0;0;;;;;2;0;0;0;0
05/05/2015;21:49:00;373;Acidente sem Vítima;326;BR-101/ES;Sul;Colisão Lateral;1;0;2;0;0;0;;;;;3;0;0;0;0
05/05/2015;16:38:00;291;Acidente com vítima;392;BR-101/ES;Norte;Colisão Lateral;1;0;0;1;0;0;;;;;1;1;0;0;0
06/05/2015;02:55:00;31;Acidente sem Vítima;14;BR-101/ES;Sul;Tombamento;0;0;3;0;0;0;;;;;2;0;0;0;0
06/05/2015;18:42:00;283;Acidente sem Vítima;30;BR-101/ES;Norte;Colisão Traseira;2;0;0;0;0;0;;;;;1;0;0;0;0
06/05/2015;22:22:00;321;Acidente sem Vítima;84;BR-101/ES;Sul;Colisão Traseira;0;0;5;0;0;0;;;;;1;0;0;0;0
06/05/2015;17:36:00;270;Acidente sem Vítima;146;BR-101/ES;Sul;Colisão Lateral;1;0;3;0;0;0;;;;;3;0;0;0;0
06/05/2015;08:45:00;102;Acidente sem Vítima;270;BR-101/ES;Norte;Colisão Lateral;1;0;2;0;0;0;;;;;2;0;0;0;0
06/05/2015;07:49:00;83;Acidente sem Vítima;292;BR-101/ES;Norte;Colisão Traseira;1;0;1;0;0;0;;;;;3;0;0;0;0
06/05/2015;07:36:00;77;Acidente sem Vítima;294;BR-101/ES;Sul;Colisão Traseira;2;0;0;0;0;0;;;;;2;0;0;0;0
06/05/2015;07:36:00;77;Acidente sem Vítima;294;BR-101/ES;Sul;Colisão Traseira;2;0;0;0;0;0;;;;;2;0;0;0;0
06/05/2015;08:42:00;101;Acidente sem Vítima;301;BR-101/ES;Norte;Colisão Traseira;2;0;0;0;0;0;;;;;3;0;0;0;0
07/05/2015;16:43:00;248;Acidente com vítima;98;BR-101/ES;Sul;Queda de Moto;0;0;0;1;0;0;;;;;0;2;0;0;0
07/05/2015;18:21:00;265;Acidente sem Vítima;148;BR-101/ES;Norte;Engavetamento;5;0;0;0;0;0;;;;;6;0;0;0;0
07/05/2015;06:23:00;59;Acidente com vítima;162;BR-101/ES;Sul;Colisão Lateral;2;0;0;0;0;0;;;;;3;3;0;0;0
07/05/2015;19:29:00;275;Acidente sem Vítima;196;BR-101/ES;Sul;Saída de Pista;0;0;1;0;0;0;;;;;2;0;0;0;0
07/05/2015;16:48:00;250;Acidente sem Vítima;218;BR-101/ES;Norte;Capotamento;1;0;0;0;0;0;;;;;1;0;0;0;0
07/05/2015;01:00:00;5;Acidente sem Vítima;229;BR-101/ES;Sul;Colisão Transversal;0;0;5;0;0;0;;;;;2;0;0;0;0
07/05/2015;19:00:00;272;Acidente com vítima;243;BR-101/ES;Sul;Colisão Frontal;1;0;2;0;0;0;;;;;1;0;2;0;0
07/05/2015;18:02:00;262;Acidente com vítima;260;BR-101/ES;Norte;Choque com Objeto Fixo;1;0;0;0;0;0;;;;;0;1;0;0;0
07/05/2015;08:04:00;86;Acidente com vítima;269;BR-101/ES;Sul;Queda de Moto;0;0;0;1;0;0;;;;;0;2;0;0;0
07/05/2015;15:38:00;234;Acidente sem Vítima;269;BR-101/ES;Sul;Colisão Traseira;2;0;0;0;0;0;;;;;2;0;0;0;0
07/05/2015;09:11:00;112;Acidente sem Vítima;270;BR-101/ES;Sul;Colisão Traseira;1;0;0;0;1;0;;;;;4;0;0;0;0
07/05/2015;20:06:00;278;Acidente sem Vítima;279;BR-101/ES;Norte;Choque com Objeto Fixo;1;0;0;0;0;0;;;;;2;0;0;0;0
07/05/2015;18:01:00;261;Acidente sem Vítima;298;BR-101/ES;Norte;Engavetamento;4;0;0;0;1;0;;;;;6;0;0;0;0
07/05/2015;16:40:00;246;Acidente sem Vítima;452;BR-101/ES;Norte;Colisão Traseira;0;0;3;0;0;0;;;;;3;0;0;0;0
08/05/2015;18:30:00;307;Acidente sem Vítima;84;BR-101/ES;Sul;Colisão Traseira;0;0;3;0;0;0;;;;;2;0;0;0;0
08/05/2015;19:39:00;323;Acidente com vítima;138;BR-101/ES;Sul;Queda de Moto;0;0;0;1;0;0;;;;;0;1;0;0;0
08/05/2015;06:56:00;68;Acidente sem Vítima;145;BR-101/ES;Norte;Engavetamento;1;0;0;1;1;0;;;;;3;0;0;0;0
08/05/2015;15:53:00;263;Acidente sem Vítima;149;BR-101/ES;Norte;Engavetamento;3;0;0;0;0;0;;;;;4;0;0;0;0
08/05/2015;12:24:00;196;Acidente com vítima;161;BR-101/ES;Norte;Colisão Lateral;1;0;1;0;0;0;;;;;1;0;1;0;0
08/05/2015;19:11:00;316;Acidente com vítima;254;BR-101/ES;Sul;Atropelamento e Fuga;1;0;0;0;0;0;;;;;0;0;1;0;0
08/05/2015;15:43:00;257;Acidente sem Vítima;255;BR-101/ES;Sul;Engavetamento;2;0;0;0;0;0;;;;;4;0;0;0;0
08/05/2015;19:44:00;324;Acidente sem Vítima;255;BR-101/ES;Norte;Colisão Traseira;0;0;3;0;1;0;;;;;2;0;0;0;0
08/05/2015;07:28:00;82;Acidente sem Vítima;265;BR-101/ES;Norte;Colisão Traseira;2;0;0;0;0;0;;;;;3;0;0;0;0
08/05/2015;07:31:00;85;Acidente com vítima;269;BR-101/ES;Norte;Colisão Lateral;1;0;0;1;0;0;;;;;1;2;0;0;0
08/05/2015;18:26:00;306;Acidente com vítima;269;BR-101/ES;Norte;Queda de Moto;0;0;0;1;0;0;;;;;0;1;0;0;0
08/05/2015;19:46:00;325;Acidente com vítima;270;BR-101/ES;Norte;Queda de Moto;0;0;0;1;0;0;;;;;0;0;1;0;0
08/05/2015;15:52:00;261;Acidente sem Vítima;282;BR-101/ES;Norte;Choque com Objeto Fixo;0;0;1;0;0;0;;;;;1;0;0;0;0
08/05/2015;12:53:00;208;Acidente sem Vítima;334;BR-101/ES;Sul;Saída de Pista;1;0;0;0;0;0;;;;;2;0;0;0;0
08/05/2015;13:28:00;224;Acidente sem Vítima;343;BR-101/ES;Norte;Choque com Objeto Fixo;1;0;0;0;0;0;;;;;1;0;0;0;0
08/05/2015;08:35:00;107;Acidente sem Vítima;361;BR-101/ES;Norte;Colisão Traseira;1;0;2;0;0;0;;;;;2;0;0;0;0
08/05/2015;17:38:00;291;Acidente com vítima;373;BR-101/ES;Sul;Colisão Traseira;0;0;0;1;1;0;;;;;6;1;0;0;0
08/05/2015;03:00:00;25;Acidente com vítima;438;BR-101/ES;Norte;Colisão Frontal;0;0;3;0;0;0;;;;;0;0;2;0;0
09/05/2015;18:30:00;297;Acidente sem Vítima;90,8;BR-101/ES;Sul;Colisão Traseira;1;0;0;0;0;0;;;;;1;0;0;0;0
09/05/2015;19:00:00;301;Acidente sem Vítima;95;BR-101/ES;Norte;Choque com Veículo Estacionado;1;0;1;0;0;0;;;;;2;0;0;0;0
09/05/2015;18:15:00;295;Acidente sem Vítima;145;BR-101/ES;Sul;Engavetamento;3;0;0;0;0;0;;;;;7;0;0;0;0
09/05/2015;10:49:00;144;Acidente sem Vítima;203;BR-101/ES;Sul;Colisão Transversal;2;0;0;0;0;0;;;;;2;0;0;0;0
09/05/2015;22:09:00;344;Atropelamento com Morte;259;BR-101/ES;Norte;Atropelamento;1;0;0;0;0;0;;;;;1;0;0;0;1
09/05/2015;22:41:00;353;Acidente com vítima;261;BR-101/ES;Norte;Colisão Lateral;2;0;0;0;0;0;;;;;2;1;0;0;0
09/05/2015;20:22:00;323;Acidente sem Vítima;263;BR-101/ES;Sul;Veículo em Chamas;1;0;0;0;0;0;;;;;1;0;0;0;0
09/05/2015;19:08:00;305;Acidente com vítima;264;BR-101/ES;Norte;Colisão Transversal;1;0;0;1;0;0;;;;;1;1;0;0;0
09/05/2015;13:59:00;222;Acidente com vítima;267;BR-101/ES;Sul;Colisão Traseira;1;0;0;1;0;0;;;;;2;1;0;0;0
09/05/2015;02:15:00;27;Acidente com vítima;288;BR-101/ES;Norte;Queda de Moto;0;0;0;1;0;0;;;;;0;1;0;0;0
09/05/2015;13:08:00;205;Acidente com vítima;334;BR-101/ES;Sul;Colisão Lateral;1;0;0;1;0;0;;;;;4;0;1;0;0
09/05/2015;06:08:00;70;Acidente sem Vítima;354;BR-101/ES;Norte;Saída de Pista;1;0;0;0;0;0;;;;;1;0;0;0;0
09/05/2015;14:44:00;234;Acidente com vítima;428;BR-101/ES;Norte;Saída de Pista;1;0;0;0;0;0;;;;;0;1;0;0;0
10/05/2015;01:04:00;13;Acidente com vítima;29,8;BR-101/ES;Norte;Queda de Moto;0;0;0;1;0;0;;;;;0;1;0;0;0
10/05/2015;08:44:00;106;Acidente sem Vítima;91;BR-101/ES;Sul;Colisão Traseira;2;0;0;0;0;0;;;;;9;0;0;0;0
10/05/2015;20:44:00;295;Acidente com vítima;118;BR-101/ES;Norte;Saída de Pista;0;0;1;0;0;0;;;;;0;0;1;0;0
10/05/2015;19:56:00;278;Acidente com vítima;125;BR-101/ES;Norte;Queda de Moto;0;0;0;1;0;0;;;;;0;1;0;0;0
10/05/2015;19:45:00;277;Acidente sem Vítima;143,9;BR-101/ES;Sul;Colisão Traseira;2;0;0;0;0;0;;;;;5;0;0;0;0
10/05/2015;00:15:00;1;Acidente sem Vítima;146;BR-101/ES;Sul;Saída de Pista;1;0;0;0;0;0;;;;;1;0;0;0;0
10/05/2015;08:50:00;108;Acidente com vítima;146;BR-101/ES;Norte;Colisão Transversal;1;0;0;1;0;0;;;;;1;2;0;0;0
10/05/2015;08:39:00;103;Acidente sem Vítima;147;BR-101/ES;Sul;Colisão Traseira;2;0;0;0;0;0;;;;;6;0;0;0;0
10/05/2015;20:35:00;290;Acidente com vítima;147;BR-101/ES;Norte;Colisão Transversal;1;0;0;0;1;0;;;;;2;1;0;0;0
10/05/2015;18:47:00;261;Acidente sem Vítima;149;BR-101/ES;Sul;Colisão Transversal;2;0;0;0;0;0;;;;;5;0;0;0;0
10/05/2015;18:15:00;253;Acidente com vítima;203;BR-101/ES;Sul;Colisão Traseira;2;0;0;0;0;0;;;;;6;1;0;0;0
10/05/2015;21:00:00;299;Acidente com vítima;219;BR-101/ES;Norte;Queda de Moto;0;0;0;1;0;0;;;;;0;1;0;0;0
10/05/2015;11:22:00;148;Acidente sem Vítima;252;BR-101/ES;Sul;Colisão Traseira;2;0;0;0;0;0;;;;;4;0;0;0;0
10/05/2015;16:30:00;235;Acidente sem Vítima;255;BR-101/ES;Sul;Colisão Traseira;2;0;0;0;0;0;;;;;2;0;0;0;0
10/05/2015;17:57:00;250;Acidente sem Vítima;948;BR-101/BA;Sul;Colisão Traseira;2;0;0;0;0;0;;;;;9;0;0;0;0
11/05/2015;17:33:00;262;Acidente sem Vítima;32;BR-101/ES;Sul;Colisão Traseira;1;0;0;1;0;0;;;;;2;0;0;0;0
11/05/2015;06:47:00;69;Acidente com Morte;68;BR-101/ES;Sul;Colisão Frontal;2;0;0;0;1;0;;;;;3;0;0;1;1
11/05/2015;22:05:00;319;Acidente sem Vítima;126;BR-101/ES;Norte;Queda de ciclista;0;1;0;0;0;0;;;;;1;0;0;0;0
11/05/2015;19:20:00;282;Acidente sem Vítima;145;BR-101/ES;Norte;Colisão Traseira;2;0;0;0;0;0;;;;;2;0;0;0;0
11/05/2015;06:58:00;71;Acidente com vítima;147;BR-101/ES;Sul;Colisão Traseira;2;0;0;0;0;0;;;;;3;1;0;0;0
11/05/2015;14:48:00;212;Acidente sem Vítima;181;BR-101/ES;Sul;Colisão Traseira;2;0;0;0;0;0;;;;;2;0;0;0;0
11/05/2015;18:03:00;270;Acidente sem Vítima;213;BR-101/ES;Sul;Colisão Traseira;1;0;1;0;0;0;;;;;2;0;0;0;0
11/05/2015;15:09:00;222;Acidente com vítima;264;BR-101/ES;Norte;Colisão Lateral;1;0;0;1;0;0;;;;;1;1;0;0;0
11/05/2015;17:01:00;251;Acidente com vítima;269;BR-101/ES;Sul;Colisão Transversal;2;0;0;0;0;0;;;;;1;1;0;0;0
11/05/2015;14:58:00;216;Acidente com vítima;308;BR-101/ES;Sul;Colisão Transversal;1;0;0;1;0;0;;;;;1;1;0;0;0