data;horario;n_da_ocorrencia;tipo_de_ocorrencia;km;trecho;sentido;tipo_de_acidente;automovel;bicicleta;caminhao;moto;onibus;outros;tracao_animal;transporte_de_cargas_especiais;trator_maquinas;utilitarios;ilesos;levemente_feridos;moderadamente_feridos;gravemente_feridos;mortos
08/06/2015;23:06:00;345;Acidente sem Vítima;394;BR-101/ES;Norte;Choque com Objeto Fixo;2;0;0;0;0;0;;;;;2;0;0;0;0
08/06/2015;07:18:00;74;Acidente com vítima;411;BR-101/ES;Sul;Colisão Traseira;1;0;0;1;0;0;;;;;2;1;0;0;0
09/06/2015;01:22:00;15;Acidente com vítima;29;BR-101/ES;Sul;Saída de Pista;1;0;0;0;0;0;;;;;0;1;0;0;0
09/06/2015;19:09:00;284;Acidente sem Vítima;172;BR-101/ES;Norte;Capotamento;1;0;0;0;0;0;;;;;2;0;0;0;0
09/06/2015;06:38:00;65;Acidente sem Vítima;245;BR-101/ES;Norte;Colisão Transversal;1;0;0;1;0;0;;;;;4;0;0;0;0
09/06/2015;10:34:00;135;Acidente com vítima;262;BR-101/ES;Norte;Colisão Traseira;1;0;2;0;0;0;;;;;2;1;0;0;0
09/06/2015;18:31:00;278;Acidente sem Vítima;267;BR-101/ES;Sul;Colisão Traseira;2;0;0;0;0;0;;;;;3;0;0;0;0
09/06/2015;08:53:00;105;Acidente sem Vítima;268;BR-101/ES;Sul;Colisão Traseira;2;0;0;0;0;0;;;;;2;0;0;0;0
09/06/2015;11:16:00;155;Acidente com vítima;269;BR-101/ES;Norte;Colisão;0;1;0;1;0;0;;;;;0;0;2;0;0
09/06/2015;18:16:00;275;Acidente com vítima;269;BR-101/ES;Sul;Colisão Traseira;2;0;0;0;0;0;;;;;1;0;1;0;0
09/06/2015;10:29:00;133;Acidente sem Vítima;292;BR-101/ES;Sul;Colisão Traseira;1;0;1;0;0;0;;;;;2;0;0;0;0
09/06/2015;15:08:00;234;Acidente com vítima;372;BR-101/ES;Norte;Colisão Lateral;2;0;2;0;0;0;;;;;2;1;0;0;0
09/06/2015;21:39:00;309;Acidente sem Vítima;436;BR-101/ES;Norte;Saída de Pista;0;0;1;0;0;0;;;;;1;0;0;0;0
10/06/2015;09:11:00;134;Acidente sem Vítima;230;BR-101/ES;Sul;Colisão Transversal;2;0;0;0;0;0;;;;;4;0;0;0;0
10/06/2015;13:34:00;230;Acidente sem Vítima;268;BR-101/ES;Norte;Colisão Traseira;1;0;2;0;0;0;;;;;2;0;0;0;0
10/06/2015;07:50:00;106;Acidente sem Vítima;270;BR-101/ES;Norte;Colisão Traseira;1;0;1;0;0;0;;;;;3;0;0;0;0
10/06/2015;12:23:00;195;Acidente sem Vítima;270;BR-101/ES;Sul;Colisão Traseira;2;0;0;0;0;0;;;;;2;0;0;0;0
10/06/2015;13:59:00;240;Acidente sem Vítima;345;BR-101/ES;Norte;Colisão Lateral;0;0;2;0;1;0;;;;;6;0;0;0;0
11/06/2015;07:34:00;85;Acidente sem Vítima;147;BR-101/ES;Sul;Colisão Traseira;2;0;0;0;0;0;;;;;2;0;0;0;0
11/06/2015;08:49:00;110;Acidente com vítima;194;BR-101/ES;Norte;Saída de Pista;1;0;0;0;0;0;;;;;2;0;1;0;0
11/06/2015;13:03:00;201;Acidente com vítima;225;BR-101/ES;Sul;Saída de Pista;0;0;0;1;0;0;;;;;0;0;1;0;0
11/06/2015;08:51:00;112;Acidente com vítima;255;BR-101/ES;Norte;Queda de Moto;1;0;0;0;0;0;;;;;0;1;0;0;0
11/06/2015;07:35:00;86;Acidente sem Vítima;264,5;BR-101/ES;Norte;Colisão Traseira;2;0;0;0;0;0;;;;;3;0;0;0;0
11/06/2015;12:32:00;194;Acidente sem Vítima;267;BR-101/ES;Sul;Colisão Traseira;1;0;0;1;0;0;;;;;3;0;0;0;0
11/06/2015;08:20:00;100;Acidente sem Vítima;271;BR-101/ES;Norte;Colisão Traseira;2;0;0;0;0;0;;;;;2;0;0;0;0
11/06/2015;06:16:00;57;Acidente sem Vítima;276;BR-101/ES;Norte;Queda de Moto;0;0;0;1;0;0;;;;;1;0;0;0;0
11/06/2015;06:23:00;58;Acidente sem Vítima;276;BR-101/ES;Sul;Colisão Lateral;2;0;0;0;0;0;;;;;2;0;0;0;0
11/06/2015;12:28:00;191;Acidente com vítima;285;BR-101/ES;Sul;Colisão Lateral;0;0;1;1;0;0;;;;;1;0;1;0;0
11/06/2015;08:32:00;104;Atropelamento sem Morte;297;BR-101/ES;Norte;Atropelamento e Fuga;0;0;0;1;0;0;;;;;0;0;1;0;0
11/06/2015;19:52:00;317;Acidente sem Vítima;299;BR-101/ES;Norte;Veículo em Chamas;1;0;0;0;0;0;;;;;1;0;0;0;0
11/06/2015;14:00:00;213;Atropelamento sem Morte;300;BR-101/ES;Sul;Atropelamento;1;0;0;0;0;0;;;;;2;0;1;0;0
11/06/2015;07:00:00;75;Acidente sem Vítima;376;BR-101/ES;Sul;Colisão Traseira;2;0;0;0;0;0;;;;;2;0;0;0;0
11/06/2015;18:54:00;300;Acidente sem Vítima;454;BR-101/ES;Sul;Tombamento;0;0;2;0;0;0;;;;;1;0;0;0;0
12/06/2015;17:50:00;250;Acidente sem Vítima;121;BR-101/ES;Norte;Colisão Traseira;2;0;0;0;0;0;;;;;3;0;0;0;0
12/06/2015;14:37:00;183;Acidente sem Vítima;124;BR-101/ES;Sul;Colisão Lateral;2;0;0;0;0;0;;;;;4;0;0;0;0
12/06/2015;21:02:00;304;Acidente com vítima;146;BR-101/ES;Norte;Colisão Lateral;2;0;0;0;0;0;;;;;0;3;0;0;0
12/06/2015;15:49:00;213;Acidente com vítima;153;BR-101/ES;Sul;Colisão Traseira;2;0;0;0;0;0;;;;;1;0;1;0;0
12/06/2015;14:31:00;182;Acidente sem Vítima;171;BR-101/ES;Sul;Colisão Traseira;0;0;4;0;0;0;;;;;2;0;0;0;0
12/06/2015;22:04:00;315;Acidente com Morte;172;BR-101/ES;Norte;Colisão;1;1;0;0;0;0;;;;;1;0;0;0;1
12/06/2015;09:04:00;92;Acidente com vítima;188;BR-101/ES;Norte;Queda de Moto;0;0;0;1;0;0;;;;;0;1;0;0;0
12/06/2015;06:30:00;50;Acidente com Morte;188,6;BR-101/ES;Norte;Colisão Lateral;2;0;2;0;0;0;;;;;5;0;3;0;1
12/06/2015;18:47:00;261;Acidente sem Vítima;262;BR-101/ES;Norte;Colisão Traseira;0;0;0;2;0;0;;;;;2;0;0;0;0
12/06/2015;09:26:00;99;Acidente sem Vítima;264;BR-101/ES;Sul;Colisão Traseira;2;0;0;0;0;0;;;;;2;0;0;0;0
12/06/2015;17:35:00;245;Acidente sem Vítima;265;BR-101/ES;Sul;Colisão Traseira;1;0;1;0;0;0;;;;;2;0;0;0;0
12/06/2015;22:50:00;321;Acidente sem Vítima;269;BR-101/ES;Norte;Colisão Transversal;2;0;0;0;0;0;;;;;1;0;0;0;0
12/06/2015;09:18:00;96;Acidente com vítima;269,5;BR-101/ES;Norte;Colisão Transversal;1;0;0;1;0;0;;;;;1;0;0;1;0
12/06/2015;16:07:00;216;Acidente sem Vítima;281;BR-101/ES;Norte;Choque com Objeto Fixo;1;0;0;0;0;0;;;;;2;0;0;0;0
12/06/2015;07:10:00;58;Acidente sem Vítima;285;BR-101/ES;Sul;Colisão Lateral;1;0;2;0;0;0;;;;;4;0;0;0;0
12/06/2015;09:59:00;107;Acidente sem Vítima;291;BR-101/ES;Sul;Colisão Traseira;0;0;4;0;0;0;;;;;4;0;0;0;0
12/06/2015;11:56:00;138;Acidente sem Vítima;390;BR-101/ES;Sul;Colisão Traseira;2;0;0;0;0;0;;;;;4;0;0;0;0
13/06/2015;21:31:00;316;Acidente com vítima;68;BR-101/ES;Sul;Colisão Lateral;1;0;0;1;0;0;;;;;2;1;0;0;0
13/06/2015;10:42:00;146;Acidente sem Vítima;140;BR-101/ES;Norte;Colisão Traseira;2;0;0;0;0;0;;;;;4;0;0;0;0
13/06/2015;08:43:00;107;Acidente com vítima;150,5;BR-101/ES;Sul;Colisão Transversal;0;0;0;2;0;0;;;;;2;1;0;0;0
13/06/2015;13:34:00;204;Acidente sem Vítima;151;BR-101/ES;Sul;Colisão Traseira;2;0;0;0;0;0;;;;;3;0;0;0;0
13/06/2015;21:41:00;318;Acidente com vítima;166;BR-101/ES;Sul;Queda de Moto;0;0;0;1;0;0;;;;;0;0;1;0;0
13/06/2015;11:15:00;157;Acidente com vítima;195;BR-101/ES;Sul;Queda de Moto;0;0;0;1;0;0;;;;;0;1;1;0;0
13/06/2015;15:38:00;237;Acidente sem Vítima;255;BR-101/ES;Norte;Engavetamento;4;0;0;0;0;0;;;;;8;0;0;0;0
13/06/2015;21:37:00;317;Acidente sem Vítima;255;BR-101/ES;Sul;Capotamento;1;0;0;0;0;0;;;;;1;0;0;0;0
13/06/2015;10:30:00;143;Acidente sem Vítima;261;BR-101/ES;Sul;Colisão Lateral;1;0;1;0;0;0;;;;;3;0;0;0;0
13/06/2015;19:12:00;294;Acidente sem Vítima;268;BR-101/ES;Sul;Capotamento;1;0;0;0;0;0;;;;;1;0;0;0;0
13/06/2015;06:35:00;69;Acidente sem Vítima;269;BR-101/ES;Sul;Colisão Lateral;3;0;0;0;0;0;;;;;4;0;0;0;0
13/06/2015;06:56:00;74;Acidente com vítima;269;BR-101/ES;Sul;Colisão Lateral;1;0;0;1;0;0;;;;;1;1;0;0;0
13/06/2015;01:15:00;17;Atropelamento sem Morte;270;BR-101/ES;Sul;Atropelamento e Fuga;1;0;0;0;0;0;;;;;0;2;0;0;0
13/06/2015;19:30:00;301;Acidente sem Vítima;270;BR-101/ES;Sul;Colisão Lateral;1;0;1;0;0;0;;;;;2;0;0;0;0
13/06/2015;10:46:00;147;Acidente com vítima;272;BR-101/ES;Norte;Queda de Moto;0;0;0;1;0;0;;;;;0;1;0;0;0
13/06/2015;17:59:00;279;Acidente com Morte;358;BR-101/ES;Sul;Colisão Lateral;1;0;2;0;0;0;;;;;1;0;0;0;1
13/06/2015;10:39:00;145;Acidente com vítima;386;BR-101/ES;Norte;Queda de Moto;0;0;0;1;0;0;;;;;0;1;0;0;0
13/06/2015;12:46:00;189;Acidente com vítima;387;BR-101/ES;Sul;Queda de Moto;0;0;0;1;0;0;;;;;0;1;0;0;0
13/06/2015;08:30:00;102;Acidente sem Vítima;440;BR-101/ES;Sul;Colisão Lateral;2;0;0;0;0;0;;;;;6;0;0;0;0
14/06/2015;18:39:00;242;Acidente sem Vítima;63;BR-101/ES;Norte;Atropelamento - Bovino;1;0;0;0;0;0;;;;;1;0;0;0;0
14/06/2015;15:35:00;195;Acidente sem Vítima;65;BR-101/ES;Norte;Colisão Transversal;2;0;0;0;0;0;;;;;3;0;0;0;0
14/06/2015;02:11:00;19;Acidente sem Vítima;138;BR-101/ES;Norte;Saída de Pista;1;0;0;0;0;0;;;;;2;0;0;0;0
14/06/2015;20:49:00;278;Acidente sem Vítima;147;BR-101/ES;Norte;Colisão Traseira;1;0;2;0;0;0;;;;;5;0;0;0;0
14/06/2015;16:05:00;200;Acidente com vítima;162;BR-101/ES;Sul;Choque;1;0;0;0;0;0;;;;;0;1;0;0;0
14/06/2015;17:24:00;225;Acidente sem Vítima;170;BR-101/ES;Norte;Choque com Objeto Fixo;1;0;0;0;0;0;;;;;2;0;0;0;0
14/06/2015;08:04:00;70;Acidente sem Vítima;206;BR-101/ES;Norte;Colisão Traseira;2;0;0;0;0;0;;;;;2;0;0;0;0
14/06/2015;11:12:00;111;Acidente com vítima;207;BR-101/ES;Sul;Queda de Moto;0;0;0;1;0;0;;;;;0;0;1;0;0
14/06/2015;21:14:00;283;Acidente sem Vítima;264;BR-101/ES;Norte;Colisão Traseira;2;0;0;0;0;0;;;;;4;0;0;0;0
14/06/2015;10:34:00;99;Acidente sem Vítima;266,4;BR-101/ES;Norte;Colisão Traseira;2;0;0;0;0;0;;;;;3;0;0;0;0
14/06/2015;14:55:00;185;Acidente sem Vítima;267;BR-101/ES;Norte;Colisão Traseira;2;0;0;0;0;0;;;;;3;0;0;0;0
14/06/2015;13:22:00;157;Acidente sem Vítima;270;BR-101/ES;Sul;Colisão Lateral;1;0;1;0;0;0;;;;;4;0;0;0;0
14/06/2015;16:13:00;203;Atropelamento sem Morte;271;BR-101/ES;Sul;Atropelamento;0;0;0;0;1;0;;;;;1;0;1;0;0
14/06/2015;15:28:00;193;Acidente sem Vítima;291;BR-101/ES;Sul;Choque com Objeto Fixo;1;0;0;0;0;0;;;;;1;0;0;0;0
14/06/2015;18:55:00;244;Acidente sem Vítima;318;BR-101/ES;Norte;Colisão Lateral;1;0;0;1;0;0;;;;;2;0;0;0;0
14/06/2015;16:56:00;214;Acidente sem Vítima;375;BR-101/ES;Sul;Colisão Traseira;2;0;0;0;0;0;;;;;4;0;0;0;0
15/06/2015;23:17:00;329;Acidente sem Vítima;147;BR-101/ES;Norte;Colisão Transversal;2;0;0;0;0;0;;;;;5;0;0;0;0
15/06/2015;08:20:00;88;Acidente com vítima;148,9;BR-101/ES;Norte;Colisão Traseira;1;0;0;1;0;0;;;;;3;1;0;0;0
15/06/2015;15:08:00;215;Acidente com vítima;225;BR-101/ES;Norte;Colisão Traseira;2;0;0;0;0;0;;;;;4;1;0;0;0
15/06/2015;10:58:00;138;Acidente sem Vítima;251;BR-101/ES;Sul;Colisão Traseira;2;0;0;0;0;0;;;;;4;0;0;0;0
15/06/2015;07:59:00;78;Acidente sem Vítima;265;BR-101/ES;Sul;Colisão Traseira;2;0;0;0;0;0;;;;;4;0;0;0;0
15/06/2015;06:49:00;57;Acidente sem Vítima;268,5;BR-101/ES;Sul;Colisão Traseira;2;0;0;0;0;0;;;;;3;0;0;0;0
15/06/2015;22:00:00;316;Acidente com vítima;269;BR-101/ES;Sul;Colisão Traseira;0;0;2;1;0;0;;;;;1;0;0;1;0
15/06/2015;07:16:00;63;Acidente sem Vítima;269,8;BR-101/ES;Norte;Colisão Traseira;2;0;0;0;0;0;;;;;3;0;0;0;0
15/06/2015;07:40:00;70;Acidente com vítima;274;BR-101/ES;Sul;Queda de Moto;0;0;0;1;0;0;;;;;0;0;1;0;0
15/06/2015;19:55:00;290;Acidente sem Vítima;291;BR-101/ES;Norte;Colisão Traseira;1;0;0;1;0;0;;;;;3;0;0;0;0
15/06/2015;19:18:00;277;Acidente sem Vítima;353;BR-101/ES;Norte;Engavetamento;4;0;0;0;0;0;;;;;6;0;0;0;0
15/06/2015;17:01:00;243;Acidente com vítima;363;BR-101/ES;Norte;Colisão Frontal;2;0;0;0;0;0;;;;;2;0;1;0;0
15/06/2015;06:47:00;55;Acidente sem Vítima;371;BR-101/ES;Norte;Saída de Pista;1;0;0;0;0;0;;;;;4;0;0;0;0
15/06/2015;18:35:00;265;Acidente sem Vítima;391;BR-101/ES;Norte;Saída de Pista;1;0;0;0;0;0;;;;;1;0;0;0;0
16/06/2015;17:56:00;258;Acidente sem Vítima;153;BR-101/ES;Norte;Engavetamento;2;0;1;0;0;0;;;;;6;0;0;0;0
16/06/2015;18:31:00;267;Acidente sem Vítima;154;BR-101/ES;Norte;Colisão Traseira;1;0;1;0;0;0;;;;;4;0;0;0;0
16/06/2015;05:34:00;53;Acidente com vítima;271;BR-101/ES;Norte;Colisão Transversal;1;0;0;0;1;0;;;;;1;1;0;0;0
16/06/2015;21:55:00;304;Acidente com vítima;293;BR-101/ES;Sul;Colisão Traseira;1;0;0;1;0;0;;;;;1;1;0;0;0
16/06/2015;15:26:00;219;Acidente sem Vítima;296;BR-101/ES;Norte;Colisão Traseira;1;0;0;1;0;0;;;;;2;0;0;0;0
16/06/2015;06:48:00;61;Acidente sem Vítima;422;BR-101/ES;Sul;Saída de Pista;1;0;0;0;0;0;;;;;1;0;0;0;0
16/06/2015;19:42:00;286;Acidente sem Vítima;451;BR-101/ES;Sul;Colisão Lateral;0;0;3;0;0;0;;;;;1;0;0;0;0
17/06/2015;16:06:00;247;Acidente com vítima;69;BR-101/ES;Norte;Colisão Traseira;1;0;1;0;0;0;;;;;0;2;0;0;0
17/06/2015;20:18:00;318;Atropelamento sem Morte;255;BR-101/ES;Norte;Atropelamento e Fuga;1;0;0;0;0;0;;;;;0;1;0;0;0
17/06/2015;08:05:00;92;Acidente com vítima;266;BR-101/ES;Sul;Colisão Lateral;1;0;0;1;0;0;;;;;1;0;1;0;0
17/06/2015;14:11:00;217;Acidente com vítima;269;BR-101/ES;Sul;Colisão Traseira;0;0;0;0;2;0;;;;;2;1;0;0;0
17/06/2015;06:53:00;70;Acidente sem Vítima;345;BR-101/ES;Norte;Colisão Traseira;0;0;5;0;0;0;;;;;2;0;0;0;0
17/06/2015;07:14:00;73;Acidente com vítima;384;BR-101/ES;Norte;Tombamento;0;0;2;0;0;0;;;;;0;0;1;0;0
17/06/2015;01:38:00;24;Acidente com vítima;455;BR-101/ES;Sul;Colisão Lateral;0;0;3;0;0;0;;;;;2;1;0;0;0
18/06/2015;20:14:00;272;Acidente com vítima;146;BR-101/ES;Sul;Colisão Transversal;1;0;0;1;0;0;;;;;1;1;0;0;0
18/06/2015;13:28:00;181;Acidente sem Vítima;179;BR-101/ES;Norte;Colisão Traseira;2;0;0;0;0;0;;;;;2;0;0;0;0
18/06/2015;10:08:00;104;Acidente sem Vítima;230;BR-101/ES;Sul;Colisão Transversal;2;0;0;0;0;0;;;;;2;0;0;0;0
18/06/2015;04:31:00;28;Acidente com vítima;239;BR-101/ES;Sul;Tombamento;0;0;3;0;0;0;;;;;0;0;1;0;0
18/06/2015;08:54:00;84;Acidente sem Vítima;241;BR-101/ES;Norte;Colisão Lateral;2;0;0;0;0;0;;;;;2;0;0;0;0
18/06/2015;07:43:00;62;Acidente com vítima;276;BR-101/ES;Norte;Capotamento;2;0;0;0;0;0;;;;;1;0;2;0;0
18/06/2015;19:43:00;264;Acidente com vítima;285;BR-101/ES;Norte;Queda de Moto;0;0;0;1;0;0;;;;;1;1;0;0;0
19/06/2015;15:29:00;234;Acidente com vítima;15;BR-101/ES;Norte;Colisão Traseira;1;0;0;1;0;0;;;;;3;1;0;0;0
19/06/2015;16:47:00;262;Acidente com vítima;60,7;BR-101/ES;Sul;Colisão Lateral;2;0;0;0;0;0;;;;;2;2;0;0;0
19/06/2015;19:25:00;303;Acidente sem Vítima;70;BR-101/ES;Sul;Colisão Traseira;2;0;0;0;0;0;;;;;2;0;0;0;0
19/06/2015;11:01:00;143;Acidente com vítima;75;BR-101/ES;Sul;Queda de Moto;0;0;0;1;0;0;;;;;0;1;0;0;0
19/06/2015;08:06:00;86;Acidente sem Vítima;146;BR-101/ES;Norte;Colisão Lateral;2;0;0;0;0;0;;;;;2;0;0;0;0
19/06/2015;07:17:00;72;Acidente com vítima;148;BR-101/ES;Sul;Colisão Transversal;1;0;0;1;0;0;;;;;1;1;0;0;0
19/06/2015;08:38:00;97;Acidente sem Vítima;149;BR-101/ES;Sul;Colisão Transversal;1;0;1;0;0;0;;;;;2;0;0;0;0
19/06/2015;17:51:00;280;Acidente com vítima;151;BR-101/ES;Norte;Engavetamento;1;0;0;0;2;0;;;;;3;2;0;0;0
19/06/2015;05:54:00;49;Acidente sem Vítima;155;BR-101/ES;Sul;Saída de Pista;0;0;1;0;0;0;;;;;2;0;0;0;0
19/06/2015;07:01:00;65;Acidente com vítima;155;BR-101/ES;Sul;Queda de Moto;0;0;0;1;0;0;;;;;1;1;0;0;0
19/06/2015;13:58:00;206;Acidente sem Vítima;176;BR-101/ES;Sul;Colisão Traseira;2;0;0;0;0;0;;;;;10;0;0;0;0
19/06/2015;18:21:00;290;Acidente com vítima;231;BR-101/ES;Sul;Colisão Transversal;1;0;0;1;0;0;;;;;2;0;1;0;0
19/06/2015;15:49:00;245;Acidente com vítima;265;BR-101/ES;Norte;Colisão Traseira;1;0;0;1;0;0;;;;;1;1;0;0;0
19/06/2015;15:15:00;230;Acidente sem Vítima;266;BR-101/ES;Norte;Colisão Lateral;1;0;1;0;0;0;;;;;2;0;0;0;0
19/06/2015;18:31:00;292;Acidente sem Vítima;266;BR-101/ES;Norte;Colisão Traseira;0;0;0;2;0;0;;;;;2;0;0;0;0
19/06/2015;20:01:00;314;Acidente sem Vítima;266;BR-101/ES;Sul;Colisão Traseira;1;0;0;1;0;0;;;;;4;0;0;0;0
19/06/2015;19:27:00;304;Acidente sem Vítima;269;BR-101/ES;Norte;Colisão Traseira;2;0;0;0;0;0;;;;;2;0;0;0;0
19/06/2015;07:15:00;70;Acidente com vítima;292;BR-101/ES;Sul;Colisão Lateral;1;0;0;1;0;0;;;;;2;0;1;0;0
19/06/2015;13:14:00;189;Acidente sem Vítima;376;BR-101/ES;Norte;Colisão Lateral;2;0;0;0;0;0;;;;;3;0;0;0;0
19/06/2015;14:16:00;211;Acidente com vítima;391;BR-101/ES;Norte;Saída de Pista;1;0;0;0;0;0;;;;;0;1;0;0;0
19/06/2015;14:36:00;218;Acidente sem Vítima;393;BR-101/ES;Norte;Colisão Lateral;1;0;2;0;0;0;;;;;3;0;0;0;0
19/06/2015;21:53:00;349;Acidente sem Vítima;948;BR-101/BA;Sul;Colisão Lateral;2;0;0;0;0;0;;;;;5;0;0;0;0
20/06/2015;21:08:00;289;Acidente sem Vítima;124;BR-101/ES;Sul;Tombamento;0;0;3;0;0;0;;;;;1;0;0;0;0
20/06/2015;00:28:00;5;Acidente com vítima;165;BR-101/ES;Sul;Colisão Traseira;0;0;0;1;1;0;;;;;0;1;0;0;0
20/06/2015;22:56:00;313;Acidente sem Vítima;171,2;BR-101/ES;Norte;Colisão Traseira;2;0;0;0;0;0;;;;;2;0;0;0;0
20/06/2015;07:01:00;80;Acidente sem Vítima;188;BR-101/ES;Norte;Capotamento;1;0;0;0;0;0;;;;;1;0;0;0;0
20/06/2015;04:39:00;57;Acidente sem Vítima;262;BR-101/ES;Norte;Engavetamento;1;0;2;0;0;0;;;;;3;0;0;0;0
20/06/2015;05:52:00;70;Acidente sem Vítima;263;BR-101/ES;Sul;Choque com Objeto Fixo;1;0;0;0;0;0;;;;;1;0;0;0;0
20/06/2015;00:58:00;13;Acidente sem Vítima;265;BR-101/ES;Norte;Colisão Traseira;1;0;0;0;1;0;;;;;2;0;0;0;0
20/06/2015;19:03:00;266;Acidente sem Vítima;266;BR-101/ES;Sul;Colisão Traseira;2;0;0;0;0;0;;;;;4;0;0;0;0
20/06/2015;05:54:00;72;Acidente sem Vítima;275;BR-101/ES;Sul;Saída de Pista;1;0;0;0;0;0;;;;;1;0;0;0;0
20/06/2015;07:27:00;86;Acidente sem Vítima;290;BR-101/ES;Norte;Saída de Pista;0;0;1;0;0;0;;;;;1;0;0;0;0
20/06/2015;09:54:00;118;Acidente sem Vítima;358;BR-101/ES;Norte;Saída de Pista;0;0;1;0;0;0;;;;;1;0;0;0;0
20/06/2015;18:34:00;255;Acidente com vítima;376;BR-101/ES;Sul;Colisão Frontal;1;0;0;1;0;0;;;;;1;0;1;0;0
20/06/2015;02:20:00;28;Acidente sem Vítima;378;BR-101/ES;Sul;Queda de Moto;0;0;0;1;0;0;;;;;1;0;0;0;0
20/06/2015;15:06:00;215;Acidente com vítima;383,5;BR-101/ES;Norte;Colisão Lateral;1;0;3;0;0;1;;;;;2;0;0;1;0
20/06/2015;09:58:00;119;Acidente sem Vítima;412;BR-101/ES;Sul;Colisão Lateral;0;0;4;0;0;0;;;;;2;0;0;0;0
20/06/2015;00:37:00;8;Acidente com vítima;451,5;BR-101/ES;Sul;Saída de Pista;0;0;2;0;0;0;;;;;0;1;0;0;0
21/06/2015;18:21:00;236;Acidente com vítima;5;BR-101/ES;Norte;Queda de Moto;0;0;0;1;0;0;;;;;0;0;1;0;0
21/06/2015;11:25:00;127;Acidente com vítima;124;BR-101/ES;Sul;Colisão Traseira;1;0;0;1;0;0;;;;;1;1;1;0;0
21/06/2015;19:41:00;250;Acidente sem Vítima;129;BR-101/ES;Sul;Colisão Traseira;1;0;0;1;0;0;;;;;2;0;0;0;0
21/06/2015;02:17:00;32;Acidente sem Vítima;142;BR-101/ES;Norte;Saída de Pista;1;0;0;0;0;0;;;;;1;0;0;0;0
21/06/2015;16:27:00;211;Acidente sem Vítima;254;BR-101/ES;Sul;Colisão;4;0;0;0;0;0;;;;;5;0;0;0;0
21/06/2015;13:42:00;176;Acidente sem Vítima;263;BR-101/ES;Norte;Colisão Traseira;2;0;0;0;0;0;;;;;2;0;0;0;0
21/06/2015;14:20:00;182;Acidente sem Vítima;263;BR-101/ES;Norte;Colisão Traseira;2;0;0;0;0;0;;;;;2;0;0;0;0
21/06/2015;17:44:00;229;Acidente com vítima;266;BR-101/ES;Norte;Colisão Lateral;0;0;0;2;0;0;;;;;1;1;1;0;0
21/06/2015;19:56:00;253;Acidente com vítima;291;BR-101/ES;Sul;Colisão Transversal;2;0;0;0;0;0;;;;;0;0;3;0;0
21/06/2015;13:01:00;164;Acidente sem Vítima;328;BR-101/ES;Sul;Choque com Objeto Fixo;1;0;0;0;0;0;;;;;1;0;0;0;0
22/06/2015;04:06:00;32;Acidente com Morte;66;BR-101/ES;Norte;Colisão Traseira;1;0;4;0;0;0;;;;;1;0;0;1;1
22/06/2015;11:40:00;150;Acidente sem Vítima;144;BR-101/ES;Norte;Colisão Traseira;2;0;0;0;0;0;;;;;2;0;0;0;0
22/06/2015;17:47:00;255;Acidente com vítima;146;BR-101/ES;Sul;Colisão Transversal;1;0;0;1;0;0;;;;;4;1;0;0;0
22/06/2015;06:34:00;44;Acidente sem Vítima;220;BR-101/ES;Sul;Colisão Lateral;1;0;0;0;1;0;;;;;3;0;0;0;0
22/06/2015;15:32:00;220;Atropelamento sem Morte;229,5;BR-101/ES;Norte;Atropelamento;1;0;0;0;0;0;;;;;1;1;0;0;0
22/06/2015;14:43:00;202;Acidente com vítima;293;BR-101/ES;Sul;Colisão Traseira;2;0;0;0;0;0;;;;;3;0;1;0;0
22/06/2015;07:01:00;49;Acidente com vítima;296;BR-101/ES;Sul;Colisão Traseira;0;0;1;1;0;0;;;;;1;1;0;0;0
22/06/2015;19:51:00;274;Acidente com vítima;300,1;BR-101/ES;Sul;Colisão;0;2;0;0;0;0;;;;;1;0;1;0;0
22/06/2015;15:04:00;212;Acidente sem Vítima;346;BR-101/ES;Norte;Saída de Pista;2;0;1;0;0;0;;;;;3;0;0;0;0
22/06/2015;15:22:00;217;Acidente sem Vítima;385;BR-101/ES;Norte;Choque;1;0;0;0;0;0;;;;;1;0;0;0;0
22/06/2015;04:37:00;34;Acidente sem Vítima;457;BR-101/ES;Norte;Colisão Traseira;0;0;0;1;1;0;;;;;2;0;0;0;0
23/06/2015;20:58:00;301;Acidente com vítima;255;BR-101/ES;Norte;Colisão;1;1;0;0;0;0;;;;;1;1;0;0;0
23/06/2015;20:43:00;297;Acidente com vítima;260;BR-101/ES;Sul;Queda de ciclista;0;1;0;0;0;0;;;;;0;1;0;0;0
23/06/2015;14:41:00;207;Acidente sem Vítima;263;BR-101/ES;Sul;Colisão Traseira;2;0;1;0;0;0;;;;;7;0;0;0;0
23/06/2015;20:32:00;296;Acidente sem Vítima;264;BR-101/ES;Sul;Queda de ciclista;0;1;0;0;0;0;;;;;1;0;0;0;0
23/06/2015;22:14:00;312;Acidente com vítima;274;BR-101/ES;Norte;Colisão Traseira;2;0;0;0;0;0;;;;;1;1;0;0;0
23/06/2015;06:17:00;59;Atropelamento com Morte;283;BR-101/ES;Norte;Atropelamento e Fuga;1;0;0;0;0;0;;;;;0;0;0;0;1
23/06/2015;17:54:00;257;Acidente com vítima;285;BR-101/ES;Sul;Queda de Moto;0;0;0;1;0;0;;;;;0;1;0;0;0
23/06/2015;17:24:00;252;Acidente com vítima;320;BR-101/ES;Norte;Colisão Traseira;0;0;1;1;0;0;;;;;1;0;1;0;0
23/06/2015;16:56:00;244;Acidente sem Vítima;396;BR-101/ES;Norte;Colisão Traseira;1;0;2;0;0;0;;;;;2;0;0;0;0