data;horario;n_da_ocorrencia;tipo_de_ocorrencia;km;trecho;sentido;tipo_de_acidente;automovel;bicicleta;caminhao;moto;onibus;outros;tracao_animal;transporte_de_cargas_especiais;trator_maquinas;utilitarios;ilesos;levemente_feridos;moderadamente_feridos;gravemente_feridos;mortos
24/06/2015;16:49:00;232;Acidente sem Vítima;126;BR-101/ES;Sul;Colisão Traseira;1;0;0;0;1;0;;;;;4;0;0;0;0
24/06/2015;17:52:00;244;Acidente sem Vítima;148;BR-101/ES;Sul;Colisão Traseira;1;0;0;0;1;0;;;;;2;0;0;0;0
24/06/2015;16:42:00;229;Acidente sem Vítima;190,5;BR-101/ES;Norte;Colisão Traseira;2;0;0;0;0;0;;;;;2;0;0;0;0
24/06/2015;19:18:00;268;Acidente sem Vítima;259;BR-101/ES;Norte;Choque com Objeto Fixo;1;0;0;0;0;0;;;;;1;0;0;0;0
24/06/2015;11:25:00;158;Acidente com vítima;291;BR-101/ES;Norte;Colisão Traseira;2;0;0;0;0;0;;;;;2;0;2;0;0
24/06/2015;20:44:00;290;Acidente com vítima;297;BR-101/ES;Sul;Colisão Traseira;0;0;1;1;0;0;;;;;1;0;1;0;0
24/06/2015;18:58:00;261;Acidente com Morte;298;BR-101/ES;Sul;Colisão Transversal;0;0;2;1;0;0;;;;;1;0;0;0;1
24/06/2015;15:25:00;210;Acidente sem Vítima;329;BR-101/ES;Norte;Colisão Traseira;1;0;1;0;0;0;;;;;3;0;0;0;0
24/06/2015;18:25:00;255;Acidente sem Vítima;359,9;BR-101/ES;Sul;Choque com Objeto Fixo;1;0;0;0;0;0;;;;;1;0;0;0;0
24/06/2015;00:19:00;5;Acidente sem Vítima;391;BR-101/ES;Sul;Choque;0;0;2;0;1;0;;;;;2;0;0;0;0
24/06/2015;11:16:00;153;Acidente com Morte;394;BR-101/ES;Norte;Colisão Frontal;0;0;1;1;0;0;;;;;0;1;0;0;1
24/06/2015;07:54:00;91;Acidente sem Vítima;398;BR-101/ES;Norte;Colisão Traseira;1;0;1;0;0;0;;;;;4;0;0;0;0
25/06/2015;18:52:00;289;Atropelamento sem Morte;140;BR-101/ES;Norte;Atropelamento;1;0;0;0;0;0;;;;;0;1;0;0;0
25/06/2015;13:21:00;219;Acidente com vítima;146;BR-101/ES;Norte;Colisão Traseira;1;0;0;1;0;0;;;;;1;1;0;0;0
25/06/2015;14:34:00;232;Acidente sem Vítima;162;BR-101/ES;Norte;Colisão Lateral;1;0;1;0;0;0;;;;;3;0;0;0;0
25/06/2015;08:42:00;118;Acidente com vítima;207;BR-101/ES;Norte;Colisão Lateral;1;0;0;1;0;0;;;;;1;2;0;0;0
25/06/2015;13:49:00;223;Acidente sem Vítima;255;BR-101/ES;Sul;Colisão Transversal;2;0;0;0;0;0;;;;;1;0;0;0;0
25/06/2015;09:00:00;124;Acidente sem Vítima;265;BR-101/ES;Sul;Atropelamento - Animal;1;0;0;0;0;0;;;;;1;0;0;0;0
25/06/2015;17:38:00;272;Acidente sem Vítima;283;BR-101/ES;Sul;Colisão Traseira;1;0;1;0;0;0;;;;;2;0;0;0;0
25/06/2015;18:00:00;279;Acidente sem Vítima;283;BR-101/ES;Norte;Tombamento;0;0;1;0;0;0;;;;;1;0;0;0;0
25/06/2015;17:40:00;273;Acidente sem Vítima;358;BR-101/ES;Sul;Colisão Lateral;1;0;2;0;0;0;;;;;2;0;0;0;0
25/06/2015;15:28:00;246;Acidente sem Vítima;401;BR-101/ES;Norte;Colisão Traseira;2;0;0;0;0;0;;;;;4;0;0;0;0
25/06/2015;05:00:00;54;Acidente com Morte;945,6;BR-101/BA;Sul;Colisão Transversal;0;0;1;1;0;0;;;;;0;0;0;0;1
26/06/2015;21:55:00;274;Acidente sem Vítima;1,5;BR-101/ES;Sul;Queda de Moto;0;0;0;1;0;0;;;;;1;0;0;0;0
26/06/2015;15:30:00;205;Atropelamento sem Morte;16;BR-101/ES;Norte;Atropelamento;1;0;0;0;0;0;;;;;4;1;0;0;0
26/06/2015;22:23:00;279;Acidente com vítima;137;BR-101/ES;Sul;Queda de Moto;0;0;0;1;0;0;;;;;0;1;0;0;0
26/06/2015;22:29:00;282;Acidente sem Vítima;145;BR-101/ES;Sul;Colisão Lateral;1;0;2;0;0;0;;;;;2;0;0;0;0
26/06/2015;23:49:00;295;Acidente sem Vítima;146;BR-101/ES;Sul;Colisão Lateral;0;0;3;0;0;0;;;;;2;0;0;0;0
26/06/2015;11:25:00;135;Acidente sem Vítima;149;BR-101/ES;Sul;Colisão Lateral;1;0;1;0;0;0;;;;;4;0;0;0;0
26/06/2015;08:14:00;66;Acidente com vítima;175;BR-101/ES;Norte;Colisão Transversal;2;0;0;0;0;0;;;;;5;1;0;0;0
26/06/2015;13:51:00;185;Acidente sem Vítima;184;BR-101/ES;Sul;Colisão Lateral;2;0;1;0;0;0;;;;;4;0;0;0;0
26/06/2015;14:42:00;198;Acidente com vítima;238;BR-101/ES;Norte;Colisão Traseira;2;0;0;0;0;0;;;;;2;2;0;0;0
26/06/2015;05:12:00;37;Acidente sem Vítima;248;BR-101/ES;Norte;Saída de Pista;1;0;0;0;0;0;;;;;2;0;0;0;0
26/06/2015;12:40:00;162;Acidente sem Vítima;255;BR-101/ES;Sul;Engavetamento;3;0;0;0;0;0;;;;;4;0;0;0;0
26/06/2015;13:41:00;184;Acidente sem Vítima;264;BR-101/ES;Norte;Saída de Pista;0;0;1;0;0;0;;;;;1;0;0;0;0
26/06/2015;17:50:00;234;Acidente sem Vítima;266;BR-101/ES;Norte;Engavetamento;4;0;0;0;0;0;;;;;5;0;0;0;0
26/06/2015;14:51:00;201;Acidente sem Vítima;267;BR-101/ES;Sul;Colisão Traseira;1;0;1;0;0;0;;;;;2;0;0;0;0
26/06/2015;20:42:00;264;Acidente sem Vítima;268,5;BR-101/ES;Sul;Colisão Transversal;2;0;0;1;0;0;;;;;4;0;0;0;0
26/06/2015;08:52:00;82;Acidente sem Vítima;269;BR-101/ES;Sul;Colisão Traseira;2;0;0;0;0;0;;;;;3;0;0;0;0
26/06/2015;14:07:00;188;Acidente sem Vítima;269;BR-101/ES;Sul;Colisão Traseira;2;0;0;0;0;0;;;;;3;0;0;0;0
26/06/2015;14:31:00;197;Acidente sem Vítima;270;BR-101/ES;Norte;Colisão Lateral;1;0;2;0;0;0;;;;;3;0;0;0;0
26/06/2015;19:26:00;250;Acidente sem Vítima;270;BR-101/ES;Sul;Engavetamento;4;0;0;0;0;0;;;;;4;0;0;0;0
26/06/2015;10:00:00;101;Acidente sem Vítima;277;BR-101/ES;Norte;Colisão Lateral;1;0;2;0;0;0;;;;;2;0;0;0;0
26/06/2015;20:07:00;259;Acidente com vítima;296;BR-101/ES;Sul;Colisão;1;1;0;0;0;0;;;;;2;0;1;0;0
26/06/2015;23:59:00;297;Acidente sem Vítima;373;BR-101/ES;Sul;Capotamento;1;0;0;0;0;0;;;;;1;0;0;0;0
26/06/2015;04:37:00;33;Acidente sem Vítima;399;BR-101/ES;Norte;Colisão Traseira;1;0;1;0;0;0;;;;;3;0;0;0;0
27/06/2015;23:17:00;305;Acidente sem Vítima;58;BR-101/ES;Sul;Colisão Traseira;2;0;0;0;0;0;;;;;3;0;0;0;0
27/06/2015;21:09:00;286;Acidente com vítima;127;BR-101/ES;Norte;Colisão Frontal;1;0;0;1;0;0;;;;;0;1;1;0;0
27/06/2015;17:33:00;249;Acidente com vítima;158;BR-101/ES;Sul;Colisão;0;2;0;1;0;0;;;;;2;0;1;0;0
27/06/2015;08:12:00;82;Acidente sem Vítima;187;BR-101/ES;Norte;Colisão Lateral;1;0;1;0;0;0;;;;;6;0;0;0;0
27/06/2015;15:22:00;219;Acidente sem Vítima;203;BR-101/ES;Sul;Colisão Transversal;2;0;0;0;0;0;;;;;6;0;0;0;0
27/06/2015;08:55:00;94;Acidente sem Vítima;224;BR-101/ES;Sul;Colisão Lateral;1;0;1;0;0;0;;;;;3;0;0;0;0
27/06/2015;14:04:00;203;Acidente com vítima;240;BR-101/ES;Sul;Saída de Pista;0;0;0;1;0;0;;;;;0;2;0;0;0
27/06/2015;12:33:00;173;Acidente com vítima;247;BR-101/ES;Sul;Colisão Traseira;1;0;0;1;0;0;;;;;2;1;0;0;0
27/06/2015;05:39:00;54;Acidente sem Vítima;256;BR-101/ES;Sul;Colisão Traseira;2;0;0;0;0;0;;;;;7;0;0;0;0
27/06/2015;13:11:00;191;Acidente sem Vítima;265,5;BR-101/ES;Norte;Colisão Traseira;2;0;0;0;0;0;;;;;2;0;0;0;0
27/06/2015;20:15:00;278;Acidente sem Vítima;272;BR-101/ES;Sul;Choque com Objeto Fixo;3;0;0;0;0;0;;;;;3;0;0;0;0
27/06/2015;19:15:00;270;Acidente com vítima;279;BR-101/ES;Sul;Queda de Moto;0;0;0;1;0;0;;;;;0;1;0;0;0
27/06/2015;20:11:00;277;Acidente sem Vítima;385;BR-101/ES;Sul;Saída de Pista;1;0;0;0;0;0;;;;;1;0;0;0;0
27/06/2015;11:23:00;149;Acidente sem Vítima;395;BR-101/ES;Norte;Colisão Transversal;1;0;1;0;0;0;;;;;5;0;0;0;0
27/06/2015;12:59:00;183;Acidente sem Vítima;420;BR-101/ES;Sul;Colisão Lateral;1;0;1;0;0;0;;;;;5;0;0;0;0
28/06/2015;14:21:00;173;Acidente sem Vítima;68;BR-101/ES;Sul;Colisão Traseira;2;0;0;0;0;0;;;;;3;0;0;0;0
28/06/2015;18:57:00;234;Acidente com vítima;100;BR-101/ES;Sul;Queda de Moto;0;0;0;1;0;0;;;;;0;1;0;0;0
28/06/2015;13:57:00;169;Acidente sem Vítima;127;BR-101/ES;Sul;Colisão Lateral;1;0;0;1;0;0;;;;;3;0;0;0;0
28/06/2015;04:38:00;40;Acidente com vítima;150;BR-101/ES;Sul;Saída de Pista;1;0;0;0;0;0;;;;;0;0;1;0;0
28/06/2015;20:15:00;254;Acidente sem Vítima;238;BR-101/ES;Norte;Colisão Lateral;1;0;1;0;0;0;;;;;4;0;0;0;0
28/06/2015;17:38:00;221;Acidente sem Vítima;246;BR-101/ES;Sul;Colisão Traseira;2;0;0;0;0;0;;;;;1;0;0;0;0
28/06/2015;19:05:00;236;Acidente sem Vítima;251;BR-101/ES;Norte;Colisão Traseira;2;0;0;0;0;0;;;;;4;0;0;0;0
28/06/2015;13:44:00;164;Atropelamento sem Morte;258;BR-101/ES;Sul;Atropelamento;1;0;0;0;0;0;;;;;1;0;1;0;0
28/06/2015;12:21:00;142;Acidente sem Vítima;261;BR-101/ES;Norte;Colisão Lateral;1;0;1;0;0;0;;;;;4;0;0;0;0
28/06/2015;07:35:00;75;Acidente sem Vítima;262;BR-101/ES;Sul;Queda de Moto;0;0;0;1;0;0;;;;;2;0;0;0;0
28/06/2015;09:49:00;102;Acidente com vítima;265,5;BR-101/ES;Norte;Choque com Objeto Fixo;1;0;0;0;0;0;;;;;3;1;0;0;0
28/06/2015;10:16:00;107;Acidente com vítima;415;BR-101/ES;Sul;Queda de Moto;0;0;0;1;0;0;;;;;0;1;0;0;0
29/06/2015;13:54:00;197;Acidente com vítima;120;BR-101/ES;Sul;Queda de Moto;0;0;0;1;0;0;;;;;1;1;0;0;0
29/06/2015;07:16:00;61;Acidente sem Vítima;145;BR-101/ES;Norte;Colisão Lateral;1;0;2;0;0;0;;;;;2;0;0;0;0
29/06/2015;08:08:00;81;Acidente com vítima;145;BR-101/ES;Norte;Colisão;1;1;0;0;0;0;;;;;1;1;0;0;0
29/06/2015;18:16:00;248;Acidente com vítima;147;BR-101/ES;Norte;Colisão Traseira;1;0;0;1;0;0;;;;;1;0;1;0;0
29/06/2015;15:45:00;219;Acidente sem Vítima;230;BR-101/ES;Sul;Colisão Lateral;2;0;0;0;0;0;;;;;2;0;0;0;0
29/06/2015;16:40:00;231;Acidente sem Vítima;250;BR-101/ES;Sul;Colisão Traseira;2;0;0;0;0;0;;;;;7;0;0;0;0
29/06/2015;07:49:00;76;Acidente sem Vítima;269;BR-101/ES;Sul;Colisão Lateral;0;0;3;0;0;0;;;;;2;0;0;0;0
29/06/2015;13:48:00;196;Acidente com vítima;284;BR-101/ES;Norte;Tombamento;0;0;2;0;0;0;;;;;0;0;1;0;0
29/06/2015;14:56:00;210;Acidente sem Vítima;291;BR-101/ES;Sul;Colisão Lateral;1;0;1;0;0;0;;;;;3;0;0;0;0
29/06/2015;15:43:00;218;Acidente sem Vítima;291;BR-101/ES;Norte;Colisão Lateral;2;0;0;0;0;0;;;;;3;0;0;0;0
29/06/2015;16:11:00;224;Acidente sem Vítima;321;BR-101/ES;Sul;Colisão Traseira;1;0;2;0;0;0;;;;;2;0;0;0;0
30/06/2015;09:22:00;115;Acidente sem Vítima;244;BR-101/ES;Norte;Colisão Traseira;1;0;0;1;0;0;;;;;4;0;0;0;0
30/06/2015;18:02:00;267;Acidente sem Vítima;270;BR-101/ES;Norte;Engavetamento;3;0;0;0;0;0;;;;;3;0;0;0;0
30/06/2015;05:44:00;49;Acidente sem Vítima;341;BR-101/ES;Sul;Colisão Traseira;2;0;0;0;0;0;;;;;4;0;0;0;0
30/06/2015;15:12:00;225;Acidente com vítima;953;BR-101/BA;Norte;Colisão Frontal;1;0;1;0;0;0;;;;;2;2;0;0;0
01/07/2015;20:23:00;292;Acidente sem Vítima;144;BR-101/ES;Norte;Colisão Traseira;2;0;0;0;0;0;;;;;2;0;0;0;0
01/07/2015;15:20:00;228;Acidente com vítima;148;BR-101/ES;Sul;Colisão Traseira;0;0;0;0;2;0;;;;;2;2;1;0;0
01/07/2015;19:00:00;275;Acidente sem Vítima;268;BR-101/ES;Sul;Colisão Traseira;2;0;0;0;0;0;;;;;2;0;0;0;0
01/07/2015;08:23:00;100;Acidente sem Vítima;277;BR-101/ES;Sul;Choque com Objeto Fixo;1;;0;0;0;0;0;;;;1;0;0;0;0
01/07/2015;08:47:00;105;Acidente sem Vítima;277;BR-101/ES;Norte;Colisão Traseira;1;;1;0;0;0;0;;;;2;0;0;0;0
01/07/2015;11:37:00;161;Acidente com vítima;291;BR-101/ES;Sul;Colisão Lateral;0;;0;0;1;1;0;;;;1;0;0;1;0
01/07/2015;04:40:00;43;Acidente sem Vítima;323;BR-101/ES;Norte;Saída de Pista;1;0;0;0;0;0;;;;;1;0;0;0;0
01/07/2015;02:56:00;29;Acidente sem Vítima;325;BR-101/ES;Sul;Veículo em Chamas;0;0;2;0;0;0;;;;;1;0;0;0;0
01/07/2015;05:13:00;48;Acidente sem Vítima;442;BR-101/ES;Sul;Veículo em Chamas;0;0;2;0;0;0;;;;;1;0;0;0;0
02/07/2015;20:51:00;296;Atropelamento sem Morte;65;BR-101/ES;Sul;Atropelamento;0;0;0;1;0;0;;;;;0;0;1;1;0
02/07/2015;15:14:00;225;Acidente com vítima;140;BR-101/ES;Sul;Colisão Lateral;1;0;0;1;0;0;;;;;3;2;0;0;0
02/07/2015;21:13:00;302;Acidente com Morte;141;BR-101/ES;Norte;Colisão Transversal;1;0;0;1;0;0;;;;;1;0;0;0;1
02/07/2015;17:47:00;265;Acidente com vítima;177;BR-101/ES;Norte;Queda de Moto;0;0;0;1;0;0;;;;;0;0;1;0;0
02/07/2015;12:00:00;168;Acidente sem Vítima;267;BR-101/ES;Sul;Colisão Traseira;2;0;0;0;0;0;;;;;2;0;0;0;0
02/07/2015;17:28:00;261;Acidente com vítima;289;BR-101/ES;Sul;Colisão Traseira;1;;0;0;0;1;0;;;;1;0;1;0;0
02/07/2015;11:49:00;165;Acidente com vítima;295;BR-101/ES;Sul;Colisão Lateral;1;;0;0;0;0;1;;;;1;0;1;0;0
02/07/2015;16:55:00;257;Acidente com vítima;319;BR-101/ES;Norte;Colisão Traseira;1;0;2;0;0;0;;;;;3;1;0;0;0
02/07/2015;17:41:00;263;Acidente sem Vítima;391;BR-101/ES;Norte;Saída de Pista;1;0;0;0;0;0;;;;;6;0;0;0;0
03/07/2015;13:55:00;211;Acidente sem Vítima;69;BR-101/ES;Sul;Colisão Lateral;1;0;0;1;0;0;;;;;2;0;0;0;0
03/07/2015;23:26:00;356;Acidente com vítima;117;BR-101/ES;Sul;Saída de Pista;1;0;0;0;0;0;;;;;0;1;0;0;0
03/07/2015;08:12:00;85;Acidente com vítima;160;BR-101/ES;Sul;Colisão Frontal;1;0;0;1;0;0;;;;;1;2;0;0;0
03/07/2015;14:20:00;220;Acidente sem Vítima;164;BR-101/ES;Norte;Colisão Traseira;1;0;1;0;0;0;;;;;5;0;0;0;0
03/07/2015;23:24:00;355;Acidente sem Vítima;193;BR-101/ES;Sul;Veículo em Chamas;1;0;0;0;0;0;;;;;1;0;0;0;0
03/07/2015;16:32:00;256;Acidente com vítima;242;BR-101/ES;Sul;Colisão Lateral;2;0;1;0;0;0;;;;;2;0;3;0;0
03/07/2015;19:08:00;300;Acidente sem Vítima;252;BR-101/ES;Norte;Queda de Moto;0;0;0;1;0;0;;;;;1;0;0;0;0
03/07/2015;10:20:00;127;Acidente sem Vítima;267;BR-101/ES;Sul;Colisão Lateral;2;0;2;0;0;0;;;;;3;0;0;0;0
03/07/2015;17:45:00;283;Acidente com vítima;288;BR-101/ES;Norte;Colisão Lateral;1;;0;0;0;1;0;;;;3;1;1;0;0
03/07/2015;13:29:00;198;Acidente sem Vítima;378;BR-101/ES;Sul;Colisão Traseira;1;0;2;0;0;0;;;;;2;0;0;0;0
04/07/2015;15:58:00;258;Acidente com vítima;68;BR-101/ES;Sul;Colisão Lateral;2;0;0;0;0;0;;;;;2;1;0;0;0
04/07/2015;21:59:00;346;Acidente com vítima;89;BR-101/ES;Sul;Colisão Frontal;1;0;1;0;0;0;;;;;1;0;0;1;0
04/07/2015;22:24:00;349;Acidente com vítima;112;BR-101/ES;Sul;Queda de Moto;0;0;0;1;0;0;;;;;0;0;1;0;0
04/07/2015;14:53:00;237;Acidente sem Vítima;122,2;BR-101/ES;Sul;Saída de Pista;1;0;0;0;0;0;;;;;1;0;0;0;0
04/07/2015;18:47:00;302;Acidente com Morte;161;BR-101/ES;Norte;Colisão Lateral;1;0;0;1;0;0;;;;;1;0;0;1;1
04/07/2015;12:20:00;189;Acidente com vítima;164;BR-101/ES;Norte;Colisão Transversal;1;0;1;0;0;0;;;;;1;1;2;0;0
04/07/2015;04:57:00;53;Acidente sem Vítima;262;BR-101/ES;Sul;Colisão Traseira;1;0;2;0;0;0;;;;;2;0;0;0;0
04/07/2015;17:55:00;291;Atropelamento com Morte;263;BR-101/ES;Norte;Atropelamento;1;0;0;0;0;0;;;;;2;0;0;0;1
04/07/2015;18:44:00;300;Acidente sem Vítima;263;BR-101/ES;Norte;Colisão Traseira;2;0;0;0;0;0;;;;;2;0;0;0;0
04/07/2015;19:46:00;314;Acidente sem Vítima;263;BR-101/ES;Norte;Colisão Traseira;2;0;0;0;0;0;;;;;2;0;0;0;0
04/07/2015;15:18:00;245;Atropelamento sem Morte;268;BR-101/ES;Norte;Atropelamento;1;0;0;0;0;0;;;;;2;0;1;0;0
04/07/2015;18:03:00;293;Acidente sem Vítima;275;BR-101/ES;Norte;Choque com Objeto Fixo;1;;0;0;0;0;0;;;;1;0;0;0;0
04/07/2015;23:38:00;354;Acidente sem Vítima;279;BR-101/ES;Sul;Choque com Objeto Fixo;0;;1;0;0;0;0;;;;1;0;0;0;0
04/07/2015;09:43:00;131;Acidente com vítima;297;BR-101/ES;Sul;Colisão Traseira;0;0;0;2;0;0;;;;;1;1;0;0;0
04/07/2015;09:38:00;129;Acidente sem Vítima;315;BR-101/ES;Norte;Colisão Lateral;1;0;0;1;0;0;;;;;4;0;0;0;0
04/07/2015;05:37:00;58;Acidente com vítima;368;BR-101/ES;Norte;Saída de Pista;1;0;0;0;0;0;;;;;0;1;0;0;0
04/07/2015;19:49:00;316;Acidente com Morte;375;BR-101/ES;Norte;Colisão Frontal;1;0;0;1;0;0;;;;;1;1;0;0;3
04/07/2015;04:42:00;50;Acidente sem Vítima;390;BR-101/ES;Sul;Saída de Pista;1;0;0;0;0;0;;;;;2;0;0;0;0
05/07/2015;12:12:00;140;Acidente sem Vítima;61;BR-101/ES;Sul;Colisão Lateral;1;0;2;0;0;0;;;;;2;0;0;0;0
05/07/2015;11:40:00;131;Acidente com vítima;65;BR-101/ES;Norte;Choque com Objeto Fixo;0;0;0;1;0;0;;;;;0;0;1;0;0
05/07/2015;14:40:00;171;Acidente com vítima;68;BR-101/ES;Norte;Colisão Lateral;2;0;0;0;0;0;;;;;5;1;0;0;0
05/07/2015;11:44:00;134;Acidente com vítima;146;BR-101/ES;Sul;Colisão Transversal;2;0;0;0;0;0;;;;;2;1;0;0;0
05/07/2015;08:55:00;88;Acidente com vítima;160;BR-101/ES;Sul;Queda de Moto;0;0;0;1;0;0;;;;;0;2;0;0;0
05/07/2015;17:49:00;211;Acidente com vítima;210;BR-101/ES;Sul;Colisão Lateral;2;0;0;0;0;0;;;;;5;1;0;0;0
05/07/2015;11:20:00;127;Acidente sem Vítima;255;BR-101/ES;Sul;Colisão Traseira;2;0;0;0;0;0;;;;;2;0;0;0;0
05/07/2015;04:52:00;46;Acidente sem Vítima;302;BR-101/ES;Norte;Saída de Pista;1;0;0;0;0;0;;;;;1;0;0;0;0
06/07/2015;15:48:00;217;Acidente sem Vítima;68;BR-101/ES;Norte;Colisão Lateral;2;0;0;0;0;0;;;;;2;0;0;0;0
06/07/2015;06:17:00;53;Acidente com vítima;87;BR-101/ES;Sul;Queda de Moto;0;0;0;1;0;0;;;;;0;0;1;0;0
06/07/2015;10:39:00;121;Acidente com vítima;130;BR-101/ES;Norte;Saída de Pista;1;0;0;0;0;0;;;;;1;1;0;0;0
06/07/2015;17:53:00;249;Acidente com vítima;131;BR-101/ES;Norte;Queda de Moto;0;0;0;1;0;0;;;;;0;1;1;0;0
06/07/2015;17:33:00;247;Acidente sem Vítima;290,8;BR-101/ES;Norte;Queda de Moto;0;;0;0;0;1;0;;;;1;0;0;0;0
06/07/2015;21:11:00;293;Atropelamento sem Morte;296;BR-101/ES;Norte;Atropelamento e Fuga;1;;0;0;0;0;0;;;;0;1;0;0;0
06/07/2015;09:37:00;107;Acidente sem Vítima;316;BR-101/ES;Norte;Tombamento;0;0;1;0;0;0;;;;;1;0;0;0;0
06/07/2015;14:08:00;190;Acidente sem Vítima;357;BR-101/ES;Sul;Atropelamento - Animal;1;0;0;0;0;0;;;;;1;0;0;0;0
06/07/2015;11:03:00;129;Acidente com vítima;436;BR-101/ES;Sul;Queda de Moto;0;0;0;1;0;0;;;;;0;0;1;0;0
07/07/2015;12:02:00;158;Acidente com vítima;94;BR-101/ES;Sul;Queda de ciclista;0;1;0;0;0;0;;;;;0;1;0;0;0
07/07/2015;11:13:00;146;Acidente com vítima;151;BR-101/ES;Sul;Queda de Moto;0;0;0;1;0;0;;;;;0;1;0;0;0
07/07/2015;19:16:00;260;Acidente com vítima;163;BR-101/ES;Norte;Colisão Transversal;1;0;0;1;0;0;;;;;4;0;0;1;0
07/07/2015;12:42:00;176;Acidente sem Vítima;222,5;BR-101/ES;Sul;Saída de Pista;1;0;0;0;0;0;;;;;1;0;0;0;0
07/07/2015;05:24:00;51;Atropelamento sem Morte;266;BR-101/ES;Sul;Atropelamento;0;0;0;1;0;0;;;;;0;1;1;0;0
07/07/2015;16:50:00;242;Acidente sem Vítima;270;BR-101/ES;Sul;Saída de Pista;0;0;1;0;0;0;;;;;1;0;0;0;0
07/07/2015;20:33:00;272;Acidente sem Vítima;272;BR-101/ES;Norte;Veículo em Chamas;1;;0;0;0;0;0;;;;1;0;0;0;0
07/07/2015;17:29:00;252;Acidente sem Vítima;298;BR-101/ES;Norte;Engavetamento;3;0;0;0;0;0;;;;;5;0;0;0;0
07/07/2015;01:52:00;23;Acidente com vítima;329;BR-101/ES;Sul;Saída de Pista;0;0;1;0;0;0;;;;;0;0;2;0;0
08/07/2015;15:06:00;230;Acidente sem Vítima;50;BR-101/ES;Sul;Queda de Moto;0;0;0;1;0;0;;;;;1;0;0;0;0
08/07/2015;09:40:00;115;Acidente com vítima;161;BR-101/ES;Norte;Colisão Traseira;1;0;0;1;0;0;;;;;1;2;0;0;0
08/07/2015;13:51:00;213;Acidente com Morte;192;BR-101/ES;Sul;Colisão Frontal;1;0;1;0;0;0;;;;;0;1;0;0;1
08/07/2015;16:41:00;263;Acidente sem Vítima;292;BR-101/ES;Sul;Colisão Traseira;1;;2;1;0;0;0;;;;5;0;0;0;0
08/07/2015;16:45:00;264;Acidente sem Vítima;457;BR-101/ES;Sul;Colisão Lateral;2;0;0;0;0;0;;;;;5;0;0;0;0
09/07/2015;09:33:00;122;Acidente com vítima;123;BR-101/ES;Norte;Queda de Moto;0;0;0;1;0;0;;;;;1;1;0;0;0
09/07/2015;15:27:00;253;Acidente com vítima;270;BR-101/ES;Sul;Queda de Moto;0;0;0;1;0;0;;;;;0;1;0;0;0
09/07/2015;00:55:00;7;Acidente com Morte;377;BR-101/ES;Sul;Colisão Frontal;1;0;0;1;0;0;;;;;1;0;0;0;1
09/07/2015;09:39:00;126;Acidente com vítima;380;BR-101/ES;Sul;Colisão Transversal;1;0;0;1;0;0;;;;;1;0;1;0;0
09/07/2015;15:21:00;251;Acidente sem Vítima;451;BR-101/ES;Sul;Colisão Lateral;1;0;2;0;0;0;;;;;2;0;0;0;0
09/07/2015;17:13:00;279;Acidente sem Vítima;452;BR-101/ES;Sul;Colisão Traseira;1;0;2;0;0;0;;;;;5;0;0;0;0
10/07/2015;19:54:00;335;Acidente com vítima;71;BR-101/ES;Sul;Queda de ciclista;0;1;0;0;0;0;;;;;0;0;1;0;0
10/07/2015;17:13:00;301;Acidente com vítima;147;BR-101/ES;Norte;Colisão Traseira;2;0;0;0;0;0;;;;;1;1;0;0;0
10/07/2015;08:55:00;115;Acidente sem Vítima;149;BR-101/ES;Norte;Choque com Objeto Fixo;1;0;0;0;0;0;;;;;1;0;0;0;0
10/07/2015;20:33:00;346;Acidente com vítima;159;BR-101/ES;Norte;Colisão;1;1;0;0;0;0;;;;;1;0;1;0;0
10/07/2015;13:06:00;209;Acidente com vítima;175;BR-101/ES;Sul;Colisão Traseira;1;0;1;0;0;0;;;;;1;1;0;0;0
10/07/2015;19:13:00;323;Acidente com Morte;202;BR-101/ES;Norte;Colisão Transversal;2;0;0;0;0;0;;;;;11;0;3;0;1
10/07/2015;16:29:00;277;Acidente sem Vítima;252,5;BR-101/ES;Sul;Colisão Traseira;1;0;1;0;0;0;;;;;6;0;0;0;0
10/07/2015;16:56:00;290;Acidente com vítima;253;BR-101/ES;Sul;Colisão Traseira;2;0;1;0;0;0;;;;;2;1;0;0;0
10/07/2015;07:18:00;77;Acidente sem Vítima;263;BR-101/ES;Norte;Choque com Objeto Fixo;1;0;0;0;0;0;;;;;1;0;0;0;0
10/07/2015;21:28:00;358;Acidente com vítima;263;BR-101/ES;Norte;Colisão Transversal;1;0;0;1;0;0;;;;;1;2;0;0;0
10/07/2015;13:04:00;208;Acidente com vítima;274;BR-101/ES;Norte;Queda de Moto;0;;0;0;0;1;0;;;;1;1;0;0;0
10/07/2015;06:29:00;58;Atropelamento sem Morte;460;BR-101/ES;Sul;Atropelamento;0;0;2;0;0;0;;;;;0;0;1;0;0
11/07/2015;03:47:00;44;Acidente sem Vítima;38;BR-101/ES;Sul;Choque com Objeto Fixo;1;0;0;0;0;0;;;;;1;0;0;0;0
11/07/2015;15:57:00;228;Acidente sem Vítima;130;BR-101/ES;Sul;Colisão Traseira;2;0;0;0;0;0;;;;;5;0;0;0;0
11/07/2015;23:11:00;331;Acidente sem Vítima;147;BR-101/ES;Norte;Colisão Traseira;1;0;1;0;0;0;;;;;6;0;0;0;0
11/07/2015;16:48:00;239;Acidente sem Vítima;211,8;BR-101/ES;Sul;Veículo em Chamas;1;0;0;0;0;0;;;;;4;0;0;0;0
11/07/2015;20:16:00;295;Acidente com vítima;255;BR-101/ES;Sul;Colisão;0;2;0;0;0;0;;;;;0;2;0;0;0