data;horario;n_da_ocorrencia;tipo_de_ocorrencia;km;trecho;sentido;tipo_de_acidente;automovel;bicicleta;caminhao;moto;onibus;outros;tracao_animal;transporte_de_cargas_especiais;trator_maquinas;utilitarios;ilesos;levemente_feridos;moderadamente_feridos;gravemente_feridos;mortos
28/07/2015;15:14:00;224;Acidente sem Vítima;266;BR-101/ES;Norte;Colisão Traseira;1;0;1;0;0;0;;;;;4;0;0;0;0
28/07/2015;15:41:00;234;Acidente sem Vítima;267;BR-101/ES;Norte;Colisão Lateral;1;0;1;0;0;0;;;;;2;0;0;0;0
28/07/2015;21:51:00;323;Acidente sem Vítima;270;BR-101/ES;Norte;Colisão Traseira;0;0;2;0;0;0;;;;;2;0;0;0;0
28/07/2015;12:22:00;173;Acidente com vítima;275;BR-101/ES;Norte;Colisão Traseira;2;;0;0;0;0;0;;;;1;2;0;0;0
28/07/2015;14:03:00;202;Acidente sem Vítima;312;BR-101/ES;Sul;Saída de Pista;0;0;1;0;0;0;;;;;1;0;0;0;0
28/07/2015;22:09:00;325;Acidente sem Vítima;321,5;BR-101/ES;Sul;Colisão Transversal;2;0;0;0;0;0;;;;;2;0;0;0;0
28/07/2015;11:56:00;166;Acidente sem Vítima;451;BR-101/ES;Norte;Saída de Pista;0;0;2;0;0;0;;;;;1;0;0;0;0
29/07/2015;02:35:00;27;Acidente com vítima;147;BR-101/ES;Sul;Queda de Moto;0;0;0;1;0;0;;;;;0;0;1;0;0
29/07/2015;21:52:00;304;Acidente sem Vítima;264;BR-101/ES;Sul;Colisão Traseira;2;0;0;0;0;0;;;;;2;0;0;0;0
29/07/2015;18:16:00;269;Acidente sem Vítima;298;BR-101/ES;Sul;Colisão Lateral;1;0;1;0;0;0;;;;;2;0;0;0;0
29/07/2015;16:18:00;240;Acidente sem Vítima;373,5;BR-101/ES;Sul;Colisão Traseira;0;0;3;0;0;0;;;;;4;0;0;0;0
30/07/2015;09:24:00;114;Acidente com vítima;87;BR-101/ES;Sul;Colisão Frontal;1;0;2;0;0;0;;;;;1;0;0;1;0
30/07/2015;18:14:00;242;Acidente com vítima;119;BR-101/ES;Norte;Queda de Moto;0;0;0;1;0;0;;;;;0;1;0;0;0
30/07/2015;10:20:00;124;Acidente com vítima;141;BR-101/ES;Norte;Queda de Moto;0;0;0;1;0;0;;;;;0;1;0;0;0
30/07/2015;11:30:00;140;Acidente com vítima;171;BR-101/ES;Norte;Colisão Traseira;0;0;3;1;0;0;;;;;1;1;0;0;0
30/07/2015;23:55:00;297;Acidente sem Vítima;227;BR-101/ES;Sul;Queda de Moto;0;0;0;1;0;0;;;;;2;0;0;0;0
30/07/2015;16:27:00;211;Acidente com vítima;260;BR-101/ES;Norte;Queda de ciclista;0;1;0;0;0;0;;;;;0;1;0;0;0
30/07/2015;13:00:00;164;Acidente sem Vítima;304;BR-101/ES;Sul;Colisão Traseira;2;0;0;0;0;0;;;;;4;0;0;0;0
30/07/2015;11:10:00;135;Acidente sem Vítima;413,5;BR-101/ES;Sul;Queda de Moto;0;0;0;1;0;0;;;;;1;0;0;0;0
31/07/2015;07:42:00;69;Acidente sem Vítima;67;BR-101/ES;Norte;Engavetamento;4;0;0;0;0;0;;;;;6;0;0;0;0
31/07/2015;14:47:00;236;Acidente sem Vítima;90;BR-101/ES;Sul;Colisão Traseira;2;0;0;0;0;0;;;;;2;0;0;0;0
31/07/2015;11:20:00;167;Acidente com vítima;141;BR-101/ES;Sul;Colisão Traseira;0;0;0;1;1;0;;;;;1;1;0;0;0
31/07/2015;07:28:00;65;Acidente com vítima;144;BR-101/ES;Sul;Colisão Traseira;0;0;1;1;0;0;;;;;1;1;0;0;0
31/07/2015;07:56:00;80;Acidente com vítima;268;BR-101/ES;Norte;Colisão Lateral;2;0;0;1;0;0;;;;;2;1;0;0;0
31/07/2015;18:03:00;291;Acidente sem Vítima;268;BR-101/ES;Norte;Engavetamento;1;0;2;0;1;0;;;;;4;0;0;0;0
31/07/2015;10:00:00;130;Acidente sem Vítima;269;BR-101/ES;Sul;Engavetamento;3;0;0;0;0;0;;;;;3;0;0;0;0
31/07/2015;20:55:00;334;Acidente sem Vítima;270;BR-101/ES;Sul;Engavetamento;1;0;2;0;0;0;;;;;6;0;0;0;0
31/07/2015;20:08:00;319;Acidente sem Vítima;272;BR-101/ES;Norte;Choque com Objeto Fixo;2;;0;0;0;0;0;;;;2;0;0;0;0
31/07/2015;07:06:00;60;Acidente sem Vítima;287;BR-101/ES;Norte;Saída de Pista;1;;1;1;0;0;0;;;;1;0;0;0;0
31/07/2015;11:06:00;162;Acidente sem Vítima;291;BR-101/ES;Sul;Colisão Traseira;2;;0;0;0;0;0;;;;4;0;0;0;0
31/07/2015;07:48:00;76;Acidente com vítima;306;BR-101/ES;Norte;Queda de Moto;0;0;0;1;0;0;;;;;0;2;0;0;0
31/07/2015;14:12:00;229;Acidente sem Vítima;315;BR-101/ES;Norte;Engavetamento;1;0;4;0;0;0;;;;;3;0;0;0;0
31/07/2015;08:15:00;88;Acidente sem Vítima;379;BR-101/ES;Sul;Colisão Traseira;0;0;0;1;0;0;;;;;1;0;0;0;0
31/07/2015;17:30:00;279;Acidente sem Vítima;389;BR-101/ES;Norte;Saída de Pista;1;0;0;0;0;0;;;;;1;0;0;0;0
01/08/2015;17:42:00;249;Acidente com vítima;34;BR-101/ES;Norte;Choque com Objeto Fixo;1;0;0;0;0;0;;;;;0;2;0;0;0
01/08/2015;16:18:00;235;Acidente sem Vítima;215,5;BR-101/ES;Norte;Colisão Traseira;2;0;0;0;0;0;;;;;2;0;0;0;0
01/08/2015;18:11:00;255;Acidente sem Vítima;219;BR-101/ES;Norte;Capotamento;1;0;0;0;0;0;;;;;2;0;0;0;0
01/08/2015;13:23:00;190;Acidente sem Vítima;313;BR-101/ES;Norte;Veículo em Chamas;1;0;0;0;0;0;;;;;3;0;0;0;0
01/08/2015;20:17:00;276;Acidente com vítima;354;BR-101/ES;Sul;Colisão Frontal;2;0;0;0;0;0;;;;;1;2;1;0;0
02/08/2015;16:36:00;208;Acidente com vítima;72;BR-101/ES;Sul;Queda de Moto;0;0;0;1;0;0;;;;;0;0;1;0;0
02/08/2015;19:44:00;243;Acidente com vítima;141;BR-101/ES;Sul;Colisão Lateral;0;0;1;1;0;0;;;;;1;0;1;1;0
02/08/2015;14:22:00;168;Acidente sem Vítima;210,8;BR-101/ES;Norte;Colisão Lateral;2;0;0;0;0;0;;;;;5;0;0;0;0
02/08/2015;18:17:00;226;Acidente sem Vítima;218;BR-101/ES;Norte;Saída de Pista;1;0;0;0;0;0;;;;;2;0;0;0;0
02/08/2015;22:16:00;266;Acidente com vítima;225,5;BR-101/ES;Sul;Queda de Moto;0;0;0;1;0;0;;;;;0;1;0;0;0
02/08/2015;15:31:00;190;Acidente sem Vítima;237;BR-101/ES;Norte;Colisão Traseira;2;0;0;0;0;0;;;;;5;0;0;0;0
02/08/2015;19:22:00;235;Acidente com vítima;257;BR-101/ES;Sul;Colisão Traseira;1;0;0;1;0;0;;;;;1;1;0;0;0
02/08/2015;14:01:00;162;Acidente sem Vítima;279;BR-101/ES;Sul;Choque com Objeto Fixo;1;0;0;0;0;0;;;;;1;0;0;0;0
02/08/2015;11:55:00;118;Acidente com vítima;285;BR-101/ES;Sul;Colisão Lateral;1;0;0;1;0;0;;;;;1;1;0;0;0
02/08/2015;14:24:00;170;Acidente com vítima;291;BR-101/ES;Sul;Colisão Lateral;1;0;0;1;0;0;;;;;1;0;2;0;0
02/08/2015;03:35:00;35;Acidente com vítima;298;BR-101/ES;Norte;Colisão Transversal;3;0;0;0;0;0;;;;;2;1;0;0;0
02/08/2015;15:59:00;199;Acidente sem Vítima;450;BR-101/ES;Sul;Saída de Pista;1;0;0;0;0;0;;;;;2;0;0;0;0
02/08/2015;15:07:00;183;Acidente com vítima;942;BR-101/BA;Sul;Capotamento;1;0;0;0;0;0;;;;;0;1;0;0;0
03/08/2015;06:28:00;68;Acidente sem Vítima;67;BR-101/ES;Sul;Colisão Traseira;0;0;2;0;1;0;;;;;2;0;0;0;0
03/08/2015;08:07:00;101;Acidente sem Vítima;147;BR-101/ES;Sul;Colisão Traseira;2;0;0;0;0;0;;;;;2;0;0;0;0
03/08/2015;07:39:00;88;Acidente sem Vítima;147,8;BR-101/ES;Sul;Colisão Lateral;1;0;1;0;0;0;;;;;2;0;0;0;0
03/08/2015;17:45:00;292;Acidente com vítima;160;BR-101/ES;Sul;Colisão Lateral;1;0;0;1;0;0;;;;;1;0;1;0;0
03/08/2015;16:24:00;279;Acidente com vítima;258;BR-101/ES;Norte;Queda de Moto;0;0;0;1;0;0;;;;;0;1;0;0;0
03/08/2015;06:55:00;74;Acidente sem Vítima;267;BR-101/ES;Norte;Colisão Traseira;2;0;0;0;0;0;;;;;2;0;0;0;0
03/08/2015;07:52:00;99;Acidente sem Vítima;271;BR-101/ES;Norte;Colisão Transversal;2;0;0;0;0;0;;;;;3;0;0;0;0
03/08/2015;04:20:00;51;Acidente sem Vítima;296;BR-101/ES;Norte;Capotamento;1;0;0;0;0;0;;;;;1;0;0;0;0
03/08/2015;10:59:00;179;Acidente sem Vítima;302;BR-101/ES;Sul;Colisão Traseira;2;0;0;0;0;0;;;;;4;0;0;0;0
03/08/2015;17:50:00;295;Acidente sem Vítima;312;BR-101/ES;Sul;Colisão Transversal;1;0;0;0;1;0;;;;;3;0;0;0;0
03/08/2015;00:50:00;10;Acidente com vítima;356;BR-101/ES;Sul;Saída de Pista;1;0;0;0;0;0;;;;;0;1;1;0;0
03/08/2015;19:20:00;309;Acidente sem Vítima;391;BR-101/ES;Norte;Saída de Pista;0;0;1;0;0;0;;;;;1;0;0;0;0
04/08/2015;11:41:00;160;Acidente com vítima;182;BR-101/ES;Norte;Tombamento;0;0;1;0;0;0;;;;;0;2;0;0;0
04/08/2015;06:52:00;66;Atropelamento sem Morte;262;BR-101/ES;Sul;Atropelamento;0;0;0;1;0;0;;;;;0;2;0;0;0
04/08/2015;23:29:00;324;Acidente com vítima;264;BR-101/ES;Norte;Colisão;1;0;0;1;0;0;;;;;1;1;0;0;0
04/08/2015;20:05:00;292;Acidente com vítima;267;BR-101/ES;Sul;Colisão;1;1;0;0;0;0;;;;;1;1;0;0;0
04/08/2015;10:29:00;132;Acidente sem Vítima;271;BR-101/ES;Norte;Colisão Traseira;0;0;2;0;0;0;;;;;2;0;0;0;0
04/08/2015;06:49:00;65;Acidente com vítima;275;BR-101/ES;Norte;Colisão Traseira;1;0;0;1;0;0;;;;;1;0;1;0;0
04/08/2015;13:44:00;200;Acidente sem Vítima;286;BR-101/ES;Norte;Colisão Traseira;2;0;0;0;0;0;;;;;4;0;0;0;0
04/08/2015;20:16:00;295;Acidente sem Vítima;287;BR-101/ES;Sul;Colisão Lateral;1;0;2;0;0;0;;;;;2;0;0;0;0
04/08/2015;09:02:00;108;Acidente sem Vítima;317;BR-101/ES;Norte;Saída de Pista;1;0;0;0;0;0;;;;;1;0;0;0;0
04/08/2015;11:30:00;155;Acidente sem Vítima;376;BR-101/ES;Sul;Colisão Traseira;1;0;1;0;0;0;;;;;2;0;0;0;0
04/08/2015;22:25:00;307;Acidente sem Vítima;455;BR-101/ES;Norte;Capotamento;1;0;0;0;0;0;;;;;1;0;0;0;0
05/08/2015;13:08:00;191;Acidente sem Vítima;169;BR-101/ES;Norte;Saída de Pista;1;0;0;0;0;0;;;;;1;0;0;0;0
05/08/2015;16:07:00;250;Acidente com vítima;262;BR-101/ES;Sul;Choque;0;0;0;1;0;0;;;;;0;1;0;0;0
05/08/2015;17:02:00;266;Acidente com vítima;262;BR-101/ES;Norte;Queda de Moto;0;0;0;1;0;0;;;;;0;1;0;0;0
05/08/2015;17:19:00;272;Acidente com vítima;269;BR-101/ES;Norte;Colisão Lateral;0;0;0;2;0;0;;;;;1;1;0;0;0
05/08/2015;14:53:00;225;Acidente sem Vítima;303;BR-101/ES;Sul;Colisão Lateral;0;0;0;1;1;0;;;;;2;0;0;0;0
05/08/2015;15:56:00;247;Acidente sem Vítima;318;BR-101/ES;Norte;Colisão Lateral;1;0;2;0;0;0;;;;;2;0;0;0;0
05/08/2015;23:49:00;352;Acidente sem Vítima;321;BR-101/ES;Sul;Veículo em Chamas;0;0;2;0;0;0;;;;;1;0;0;0;0
05/08/2015;15:27:00;239;Acidente sem Vítima;401;BR-101/ES;Norte;Capotamento;1;0;0;0;0;0;;;;;2;0;0;0;0
06/08/2015;15:07:00;224;Acidente com Morte;15;BR-101/ES;Norte;Colisão;0;1;2;0;0;0;;;;;1;0;0;0;1
06/08/2015;14:50:00;218;Acidente com vítima;67;BR-101/ES;Norte;Choque com Objeto Fixo;0;0;1;0;0;0;;;;;0;1;0;0;0
06/08/2015;17:36:00;254;Acidente com vítima;127;BR-101/ES;Sul;Queda de ciclista;0;1;0;0;0;0;;;;;0;1;0;0;0
06/08/2015;21:13:00;306;Acidente sem Vítima;141;BR-101/ES;Norte;Queda de Moto;0;0;0;1;0;0;;;;;1;0;0;0;0
06/08/2015;18:53:00;268;Acidente sem Vítima;146;BR-101/ES;Norte;Colisão Lateral;2;0;0;0;0;0;;;;;2;0;0;0;0
06/08/2015;19:45:00;282;Acidente sem Vítima;148;BR-101/ES;Norte;Colisão Traseira;3;0;0;0;0;0;;;;;7;0;0;0;0
06/08/2015;18:46:00;267;Acidente sem Vítima;271;BR-101/ES;Norte;Colisão Traseira;2;0;0;0;0;0;;;;;2;0;0;0;0
06/08/2015;06:36:00;47;Acidente sem Vítima;301;BR-101/ES;Sul;Tombamento;1;0;0;0;0;0;;;;;1;0;0;0;0
07/08/2015;16:28:00;264;Acidente com vítima;67;BR-101/ES;Norte;Colisão Traseira;1;0;0;1;0;0;;;;;1;0;1;0;0
07/08/2015;23:08:00;347;Acidente sem Vítima;145;BR-101/ES;Norte;Colisão Lateral;1;0;0;0;1;0;;;;;4;0;0;0;0
07/08/2015;15:52:00;255;Acidente sem Vítima;147;BR-101/ES;Sul;Colisão Traseira;1;0;0;1;0;0;;;;;2;0;0;0;0
07/08/2015;07:41:00;87;Acidente sem Vítima;264;BR-101/ES;Sul;Engavetamento;5;0;0;0;0;0;;;;;8;0;0;0;0
07/08/2015;16:54:00;273;Acidente sem Vítima;267;BR-101/ES;Sul;Colisão Lateral;1;0;1;0;0;0;;;;;3;0;0;0;0
07/08/2015;08:33:00;113;Acidente sem Vítima;269;BR-101/ES;Sul;Queda de Moto;1;0;0;0;0;0;;;;;1;0;0;0;0
07/08/2015;18:45:00;296;Acidente sem Vítima;275;BR-101/ES;Sul;Saída de Pista;1;0;0;0;0;0;;;;;2;0;0;0;0
07/08/2015;21:47:00;334;Acidente com vítima;282;BR-101/ES;Norte;Choque com Objeto Fixo;1;0;2;0;0;0;;;;;2;0;2;0;0
07/08/2015;11:51:00;180;Acidente sem Vítima;324;BR-101/ES;Norte;Saída de Pista;1;0;0;0;0;0;;;;;2;0;0;0;0
07/08/2015;08:09:00;100;Acidente com vítima;378;BR-101/ES;Norte;Colisão Lateral;1;0;2;0;0;0;;;;;2;4;0;0;0
07/08/2015;04:53:00;46;Acidente com vítima;393;BR-101/ES;Sul;Choque;1;0;1;0;0;0;;;;;6;2;0;0;0
08/08/2015;14:38:00;200;Acidente com vítima;53;BR-101/ES;Sul;Colisão Lateral;1;0;1;0;0;0;;;;;1;1;0;0;0
08/08/2015;08:37:00;72;Acidente sem Vítima;55,9;BR-101/ES;Sul;Saída de Pista;1;0;0;0;0;0;;;;;1;0;0;0;0
08/08/2015;06:50:00;42;Acidente sem Vítima;65;BR-101/ES;Norte;Colisão Transversal;1;0;0;0;1;0;;;;;4;0;0;0;0
08/08/2015;00:03:00;1;Acidente com vítima;138;BR-101/ES;Norte;Capotamento;1;0;0;0;0;0;;;;;0;0;1;0;0
08/08/2015;08:03:00;61;Acidente com vítima;168;BR-101/ES;Norte;Saída de Pista;1;0;0;0;0;0;;;;;0;5;0;0;0
08/08/2015;13:07:00;172;Acidente com vítima;176;BR-101/ES;Norte;Queda de Moto;0;0;0;1;0;0;;;;;0;1;0;0;0
08/08/2015;15:12:00;209;Acidente com vítima;229;BR-101/ES;Norte;Engavetamento;3;0;0;0;0;0;;;;;4;1;0;0;0
08/08/2015;12:32:00;158;Acidente com vítima;236;BR-101/ES;Norte;Saída de Pista;1;0;0;0;0;0;;;;;0;1;0;0;0
08/08/2015;14:23:00;195;Acidente sem Vítima;250;BR-101/ES;Norte;Queda de Moto;1;0;0;0;0;0;;;;;2;0;0;0;0
08/08/2015;17:16:00;234;Acidente sem Vítima;263;BR-101/ES;Sul;Saída de Pista;1;0;0;0;0;0;;;;;1;0;0;0;0
08/08/2015;09:40:00;97;Acidente sem Vítima;264;BR-101/ES;Sul;Engavetamento;4;0;0;0;0;0;;;;;4;0;0;0;0
08/08/2015;10:41:00;112;Acidente sem Vítima;266;BR-101/ES;Sul;Colisão Traseira;1;0;1;0;0;0;;;;;2;0;0;0;0
08/08/2015;17:27:00;238;Acidente sem Vítima;272;BR-101/ES;Norte;Choque;1;0;0;0;0;0;;;;;2;0;0;0;0
08/08/2015;21:58:00;292;Acidente com vítima;273;BR-101/ES;Sul;Saída de Pista;1;0;0;0;0;0;;;;;1;1;1;0;0
08/08/2015;03:08:00;24;Acidente sem Vítima;279;BR-101/ES;Norte;Saída de Pista;1;0;0;0;0;0;;;;;1;0;0;0;0
08/08/2015;17:39:00;246;Acidente sem Vítima;298;BR-101/ES;Sul;Colisão Lateral;2;0;0;0;0;0;;;;;5;0;0;0;0
08/08/2015;19:03:00;261;Acidente com vítima;313;BR-101/ES;Sul;Colisão Frontal;2;0;0;0;0;0;;;;;0;0;3;0;0
08/08/2015;18:36:00;254;Acidente com vítima;316;BR-101/ES;Norte;Colisão Transversal;2;0;0;0;0;0;;;;;5;0;1;0;0
08/08/2015;09:19:00;86;Acidente com vítima;418;BR-101/ES;Sul;Queda de Moto;0;0;0;1;0;0;;;;;0;0;0;1;0
09/08/2015;02:08:00;18;Acidente com vítima;29;BR-101/ES;Sul;Tombamento;0;0;4;0;0;0;;;;;0;0;1;0;0
09/08/2015;15:22:00;152;Acidente sem Vítima;61;BR-101/ES;Sul;Colisão Traseira;2;0;0;0;0;0;;;;;2;0;0;0;0
09/08/2015;03:16:00;27;Acidente com vítima;65;BR-101/ES;Norte;Choque com Objeto Fixo;1;0;0;0;0;0;;;;;0;4;0;0;0
09/08/2015;23:50:00;269;Acidente sem Vítima;138;BR-101/ES;Sul;Saída de Pista;1;0;0;0;0;0;;;;;1;0;0;0;0
09/08/2015;19:35:00;217;Acidente sem Vítima;172;BR-101/ES;Sul;Queda de Moto;0;0;0;1;0;0;;;;;2;0;0;0;0
09/08/2015;17:26:00;185;Acidente sem Vítima;216;BR-101/ES;Norte;Capotamento;1;0;0;0;0;0;;;;;2;0;0;0;0
09/08/2015;20:19:00;225;Acidente sem Vítima;233;BR-101/ES;Sul;Engavetamento;4;0;0;0;0;0;;;;;9;0;0;0;0
09/08/2015;18:51:00;202;Acidente sem Vítima;245;BR-101/ES;Sul;Saída de Pista;2;0;0;0;0;0;;;;;4;0;0;0;0
09/08/2015;19:28:00;213;Acidente com vítima;265;BR-101/ES;Norte;Engavetamento;3;0;0;0;0;0;;;;;4;2;0;0;0
09/08/2015;21:46:00;247;Acidente sem Vítima;271;BR-101/ES;Sul;Colisão Transversal;2;0;0;0;0;0;;;;;3;0;0;0;0
09/08/2015;22:03:00;250;Acidente sem Vítima;282;BR-101/ES;Norte;Saída de Pista;1;0;0;0;0;0;;;;;3;0;0;0;0
09/08/2015;16:21:00;167;Acidente sem Vítima;293;BR-101/ES;Sul;Colisão Traseira;2;0;0;0;0;0;;;;;7;0;0;0;0
09/08/2015;17:03:00;177;Acidente sem Vítima;293;BR-101/ES;Norte;Colisão Traseira;2;0;0;0;0;0;;;;;5;0;0;0;0
09/08/2015;16:13:00;166;Acidente com vítima;319,5;BR-101/ES;Norte;Capotamento;2;0;0;0;0;0;;;;;6;1;0;0;0
09/08/2015;18:49:00;200;Acidente sem Vítima;335,5;BR-101/ES;Sul;Saída de Pista;1;0;0;0;0;0;;;;;1;0;0;0;0
09/08/2015;05:12:00;40;Acidente sem Vítima;371;BR-101/ES;Norte;Saída de Pista;1;0;0;0;0;0;;;;;1;0;0;0;0
09/08/2015;11:22:00;92;Acidente sem Vítima;371,5;BR-101/ES;Sul;Queda de Moto;0;0;0;1;0;0;;;;;1;0;0;0;0
09/08/2015;16:09:00;165;Acidente com vítima;374;BR-101/ES;Sul;Queda de Moto;0;0;0;1;0;0;;;;;0;1;1;0;0
09/08/2015;05:01:00;38;Acidente sem Vítima;426;BR-101/ES;Sul;Saída de Pista;1;0;0;0;0;0;;;;;1;0;0;0;0
10/08/2015;08:26:00;96;Acidente com vítima;15;BR-101/ES;Norte;Colisão Frontal;2;0;0;0;0;0;;;;;0;0;2;0;0
10/08/2015;19:38:00;289;Acidente com vítima;144;BR-101/ES;Norte;Colisão Traseira;2;0;0;0;0;0;;;;;1;1;0;0;0
10/08/2015;07:36:00;75;Acidente com vítima;173;BR-101/ES;Norte;Capotamento;1;0;0;0;0;0;;;;;0;0;1;0;0
10/08/2015;05:24:00;52;Acidente com vítima;203;BR-101/ES;Norte;Queda de Moto;0;0;0;1;0;0;;;;;0;0;1;0;0
10/08/2015;09:34:00;119;Acidente com vítima;208;BR-101/ES;Norte;Choque com Objeto Fixo;0;0;0;0;1;0;;;;;1;1;0;0;0
10/08/2015;10:26:00;144;Acidente com vítima;220;BR-101/ES;Norte;Choque com Objeto Fixo;1;0;0;0;0;0;;;;;1;3;0;0;0
10/08/2015;07:36:00;74;Acidente sem Vítima;263;BR-101/ES;Sul;Colisão Traseira;2;0;0;0;0;0;;;;;5;0;0;0;0
10/08/2015;14:38:00;233;Acidente com vítima;263;BR-101/ES;Sul;Engavetamento;3;0;0;0;0;0;;;;;6;1;0;0;0
10/08/2015;06:57:00;66;Acidente sem Vítima;264;BR-101/ES;Norte;Engavetamento;3;0;0;0;0;0;;;;;4;0;0;0;0
10/08/2015;07:10:00;68;Acidente sem Vítima;264;BR-101/ES;Sul;Engavetamento;4;0;0;0;0;0;;;;;6;0;0;0;0
10/08/2015;00:33:00;4;Acidente sem Vítima;283;BR-101/ES;Norte;Saída de Pista;1;0;0;0;0;0;;;;;2;0;0;0;0
10/08/2015;08:58:00;107;Acidente com vítima;299;BR-101/ES;Sul;Colisão Traseira;1;0;0;1;0;0;;;;;1;0;1;0;0
11/08/2015;11:46:00;159;Acidente sem Vítima;189;BR-101/ES;Sul;Colisão Traseira;1;0;2;0;0;0;;;;;2;0;0;0;0
11/08/2015;12:40:00;176;Acidente sem Vítima;205;BR-101/ES;Norte;Colisão Traseira;2;0;0;0;0;0;;;;;2;0;0;0;0
11/08/2015;06:46:00;53;Acidente sem Vítima;213;BR-101/ES;Sul;Colisão Traseira;2;0;0;0;0;0;;;;;3;0;0;0;0
11/08/2015;08:52:00;100;Acidente sem Vítima;255;BR-101/ES;Norte;Colisão Traseira;1;0;1;0;0;0;;;;;5;0;0;0;0
11/08/2015;19:16:00;291;Acidente sem Vítima;262;BR-101/ES;Norte;Colisão Traseira;2;0;0;0;0;0;;;;;2;0;0;0;0
11/08/2015;06:42:00;52;Acidente com vítima;266;BR-101/ES;Sul;Queda de Moto;0;0;0;1;0;0;;;;;0;2;0;0;0
11/08/2015;07:12:00;61;Acidente com vítima;269;BR-101/ES;Sul;Colisão;0;1;0;1;0;0;;;;;0;2;0;0;0
11/08/2015;07:45:00;73;Acidente com vítima;304;BR-101/ES;Norte;Capotamento;2;0;2;0;0;0;;;;;2;0;1;0;0
11/08/2015;09:25:00;116;Acidente sem Vítima;457;BR-101/ES;Sul;Veículo em Chamas;1;0;0;0;0;0;;;;;2;0;0;0;0
12/08/2015;07:00:00;59;Acidente com vítima;77;BR-101/ES;Sul;Capotamento;1;0;1;0;0;0;;;;;2;1;0;0;0
12/08/2015;08:54:00;106;Acidente sem Vítima;125;BR-101/ES;Norte;Colisão Traseira;2;0;0;0;0;0;;;;;6;0;0;0;0
12/08/2015;12:16:00;183;Acidente sem Vítima;149;BR-101/ES;Sul;Colisão Transversal;1;0;3;0;0;0;;;;;2;0;0;0;0
12/08/2015;18:48:00;290;Acidente com vítima;156;BR-101/ES;Norte;Queda de Moto;0;0;0;1;0;0;;;;;0;0;1;0;0
12/08/2015;13:27:00;201;Acidente sem Vítima;233;BR-101/ES;Norte;Colisão Traseira;2;0;1;0;0;0;;;;;2;0;0;0;0
12/08/2015;08:26:00;97;Acidente com vítima;245;BR-101/ES;Norte;Capotamento;1;0;0;0;0;0;;;;;0;1;0;0;0
12/08/2015;17:47:00;284;Acidente com vítima;245;BR-101/ES;Sul;Saída de Pista;1;0;0;0;0;0;;;;;0;1;0;0;0
12/08/2015;14:02:00;218;Acidente sem Vítima;264;BR-101/ES;Sul;Colisão Traseira;2;0;0;0;0;0;;;;;3;0;0;0;0
12/08/2015;20:27:00;315;Acidente com vítima;264,5;BR-101/ES;Norte;Colisão Transversal;1;0;0;0;1;0;;;;;2;2;1;0;0
12/08/2015;10:01:00;130;Acidente sem Vítima;293;BR-101/ES;Norte;Colisão Lateral;1;0;5;0;0;0;;;;;3;0;0;0;0
12/08/2015;11:34:00;164;Acidente sem Vítima;344;BR-101/ES;Sul;Colisão Lateral;0;0;3;0;0;0;;;;;2;0;0;0;0
12/08/2015;16:45:00;268;Acidente com vítima;376,5;BR-101/ES;Norte;Queda de Moto;0;0;0;1;0;0;;;;;0;1;0;0;0
12/08/2015;04:12:00;36;Acidente sem Vítima;399;BR-101/ES;Norte;Choque com Objeto Fixo;0;0;1;0;0;0;;;;;1;0;0;0;0
13/08/2015;16:45:00;250;Acidente sem Vítima;20;BR-101/ES;Norte;Colisão Lateral;1;0;2;0;0;0;;;;;2;0;0;0;0
13/08/2015;17:16:00;257;Acidente sem Vítima;137;BR-101/ES;Sul;Colisão Traseira;2;0;0;0;0;0;;;;;2;0;0;0;0
13/08/2015;11:35:00;154;Acidente sem Vítima;143;BR-101/ES;Norte;Colisão Traseira;2;0;0;0;0;0;;;;;3;0;0;0;0
13/08/2015;11:53:00;164;Acidente sem Vítima;143;BR-101/ES;Sul;Colisão Traseira;0;0;2;0;0;0;;;;;3;0;0;0;0
13/08/2015;19:28:00;285;Acidente com vítima;262;BR-101/ES;Norte;Queda de Moto;0;0;0;1;0;0;;;;;1;1;0;0;0
13/08/2015;10:48:00;138;Acidente sem Vítima;266;BR-101/ES;Sul;Colisão Traseira;2;0;0;0;0;0;;;;;3;0;0;0;0
13/08/2015;12:42:00;182;Acidente sem Vítima;278;BR-101/ES;Sul;Saída de Pista;1;0;0;0;0;0;;;;;1;0;0;0;0
13/08/2015;11:49:00;163;Acidente sem Vítima;292;BR-101/ES;Norte;Engavetamento;2;0;2;0;0;0;;;;;5;0;0;0;0
13/08/2015;09:24:00;114;Acidente sem Vítima;320;BR-101/ES;Norte;Queda de Moto;0;0;0;1;0;0;;;;;1;0;0;0;0
13/08/2015;22:38:00;317;Acidente sem Vítima;377;BR-101/ES;Norte;Saída de Pista;0;0;1;0;0;0;;;;;1;0;0;0;0
14/08/2015;18:55:00;299;Acidente sem Vítima;125;BR-101/ES;Sul;Colisão Lateral;1;0;1;0;0;0;;;;;2;0;0;0;0
14/08/2015;15:48:00;255;Atropelamento sem Morte;149;BR-101/ES;Norte;Atropelamento;0;0;0;1;0;0;;;;;0;2;1;0;0
14/08/2015;13:55:00;222;Acidente com vítima;160;BR-101/ES;Norte;Colisão Lateral;1;0;0;1;0;0;;;;;1;1;0;0;0
14/08/2015;22:29:00;350;Acidente sem Vítima;177,5;BR-101/ES;Norte;Saída de Pista;1;0;0;0;0;0;;;;;1;0;0;0;0
14/08/2015;14:18:00;225;Acidente sem Vítima;212;BR-101/ES;Norte;Colisão Lateral;1;0;1;0;0;0;;;;;3;0;0;0;0