data;horario;n_da_ocorrencia;tipo_de_ocorrencia;km;trecho;sentido;tipo_de_acidente;automovel;bicicleta;caminhao;moto;onibus;outros;tracao_animal;transporte_de_cargas_especiais;trator_maquinas;utilitarios;ilesos;levemente_feridos;moderadamente_feridos;gravemente_feridos;mortos
14/08/2015;14:53:00;238;Acidente com vítima;261;BR-101/ES;Sul;Colisão Traseira;1;0;0;1;0;0;;;;;1;1;0;0;0
14/08/2015;06:53:00;52;Acidente sem Vítima;269;BR-101/ES;Sul;Queda de Moto;0;0;0;1;0;0;;;;;2;0;0;0;0
14/08/2015;10:35:00;146;Acidente sem Vítima;270;BR-101/ES;Sul;Colisão Traseira;1;0;0;1;0;0;;;;;2;0;0;0;0
14/08/2015;13:02:00;210;Acidente com vítima;276;BR-101/ES;Norte;Queda de Moto;0;0;0;1;0;0;;;;;0;1;0;0;0
14/08/2015;14:04:00;223;Acidente sem Vítima;333;BR-101/ES;Norte;Saída de Pista;1;0;0;0;0;0;;;;;2;0;0;0;0
14/08/2015;14:37:00;230;Acidente sem Vítima;378;BR-101/ES;Norte;Colisão Traseira;0;0;4;0;0;0;;;;;2;0;0;0;0
14/08/2015;22:21:00;349;Acidente sem Vítima;402;BR-101/ES;Norte;Saída de Pista;1;0;0;0;0;0;;;;;1;0;0;0;0
15/08/2015;06:33:00;51;Acidente com vítima;201;BR-101/ES;Sul;Colisão Frontal;1;0;1;0;0;0;;;;;1;1;0;0;0
15/08/2015;09:32:00;104;Acidente com vítima;241;BR-101/ES;Sul;Queda de Moto;0;0;0;1;0;0;;;;;0;1;0;0;0
15/08/2015;18:51:00;263;Acidente com vítima;262;BR-101/ES;Sul;Colisão Traseira;3;0;0;0;0;0;;;;;3;0;1;0;0
15/08/2015;11:54:00;153;Acidente com vítima;268;BR-101/ES;Norte;Colisão Traseira;2;0;0;1;0;0;;;;;2;1;1;0;0
15/08/2015;09:34:00;105;Acidente com vítima;285;BR-101/ES;Sul;Queda de Moto;0;0;0;1;0;0;;;;;0;1;0;0;0
15/08/2015;17:32:00;248;Acidente sem Vítima;292,6;BR-101/ES;Norte;Colisão Traseira;1;0;0;0;1;0;;;;;4;0;0;0;0
15/08/2015;05:15:00;46;Acidente com vítima;355;BR-101/ES;Norte;Queda de Moto;0;0;0;1;0;0;;;;;0;0;1;0;0
15/08/2015;10:50:00;121;Acidente com vítima;415;BR-101/ES;Sul;Colisão Traseira;1;0;0;0;1;0;;;;;0;2;0;0;0
15/08/2015;07:14:00;64;Acidente sem Vítima;419;BR-101/ES;Sul;Saída de Pista;1;0;0;0;0;0;;;;;1;0;0;0;0
16/08/2015;23:55:00;276;Acidente com vítima;15;BR-101/ES;Norte;Queda de Moto;0;0;0;1;0;0;;;;;0;0;1;0;0
16/08/2015;20:31:00;250;Acidente sem Vítima;17,8;BR-101/ES;Sul;Saída de Pista;1;0;0;0;0;0;;;;;1;0;0;0;0
16/08/2015;23:08:00;272;Acidente sem Vítima;18;BR-101/ES;Sul;Saída de Pista;1;0;0;0;0;0;;;;;2;0;0;0;0
16/08/2015;17:51:00;219;Acidente com vítima;25;BR-101/ES;Norte;Queda de Moto;0;0;0;1;0;0;;;;;1;1;0;0;0
16/08/2015;17:25:00;211;Acidente com vítima;80;BR-101/ES;Norte;Colisão Traseira;0;0;2;1;0;0;;;;;1;0;1;1;0
16/08/2015;20:11:00;243;Acidente sem Vítima;152;BR-101/ES;Norte;Saída de Pista;1;0;0;0;0;0;;;;;1;0;0;0;0
16/08/2015;16:48:00;195;Acidente sem Vítima;175;BR-101/ES;Sul;Colisão Traseira;1;0;1;0;0;0;;;;;5;0;0;0;0
16/08/2015;19:26:00;236;Atropelamento sem Morte;179;BR-101/ES;Norte;Atropelamento;0;0;0;0;0;1;;;;;0;1;0;0;0
16/08/2015;10:47:00;100;Acidente com vítima;207;BR-101/ES;Sul;Saída de Pista;1;0;0;0;0;0;;;;;0;2;0;0;0
16/08/2015;17:41:00;217;Acidente sem Vítima;244;BR-101/ES;Sul;Saída de Pista;1;0;0;0;0;0;;;;;2;0;0;0;0
16/08/2015;01:35:00;14;Acidente sem Vítima;260;BR-101/ES;Sul;Colisão Lateral;1;0;1;0;0;0;;;;;4;0;0;0;0
16/08/2015;18:44:00;228;Acidente sem Vítima;264;BR-101/ES;Norte;Colisão Lateral;1;0;1;0;0;0;;;;;2;0;0;0;0
16/08/2015;18:53:00;229;Acidente sem Vítima;264;BR-101/ES;Norte;Colisão Traseira;2;0;0;0;0;0;;;;;2;0;0;0;0
16/08/2015;04:08:00;42;Acidente sem Vítima;288;BR-101/ES;Norte;Capotamento;1;0;0;0;0;0;;;;;1;0;0;0;0
16/08/2015;16:27:00;191;Acidente com vítima;293;BR-101/ES;Norte;Colisão Traseira;2;0;0;0;0;0;;;;;6;0;1;0;0
16/08/2015;13:28:00;150;Acidente com vítima;939,4;BR-101/BA;Norte;Colisão Transversal;2;0;0;0;0;0;;;;;1;2;2;0;0
17/08/2015;10:20:00;137;Acidente sem Vítima;149;BR-101/ES;Sul;Colisão Lateral;1;0;1;0;0;0;;;;;2;0;0;0;0
17/08/2015;16:27:00;243;Acidente com vítima;176;BR-101/ES;Sul;Queda de Moto;0;0;0;1;0;0;;;;;0;2;0;0;0
17/08/2015;17:54:00;275;Acidente sem Vítima;213;BR-101/ES;Norte;Colisão Transversal;1;0;1;0;0;0;;;;;2;0;0;0;0
17/08/2015;07:06:00;60;Acidente sem Vítima;264;BR-101/ES;Sul;Colisão Traseira;2;0;0;0;0;0;;;;;2;0;0;0;0
17/08/2015;07:27:00;70;Acidente com vítima;269;BR-101/ES;Sul;Colisão Traseira;3;0;0;0;0;0;;;;;3;1;0;0;0
17/08/2015;09:03:00;103;Acidente sem Vítima;270;BR-101/ES;Sul;Colisão Traseira;2;0;0;0;0;0;;;;;2;0;0;0;0
17/08/2015;16:52:00;248;Acidente sem Vítima;270;BR-101/ES;Norte;Colisão Traseira;1;0;1;0;0;0;;;;;4;0;0;0;0
17/08/2015;18:28:00;279;Acidente sem Vítima;270;BR-101/ES;Sul;Colisão Lateral;1;0;0;1;0;0;;;;;2;0;0;0;0
17/08/2015;20:22:00;303;Acidente sem Vítima;414;BR-101/ES;Sul;Colisão Traseira;1;0;1;0;0;0;;;;;3;0;0;0;0
17/08/2015;18:16:00;277;Acidente sem Vítima;427;BR-101/ES;Sul;Tombamento;0;0;1;0;0;0;;;;;1;0;0;0;0
17/08/2015;03:28:00;27;Acidente sem Vítima;949;BR-101/BA;Norte;Choque com Objeto Fixo;1;0;0;0;0;0;;;;;1;0;0;0;0
18/08/2015;22:40:00;303;Acidente sem Vítima;92;BR-101/ES;Norte;Atropelamento - Equino;0;0;0;0;1;0;;;;;1;0;0;0;0
18/08/2015;00:04:00;3;Acidente sem Vítima;191;BR-101/ES;Norte;Saída de Pista;1;0;0;0;0;0;;;;;2;0;0;0;0
18/08/2015;18:19:00;256;Acidente com vítima;200;BR-101/ES;Sul;Colisão Transversal;2;0;0;0;0;0;;;;;2;1;0;0;0
18/08/2015;16:48:00;234;Acidente sem Vítima;267;BR-101/ES;Norte;Colisão Traseira;2;0;0;0;0;0;;;;;3;0;0;0;0
18/08/2015;20:17:00;278;Acidente sem Vítima;292;BR-101/ES;Norte;Colisão Lateral;1;0;1;0;0;0;;;;;2;0;0;0;0
18/08/2015;05:12:00;41;Acidente sem Vítima;293;BR-101/ES;Sul;Veículo em Chamas;1;0;0;0;0;0;;;;;1;0;0;0;0
18/08/2015;11:46:00;136;Acidente sem Vítima;294;BR-101/ES;Sul;Choque com Objeto Fixo;0;0;1;0;0;0;;;;;1;0;0;0;0
18/08/2015;03:45:00;33;Acidente com vítima;328;BR-101/ES;Sul;Tombamento;0;0;2;0;0;0;;;;;1;3;0;0;0
18/08/2015;06:13:00;51;Acidente sem Vítima;380;BR-101/ES;Sul;Capotamento;1;0;0;0;0;0;;;;;1;0;0;0;0
19/08/2015;10:40:00;135;Acidente com vítima;50;BR-101/ES;Norte;Queda de Moto;0;0;0;1;0;0;;;;;0;1;0;0;0
19/08/2015;15:01:00;206;Acidente com vítima;61;BR-101/ES;Norte;Colisão Traseira;1;0;1;0;0;0;;;;;4;1;0;0;0
19/08/2015;15:22:00;214;Acidente sem Vítima;65;BR-101/ES;Sul;Colisão;1;0;0;0;0;0;;;;;1;0;0;0;0
19/08/2015;16:45:00;239;Acidente sem Vítima;95;BR-101/ES;Sul;Colisão Lateral;1;0;1;0;0;0;;;;;3;0;0;0;0
19/08/2015;20:20:00;288;Acidente sem Vítima;193;BR-101/ES;Sul;Veículo em Chamas;1;0;0;0;0;0;;;;;3;0;0;0;0
19/08/2015;22:14:00;306;Acidente com vítima;269;BR-101/ES;Norte;Colisão Transversal;1;0;0;1;0;0;;;;;1;0;1;0;0
19/08/2015;07:00:00;64;Acidente sem Vítima;270;BR-101/ES;Sul;Queda de Moto;0;0;0;1;0;0;;;;;1;0;0;0;0
19/08/2015;18:11:00;262;Acidente com vítima;283;BR-101/ES;Norte;Queda de Moto;0;0;0;1;0;0;;;;;0;1;0;0;0
19/08/2015;15:14:00;211;Acidente sem Vítima;297;BR-101/ES;Norte;Colisão Traseira;2;0;0;0;0;0;;;;;3;0;0;0;0
20/08/2015;19:17:00;271;Acidente sem Vítima;18;BR-101/ES;Sul;Saída de Pista;1;0;0;0;0;0;;;;;1;0;0;0;0
20/08/2015;11:33:00;153;Acidente com vítima;125;BR-101/ES;Sul;Colisão Transversal;1;0;0;1;0;0;;;;;1;1;0;0;0
20/08/2015;12:17:00;182;Acidente com vítima;149;BR-101/ES;Norte;Colisão Lateral;2;0;0;0;0;0;;;;;1;1;0;0;0
20/08/2015;07:49:00;83;Acidente sem Vítima;275;BR-101/ES;Norte;Colisão Traseira;2;0;0;0;0;0;;;;;2;0;0;0;0
20/08/2015;08:09:00;93;Acidente sem Vítima;275;BR-101/ES;Norte;Colisão Traseira;1;0;1;0;0;0;;;;;3;0;0;0;0
20/08/2015;08:20:00;96;Acidente sem Vítima;275;BR-101/ES;Norte;Colisão Traseira;1;0;1;0;0;0;;;;;3;0;0;0;0
20/08/2015;07:47:00;79;Acidente sem Vítima;282;BR-101/ES;Norte;Engavetamento;3;0;0;0;0;0;;;;;3;0;0;0;0
20/08/2015;17:44:00;258;Acidente com vítima;296;BR-101/ES;Sul;Capotamento;1;0;0;0;0;0;;;;;1;1;0;0;0
20/08/2015;14:48:00;215;Acidente sem Vítima;301;BR-101/ES;Norte;Colisão Traseira;1;0;1;0;0;0;;;;;2;0;0;0;0
20/08/2015;07:57:00;87;Acidente sem Vítima;458;BR-101/ES;Sul;Saída de Pista;1;0;0;0;0;0;;;;;2;0;0;0;0
21/08/2015;08:09:00;80;Acidente com vítima;67;BR-101/ES;Norte;Colisão Lateral;2;0;0;0;0;0;;;;;1;0;1;0;0
21/08/2015;13:13:00;185;Acidente com vítima;117;BR-101/ES;Sul;Colisão Lateral;1;0;0;1;0;0;;;;;1;1;1;0;0
21/08/2015;02:00:00;26;Acidente com vítima;134;BR-101/ES;Sul;Queda de Moto;0;0;0;1;0;0;;;;;0;0;1;0;0
21/08/2015;19:01:00;271;Acidente com vítima;145;BR-101/ES;Norte;Colisão;0;1;0;1;0;0;;;;;0;2;0;0;0
21/08/2015;15:07:00;210;Acidente sem Vítima;213;BR-101/ES;Sul;Veículo em Chamas;1;0;0;0;0;0;;;;;1;0;0;0;0
21/08/2015;13:10:00;183;Acidente com vítima;259;BR-101/ES;Norte;Colisão Traseira;1;0;0;1;0;0;;;;;1;1;0;0;0
21/08/2015;07:20:00;60;Atropelamento sem Morte;263;BR-101/ES;Norte;Atropelamento;1;0;0;0;0;0;;;;;1;0;0;1;0
21/08/2015;08:44:00;97;Acidente com vítima;265;BR-101/ES;Sul;Colisão Traseira;0;0;0;0;1;0;;;;;2;2;0;0;0
21/08/2015;02:14:00;28;Acidente sem Vítima;299;BR-101/ES;Norte;Saída de Pista;1;0;0;0;0;0;;;;;2;0;0;0;0
21/08/2015;01:50:00;24;Acidente com vítima;401;BR-101/ES;Sul;Saída de Pista;0;0;1;0;0;0;;;;;1;1;0;0;0
21/08/2015;19:02:00;272;Acidente com vítima;448;BR-101/ES;Norte;Choque com Objeto Fixo;0;0;0;1;0;0;;;;;0;0;1;0;0
22/08/2015;19:37:00;227;Acidente com vítima;230;BR-101/ES;Sul;Colisão Traseira;1;0;0;1;0;0;;;;;2;2;0;0;0
22/08/2015;03:11:00;31;Acidente sem Vítima;258;BR-101/ES;Sul;Saída de Pista;1;0;0;0;0;0;;;;;1;0;0;0;0
22/08/2015;08:04:00;69;Acidente com vítima;264;BR-101/ES;Norte;Colisão Lateral;1;0;0;1;0;0;;;;;2;1;0;0;0
22/08/2015;13:46:00;157;Acidente sem Vítima;266;BR-101/ES;Sul;Engavetamento;4;0;0;0;0;0;;;;;6;0;0;0;0
22/08/2015;16:08:00;188;Acidente com vítima;268;BR-101/ES;Norte;Colisão Transversal;1;0;0;1;0;0;;;;;0;1;0;2;0
22/08/2015;01:36:00;13;Acidente com vítima;270;BR-101/ES;Sul;Choque com Objeto Fixo;0;0;0;1;0;0;;;;;0;0;0;1;0
22/08/2015;05:36:00;47;Acidente sem Vítima;288;BR-101/ES;Sul;Veículo em Chamas;1;0;0;0;0;0;;;;;1;0;0;0;0
22/08/2015;20:56:00;235;Acidente sem Vítima;335;BR-101/ES;Norte;Queda de Moto;0;0;0;1;0;0;;;;;2;0;0;0;0
22/08/2015;12:04:00;124;Acidente com vítima;338;BR-101/ES;Norte;Saída de Pista;1;0;0;0;0;0;;;;;0;2;0;0;0
23/08/2015;18:20:00;221;Acidente com Morte;29;BR-101/ES;Sul;Tombamento;0;0;2;0;0;0;;;;;0;0;0;0;1
23/08/2015;14:16:00;176;Acidente sem Vítima;32;BR-101/ES;Norte;Colisão Traseira;1;0;0;1;0;0;;;;;2;0;0;0;0
23/08/2015;18:35:00;224;Acidente sem Vítima;42,3;BR-101/ES;Norte;Colisão Lateral;2;0;0;0;0;0;;;;;2;0;0;0;0
23/08/2015;17:02:00;202;Acidente sem Vítima;138;BR-101/ES;Norte;Queda de Moto;1;0;0;0;0;0;;;;;2;0;0;0;0
23/08/2015;03:45:00;36;Acidente com vítima;142;BR-101/ES;Norte;Colisão Traseira;2;0;0;0;0;0;;;;;1;1;0;0;0
23/08/2015;21:04:00;253;Acidente sem Vítima;146;BR-101/ES;Sul;Colisão Lateral;1;0;1;0;0;0;;;;;3;0;0;0;0
23/08/2015;17:47:00;214;Acidente com vítima;147;BR-101/ES;Sul;Colisão Lateral;2;0;0;0;0;0;;;;;1;1;0;0;0
23/08/2015;05:46:00;51;Acidente sem Vítima;154;BR-101/ES;Norte;Capotamento;1;0;0;0;0;0;;;;;1;0;0;0;0
23/08/2015;06:02:00;53;Acidente com vítima;155;BR-101/ES;Norte;Queda de Moto;0;0;0;1;0;0;;;;;0;1;0;1;0
23/08/2015;13:51:00;170;Acidente com vítima;262;BR-101/ES;Norte;Capotamento;1;0;0;0;0;0;;;;;0;1;0;0;0
23/08/2015;21:26:00;254;Acidente sem Vítima;262;BR-101/ES;Sul;Colisão Traseira;2;0;0;0;0;0;;;;;3;0;0;0;0
23/08/2015;14:17:00;177;Acidente sem Vítima;264;BR-101/ES;Sul;Engavetamento;3;0;0;0;0;0;;;;;17;0;0;0;0
23/08/2015;10:51:00;114;Acidente com vítima;272;BR-101/ES;Sul;Saída de Pista;0;0;2;0;0;0;;;;;0;1;0;0;0
23/08/2015;08:47:00;87;Acidente sem Vítima;298;BR-101/ES;Norte;Colisão Traseira;2;0;0;0;0;0;;;;;4;0;0;0;0
23/08/2015;14:36:00;182;Acidente com vítima;317;BR-101/ES;Norte;Colisão Lateral;2;0;0;0;0;0;;;;;2;0;1;0;0
23/08/2015;00:01:00;1;Acidente sem Vítima;940,8;BR-101/BA;Sul;Atropelamento - Bovino;1;0;0;0;0;0;;;;;1;0;0;0;0
24/08/2015;08:53:00;93;Acidente com vítima;67;BR-101/ES;Norte;Colisão Transversal;1;0;0;1;0;0;;;;;1;1;1;0;0
24/08/2015;17:28:00;236;Acidente com vítima;262;BR-101/ES;Norte;Colisão Transversal;0;0;0;1;1;0;;;;;1;1;0;0;0
24/08/2015;09:31:00;99;Acidente com vítima;270;BR-101/ES;Norte;Colisão Lateral;1;0;0;1;0;0;;;;;0;2;0;0;0
24/08/2015;08:48:00;89;Acidente com vítima;292;BR-101/ES;Sul;Colisão Traseira;1;0;0;1;0;0;;;;;1;1;0;0;0
24/08/2015;14:19:00;184;Acidente sem Vítima;372;BR-101/ES;Sul;Saída de Pista;1;0;0;0;0;0;;;;;2;0;0;0;0
24/08/2015;05:54:00;45;Acidente com vítima;377,2;BR-101/ES;Sul;Colisão Lateral;1;0;0;1;0;0;;;;;1;0;1;0;0
25/08/2015;19:00:00;272;Acidente sem Vítima;16;BR-101/ES;Sul;Colisão Traseira;0;0;6;0;0;0;;;;;2;0;0;0;0
25/08/2015;17:28:00;258;Acidente sem Vítima;147;BR-101/ES;Norte;Engavetamento;3;0;0;0;0;0;;;;;3;0;0;0;0
25/08/2015;19:19:00;278;Acidente com vítima;257;BR-101/ES;Sul;Colisão Transversal;0;0;1;1;0;0;;;;;1;0;1;0;0
25/08/2015;15:40:00;237;Acidente sem Vítima;266;BR-101/ES;Norte;Colisão Traseira;2;0;0;0;0;0;;;;;4;0;0;0;0
25/08/2015;10:09:00;130;Acidente com vítima;267;BR-101/ES;Norte;Colisão Traseira;0;0;2;0;0;0;;;;;5;1;0;0;0
25/08/2015;14:15:00;215;Acidente sem Vítima;270;BR-101/ES;Sul;Colisão Lateral;1;0;2;0;0;0;;;;;5;0;0;0;0
25/08/2015;14:58:00;232;Acidente sem Vítima;270;BR-101/ES;Norte;Colisão Lateral;1;0;2;0;0;0;;;;;2;0;0;0;0
25/08/2015;12:40:00;183;Acidente sem Vítima;291;BR-101/ES;Sul;Engavetamento;3;0;0;0;0;0;;;;;5;0;0;0;0
25/08/2015;07:22:00;72;Acidente sem Vítima;298;BR-101/ES;Sul;Colisão Traseira;2;0;0;0;0;0;;;;;2;0;0;0;0
25/08/2015;10:25:00;133;Acidente com vítima;377;BR-101/ES;Sul;Choque com Objeto Fixo;1;0;0;0;0;0;;;;;0;1;0;0;0
25/08/2015;10:04:00;128;Acidente sem Vítima;399;BR-101/ES;Sul;Colisão Traseira;1;0;0;0;1;0;;;;;14;0;0;0;0
25/08/2015;08:04:00;84;Acidente sem Vítima;402;BR-101/ES;Sul;Colisão Transversal;1;0;2;0;0;0;;;;;2;0;0;0;0
26/08/2015;00:30:00;6;Acidente sem Vítima;160;BR-101/ES;Sul;Colisão Frontal;1;0;0;0;1;0;;;;;3;0;0;0;0
26/08/2015;19:24:00;277;Acidente sem Vítima;183;BR-101/ES;Sul;Colisão Lateral;1;0;0;1;0;0;;;;;7;0;0;0;0
26/08/2015;15:04:00;217;Acidente com vítima;213;BR-101/ES;Norte;Capotamento;1;0;0;0;0;0;;;;;0;0;1;0;0
26/08/2015;07:38:00;71;Acidente com vítima;243;BR-101/ES;Sul;Queda de Moto;0;0;0;1;0;0;;;;;0;1;0;0;0
26/08/2015;20:15:00;288;Acidente com Morte;258;BR-101/ES;Sul;Colisão Traseira;2;0;0;0;0;0;;;;;3;0;0;0;1
26/08/2015;14:48:00;213;Acidente com vítima;264;BR-101/ES;Sul;Colisão Transversal;1;0;0;1;0;0;;;;;1;0;2;0;0
26/08/2015;07:54:00;80;Acidente sem Vítima;270;BR-101/ES;Norte;Colisão Traseira;2;0;1;0;0;0;;;;;3;0;0;0;0
26/08/2015;20:13:00;287;Acidente sem Vítima;270;BR-101/ES;Sul;Colisão Traseira;1;0;0;0;1;0;;;;;2;0;0;0;0
26/08/2015;20:43:00;291;Acidente sem Vítima;270;BR-101/ES;Sul;Colisão Traseira;2;0;0;0;0;0;;;;;2;0;0;0;0
27/08/2015;18:08:00;259;Acidente com vítima;32;BR-101/ES;Sul;Queda de Moto;0;0;0;1;0;0;;;;;0;1;0;0;0
27/08/2015;05:44:00;51;Acidente sem Vítima;49;BR-101/ES;Norte;Saída de Pista;1;0;0;0;0;0;;;;;3;0;0;0;0
27/08/2015;19:38:00;277;Acidente sem Vítima;231;BR-101/ES;Norte;Atropelamento - Animal;1;0;0;0;0;0;;;;;1;0;0;0;0
27/08/2015;18:17:00;261;Acidente sem Vítima;266,3;BR-101/ES;Sul;Colisão Lateral;0;0;1;0;1;0;;;;;4;0;0;0;0
27/08/2015;06:18:00;56;Acidente sem Vítima;267;BR-101/ES;Norte;Colisão Lateral;2;0;0;0;0;0;;;;;2;0;0;0;0
27/08/2015;09:49:00;127;Acidente sem Vítima;270;BR-101/ES;Sul;Colisão Lateral;1;0;2;0;0;0;;;;;3;0;0;0;0
27/08/2015;04:51:00;40;Acidente sem Vítima;279;BR-101/ES;Sul;Veículo em Chamas;0;0;2;0;0;0;;;;;1;0;0;0;0
27/08/2015;18:30:00;264;Acidente com vítima;279;BR-101/ES;Sul;Queda de Moto;0;0;0;1;0;0;;;;;0;0;1;0;0
27/08/2015;14:05:00;201;Acidente com vítima;302;BR-101/ES;Sul;Choque com Objeto Fixo;1;0;0;0;0;0;;;;;1;0;1;0;0
27/08/2015;20:02:00;282;Acidente com vítima;371;BR-101/ES;Norte;Tombamento;1;0;0;0;0;0;;;;;1;1;0;0;0
28/08/2015;19:33:00;265;Acidente com vítima;18;BR-101/ES;Sul;Tombamento;0;0;2;0;0;0;;;;;0;1;0;0;0
28/08/2015;13:23:00;177;Acidente sem Vítima;26;BR-101/ES;Norte;Colisão Traseira;0;0;2;0;0;0;;;;;3;0;0;0;0
28/08/2015;11:49:00;144;Acidente com vítima;133;BR-101/ES;Sul;Queda de Moto;0;0;0;1;0;0;;;;;0;2;0;0;0
28/08/2015;17:48:00;250;Acidente sem Vítima;151;BR-101/ES;Sul;Colisão Traseira;2;0;0;1;0;0;;;;;4;0;0;0;0
28/08/2015;23:37:00;308;Acidente sem Vítima;160,5;BR-101/ES;Norte;Saída de Pista;0;0;1;0;0;0;;;;;1;0;0;0;0
28/08/2015;08:24:00;84;Acidente com vítima;204;BR-101/ES;Sul;Tombamento;0;0;1;0;0;0;;;;;1;1;0;0;0
28/08/2015;18:55:00;257;Acidente sem Vítima;208;BR-101/ES;Sul;Engavetamento;3;0;0;0;0;0;;;;;7;0;0;0;0
28/08/2015;10:24:00;113;Acidente sem Vítima;242;BR-101/ES;Sul;Choque com Objeto Fixo;0;0;2;0;0;0;;;;;1;0;0;0;0
28/08/2015;00:07:00;1;Acidente com vítima;246;BR-101/ES;Norte;Queda de ciclista;0;1;0;0;0;0;;;;;0;1;0;0;0
28/08/2015;08:31:00;88;Acidente sem Vítima;248;BR-101/ES;Norte;Saída de Pista;1;0;0;0;0;0;;;;;1;0;0;0;0
28/08/2015;07:24:00;67;Acidente sem Vítima;264;BR-101/ES;Sul;Colisão Lateral;1;0;0;1;0;0;;;;;2;0;0;0;0
28/08/2015;14:42:00;203;Acidente sem Vítima;264;BR-101/ES;Sul;Colisão Lateral;1;0;0;0;1;0;;;;;3;0;0;0;0
28/08/2015;17:01:00;237;Acidente sem Vítima;269;BR-101/ES;Sul;Engavetamento;4;0;0;0;0;0;;;;;8;0;0;0;0
28/08/2015;07:28:00;69;Acidente sem Vítima;278;BR-101/ES;Sul;Engavetamento;3;0;0;0;0;0;;;;;3;0;0;0;0
28/08/2015;08:35:00;90;Acidente sem Vítima;285;BR-101/ES;Norte;Colisão Traseira;1;0;1;0;0;0;;;;;3;0;0;0;0
28/08/2015;06:50:00;57;Acidente com vítima;311;BR-101/ES;Sul;Queda de Moto;0;0;0;1;0;0;;;;;0;1;0;0;0
28/08/2015;13:58:00;190;Acidente sem Vítima;346;BR-101/ES;Norte;Colisão Traseira;1;0;0;0;1;0;;;;;17;0;0;0;0
28/08/2015;05:15:00;48;Acidente com Morte;400;BR-101/ES;Sul;Colisão Frontal;1;0;1;0;0;0;;;;;1;0;0;0;1
28/08/2015;07:06:00;60;Acidente com Morte;448;BR-101/ES;Sul;Tombamento;0;0;2;0;0;0;;;;;0;0;0;1;1
29/08/2015;10:39:00;104;Acidente sem Vítima;123;BR-101/ES;Sul;Queda de Moto;1;0;0;0;0;0;;;;;2;0;0;0;0
29/08/2015;19:03:00;243;Acidente com vítima;142;BR-101/ES;Sul;Colisão Traseira;1;0;0;1;0;0;;;;;1;1;0;0;0
29/08/2015;23:43:00;291;Acidente sem Vítima;144;BR-101/ES;Sul;Choque com Objeto Fixo;1;0;0;0;0;0;;;;;1;0;0;0;0
29/08/2015;21:12:00;268;Acidente sem Vítima;146;BR-101/ES;Norte;Colisão Traseira;0;0;5;0;0;0;;;;;2;0;0;0;0
29/08/2015;20:47:00;263;Acidente com vítima;155;BR-101/ES;Norte;Choque;0;0;0;1;0;0;;;;;0;1;0;0;0
29/08/2015;16:40:00;213;Acidente com vítima;181,5;BR-101/ES;Norte;Queda de Moto;0;0;0;1;0;0;;;;;0;0;1;0;0
29/08/2015;19:29:00;252;Acidente sem Vítima;219;BR-101/ES;Norte;Saída de Pista;1;0;0;0;0;0;;;;;1;0;0;0;0
29/08/2015;14:49:00;185;Acidente sem Vítima;260;BR-101/ES;Norte;Colisão Traseira;2;0;0;0;0;0;;;;;3;0;0;0;0
29/08/2015;22:03:00;273;Acidente sem Vítima;264;BR-101/ES;Norte;Colisão Traseira;2;0;0;0;0;0;;;;;4;0;0;0;0
29/08/2015;14:30:00;180;Acidente com vítima;286;BR-101/ES;Norte;Choque com Objeto Fixo;0;0;2;1;0;0;;;;;0;1;1;0;0
29/08/2015;11:50:00;127;Acidente sem Vítima;297;BR-101/ES;Norte;Colisão Lateral;1;0;1;0;0;0;;;;;2;0;0;0;0
29/08/2015;12:16:00;137;Acidente com vítima;307;BR-101/ES;Norte;Queda de Moto;0;0;0;1;0;0;;;;;0;0;1;0;0
29/08/2015;15:51:00;197;Acidente sem Vítima;335;BR-101/ES;Norte;Colisão Transversal;2;0;0;0;0;0;;;;;6;0;0;0;0
29/08/2015;07:59:00;63;Acidente sem Vítima;393,5;BR-101/ES;Sul;Queda de Moto;0;0;0;1;0;0;;;;;2;0;0;0;0
29/08/2015;22:53:00;285;Acidente com vítima;945;BR-101/BA;Sul;Queda de Moto;0;0;0;1;0;0;;;;;0;1;0;0;0
29/08/2015;10:02:00;94;Acidente com vítima;951;BR-101/BA;Norte;Saída de Pista;1;0;0;0;0;0;;;;;0;2;0;0;0
30/08/2015;04:08:00;34;Acidente com vítima;93;BR-101/ES;Sul;Queda de Moto;0;0;0;2;0;0;;;;;1;1;0;0;0
30/08/2015;04:31:00;37;Acidente com vítima;143,8;BR-101/ES;Norte;Capotamento;1;0;0;0;0;0;;;;;0;0;1;1;0
30/08/2015;11:07:00;119;Acidente com vítima;256;BR-101/ES;Norte;Queda de ciclista;0;1;0;0;0;0;;;;;1;0;1;0;0
30/08/2015;08:24:00;76;Acidente com vítima;275;BR-101/ES;Sul;Colisão Traseira;2;0;0;0;0;0;;;;;1;1;0;0;0
30/08/2015;23:59:00;305;Acidente sem Vítima;291;BR-101/ES;Sul;Choque com Objeto Fixo;1;0;0;0;0;0;;;;;1;0;0;0;0
30/08/2015;10:42:00;112;Acidente sem Vítima;415;BR-101/ES;Sul;Tombamento;0;0;2;0;0;0;;;;;1;0;0;0;0
30/08/2015;12:00:00;140;Acidente sem Vítima;428;BR-101/ES;Norte;Saída de Pista;1;0;0;0;0;0;;;;;2;0;0;0;0
30/08/2015;14:49:00;195;Acidente com vítima;432;BR-101/ES;Norte;Colisão Frontal;1;0;0;1;0;0;;;;;1;0;1;0;0
31/08/2015;17:43:00;239;Acidente sem Vítima;25,5;BR-101/ES;Sul;Colisão Lateral;1;0;2;0;0;0;;;;;3;0;0;0;0