data;horario;n_da_ocorrencia;tipo_de_ocorrencia;km;trecho;sentido;tipo_de_acidente;automovel;bicicleta;caminhao;moto;onibus;outros;tracao_animal;transporte_de_cargas_especiais;trator_maquinas;utilitarios;ilesos;levemente_feridos;moderadamente_feridos;gravemente_feridos;mortos
31/08/2015;15:53:00;204;Acidente sem Vítima;224;BR-101/ES;Norte;Saída de Pista;1;0;0;0;0;0;;;;;2;0;0;0;0
31/08/2015;08:33:00;90;Acidente com vítima;262;BR-101/ES;Sul;Queda de Moto;0;0;0;1;0;0;;;;;0;1;0;0;0
31/08/2015;10:22:00;120;Acidente sem Vítima;267;BR-101/ES;Norte;Colisão Lateral;1;0;0;0;1;0;;;;;4;0;0;0;0
31/08/2015;08:36:00;91;Acidente sem Vítima;269;BR-101/ES;Sul;Colisão Traseira;2;0;0;0;0;0;;;;;2;0;0;0;0
31/08/2015;11:51:00;145;Acidente sem Vítima;306;BR-101/ES;Sul;Colisão Lateral;0;0;4;0;0;0;;;;;2;0;0;0;0
31/08/2015;10:33:00;122;Acidente sem Vítima;399;BR-101/ES;Norte;Colisão Lateral;2;0;0;0;0;0;;;;;3;0;0;0;0
01/09/2015;07:00:00;62;Acidente sem Vítima;213;BR-101/ES;Norte;Saída de Pista;1;0;0;0;0;0;;;;;1;0;0;0;0
01/09/2015;23:05:00;323;Acidente sem Vítima;268;BR-101/ES;Norte;Saída de Pista;1;0;0;0;0;0;;;;;1;0;0;0;0
01/09/2015;14:32:00;216;Acidente sem Vítima;269;BR-101/ES;Norte;Colisão Lateral;1;0;0;0;3;0;;;;;2;0;0;0;0
01/09/2015;15:19:00;233;Acidente com vítima;277;BR-101/ES;Sul;Queda de Moto;0;0;0;1;0;0;;;;;0;0;1;0;0
01/09/2015;10:48:00;134;Acidente sem Vítima;279;BR-101/ES;Sul;Colisão Traseira;1;0;0;1;0;0;;;;;2;0;0;0;0
01/09/2015;08:50:00;97;Acidente sem Vítima;279,3;BR-101/ES;Sul;Colisão Traseira;1;0;0;0;0;0;;;;;2;0;0;0;0
01/09/2015;11:53:00;157;Acidente com vítima;288;BR-101/ES;Norte;Colisão Lateral;1;0;0;1;0;0;;;;;2;1;0;0;0
01/09/2015;18:35:00;285;Acidente com vítima;298,6;BR-101/ES;Sul;Colisão Traseira;1;0;0;1;0;0;;;;;2;0;1;0;0
01/09/2015;15:51:00;243;Acidente com vítima;301;BR-101/ES;Sul;Colisão Lateral;1;0;0;1;0;0;;;;;0;0;1;0;0
02/09/2015;09:27:00;114;Acidente com vítima;69,8;BR-101/ES;Sul;Colisão Frontal;1;0;0;1;0;0;;;;;1;0;2;0;0
02/09/2015;18:02:00;254;Acidente sem Vítima;99;BR-101/ES;Norte;Engavetamento;1;0;0;0;1;0;;;;;4;0;0;0;0
02/09/2015;12:23:00;162;Acidente sem Vítima;137;BR-101/ES;Sul;Colisão Traseira;0;0;0;0;3;0;;;;;3;0;0;0;0
02/09/2015;06:32:00;55;Acidente sem Vítima;189;BR-101/ES;Norte;Colisão Traseira;0;1;0;1;0;0;;;;;2;0;0;0;0
02/09/2015;06:29:00;54;Acidente sem Vítima;235;BR-101/ES;Sul;Colisão Traseira;2;0;0;0;0;0;;;;;4;0;0;0;0
02/09/2015;18:35:00;255;Acidente com vítima;249;BR-101/ES;Sul;Colisão Lateral;2;0;0;0;2;0;;;;;3;6;0;0;0
02/09/2015;17:44:00;248;Acidente sem Vítima;259;BR-101/ES;Sul;Colisão Transversal;2;0;0;0;0;0;;;;;3;0;0;0;0
02/09/2015;21:33:00;287;Acidente com vítima;264;BR-101/ES;Sul;Choque com Objeto Fixo;0;0;0;1;0;0;;;;;0;1;0;0;0
02/09/2015;12:08:00;160;Acidente sem Vítima;265;BR-101/ES;Norte;Engavetamento;3;0;0;0;0;0;;;;;7;0;0;0;0
02/09/2015;14:47:00;199;Acidente sem Vítima;279,5;BR-101/ES;Sul;Colisão Traseira;0;0;0;0;4;0;;;;;2;0;0;0;0
02/09/2015;13:25:00;177;Acidente com vítima;283;BR-101/ES;Norte;Queda de Moto;0;0;0;1;0;0;;;;;0;1;0;0;0
02/09/2015;10:27:00;126;Acidente sem Vítima;304;BR-101/ES;Sul;Colisão Traseira;2;0;0;0;0;0;;;;;3;0;0;0;0
03/09/2015;12:29:00;164;Acidente sem Vítima;146;BR-101/ES;Norte;Colisão Traseira;1;0;0;1;0;0;;;;;2;0;0;0;0
03/09/2015;21:44:00;320;Atropelamento sem Morte;150;BR-101/ES;Sul;Atropelamento e Fuga;1;0;0;0;0;0;;;;;0;0;0;1;0
03/09/2015;08:54:00;101;Acidente com Morte;263;BR-101/ES;Norte;Colisão Frontal;2;0;0;0;0;0;;;;;1;0;1;3;1
03/09/2015;16:02:00;245;Acidente sem Vítima;269;BR-101/ES;Sul;Colisão Traseira;2;0;0;0;0;0;;;;;3;0;0;0;0
03/09/2015;06:35:00;57;Acidente sem Vítima;271;BR-101/ES;Sul;Colisão Transversal;3;0;0;0;0;0;;;;;3;0;0;0;0
03/09/2015;17:29:00;269;Acidente com vítima;291;BR-101/ES;Sul;Colisão Traseira;1;0;0;1;0;0;;;;;1;0;1;0;0
03/09/2015;19:31:00;304;Acidente sem Vítima;337,5;BR-101/ES;Sul;Atropelamento - Animal;1;0;0;0;0;0;;;;;1;0;0;0;0
04/09/2015;18:25:00;285;Acidente com vítima;37;BR-101/ES;Norte;Colisão Frontal;2;0;0;0;0;0;;;;;2;0;1;0;0
04/09/2015;18:26:00;286;Acidente com vítima;50;BR-101/ES;Norte;Colisão Frontal;1;0;0;0;0;0;;;;;2;1;0;0;0
04/09/2015;22:07:00;336;Acidente com vítima;51;BR-101/ES;Sul;Colisão Traseira;1;0;0;0;0;0;;;;;0;1;1;0;0
04/09/2015;08:23:00;96;Acidente com vítima;77;BR-101/ES;Sul;Queda de Moto;0;0;0;1;0;0;;;;;0;0;1;0;0
04/09/2015;18:52:00;291;Acidente sem Vítima;125;BR-101/ES;Sul;Engavetamento;2;0;0;0;0;1;;;;;9;0;0;0;0
04/09/2015;16:52:00;256;Acidente com vítima;134;BR-101/ES;Sul;Queda de Moto;1;0;0;0;0;0;;;;;0;2;0;0;0
04/09/2015;09:41:00;127;Acidente com vítima;171;BR-101/ES;Sul;Colisão Traseira;2;0;0;0;0;0;;;;;3;1;0;0;0
04/09/2015;11:14:00;145;Acidente sem Vítima;186;BR-101/ES;Sul;Colisão Traseira;1;0;0;0;0;0;;;;;3;0;0;0;0
04/09/2015;16:54:00;257;Acidente sem Vítima;215;BR-101/ES;Sul;Colisão Traseira;2;0;0;0;0;0;;;;;3;0;0;0;0
04/09/2015;01:55:00;30;Acidente com vítima;244,8;BR-101/ES;Sul;Saída de Pista;0;0;0;0;0;0;;;;;0;2;1;0;0
04/09/2015;15:07:00;226;Acidente sem Vítima;252;BR-101/ES;Norte;Colisão Traseira;1;0;0;0;0;1;;;;;2;0;0;0;0
04/09/2015;13:32:00;195;Acidente sem Vítima;267;BR-101/ES;Sul;Colisão Lateral;0;0;0;0;0;1;;;;;3;0;0;0;0
04/09/2015;21:46:00;330;Acidente sem Vítima;268;BR-101/ES;Norte;Colisão Traseira;1;0;0;1;0;0;;;;;1;0;0;0;0
04/09/2015;08:24:00;97;Acidente sem Vítima;269;BR-101/ES;Sul;Colisão Traseira;2;0;0;0;0;0;;;;;2;0;0;0;0
04/09/2015;08:25:00;98;Acidente sem Vítima;269,2;BR-101/ES;Sul;Colisão Traseira;2;0;0;0;0;0;;;;;2;0;0;0;0
04/09/2015;20:24:00;316;Acidente sem Vítima;279;BR-101/ES;Norte;Saída de Pista;1;0;0;0;0;0;;;;;4;0;0;0;0
04/09/2015;19:47:00;307;Acidente sem Vítima;292;BR-101/ES;Sul;Engavetamento;3;0;0;0;0;0;;;;;3;0;0;0;0
04/09/2015;08:20:00;95;Acidente com vítima;401;BR-101/ES;Sul;Queda de Moto;0;0;0;1;0;0;;;;;0;1;0;0;0
04/09/2015;06:45:00;66;Acidente sem Vítima;944;BR-101/BA;Norte;Colisão Transversal;1;0;0;0;3;0;;;;;2;0;0;0;0
05/09/2015;17:49:00;263;Acidente com vítima;28;BR-101/ES;Norte;Colisão Frontal;4;0;0;0;0;0;;;;;2;1;4;0;0
05/09/2015;08:31:00;97;Acidente sem Vítima;75;BR-101/ES;Norte;Saída de Pista;1;0;0;0;0;0;;;;;4;0;0;0;0
05/09/2015;11:35:00;144;Acidente sem Vítima;75,5;BR-101/ES;Norte;Colisão Traseira;2;0;0;0;0;0;;;;;8;0;0;0;0
05/09/2015;19:49:00;288;Acidente com vítima;117;BR-101/ES;Sul;Queda de Moto;0;0;0;1;0;0;;;;;0;1;0;0;0
05/09/2015;03:36:00;41;Acidente com vítima;137;BR-101/ES;Sul;Capotamento;1;0;0;0;0;0;;;;;0;0;1;0;0
05/09/2015;21:38:00;316;Acidente com vítima;147;BR-101/ES;Norte;Colisão Traseira;2;0;0;0;0;0;;;;;1;2;0;0;0
05/09/2015;23:40:00;337;Acidente com vítima;208;BR-101/ES;Sul;Queda de Moto;0;0;0;1;0;0;;;;;0;1;0;0;0
05/09/2015;10:09:00;121;Acidente com vítima;240;BR-101/ES;Norte;Colisão Frontal;3;0;0;0;2;0;;;;;6;2;2;0;0
05/09/2015;20:49:00;308;Acidente sem Vítima;282,9;BR-101/ES;Norte;Saída de Pista;0;0;0;0;0;0;;;;;2;0;0;0;0
05/09/2015;15:21:00;209;Acidente com vítima;293;BR-101/ES;Norte;Queda de Moto;0;0;0;1;0;0;;;;;0;0;0;1;0
05/09/2015;04:25:00;51;Acidente sem Vítima;296;BR-101/ES;Sul;Choque com Objeto Fixo;1;0;0;0;0;0;;;;;1;0;0;0;0
05/09/2015;22:18:00;325;Acidente sem Vítima;298;BR-101/ES;Norte;Colisão Transversal;1;0;0;0;0;0;;;;;2;0;0;0;0
05/09/2015;09:15:00;106;Acidente sem Vítima;299;BR-101/ES;Sul;Colisão Traseira;1;1;0;0;0;0;;;;;2;0;0;0;0
05/09/2015;18:02:00;268;Acidente com Morte;303;BR-101/ES;Norte;Queda de Moto;0;0;0;1;0;0;;;;;0;0;0;0;1
05/09/2015;14:26:00;193;Acidente com vítima;395;BR-101/ES;Norte;Colisão Lateral;2;0;0;0;0;0;;;;;1;2;1;0;0
05/09/2015;13:52:00;178;Acidente com vítima;401;BR-101/ES;Norte;Saída de Pista;0;0;0;0;0;0;;;;;1;1;0;0;0
05/09/2015;19:07:00;279;Acidente sem Vítima;416;BR-101/ES;Norte;Saída de Pista;1;0;0;0;0;0;;;;;3;0;0;0;0
05/09/2015;12:28:00;158;Acidente com vítima;422;BR-101/ES;Sul;Colisão Transversal;1;0;0;1;0;0;;;;;1;0;1;0;0
05/09/2015;18:00:00;267;Acidente sem Vítima;450;BR-101/ES;Sul;Saída de Pista;0;0;0;0;0;0;;;;;1;0;0;0;0
05/09/2015;20:25:00;297;Acidente sem Vítima;451;BR-101/ES;Sul;Saída de Pista;1;0;0;0;0;0;;;;;4;0;0;0;0
05/09/2015;14:19:00;189;Acidente com vítima;455;BR-101/ES;Norte;Saída de Pista;1;0;0;0;0;0;;;;;0;0;1;0;0
06/09/2015;10:26:00;122;Acidente com vítima;23;BR-101/ES;Sul;Queda de Moto;0;0;0;1;0;0;;;;;0;0;1;0;0
06/09/2015;00:41:00;7;Acidente com vítima;119;BR-101/ES;Norte;Queda de Moto;0;0;0;1;0;0;;;;;0;1;0;0;0
06/09/2015;18:56:00;252;Acidente com vítima;132;BR-101/ES;Sul;Colisão Lateral;3;0;0;0;0;0;;;;;3;2;0;1;0
06/09/2015;18:48:00;249;Acidente com Morte;146;BR-101/ES;Sul;Saída de Pista;1;0;0;0;0;0;;;;;0;0;0;0;1
06/09/2015;19:33:00;259;Acidente sem Vítima;205;BR-101/ES;Norte;Colisão Traseira;1;0;0;0;1;0;;;;;2;0;0;0;0
06/09/2015;03:49:00;37;Acidente sem Vítima;211,5;BR-101/ES;Sul;Colisão Lateral;1;0;0;1;0;0;;;;;2;0;0;0;0
06/09/2015;20:05:00;266;Acidente sem Vítima;214;BR-101/ES;Sul;Colisão Lateral;1;0;0;0;2;0;;;;;3;0;0;0;0
06/09/2015;04:28:00;44;Acidente sem Vítima;217;BR-101/ES;Sul;Saída de Pista;1;0;0;0;0;0;;;;;2;0;0;0;0
06/09/2015;05:53:00;64;Acidente sem Vítima;219;BR-101/ES;Norte;Saída de Pista;1;0;0;0;0;0;;;;;1;0;0;0;0
06/09/2015;10:03:00;114;Acidente sem Vítima;229;BR-101/ES;Norte;Colisão Traseira;1;0;0;0;0;0;;;;;3;0;0;0;0
06/09/2015;13:53:00;183;Atropelamento sem Morte;254,5;BR-101/ES;Norte;Atropelamento;0;0;0;0;2;0;;;;;1;0;1;0;0
06/09/2015;08:07:00;89;Acidente com vítima;269;BR-101/ES;Norte;Colisão Traseira;2;0;0;0;0;0;;;;;3;1;0;0;0
06/09/2015;23:09:00;296;Acidente sem Vítima;269;BR-101/ES;Sul;Colisão Transversal;2;0;0;0;0;0;;;;;2;0;0;0;0
06/09/2015;17:17:00;233;Acidente com vítima;270;BR-101/ES;Norte;Colisão Traseira;2;0;0;0;0;0;;;;;2;0;1;0;0
06/09/2015;07:11:00;72;Acidente com vítima;271;BR-101/ES;Norte;Saída de Pista;1;0;0;0;0;0;;;;;0;4;1;0;0
06/09/2015;20:54:00;276;Acidente sem Vítima;289;BR-101/ES;Norte;Capotamento;1;0;0;0;0;0;;;;;1;0;0;0;0
06/09/2015;14:42:00;200;Acidente sem Vítima;300;BR-101/ES;Norte;Queda de Moto;1;0;0;1;0;0;;;;;2;0;0;0;0
06/09/2015;19:43:00;261;Acidente sem Vítima;310;BR-101/ES;Sul;Colisão Transversal;1;0;0;1;0;0;;;;;4;0;0;0;0
06/09/2015;00:58:00;12;Acidente sem Vítima;327;BR-101/ES;Norte;Atropelamento - Equino;1;0;0;0;0;0;;;;;1;0;0;0;0
06/09/2015;04:02:00;40;Acidente sem Vítima;427;BR-101/ES;Sul;Capotamento;1;0;0;0;0;0;;;;;2;0;0;0;0
06/09/2015;08:08:00;90;Acidente com vítima;458;BR-101/ES;Norte;Capotamento;1;0;0;0;0;0;;;;;1;1;0;0;0
07/09/2015;12:00:00;129;Acidente com vítima;1;BR-101/ES;Sul;Queda de Moto;0;0;0;1;0;0;;;;;0;1;0;0;0
07/09/2015;06:52:00;59;Acidente com vítima;18,5;BR-101/ES;Norte;Tombamento;0;0;0;0;3;0;;;;;0;1;0;0;0
07/09/2015;04:27:00;39;Acidente sem Vítima;130;BR-101/ES;Norte;Saída de Pista;1;0;0;0;0;0;;;;;1;0;0;0;0
07/09/2015;15:02:00;202;Acidente com vítima;136;BR-101/ES;Sul;Queda de ciclista;0;0;0;0;0;0;;;;;0;1;0;0;0
07/09/2015;15:43:00;225;Acidente sem Vítima;230;BR-101/ES;Sul;Colisão Traseira;2;0;0;0;0;0;;;;;8;0;0;0;0
07/09/2015;20:01:00;318;Acidente sem Vítima;243;BR-101/ES;Norte;Colisão Traseira;2;0;0;0;0;0;;;;;8;0;0;0;0
07/09/2015;08:58:00;85;Acidente sem Vítima;269;BR-101/ES;Norte;Colisão Lateral;1;0;0;0;2;0;;;;;2;0;0;0;0
07/09/2015;06:20:00;55;Acidente com vítima;296;BR-101/ES;Sul;Capotamento;1;0;0;0;0;0;;;;;2;0;1;0;0
07/09/2015;13:59:00;183;Acidente sem Vítima;358;BR-101/ES;Sul;Colisão Traseira;2;0;0;0;0;0;;;;;7;0;0;0;0
07/09/2015;16:11:00;239;Acidente sem Vítima;402;BR-101/ES;Sul;Saída de Pista;1;0;0;0;0;0;;;;;4;0;0;0;0
07/09/2015;15:37:00;222;Acidente sem Vítima;420;BR-101/ES;Sul;Colisão Traseira;2;1;0;0;0;0;;;;;9;0;0;0;0
08/09/2015;09:20:00;97;Acidente sem Vítima;94;BR-101/ES;Sul;Engavetamento;3;0;0;0;0;0;;;;;9;0;0;0;0
08/09/2015;16:14:00;239;Acidente sem Vítima;206;BR-101/ES;Sul;Colisão Transversal;1;0;0;0;0;1;;;;;3;0;0;0;0
08/09/2015;13:37:00;175;Acidente com vítima;207;BR-101/ES;Sul;Colisão Traseira;1;0;0;0;0;0;;;;;2;1;0;0;0
08/09/2015;16:38:00;248;Acidente com vítima;229;BR-101/ES;Norte;Colisão Traseira;1;0;0;1;0;0;;;;;1;1;1;0;0
08/09/2015;14:32:00;199;Acidente com vítima;230;BR-101/ES;Sul;Colisão Transversal;2;0;0;0;0;0;;;;;4;1;0;0;0
08/09/2015;13:55:00;188;Acidente sem Vítima;239;BR-101/ES;Sul;Colisão Traseira;1;1;0;0;0;0;;;;;6;0;0;0;0
08/09/2015;11:00:00;127;Acidente sem Vítima;242;BR-101/ES;Sul;Colisão Traseira;0;0;0;0;4;0;;;;;3;0;0;0;0
08/09/2015;15:54:00;229;Acidente sem Vítima;255;BR-101/ES;Sul;Engavetamento;3;0;0;0;0;0;;;;;3;0;0;0;0
08/09/2015;11:24:00;135;Acidente com vítima;266;BR-101/ES;Norte;Queda de Moto;0;0;0;1;0;0;;;;;0;0;1;0;0
08/09/2015;13:18:00;171;Acidente sem Vítima;283;BR-101/ES;Sul;Colisão Lateral;1;0;0;0;1;0;;;;;2;0;0;0;0
08/09/2015;08:36:00;77;Acidente sem Vítima;297;BR-101/ES;Norte;Colisão Traseira;1;0;0;0;2;0;;;;;3;0;0;0;0
08/09/2015;19:27:00;288;Acidente sem Vítima;298;BR-101/ES;Sul;Colisão Traseira;1;0;0;0;0;0;;;;;3;0;0;0;0
08/09/2015;14:09:00;192;Acidente com vítima;310;BR-101/ES;Norte;Saída de Pista;1;0;0;0;0;0;;;;;1;0;3;0;0
08/09/2015;21:38:00;322;Acidente com vítima;395;BR-101/ES;Sul;Colisão Lateral;2;0;0;0;0;0;;;;;1;1;0;0;0
09/09/2015;13:23:00;185;Acidente sem Vítima;180;BR-101/ES;Sul;Saída de Pista;1;0;0;0;0;0;;;;;1;0;0;0;0
09/09/2015;11:22:00;149;Acidente sem Vítima;191;BR-101/ES;Norte;Colisão Traseira;2;0;0;0;0;0;;;;;5;0;0;0;0
09/09/2015;06:28:00;55;Acidente com vítima;261;BR-101/ES;Norte;Colisão Transversal;1;0;0;1;0;0;;;;;1;0;1;0;0
09/09/2015;18:20:00;265;Atropelamento sem Morte;263;BR-101/ES;Sul;Atropelamento;0;0;0;1;0;0;;;;;0;0;0;2;0
09/09/2015;08:08:00;82;Acidente com vítima;270;BR-101/ES;Norte;Queda de Moto;0;0;0;1;0;0;;;;;0;1;0;0;0
09/09/2015;18:09:00;263;Acidente com vítima;281;BR-101/ES;Sul;Queda de Moto;0;0;0;1;0;0;;;;;0;0;1;0;0
09/09/2015;07:28:00;64;Acidente com vítima;323;BR-101/ES;Sul;Colisão Traseira;1;0;0;1;0;0;;;;;0;0;1;0;0
09/09/2015;19:28:00;277;Acidente com vítima;395;BR-101/ES;Sul;Colisão;0;0;0;1;0;0;;;;;0;1;0;1;0
10/09/2015;17:01:00;245;Acidente sem Vítima;67;BR-101/ES;Sul;Engavetamento;3;0;0;0;0;0;;;;;5;0;0;0;0
10/09/2015;14:16:00;197;Acidente sem Vítima;269;BR-101/ES;Norte;Colisão Lateral;1;0;0;0;0;0;;;;;5;0;0;0;0
10/09/2015;13:23:00;182;Acidente sem Vítima;277;BR-101/ES;Sul;Colisão Lateral;1;0;0;0;0;0;;;;;3;0;0;0;0
10/09/2015;08:03:00;83;Acidente sem Vítima;292;BR-101/ES;Sul;Colisão Transversal;2;0;0;0;0;0;;;;;2;0;0;0;0
10/09/2015;14:19:00;199;Acidente sem Vítima;293;BR-101/ES;Sul;Engavetamento;1;0;0;0;1;1;;;;;5;0;0;0;0
10/09/2015;15:23:00;218;Acidente sem Vítima;298;BR-101/ES;Sul;Veículo em Chamas;0;1;0;0;0;0;;;;;1;0;0;0;0
11/09/2015;14:12:00;215;Acidente com vítima;38;BR-101/ES;Sul;Colisão Lateral;1;0;0;0;2;0;;;;;1;1;0;0;0
11/09/2015;08:17:00;94;Acidente sem Vítima;264;BR-101/ES;Sul;Colisão Traseira;3;0;0;0;0;0;;;;;3;0;0;0;0
11/09/2015;17:05:00;258;Acidente sem Vítima;268,5;BR-101/ES;Sul;Colisão Traseira;2;0;0;0;0;0;;;;;3;0;0;0;0
11/09/2015;21:02:00;308;Acidente sem Vítima;269,5;BR-101/ES;Norte;Colisão Lateral;1;0;0;0;0;0;;;;;2;0;0;0;0
11/09/2015;08:50:00;104;Acidente sem Vítima;271;BR-101/ES;Norte;Colisão Traseira;1;0;0;0;0;0;;;;;4;0;0;0;0
11/09/2015;07:41:00;74;Acidente sem Vítima;283;BR-101/ES;Sul;Veículo em Chamas;1;0;0;0;0;0;;;;;2;0;0;0;0
11/09/2015;20:25:00;301;Acidente com vítima;331;BR-101/ES;Sul;Queda de Moto;0;0;0;1;0;0;;;;;0;1;0;0;0
11/09/2015;19:34:00;289;Acidente sem Vítima;375;BR-101/ES;Sul;Colisão Transversal;2;0;0;0;0;0;;;;;2;0;0;0;0
12/09/2015;17:53:00;220;Acidente sem Vítima;130;BR-101/ES;Sul;Capotamento;1;0;0;0;0;0;;;;;5;0;0;0;0
12/09/2015;09:21:00;106;Acidente sem Vítima;213;BR-101/ES;Norte;Colisão Transversal;1;0;0;0;0;0;;;;;2;0;0;0;0
12/09/2015;15:39:00;195;Acidente com vítima;213;BR-101/ES;Sul;Colisão Frontal;2;0;0;0;0;0;;;;;0;2;2;0;0
12/09/2015;18:59:00;229;Acidente sem Vítima;255;BR-101/ES;Sul;Colisão Traseira;2;0;0;0;0;0;;;;;3;0;0;0;0
12/09/2015;08:20:00;94;Acidente com vítima;257;BR-101/ES;Sul;Colisão Lateral;1;1;0;0;0;0;;;;;3;1;0;0;0
12/09/2015;17:26:00;216;Acidente com vítima;270;BR-101/ES;Sul;Queda de Moto;0;0;0;1;0;0;;;;;0;0;1;0;0
12/09/2015;19:09:00;232;Acidente com vítima;305,5;BR-101/ES;Norte;Colisão Frontal;1;0;0;1;0;0;;;;;2;0;0;1;0
12/09/2015;09:24:00;109;Acidente sem Vítima;378;BR-101/ES;Sul;Colisão Lateral;1;0;0;1;0;0;;;;;2;0;0;0;0
12/09/2015;08:11:00;91;Acidente sem Vítima;401;BR-101/ES;Sul;Saída de Pista;1;0;0;0;0;0;;;;;2;0;0;0;0
13/09/2015;18:07:00;211;Acidente sem Vítima;73;BR-101/ES;Norte;Saída de Pista;1;0;0;0;0;0;;;;;3;0;0;0;0
13/09/2015;15:37:00;183;Acidente sem Vítima;245;BR-101/ES;Sul;Engavetamento;3;0;0;0;0;0;;;;;5;0;0;0;0
13/09/2015;14:04:00;165;Acidente com vítima;249;BR-101/ES;Sul;Colisão Lateral;3;0;0;0;0;0;;;;;3;1;2;0;0
13/09/2015;22:23:00;261;Acidente sem Vítima;270;BR-101/ES;Norte;Colisão Lateral;1;0;0;0;1;0;;;;;2;0;0;0;0
13/09/2015;15:14:00;179;Acidente sem Vítima;271;BR-101/ES;Norte;Saída de Pista;1;0;0;0;0;0;;;;;4;0;0;0;0
13/09/2015;15:56:00;186;Acidente com vítima;293;BR-101/ES;Norte;Colisão Traseira;1;0;0;1;0;0;;;;;2;1;0;0;0
13/09/2015;13:53:00;163;Acidente sem Vítima;328;BR-101/ES;Sul;Saída de Pista;1;0;0;0;0;0;;;;;1;0;0;0;0
13/09/2015;19:05:00;219;Acidente sem Vítima;399;BR-101/ES;Sul;Colisão Traseira;1;0;0;0;0;0;;;;;3;0;0;0;0
14/09/2015;16:33:00;263;Acidente com vítima;266;BR-101/ES;Norte;Colisão Traseira;0;0;0;1;0;0;;;;;2;0;1;0;0
14/09/2015;17:43:00;279;Acidente com vítima;267;BR-101/ES;Norte;Colisão Traseira;1;0;0;1;0;0;;;;;1;0;1;0;0
14/09/2015;08:33:00;98;Acidente sem Vítima;268;BR-101/ES;Sul;Colisão Traseira;0;1;0;0;2;0;;;;;4;0;0;0;0
14/09/2015;14:56:00;239;Acidente sem Vítima;269;BR-101/ES;Norte;Colisão Traseira;1;0;0;0;2;0;;;;;3;0;0;0;0
14/09/2015;23:45:00;339;Acidente sem Vítima;315;BR-101/ES;Norte;Colisão Lateral;1;0;0;0;0;0;;;;;4;0;0;0;0
14/09/2015;18:54:00;288;Acidente com vítima;335;BR-101/ES;Norte;Queda de ciclista;0;0;0;0;0;0;;;;;0;1;0;0;0
14/09/2015;13:54:00;221;Acidente sem Vítima;399;BR-101/ES;Sul;Colisão Traseira;1;0;0;0;0;0;;;;;2;0;0;0;0
14/09/2015;11:27:00;168;Acidente sem Vítima;417;BR-101/ES;Norte;Colisão Lateral;1;0;0;0;2;0;;;;;3;0;0;0;0
15/09/2015;16:18:00;214;Acidente com vítima;263;BR-101/ES;Sul;Saída de Pista;0;0;0;0;0;0;;;;;1;0;1;0;0
15/09/2015;04:19:00;27;Acidente sem Vítima;269;BR-101/ES;Sul;Saída de Pista;0;0;0;0;1;0;;;;;1;0;0;0;0
15/09/2015;09:23:00;95;Acidente com vítima;297;BR-101/ES;Sul;Colisão Traseira;0;0;0;1;0;0;;;;;1;1;1;0;0
15/09/2015;01:56:00;12;Acidente sem Vítima;360;BR-101/ES;Norte;Saída de Pista;0;0;0;0;0;0;;;;;2;0;0;0;0
15/09/2015;05:27:00;35;Acidente sem Vítima;408;BR-101/ES;Sul;Saída de Pista;0;0;0;0;2;0;;;;;1;0;0;0;0
16/09/2015;14:52:00;206;Acidente com vítima;145;BR-101/ES;Norte;Saída de Pista;1;0;0;0;0;0;;;;;0;1;0;0;0
16/09/2015;18:01:00;260;Acidente sem Vítima;146;BR-101/ES;Sul;Colisão Lateral;2;0;0;0;0;0;;;;;2;0;0;0;0
16/09/2015;09:49:00;123;Atropelamento sem Morte;163;BR-101/ES;Norte;Atropelamento;1;0;0;1;0;0;;;;;2;1;1;1;0
16/09/2015;12:46:00;176;Acidente com vítima;263,8;BR-101/ES;Norte;Colisão Lateral;1;0;0;1;0;0;;;;;2;1;0;0;0
16/09/2015;08:33:00;106;Acidente com vítima;270;BR-101/ES;Norte;Colisão Lateral;0;1;0;1;0;0;;;;;2;1;0;0;0
16/09/2015;19:10:00;268;Acidente sem Vítima;270;BR-101/ES;Sul;Colisão Lateral;1;0;0;0;0;0;;;;;2;0;0;0;0
16/09/2015;21:58:00;307;Atropelamento sem Morte;278;BR-101/ES;Norte;Atropelamento e Fuga;0;0;0;0;2;0;;;;;0;0;1;0;0
16/09/2015;15:11:00;210;Acidente sem Vítima;279,2;BR-101/ES;Norte;Colisão Lateral;1;0;0;0;1;0;;;;;2;0;0;0;0
16/09/2015;13:13:00;184;Acidente com vítima;346;BR-101/ES;Sul;Colisão Frontal;1;0;0;0;0;0;;;;;1;2;0;0;0
16/09/2015;03:01:00;30;Acidente sem Vítima;393;BR-101/ES;Norte;Saída de Pista;0;0;0;0;0;1;;;;;1;0;0;0;0
16/09/2015;07:39:00;78;Acidente com vítima;395;BR-101/ES;Norte;Queda de Moto;0;0;0;1;0;0;;;;;0;1;0;0;0
17/09/2015;15:04:00;212;Acidente com vítima;65;BR-101/ES;Sul;Engavetamento;3;0;0;0;0;0;;;;;6;0;1;0;0
17/09/2015;17:02:00;244;Acidente sem Vítima;146;BR-101/ES;Norte;Colisão Traseira;1;0;0;0;0;0;;;;;4;0;0;0;0
17/09/2015;12:56:00;168;Acidente sem Vítima;171;BR-101/ES;Norte;Colisão Traseira;1;0;0;0;0;0;;;;;3;0;0;0;0
17/09/2015;11:31:00;133;Acidente com vítima;177;BR-101/ES;Norte;Saída de Pista;1;0;0;0;0;0;;;;;0;1;0;0;0
17/09/2015;19:44:00;266;Acidente com vítima;235;BR-101/ES;Norte;Colisão Lateral;0;0;0;1;0;0;;;;;1;0;0;2;0