data;horario;n_da_ocorrencia;tipo_de_ocorrencia;km;trecho;sentido;tipo_de_acidente;automovel;bicicleta;caminhao;moto;onibus;outros;tracao_animal;transporte_de_cargas_especiais;trator_maquinas;utilitarios;ilesos;levemente_feridos;moderadamente_feridos;gravemente_feridos;mortos
17/09/2015;15:22:00;215;Acidente com vítima;272;BR-101/ES;Norte;Choque com Objeto Fixo;1;0;0;0;0;0;;;;;0;0;1;0;0
17/09/2015;07:55:00;77;Acidente sem Vítima;301;BR-101/ES;Norte;Engavetamento;3;0;0;0;0;0;;;;;4;0;0;0;0
17/09/2015;15:02:00;211;Acidente sem Vítima;301;BR-101/ES;Sul;Colisão Traseira;2;0;0;0;0;0;;;;;2;0;0;0;0
17/09/2015;09:38:00;102;Acidente sem Vítima;336;BR-101/ES;Sul;Saída de Pista;0;0;0;0;0;0;;;;;1;0;0;0;0
17/09/2015;23:20:00;292;Acidente com vítima;342,8;BR-101/ES;Norte;Capotamento;1;0;0;0;0;0;;;;;0;1;1;0;0
17/09/2015;14:05:00;194;Acidente sem Vítima;453;BR-101/ES;Norte;Colisão Traseira;2;0;0;0;0;0;;;;;2;0;0;0;0
18/09/2015;21:39:00;350;Acidente com vítima;73;BR-101/ES;Norte;Colisão Lateral;1;0;0;0;0;0;;;;;0;0;2;0;0
18/09/2015;07:05:00;60;Acidente sem Vítima;140;BR-101/ES;Norte;Colisão Traseira;2;0;0;0;0;0;;;;;4;0;0;0;0
18/09/2015;14:58:00;233;Acidente com vítima;193;BR-101/ES;Norte;Capotamento;1;0;0;0;0;0;;;;;0;1;1;0;0
18/09/2015;19:09:00;307;Acidente sem Vítima;247;BR-101/ES;Norte;Queda de Moto;0;0;0;1;0;0;;;;;1;0;0;0;0
18/09/2015;17:11:00;274;Acidente sem Vítima;261;BR-101/ES;Norte;Colisão Lateral;1;0;0;0;1;0;;;;;4;0;0;0;0
18/09/2015;13:32:00;204;Acidente sem Vítima;265;BR-101/ES;Sul;Colisão Traseira;2;0;0;0;0;0;;;;;2;0;0;0;0
18/09/2015;09:37:00;122;Acidente sem Vítima;270;BR-101/ES;Norte;Colisão Traseira;1;0;0;0;0;0;;;;;2;0;0;0;0
18/09/2015;08:32:00;95;Acidente sem Vítima;288;BR-101/ES;Sul;Choque com Objeto Fixo;1;0;0;0;0;0;;;;;1;0;0;0;0
18/09/2015;18:06:00;292;Acidente sem Vítima;301;BR-101/ES;Norte;Engavetamento;3;0;0;0;0;0;;;;;8;0;0;0;0
19/09/2015;08:12:00;84;Acidente sem Vítima;71;BR-101/ES;Norte;Colisão Lateral;2;0;0;0;0;0;;;;;2;0;0;0;0
19/09/2015;15:10:00;208;Acidente sem Vítima;118;BR-101/ES;Norte;Colisão Lateral;2;0;0;0;0;0;;;;;4;0;0;0;0
19/09/2015;19:04:00;257;Acidente com vítima;120;BR-101/ES;Sul;Queda de Moto;0;0;0;1;0;0;;;;;0;1;0;0;0
19/09/2015;00:48:00;9;Acidente com vítima;126;BR-101/ES;Sul;Queda de ciclista;0;0;0;0;0;0;;;;;0;1;0;0;0
19/09/2015;19:33:00;265;Atropelamento sem Morte;146;BR-101/ES;Norte;Atropelamento e Fuga;1;0;0;0;0;0;;;;;0;0;1;0;0
19/09/2015;19:56:00;270;Acidente com vítima;147;BR-101/ES;Sul;Colisão Transversal;0;0;0;1;0;0;;;;;1;1;0;0;0
19/09/2015;22:11:00;301;Acidente com vítima;216;BR-101/ES;Sul;Queda de Moto;0;0;0;1;0;0;;;;;0;0;0;1;0
19/09/2015;08:42:00;94;Acidente sem Vítima;257;BR-101/ES;Sul;Colisão Traseira;2;0;0;0;0;0;;;;;4;0;0;0;0
19/09/2015;04:50:00;52;Acidente sem Vítima;259;BR-101/ES;Norte;Colisão Traseira;2;0;0;0;0;0;;;;;2;0;0;0;0
19/09/2015;19:19:00;263;Acidente sem Vítima;260;BR-101/ES;Norte;Colisão Traseira;2;0;0;0;0;0;;;;;2;0;0;0;0
19/09/2015;21:26:00;291;Acidente sem Vítima;269;BR-101/ES;Sul;Colisão Lateral;1;0;0;0;2;0;;;;;2;0;0;0;0
19/09/2015;17:00:00;233;Acidente sem Vítima;295;BR-101/ES;Norte;Choque com Objeto Fixo;1;0;0;0;0;0;;;;;5;0;0;0;0
19/09/2015;13:09:00;174;Acidente com vítima;313;BR-101/ES;Sul;Saída de Pista;1;0;0;0;0;0;;;;;0;1;0;0;0
20/09/2015;18:36:00;234;Acidente sem Vítima;40;BR-101/ES;Sul;Veículo em Chamas;1;0;0;0;0;0;;;;;1;0;0;0;0
20/09/2015;03:12:00;28;Acidente sem Vítima;85;BR-101/ES;Norte;Queda de Moto;0;0;0;1;0;0;;;;;1;0;0;0;0
20/09/2015;11:15:00;122;Acidente com vítima;126,9;BR-101/ES;Sul;Colisão;1;0;0;0;0;0;;;;;5;1;0;0;0
20/09/2015;00:27:00;9;Acidente sem Vítima;159;BR-101/ES;Norte;Colisão Lateral;1;0;0;1;0;0;;;;;3;0;0;0;0
20/09/2015;23:01:00;288;Acidente sem Vítima;246;BR-101/ES;Sul;Capotamento;1;0;0;0;0;0;;;;;1;0;0;0;0
20/09/2015;14:49:00;188;Acidente sem Vítima;257;BR-101/ES;Sul;Choque com Objeto Fixo;1;0;0;0;0;0;;;;;2;0;0;0;0
20/09/2015;11:17:00;123;Acidente com vítima;266;BR-101/ES;Sul;Colisão Lateral;0;0;0;1;2;0;;;;;1;0;1;0;0
20/09/2015;13:34:00;170;Acidente com vítima;267;BR-101/ES;Sul;Choque com Objeto Fixo;1;0;0;0;0;0;;;;;1;0;1;0;0
20/09/2015;21:58:00;276;Acidente sem Vítima;270;BR-101/ES;Sul;Colisão Traseira;0;0;0;0;1;1;;;;;3;0;0;0;0
20/09/2015;09:28:00;89;Acidente sem Vítima;291;BR-101/ES;Sul;Colisão Traseira;1;0;0;1;0;0;;;;;2;0;0;0;0
20/09/2015;18:40:00;236;Acidente sem Vítima;297;BR-101/ES;Sul;Colisão Traseira;1;0;0;0;0;0;;;;;3;0;0;0;0
20/09/2015;21:43:00;274;Acidente sem Vítima;358;BR-101/ES;Norte;Saída de Pista;1;0;0;0;0;0;;;;;1;0;0;0;0
20/09/2015;05:11:00;55;Acidente com vítima;391;BR-101/ES;Norte;Colisão Frontal;1;0;0;0;2;0;;;;;1;0;4;0;0
21/09/2015;19:12:00;288;Acidente com Morte;107;BR-101/ES;Sul;Colisão Transversal;0;0;0;1;2;0;;;;;0;0;1;0;1
21/09/2015;06:44:00;55;Acidente com vítima;141,5;BR-101/ES;Sul;Colisão Transversal;0;0;0;1;0;0;;;;;0;0;2;0;0
21/09/2015;11:02:00;130;Acidente sem Vítima;145;BR-101/ES;Norte;Colisão Lateral;1;0;0;0;3;0;;;;;2;0;0;0;0
21/09/2015;12:59:00;179;Acidente com vítima;179;BR-101/ES;Sul;Colisão Lateral;1;0;0;1;0;0;;;;;3;1;0;0;0
21/09/2015;08:41:00;92;Acidente sem Vítima;232;BR-101/ES;Sul;Colisão Lateral;1;0;0;0;0;1;;;;;3;0;0;0;0
21/09/2015;18:17:00;275;Acidente sem Vítima;264;BR-101/ES;Norte;Colisão Lateral;2;0;0;0;0;0;;;;;2;0;0;0;0
22/09/2015;11:49:00;154;Acidente com vítima;208,9;BR-101/ES;Norte;Colisão Lateral;2;0;0;0;0;0;;;;;1;1;1;0;0
22/09/2015;00:50:00;9;Acidente sem Vítima;254;BR-101/ES;Norte;Veículo em Chamas;0;0;0;0;2;0;;;;;1;0;0;0;0
22/09/2015;17:09:00;267;Acidente sem Vítima;266;BR-101/ES;Sul;Colisão Traseira;1;0;0;1;0;0;;;;;2;0;0;0;0
22/09/2015;03:08:00;29;Acidente sem Vítima;273;BR-101/ES;Norte;Veículo em Chamas;1;0;0;0;0;0;;;;;1;0;0;0;0
23/09/2015;16:44:00;249;Acidente sem Vítima;41;BR-101/ES;Sul;Colisão Lateral;1;0;0;0;1;0;;;;;2;0;0;0;0
23/09/2015;08:28:00;104;Acidente com vítima;147;BR-101/ES;Norte;Colisão Traseira;1;0;0;0;0;0;;;;;8;3;0;0;0
23/09/2015;06:11:00;62;Acidente sem Vítima;168;BR-101/ES;Sul;Colisão Traseira;0;1;0;0;0;0;;;;;2;0;0;0;0
23/09/2015;09:03:00;115;Acidente sem Vítima;212,5;BR-101/ES;Norte;Saída de Pista;1;0;0;0;0;0;;;;;2;0;0;0;0
23/09/2015;15:51:00;238;Acidente sem Vítima;264;BR-101/ES;Sul;Colisão Traseira;2;0;0;0;0;0;;;;;2;0;0;0;0
23/09/2015;18:07:00;270;Acidente com vítima;269;BR-101/ES;Norte;Queda de Moto;0;0;0;1;0;0;;;;;0;0;1;0;0
23/09/2015;07:17:00;73;Acidente sem Vítima;270;BR-101/ES;Sul;Queda de Moto;0;0;0;1;0;0;;;;;1;0;0;0;0
23/09/2015;15:14:00;232;Acidente com vítima;270;BR-101/ES;Norte;Queda de Moto;0;0;0;1;0;0;;;;;0;0;2;0;0
23/09/2015;06:09:00;61;Acidente com vítima;277;BR-101/ES;Norte;Colisão Traseira;0;0;0;1;2;0;;;;;2;1;1;0;0
23/09/2015;20:53:00;304;Acidente sem Vítima;358;BR-101/ES;Sul;Veículo em Chamas;0;0;0;0;2;0;;;;;1;0;0;0;0
24/09/2015;19:53:00;290;Acidente com vítima;118;BR-101/ES;Sul;Colisão Lateral;1;0;0;0;4;0;;;;;1;0;1;0;0
24/09/2015;19:23:00;284;Acidente com vítima;255;BR-101/ES;Norte;Colisão;0;1;0;0;0;0;;;;;1;1;0;0;0
24/09/2015;15:34:00;229;Acidente com vítima;266;BR-101/ES;Norte;Colisão Traseira;2;0;0;0;0;0;;;;;1;0;1;0;0
24/09/2015;14:13:00;208;Acidente sem Vítima;280;BR-101/ES;Norte;Colisão Traseira;0;0;0;1;0;0;;;;;2;0;0;0;0
24/09/2015;09:58:00;127;Acidente sem Vítima;289,5;BR-101/ES;Norte;Colisão Traseira;1;0;0;0;2;0;;;;;3;0;0;0;0
24/09/2015;06:14:00;57;Atropelamento sem Morte;291;BR-101/ES;Norte;Atropelamento e Fuga;1;0;0;0;0;0;;;;;0;0;1;0;0
24/09/2015;16:12:00;242;Acidente sem Vítima;450;BR-101/ES;Sul;Tombamento;0;0;0;0;0;0;;;;;1;0;0;0;0
25/09/2015;09:18:00;136;Acidente sem Vítima;126;BR-101/ES;Norte;Colisão Transversal;0;0;0;1;0;0;;;;;2;0;0;0;0
25/09/2015;00:01:00;1;Acidente sem Vítima;127;BR-101/ES;Norte;Atropelamento - Animal;1;0;0;0;0;0;;;;;1;0;0;0;0
25/09/2015;16:37:00;311;Acidente com vítima;128;BR-101/ES;Norte;Colisão Lateral;1;0;0;1;0;0;;;;;3;0;0;1;0
25/09/2015;20:16:00;359;Acidente com vítima;147;BR-101/ES;Norte;Colisão Lateral;1;0;0;1;0;0;;;;;1;1;0;0;0
25/09/2015;10:30:00;158;Acidente com vítima;148;BR-101/ES;Norte;Colisão Transversal;2;0;0;0;0;0;;;;;3;1;0;0;0
25/09/2015;00:55:00;10;Acidente sem Vítima;149;BR-101/ES;Sul;Colisão Lateral;1;0;0;0;3;0;;;;;3;0;0;0;0
25/09/2015;18:10:00;337;Acidente com vítima;160;BR-101/ES;Sul;Colisão Frontal;1;0;0;1;0;0;;;;;3;0;1;0;0
25/09/2015;18:56:00;347;Acidente sem Vítima;160;BR-101/ES;Norte;Saída de Pista;1;0;0;0;0;0;;;;;1;0;0;0;0
25/09/2015;19:40:00;352;Atropelamento com Morte;201;BR-101/ES;Norte;Atropelamento;0;0;0;0;0;0;;;;;1;0;0;0;1
25/09/2015;23:34:00;401;Acidente com vítima;201;BR-101/ES;Sul;Saída de Pista;1;0;0;0;0;0;;;;;2;1;0;0;0
25/09/2015;16:46:00;315;Acidente com vítima;260;BR-101/ES;Sul;Queda de Moto;0;0;0;1;0;0;;;;;0;1;0;0;0
25/09/2015;15:33:00;288;Acidente com vítima;262;BR-101/ES;Norte;Colisão Traseira;1;0;0;1;0;0;;;;;0;2;0;0;0
25/09/2015;08:32:00;114;Atropelamento sem Morte;270;BR-101/ES;Norte;Atropelamento e Fuga;1;0;0;0;0;0;;;;;0;1;0;0;0
25/09/2015;08:19:00;110;Acidente com vítima;282;BR-101/ES;Norte;Queda de ciclista;0;0;0;0;0;0;;;;;0;0;1;0;0
25/09/2015;05:05:00;53;Acidente sem Vítima;284,5;BR-101/ES;Sul;Choque com Objeto Fixo;1;0;0;0;0;0;;;;;1;0;0;0;0
25/09/2015;11:30:00;182;Acidente com vítima;296;BR-101/ES;Sul;Queda de Moto;0;0;0;1;0;0;;;;;0;1;0;0;0
25/09/2015;07:57:00;97;Acidente sem Vítima;298;BR-101/ES;Sul;Colisão Traseira;1;0;0;0;2;0;;;;;2;0;0;0;0
25/09/2015;15:59:00;299;Acidente com vítima;372;BR-101/ES;Sul;Colisão Transversal;2;0;0;0;0;0;;;;;3;1;0;0;0
26/09/2015;20:18:00;271;Acidente com vítima;90;BR-101/ES;Norte;Queda de Moto;0;0;0;1;0;0;;;;;0;0;1;0;0
26/09/2015;02:59:00;37;Acidente sem Vítima;161;BR-101/ES;Norte;Colisão Transversal;1;0;0;0;2;0;;;;;2;0;0;0;0
26/09/2015;18:14:00;255;Acidente com vítima;170;BR-101/ES;Norte;Colisão Frontal;1;0;0;1;0;0;;;;;1;1;0;1;0
26/09/2015;21:45:00;284;Acidente com vítima;256;BR-101/ES;Norte;Choque com Objeto Fixo;0;0;0;1;0;0;;;;;0;0;1;0;0
26/09/2015;19:17:00;263;Acidente com vítima;264;BR-101/ES;Sul;Saída de Pista;1;0;0;0;0;0;;;;;1;2;1;0;0
26/09/2015;15:55:00;223;Acidente sem Vítima;266;BR-101/ES;Norte;Colisão Traseira;2;0;0;0;0;0;;;;;4;0;0;0;0
26/09/2015;07:55:00;86;Acidente sem Vítima;270;BR-101/ES;Sul;Colisão Traseira;1;0;0;0;0;0;;;;;3;0;0;0;0
26/09/2015;14:53:00;204;Acidente com vítima;272;BR-101/ES;Sul;Saída de Pista;1;0;0;0;0;0;;;;;3;0;1;0;0
26/09/2015;15:46:00;221;Acidente com vítima;290;BR-101/ES;Sul;Queda de Moto;0;0;0;1;0;0;;;;;0;0;1;0;0
26/09/2015;23:09:00;303;Acidente com vítima;320;BR-101/ES;Sul;Colisão Traseira;1;0;0;1;0;0;;;;;1;0;1;0;0
26/09/2015;08:54:00;106;Acidente sem Vítima;414;BR-101/ES;Sul;Colisão Traseira;2;0;0;0;0;0;;;;;2;0;0;0;0
27/09/2015;17:39:00;239;Acidente com vítima;30;BR-101/ES;Sul;Queda de Moto;0;0;0;1;0;0;;;;;0;1;0;0;0
27/09/2015;07:08:00;63;Acidente com Morte;33;BR-101/ES;Sul;Colisão Transversal;2;0;0;0;0;0;;;;;2;0;1;0;1
27/09/2015;13:39:00;182;Acidente sem Vítima;137;BR-101/ES;Sul;Colisão Traseira;2;0;0;0;0;0;;;;;7;0;0;0;0
27/09/2015;21:06:00;276;Acidente sem Vítima;244;BR-101/ES;Sul;Colisão Traseira;2;0;0;0;0;0;;;;;4;0;0;0;0
27/09/2015;18:32:00;247;Acidente sem Vítima;255;BR-101/ES;Norte;Colisão Frontal;2;0;0;0;0;0;;;;;3;0;0;0;0
27/09/2015;10:27:00;113;Acidente sem Vítima;257,3;BR-101/ES;Norte;Choque com Objeto Fixo;1;0;0;0;0;0;;;;;1;0;0;0;0
27/09/2015;10:11:00;111;Acidente sem Vítima;264;BR-101/ES;Sul;Colisão Traseira;2;0;0;0;0;0;;;;;3;0;0;0;0
27/09/2015;18:37:00;249;Acidente com vítima;269;BR-101/ES;Norte;Queda de Moto;0;0;0;1;0;0;;;;;0;1;1;0;0
27/09/2015;02:00:00;18;Acidente com vítima;300;BR-101/ES;Norte;Capotamento;1;0;0;0;0;0;;;;;0;0;1;0;0
27/09/2015;20:24:00;267;Acidente com vítima;424;BR-101/ES;Sul;Saída de Pista;1;0;0;0;0;0;;;;;3;1;1;0;0
28/09/2015;07:13:00;56;Acidente com vítima;67;BR-101/ES;Sul;Queda de Moto;0;0;0;1;0;0;;;;;0;1;0;0;0
28/09/2015;09:47:00;76;Acidente sem Vítima;69;BR-101/ES;Norte;Colisão Traseira;2;0;0;0;0;0;;;;;1;0;0;0;0
28/09/2015;15:13:00;168;Acidente sem Vítima;107;BR-101/ES;Sul;Colisão Traseira;3;0;0;0;0;0;;;;;8;0;0;0;0
28/09/2015;07:41:00;61;Acidente com vítima;133;BR-101/ES;Sul;Saída de Pista;1;0;0;0;0;0;;;;;2;0;1;0;0
28/09/2015;06:09:00;47;Acidente com vítima;266;BR-101/ES;Sul;Colisão Traseira;0;1;0;0;2;0;;;;;0;36;6;0;0
28/09/2015;12:12:00;115;Acidente sem Vítima;269;BR-101/ES;Sul;Colisão Traseira;3;0;0;0;0;0;;;;;6;0;0;0;0
28/09/2015;04:46:00;39;Acidente sem Vítima;270;BR-101/ES;Sul;Colisão Traseira;1;0;0;0;0;0;;;;;3;0;0;0;0
28/09/2015;07:34:00;60;Acidente com vítima;270;BR-101/ES;Sul;Colisão Lateral;2;0;0;0;0;0;;;;;1;1;1;0;0
28/09/2015;06:40:00;51;Acidente com vítima;273;BR-101/ES;Norte;Capotamento;1;0;0;0;0;0;;;;;0;0;1;0;0
28/09/2015;18:09:00;212;Acidente sem Vítima;277;BR-101/ES;Sul;Saída de Pista;1;0;0;0;0;0;;;;;3;0;0;0;0
28/09/2015;16:32:00;186;Acidente com vítima;335;BR-101/ES;Sul;Colisão Traseira;2;0;0;0;0;0;;;;;2;2;0;0;0
29/09/2015;07:01:00;69;Acidente com Morte;74;BR-101/ES;Sul;Colisão Frontal;0;0;0;1;0;0;;;;;0;1;1;0;1
29/09/2015;10:35:00;145;Acidente sem Vítima;125,5;BR-101/ES;Norte;Colisão Traseira;2;0;0;0;0;0;;;;;6;0;0;0;0
29/09/2015;06:46:00;63;Acidente sem Vítima;128;BR-101/ES;Norte;Colisão Traseira;2;0;0;0;0;0;;;;;2;0;0;0;0
29/09/2015;17:44:00;290;Acidente com vítima;129,5;BR-101/ES;Sul;Colisão Transversal;2;0;0;0;0;0;;;;;1;0;1;0;0
29/09/2015;07:00:00;68;Acidente sem Vítima;251;BR-101/ES;Norte;Colisão Traseira;2;0;0;0;0;0;;;;;2;0;0;0;0
29/09/2015;15:14:00;241;Acidente sem Vítima;269;BR-101/ES;Sul;Colisão Traseira;2;0;0;0;0;0;;;;;3;0;0;0;0
29/09/2015;19:30:00;313;Acidente com vítima;269;BR-101/ES;Sul;Queda de Moto;0;0;0;1;0;0;;;;;0;2;0;0;0
29/09/2015;15:41:00;250;Acidente com vítima;275;BR-101/ES;Norte;Saída de Pista;1;0;0;0;0;0;;;;;0;0;1;0;0
29/09/2015;08:48:00;111;Acidente com vítima;358;BR-101/ES;Sul;Queda de Moto;0;0;0;1;0;0;;;;;1;1;0;0;0
29/09/2015;17:30:00;285;Acidente sem Vítima;374,3;BR-101/ES;Sul;Colisão Transversal;1;0;0;1;0;0;;;;;2;0;0;0;0
30/09/2015;19:33:00;345;Acidente com vítima;69;BR-101/ES;Sul;Colisão Frontal;2;0;0;0;0;0;;;;;1;1;0;0;0
30/09/2015;22:12:00;378;Acidente sem Vítima;145;BR-101/ES;Norte;Saída de Pista;1;0;0;0;0;0;;;;;3;0;0;0;0
30/09/2015;20:54:00;361;Acidente com vítima;147;BR-101/ES;Sul;Colisão Transversal;1;0;0;1;0;0;;;;;1;0;1;0;0
30/09/2015;09:55:00;144;Acidente sem Vítima;149;BR-101/ES;Sul;Colisão Lateral;1;0;0;0;0;0;;;;;2;0;0;0;0
30/09/2015;21:15:00;366;Acidente com vítima;213;BR-101/ES;Norte;Colisão Traseira;1;0;0;1;0;0;;;;;1;1;0;0;0
30/09/2015;16:49:00;306;Acidente sem Vítima;257;BR-101/ES;Sul;Colisão Traseira;2;0;0;0;0;0;;;;;2;0;0;0;0
30/09/2015;12:09:00;197;Acidente sem Vítima;259;BR-101/ES;Sul;Choque com Objeto Fixo;1;0;0;0;0;0;;;;;1;0;0;0;0
30/09/2015;19:10:00;340;Acidente com vítima;264;BR-101/ES;Norte;Colisão Lateral;0;0;0;1;1;0;;;;;2;0;1;0;0
30/09/2015;19:57:00;350;Acidente sem Vítima;266;BR-101/ES;Sul;Engavetamento;3;0;0;0;0;0;;;;;4;0;0;0;0
30/09/2015;04:03:00;41;Acidente com vítima;291;BR-101/ES;Sul;Atropelamento - Equino;0;0;0;1;0;0;;;;;0;1;0;0;0
30/09/2015;10:06:00;149;Acidente com vítima;315;BR-101/ES;Norte;Colisão Transversal;1;0;0;0;2;0;;;;;1;0;2;0;0
30/09/2015;07:00:00;67;Acidente sem Vítima;438;BR-101/ES;Sul;Colisão Traseira;1;0;0;0;3;0;;;;;2;0;0;0;0
01/10/2015;15:24:00;216;Acidente sem Vítima;129;BR-101/ES;Norte;Colisão Traseira;1;0;2;0;0;0;;;;;2;0;0;0;0
01/10/2015;13:31:00;179;Acidente com vítima;147;BR-101/ES;Sul;Colisão Transversal;1;0;1;0;0;0;;;;;1;2;0;0;0
01/10/2015;10:03:00;117;Acidente sem Vítima;166;BR-101/ES;Norte;Colisão Traseira;0;0;3;0;0;0;;;;;4;0;0;0;0
01/10/2015;15:10:00;208;Acidente sem Vítima;267;BR-101/ES;Sul;Queda de Moto;0;0;0;1;0;0;;;;;1;0;0;0;0
01/10/2015;19:30:00;275 - TRECHO CONTORNO;Acidente sem Vítima;270;BR-101/ES;Sul;Colisão Lateral;2;0;1;0;0;0;;;;;4;0;0;0;0
01/10/2015;05:45:00;57 - TRECHO CONTORNO;Acidente sem Vítima;271;BR-101/ES;Norte;Colisão Traseira;2;0;0;0;0;0;;;;;3;0;0;0;0
01/10/2015;06:57:00;67 - TRECHO CONTORNO;Acidente com vítima;280;BR-101/ES;Sul;Choque com Objeto Fixo;0;0;0;0;1;0;;;;;0;0;1;1;0
01/10/2015;01:31:00;14;Acidente sem Vítima;304;BR-101/ES;Sul;Veículo em Chamas;0;0;3;0;0;0;;;;;1;0;0;0;0
01/10/2015;12:36:00;161;Acidente sem Vítima;372,5;BR-101/ES;Sul;Colisão Lateral;1;0;0;1;0;0;;;;;2;0;0;0;0
02/10/2015;16:06:00;214;Acidente com vítima;130;BR-101/ES;Sul;Colisão Traseira;1;0;0;1;0;0;;;;;2;1;0;0;0
02/10/2015;20:21:00;279;Acidente com vítima;162;BR-101/ES;Sul;Colisão Lateral;1;0;1;0;0;0;;;;;4;0;1;0;0
02/10/2015;14:34:00;194;Acidente sem Vítima;187;BR-101/ES;Sul;Colisão Transversal;1;0;1;0;0;0;;;;;3;0;0;0;0
02/10/2015;14:08:00;189;Acidente sem Vítima;244;BR-101/ES;Sul;Veículo em Chamas;1;0;0;0;0;0;;;;;1;0;0;0;0
02/10/2015;10:41:00;127;Acidente sem Vítima;254,5;BR-101/ES;Sul;Colisão Traseira;1;0;1;0;0;0;;;;;2;0;0;0;0
02/10/2015;08:11:00;86 - TRECHO CONTORNO;Acidente sem Vítima;296;BR-101/ES;Norte;Colisão Lateral;1;0;2;0;0;0;;;;;3;0;0;0;0
02/10/2015;15:12:00;204;Acidente com Morte;421;BR-101/ES;Sul;Colisão Transversal;1;0;2;2;0;0;;;;;2;0;0;2;2
03/10/2015;18:12:00;274;Acidente com vítima;69;BR-101/ES;Norte;Colisão Traseira;2;0;0;0;0;0;;;;;2;2;0;0;0
03/10/2015;18:17:00;277;Acidente com vítima;132;BR-101/ES;Norte;Queda de Moto;0;0;0;1;0;0;;;;;0;2;0;0;0
03/10/2015;22:13:00;325;Acidente com vítima;137;BR-101/ES;Sul;Colisão Lateral;1;1;0;0;0;0;;;;;1;0;1;0;0
03/10/2015;23:09:00;334;Acidente com vítima;146;BR-101/ES;Norte;Colisão Lateral;0;1;0;0;1;0;;;;;1;0;1;0;0
03/10/2015;23:01:00;333;Acidente sem Vítima;160;BR-101/ES;Norte;Atropelamento - Equino;1;0;0;0;0;0;;;;;1;0;0;0;0
03/10/2015;12:37:00;169;Acidente com vítima;162;BR-101/ES;Norte;Capotamento;1;0;0;0;0;0;;;;;0;1;0;1;0
03/10/2015;20:22:00;306 - TRECHO CONTORNO;Acidente sem Vítima;278;BR-101/ES;Norte;Capotamento;1;0;0;0;0;0;;;;;1;0;0;0;0
03/10/2015;00:48:00;13;Acidente com vítima;412;BR-101/ES;Sul;Queda de Moto;0;0;0;1;0;0;;;;;1;1;0;0;0
03/10/2015;01:52:00;22;Acidente com Morte;939,4;BR-101/BA;Sul;Colisão Frontal;2;0;0;0;0;0;;;;;0;0;5;0;2
04/10/2015;12:00:00;156;Acidente com vítima;117;BR-101/ES;Sul;Queda de Moto;0;0;0;1;0;0;;;;;0;1;0;0;0
04/10/2015;17:30:00;244;Acidente sem Vítima;145;BR-101/ES;Sul;Colisão Traseira;2;0;0;0;0;0;;;;;4;0;0;0;0
04/10/2015;13:51:00;190;Acidente sem Vítima;174;BR-101/ES;Norte;Choque;1;0;0;0;0;0;;;;;4;0;0;0;0
04/10/2015;19:01:00;264;Acidente sem Vítima;229;BR-101/ES;Norte;Colisão Traseira;1;0;0;1;0;0;;;;;3;0;0;0;0
04/10/2015;07:29:00;74;Acidente sem Vítima;245;BR-101/ES;Norte;Choque com Objeto Fixo;1;0;0;0;0;0;;;;;3;0;0;0;0
04/10/2015;16:56:00;233;Acidente sem Vítima;254;BR-101/ES;Sul;Engavetamento;3;0;0;0;0;0;;;;;5;0;0;0;0
04/10/2015;16:31:00;226;Acidente sem Vítima;255;BR-101/ES;Sul;Colisão Transversal;1;0;0;1;0;0;;;;;2;0;0;0;0
04/10/2015;09:26:00;105;Acidente com vítima;261;BR-101/ES;Sul;Saída de Pista;0;0;0;1;0;0;;;;;0;0;1;0;0
04/10/2015;15:36:00;209 - TRECHO CONTORNO;Acidente com vítima;276;BR-101/ES;Sul;Queda de Moto;1;0;0;0;0;0;;;;;1;0;1;0;0
04/10/2015;03:44:00;43 - TRECHO CONTORNO;Acidente sem Vítima;286;BR-101/ES;Sul;Choque com Objeto Fixo;1;0;0;0;0;0;;;;;1;0;0;0;0
04/10/2015;20:05:00;276 - TRECHO CONTORNO;Acidente sem Vítima;290;BR-101/ES;Norte;Choque;1;0;2;0;0;0;;;;;2;0;0;0;0
04/10/2015;00:36:00;5 - TRECHO CONTORNO;Acidente com vítima;296;BR-101/ES;Norte;Choque com Objeto Fixo;1;0;0;0;0;0;;;;;0;0;0;1;0
04/10/2015;15:16:00;203;Acidente sem Vítima;305;BR-101/ES;Norte;Tombamento;0;0;3;0;0;0;;;;;1;0;0;0;0
04/10/2015;23:27:00;299;Acidente sem Vítima;406;BR-101/ES;Norte;Saída de Pista;1;0;0;0;0;0;;;;;3;0;0;0;0
05/10/2015;15:43:00;193;Acidente sem Vítima;244;BR-101/ES;Sul;Colisão Lateral;1;0;1;0;0;0;;;;;5;0;0;0;0
05/10/2015;15:37:00;189;Acidente sem Vítima;247;BR-101/ES;Sul;Choque com Veículo Estacionado;0;0;2;0;0;0;;;;;2;0;0;0;0
05/10/2015;08:15:00;66;Acidente sem Vítima;267;BR-101/ES;Norte;Colisão Traseira;1;0;0;1;0;0;;;;;2;0;0;0;0
05/10/2015;11:54:00;123;Acidente sem Vítima;268;BR-101/ES;Norte;Colisão Traseira;0;0;4;0;0;0;;;;;3;0;0;0;0
05/10/2015;09:02:00;75;Acidente sem Vítima;298;BR-101/ES;Norte;Colisão Traseira;0;0;2;0;1;0;;;;;2;0;0;0;0
05/10/2015;13:57:00;162;Acidente sem Vítima;298,5;BR-101/ES;Sul;Colisão Lateral;2;0;0;0;0;0;;;;;2;0;0;0;0
05/10/2015;11:31:00;117;Acidente sem Vítima;376;BR-101/ES;Sul;Colisão Transversal;2;0;0;0;0;0;;;;;2;0;0;0;0