data;horario;n_da_ocorrencia;tipo_de_ocorrencia;km;trecho;sentido;tipo_de_acidente;automovel;bicicleta;caminhao;moto;onibus;outros;tracao_animal;transporte_de_cargas_especiais;trator_maquinas;utilitarios;ilesos;levemente_feridos;moderadamente_feridos;gravemente_feridos;mortos
05/10/2015;10:05:00;96;Acidente sem Vítima;448;BR-101/ES;Sul;Saída de Pista;1;0;0;0;0;0;;;;;3;0;0;0;0
06/10/2015;21:10:00;259;Acidente sem Vítima;50;BR-101/ES;Norte;Veículo em Chamas;0;0;1;0;0;0;;;;;1;0;0;0;0
06/10/2015;18:11:00;229;Atropelamento sem Morte;142;BR-101/ES;Sul;Atropelamento;1;0;0;0;0;0;;;;;1;1;0;0;0
06/10/2015;10:30:00;104;Acidente com vítima;147;BR-101/ES;Norte;Queda de ciclista;0;1;0;0;0;0;;;;;0;1;0;0;0
06/10/2015;10:52:00;111;Atropelamento sem Morte;149;BR-101/ES;Norte;Atropelamento;0;0;1;0;0;0;;;;;2;0;0;1;0
06/10/2015;10:16:00;99;Acidente sem Vítima;267;BR-101/ES;Sul;Colisão Traseira;2;0;0;0;0;0;;;;;2;0;0;0;0
06/10/2015;10:18:00;101 - TRECHO CONTORNO;Acidente sem Vítima;281;BR-101/ES;Norte;Capotamento;1;0;0;0;0;0;;;;;2;0;0;0;0
06/10/2015;16:50:00;212 - TRECHO CONTORNO;Acidente com vítima;282;BR-101/ES;Sul;Queda de Moto;0;0;0;1;0;0;;;;;0;1;0;0;0
06/10/2015;02:17:00;18;Acidente com vítima;352;BR-101/ES;Norte;Tombamento;0;0;2;0;0;0;;;;;0;1;1;0;0
07/10/2015;06:27:00;64;Acidente sem Vítima;65;BR-101/ES;Norte;Colisão Lateral;1;0;1;0;0;0;;;;;2;0;0;0;0
07/10/2015;20:13:00;312;Acidente com vítima;130;BR-101/ES;Sul;Veículo em Chamas;1;0;0;0;0;0;;;;;0;1;0;0;0
07/10/2015;09:09:00;114;Acidente com vítima;147;BR-101/ES;Sul;Colisão Traseira;0;0;1;0;1;0;;;;;2;1;0;0;0
07/10/2015;22:27:00;342;Acidente com vítima;152;BR-101/ES;Sul;Colisão Transversal;2;0;0;0;0;0;;;;;2;1;0;0;0
07/10/2015;10:43:00;147;Acidente sem Vítima;264;BR-101/ES;Norte;Colisão Traseira;1;0;1;0;0;0;;;;;2;0;0;0;0
07/10/2015;21:54:00;335;Acidente sem Vítima;264;BR-101/ES;Sul;Colisão Traseira;2;0;0;0;0;0;;;;;4;0;0;0;0
07/10/2015;15:44:00;245;Acidente sem Vítima;269;BR-101/ES;Norte;Colisão Lateral;1;0;2;0;0;0;;;;;2;0;0;0;0
07/10/2015;22:49:00;344;Acidente com vítima;298;BR-101/ES;Sul;Colisão Transversal;2;0;0;0;0;0;;;;;1;0;1;0;0
07/10/2015;11:02:00;153;Acidente com vítima;370;BR-101/ES;Sul;Choque;1;0;3;0;0;0;;;;;1;2;0;0;0
08/10/2015;18:45:00;329;Acidente sem Vítima;46;BR-101/ES;Sul;Colisão Traseira;1;0;1;0;0;0;;;;;3;0;0;0;0
08/10/2015;10:14:00;151;Acidente sem Vítima;230,8;BR-101/ES;Sul;Saída de Pista;1;0;0;0;0;0;;;;;1;0;0;0;0
08/10/2015;15:37:00;279;Acidente sem Vítima;262;BR-101/ES;Norte;Colisão Traseira;0;0;1;0;1;0;;;;;2;0;0;0;0
08/10/2015;08:18:00;104;Acidente sem Vítima;269;BR-101/ES;Norte;Colisão Traseira;2;0;0;0;0;0;;;;;2;0;0;0;0
08/10/2015;19:16:00;341 - TRECHO CONTORNO;Acidente com vítima;271;BR-101/ES;Norte;Queda de Moto;0;0;0;1;0;0;;;;;0;0;2;0;0
08/10/2015;20:39:00;359 - TRECHO CONTORNO;Acidente sem Vítima;271;BR-101/ES;Sul;Colisão Traseira;1;0;2;0;0;0;;;;;2;0;0;0;0
08/10/2015;01:08:00;19 - TRECHO CONTORNO;Acidente sem Vítima;288;BR-101/ES;Norte;Saída de Pista;1;0;1;0;0;0;;;;;1;0;0;0;0
08/10/2015;15:07:00;270;Acidente sem Vítima;347;BR-101/ES;Sul;Engavetamento;3;0;0;0;0;0;;;;;6;0;0;0;0
08/10/2015;07:15:00;74;Acidente sem Vítima;452;BR-101/ES;Sul;Colisão Traseira;0;0;3;0;0;0;;;;;2;0;0;0;0
09/10/2015;06:33:00;69;Acidente com vítima;145;BR-101/ES;Norte;Colisão Traseira;1;0;0;1;0;0;;;;;1;1;0;0;0
09/10/2015;19:19:00;304;Acidente com vítima;212;BR-101/ES;Sul;Queda de Moto;1;0;0;0;0;0;;;;;0;1;0;0;0
09/10/2015;02:11:00;33;Acidente com vítima;256;BR-101/ES;Sul;Queda de ciclista;0;1;0;0;0;0;;;;;0;1;0;0;0
09/10/2015;21:50:00;341;Acidente com vítima;259;BR-101/ES;Sul;Queda de Moto;0;0;0;1;0;0;;;;;0;0;1;0;0
09/10/2015;20:30:00;318;Acidente sem Vítima;266;BR-101/ES;Norte;Tombamento;0;0;2;0;0;0;;;;;1;0;0;0;0
09/10/2015;14:30:00;216 - TRECHO CONTORNO;Acidente com vítima;272;BR-101/ES;Sul;Choque com Objeto Fixo;1;0;0;0;0;0;;;;;1;1;0;0;0
09/10/2015;19:50:00;311 - TRECHO CONTORNO;Acidente sem Vítima;283;BR-101/ES;Sul;Saída de Pista;1;0;0;0;0;0;;;;;2;0;0;0;0
09/10/2015;07:50:00;95 - TRECHO CONTORNO;Acidente sem Vítima;290;BR-101/ES;Norte;Colisão Lateral;1;0;1;0;0;0;;;;;4;0;0;0;0
09/10/2015;21:00:00;324;Acidente com vítima;297;BR-101/ES;Norte;Colisão Lateral;1;0;0;1;0;0;;;;;1;1;0;0;0
09/10/2015;15:11:00;231;Acidente com Morte;297,5;BR-101/ES;Sul;Colisão Lateral;0;0;2;1;0;0;;;;;1;0;0;0;1
09/10/2015;16:10:00;248;Acidente sem Vítima;298;BR-101/ES;Norte;Colisão Traseira;3;0;0;0;0;0;;;;;3;0;0;0;0
09/10/2015;18:47:00;295;Acidente sem Vítima;298;BR-101/ES;Sul;Colisão Lateral;1;0;2;0;0;0;;;;;2;0;0;0;0
10/10/2015;15:33:00;265;Acidente com vítima;128,9;BR-101/ES;Sul;Queda de Moto;0;0;0;1;0;0;;;;;0;0;0;1;0
10/10/2015;10:26:00;152;Acidente sem Vítima;151;BR-101/ES;Norte;Colisão Traseira;2;0;0;0;0;0;;;;;3;0;0;0;0
10/10/2015;02:02:00;32;Acidente sem Vítima;219;BR-101/ES;Sul;Saída de Pista;1;0;0;0;0;0;;;;;2;0;0;0;0
10/10/2015;11:55:00;189;Acidente com vítima;264;BR-101/ES;Norte;Colisão;1;1;0;0;0;0;;;;;1;1;0;0;0
10/10/2015;05:34:00;73;Acidente sem Vítima;269;BR-101/ES;Sul;Colisão Traseira;2;0;0;0;0;0;;;;;2;0;0;0;0
10/10/2015;20:56:00;344 - TRECHO CONTORNO;Acidente sem Vítima;295;BR-101/ES;Sul;Colisão Traseira;2;0;0;0;0;0;;;;;2;0;0;0;0
10/10/2015;20:49:00;341;Acidente sem Vítima;337;BR-101/ES;Norte;Colisão Frontal;2;0;0;0;0;0;;;;;6;0;0;0;0
10/10/2015;14:15:00;251;Acidente com vítima;340;BR-101/ES;Sul;Colisão Frontal;2;0;0;0;0;0;;;;;0;0;0;5;0
10/10/2015;09:18:00;128;Acidente com vítima;398;BR-101/ES;Sul;Colisão Transversal;1;0;1;0;0;0;;;;;0;2;0;0;0
10/10/2015;01:58:00;31;Acidente com Morte;441;BR-101/ES;Sul;Colisão Lateral;0;0;0;1;0;0;;;;;0;0;0;0;1
10/10/2015;13:37:00;237;Acidente com vítima;442;BR-101/ES;Norte;Queda de Moto;0;0;0;1;0;0;;;;;0;1;0;0;0
11/10/2015;21:44:00;322;Acidente com vítima;17;BR-101/ES;Sul;Queda de ciclista;0;1;0;0;0;0;;;;;0;1;0;0;0
11/10/2015;16:15:00;245;Acidente com vítima;18;BR-101/ES;Norte;Colisão;0;1;0;1;0;0;;;;;1;1;0;0;0
11/10/2015;04:41:00;60;Acidente sem Vítima;123;BR-101/ES;Sul;Colisão Lateral;1;0;3;0;0;0;;;;;2;0;0;0;0
11/10/2015;00:55:00;18;Acidente com vítima;147;BR-101/ES;Norte;Colisão Transversal;2;0;0;0;0;0;;;;;1;0;1;0;0
11/10/2015;12:15:00;173;Acidente com vítima;147;BR-101/ES;Norte;Colisão Lateral;1;0;0;1;0;0;;;;;5;2;0;0;0
11/10/2015;09:31:00;113;Acidente sem Vítima;172;BR-101/ES;Norte;Colisão Traseira;0;0;6;0;0;0;;;;;2;0;0;0;0
11/10/2015;19:01:00;284;Acidente sem Vítima;244;BR-101/ES;Sul;Saída de Pista;1;0;0;0;0;0;;;;;3;0;0;0;0
11/10/2015;15:46:00;236;Acidente sem Vítima;266;BR-101/ES;Norte;Colisão Traseira;2;0;0;0;0;0;;;;;4;0;0;0;0
11/10/2015;21:15:00;314;Acidente sem Vítima;309;BR-101/ES;Sul;Colisão Traseira;2;0;0;0;0;0;;;;;2;0;0;0;0
12/10/2015;12:50:00;162;Acidente sem Vítima;66;BR-101/ES;Sul;Colisão Traseira;2;0;0;0;0;0;;;;;2;0;0;0;0
12/10/2015;14:15:00;197;Acidente sem Vítima;120;BR-101/ES;Sul;Colisão Traseira;1;0;0;1;0;0;;;;;4;0;0;0;0
12/10/2015;06:30:00;50;Acidente sem Vítima;139;BR-101/ES;Sul;Colisão Traseira;2;0;0;0;0;0;;;;;5;0;0;0;0
12/10/2015;16:54:00;250;Acidente sem Vítima;204;BR-101/ES;Sul;Engavetamento;3;0;0;0;0;0;;;;;10;0;0;0;0
12/10/2015;13:26:00;178;Acidente sem Vítima;234;BR-101/ES;Norte;Choque;1;0;2;0;0;0;;;;;5;0;0;0;0
12/10/2015;16:36:00;245;Acidente com vítima;253;BR-101/ES;Sul;Engavetamento;3;0;0;0;0;0;;;;;5;1;0;0;0
12/10/2015;20:27:00;319;Acidente sem Vítima;253;BR-101/ES;Sul;Engavetamento;2;0;1;0;0;0;;;;;8;0;0;0;0
12/10/2015;19:14:00;300;Acidente com vítima;263;BR-101/ES;Sul;Colisão Traseira;2;0;0;0;0;0;;;;;2;0;1;0;0
12/10/2015;18:17:00;283;Acidente sem Vítima;269;BR-101/ES;Sul;Colisão Lateral;1;0;1;0;0;0;;;;;3;0;0;0;0
12/10/2015;10:58:00;112 - TRECHO CONTORNO;Acidente com vítima;293;BR-101/ES;Sul;Queda de Moto;0;0;0;1;0;0;;;;;0;0;1;0;0
12/10/2015;17:42:00;271 - TRECHO CONTORNO;Acidente sem Vítima;294;BR-101/ES;Sul;Choque com Objeto Fixo;1;0;0;0;0;0;;;;;1;0;0;0;0
12/10/2015;19:08:00;297;Acidente sem Vítima;398;BR-101/ES;Norte;Colisão Traseira;1;0;2;0;0;0;;;;;5;0;0;0;0
13/10/2015;15:46:00;258;Acidente com vítima;67;BR-101/ES;Sul;Engavetamento;4;0;0;0;0;0;;;;;3;1;0;0;0
13/10/2015;18:02:00;302;Acidente sem Vítima;149;BR-101/ES;Sul;Colisão Transversal;1;0;1;0;0;0;;;;;4;0;0;0;0
13/10/2015;08:28:00;99;Acidente sem Vítima;237;BR-101/ES;Sul;Colisão Traseira;3;0;0;0;0;0;;;;;5;0;0;0;0
13/10/2015;18:52:00;317;Acidente com vítima;265;BR-101/ES;Sul;Colisão Traseira;1;0;0;0;1;0;;;;;3;1;0;0;0
13/10/2015;11:51:00;177 - TRECHO CONTORNO;Acidente sem Vítima;271;BR-101/ES;Norte;Colisão Traseira;2;0;0;0;0;0;;;;;3;0;0;0;0
13/10/2015;21:17:00;339 - TRECHO CONTORNO;Acidente sem Vítima;292;BR-101/ES;Sul;Choque com Objeto Fixo;1;0;0;0;0;0;;;;;1;0;0;0;0
13/10/2015;21:57:00;345;Acidente com vítima;298;BR-101/ES;Sul;Colisão Traseira;1;0;0;1;0;0;;;;;1;1;0;0;0
13/10/2015;08:12:00;93;Acidente sem Vítima;308;BR-101/ES;Norte;Saída de Pista;2;0;0;0;0;0;;;;;1;0;0;0;0
13/10/2015;03:59:00;40;Acidente sem Vítima;355;BR-101/ES;Norte;Saída de Pista;0;0;1;0;0;0;;;;;2;0;0;0;0
13/10/2015;11:49:00;176;Acidente sem Vítima;385;BR-101/ES;Sul;Saída de Pista;1;0;0;0;0;0;;;;;1;0;0;0;0
13/10/2015;05:01:00;46;Acidente sem Vítima;417;BR-101/ES;Sul;Atropelamento - Bovino;0;0;2;0;0;0;;;;;1;0;0;0;0
13/10/2015;16:12:00;270;Acidente com vítima;432;BR-101/ES;Norte;Queda de Moto;0;0;0;1;0;0;;;;;0;1;0;0;0
13/10/2015;12:42:00;196;Acidente sem Vítima;947;BR-101/BA;Norte;Veículo em Chamas;0;0;2;0;0;0;;;;;1;0;0;0;0
14/10/2015;19:10:00;301;Acidente com vítima;61;BR-101/ES;Norte;Colisão Lateral;1;0;1;0;0;0;;;;;2;0;1;0;0
14/10/2015;21:46:00;336;Acidente sem Vítima;238;BR-101/ES;Norte;Colisão Traseira;2;0;0;0;0;0;;;;;2;0;0;0;0
14/10/2015;14:57:00;247;Acidente sem Vítima;242;BR-101/ES;Norte;Queda de Moto;0;0;0;1;0;0;;;;;1;0;0;0;0
14/10/2015;19:14:00;302;Acidente sem Vítima;249,6;BR-101/ES;Norte;Colisão Traseira;2;0;0;0;0;0;;;;;3;0;0;0;0
14/10/2015;15:44:00;257;Atropelamento sem Morte;264,5;BR-101/ES;Sul;Atropelamento;1;0;0;0;0;0;;;;;1;1;1;0;0
14/10/2015;08:53:00;128 - TRECHO CONTORNO;Acidente com vítima;292;BR-101/ES;Sul;Queda de Moto;0;0;0;1;0;0;;;;;1;1;0;0;0
14/10/2015;11:05:00;169;Acidente sem Vítima;312;BR-101/ES;Sul;Colisão Traseira;0;0;3;0;0;0;;;;;3;0;0;0;0
15/10/2015;11:56:00;181;Acidente com vítima;213;BR-101/ES;Norte;Colisão Transversal;1;0;0;1;0;0;;;;;2;0;1;0;0
15/10/2015;07:22:00;77;Acidente sem Vítima;258;BR-101/ES;Norte;Colisão Lateral;1;0;2;0;0;0;;;;;2;0;0;0;0
15/10/2015;19:50:00;321 - TRECHO CONTORNO;Acidente sem Vítima;270;BR-101/ES;Norte;Colisão Traseira;2;0;0;0;0;0;;;;;2;0;0;0;0
15/10/2015;08:43:00;105 - TRECHO CONTORNO;Acidente com vítima;271;BR-101/ES;Norte;Colisão;1;1;0;0;0;0;;;;;2;0;1;0;0
15/10/2015;15:58:00;257 - TRECHO CONTORNO;Acidente com vítima;274;BR-101/ES;Norte;Colisão Traseira;1;0;1;0;0;0;;;;;2;0;2;0;0
15/10/2015;17:28:00;291;Acidente com vítima;409;BR-101/ES;Norte;Queda de Moto;0;0;0;1;0;0;;;;;0;0;1;0;0
16/10/2015;15:14:00;234;Acidente sem Vítima;61;BR-101/ES;Sul;Colisão Traseira;2;0;0;0;0;0;;;;;3;0;0;0;0
16/10/2015;10:12:00;141;Acidente sem Vítima;134;BR-101/ES;Norte;Saída de Pista;1;0;0;0;0;0;;;;;1;0;0;0;0
16/10/2015;00:14:00;3;Acidente sem Vítima;181,5;BR-101/ES;Sul;Saída de Pista;1;0;0;0;0;0;;;;;3;0;0;0;0
16/10/2015;09:55:00;138;Acidente sem Vítima;301;BR-101/ES;Norte;Engavetamento;3;0;0;0;0;0;;;;;4;0;0;0;0
16/10/2015;12:41:00;184;Acidente com vítima;351;BR-101/ES;Sul;Colisão Frontal;1;0;1;0;0;0;;;;;1;0;2;1;0
16/10/2015;05:16:00;49;Acidente sem Vítima;365;BR-101/ES;Sul;Colisão Lateral;1;0;3;0;0;0;;;;;2;0;0;0;0
16/10/2015;17:10:00;271;Acidente com vítima;380;BR-101/ES;Norte;Colisão Transversal;0;0;1;1;0;0;;;;;1;1;0;0;0
17/10/2015;18:57:00;254;Acidente com vítima;17,9;BR-101/ES;Sul;Tombamento;0;0;2;0;0;0;;;;;0;1;0;0;0
17/10/2015;14:04:00;174;Acidente com vítima;184;BR-101/ES;Sul;Colisão Frontal;3;0;0;0;0;0;;;;;2;3;0;0;0
17/10/2015;21:34:00;287;Acidente com vítima;209;BR-101/ES;Sul;Queda de Moto;0;0;0;1;0;0;;;;;0;1;0;0;0
17/10/2015;09:48:00;104;Acidente com vítima;238;BR-101/ES;Norte;Colisão Lateral;2;0;0;0;0;0;;;;;2;1;1;0;0
17/10/2015;14:39:00;186;Acidente com vítima;266;BR-101/ES;Norte;Colisão Transversal;0;0;0;2;0;0;;;;;0;0;2;0;0
17/10/2015;05:17:00;51;Acidente com vítima;335;BR-101/ES;Norte;Tombamento;0;0;2;0;0;0;;;;;1;1;1;0;0
17/10/2015;16:28:00;215;Acidente sem Vítima;369;BR-101/ES;Sul;Saída de Pista;1;0;0;0;0;0;;;;;2;0;0;0;0
17/10/2015;10:21:00;110;Acidente com vítima;386;BR-101/ES;Norte;Saída de Pista;0;0;0;1;0;0;;;;;0;1;0;0;0
17/10/2015;19:56:00;263;Acidente com vítima;394;BR-101/ES;Norte;Queda de Moto;0;0;0;1;0;0;;;;;0;1;0;0;0
18/10/2015;08:50:00;66;Acidente sem Vítima;65,8;BR-101/ES;Sul;Colisão Traseira;0;0;1;1;0;0;;;;;3;0;0;0;0
18/10/2015;04:57:00;41;Acidente sem Vítima;100;BR-101/ES;Norte;Saída de Pista;1;0;0;0;0;0;;;;;1;0;0;0;0
18/10/2015;18:16:00;186;Acidente sem Vítima;124;BR-101/ES;Sul;Queda de ciclista;0;1;0;0;0;0;;;;;1;0;0;0;0
18/10/2015;06:08:00;47;Acidente sem Vítima;148;BR-101/ES;Norte;Choque com Objeto Fixo;1;0;0;0;0;0;;;;;2;0;0;0;0
18/10/2015;20:58:00;213;Acidente com vítima;213;BR-101/ES;Sul;Colisão Frontal;1;0;0;1;0;0;;;;;1;0;0;1;0
18/10/2015;19:43:00;202;Acidente com vítima;214;BR-101/ES;Norte;Queda de Moto;1;0;0;0;0;0;;;;;0;0;1;1;0
18/10/2015;15:57:00;158;Acidente sem Vítima;253;BR-101/ES;Sul;Colisão Traseira;2;0;0;0;0;0;;;;;4;0;0;0;0
18/10/2015;20:49:00;211;Acidente sem Vítima;267;BR-101/ES;Sul;Colisão Traseira;2;0;0;0;0;0;;;;;2;0;0;0;0
18/10/2015;12:47:00;118;Acidente sem Vítima;352;BR-101/ES;Sul;Capotamento;1;0;0;0;0;0;;;;;1;0;0;0;0
18/10/2015;09:24:00;75;Acidente com vítima;369;BR-101/ES;Sul;Queda de Moto;0;0;0;1;0;0;;;;;0;2;0;0;0
18/10/2015;23:47:00;242;Acidente sem Vítima;399;BR-101/ES;Sul;Colisão Traseira;0;0;6;0;0;0;;;;;2;0;0;0;0
19/10/2015;18:25:00;292;Acidente com vítima;8;BR-101/ES;Norte;Queda de Moto;0;0;0;1;0;0;;;;;0;0;2;0;0
19/10/2015;06:34:00;55;Acidente sem Vítima;85;BR-101/ES;Norte;Colisão Traseira;2;0;0;0;0;0;;;;;7;0;0;0;0
19/10/2015;13:09:00;193;Acidente com vítima;146;BR-101/ES;Sul;Queda de Moto;0;0;0;1;0;0;;;;;0;1;0;0;0
19/10/2015;19:29:00;301;Acidente com vítima;147;BR-101/ES;Sul;Colisão Transversal;1;0;0;1;0;0;;;;;1;1;0;0;0
19/10/2015;17:09:00;268;Acidente com vítima;181;BR-101/ES;Norte;Queda de Moto;0;0;0;1;0;0;;;;;1;1;0;0;0
19/10/2015;16:59:00;264;Acidente sem Vítima;216;BR-101/ES;Norte;Saída de Pista;1;0;0;0;0;0;;;;;3;0;0;0;0
19/10/2015;12:03:00;169;Acidente sem Vítima;243;BR-101/ES;Norte;Queda de Moto;0;0;0;1;0;0;;;;;2;0;0;0;0
19/10/2015;12:22:00;176;Acidente com vítima;245;BR-101/ES;Norte;Colisão Traseira;1;0;2;0;0;0;;;;;1;0;2;0;0
19/10/2015;18:20:00;289;Acidente sem Vítima;255;BR-101/ES;Sul;Colisão Transversal;1;0;1;0;0;0;;;;;2;0;0;0;0
19/10/2015;15:38:00;238;Acidente sem Vítima;264;BR-101/ES;Norte;Colisão Traseira;1;0;1;0;0;0;;;;;2;0;0;0;0
19/10/2015;01:40:00;16;Acidente sem Vítima;265;BR-101/ES;Norte;Saída de Pista;1;0;0;0;0;0;;;;;1;0;0;0;0
19/10/2015;08:26:00;94;Acidente sem Vítima;266;BR-101/ES;Sul;Colisão Traseira;2;0;0;0;0;0;;;;;4;0;0;0;0
19/10/2015;17:14:00;271;Acidente sem Vítima;266;BR-101/ES;Norte;Colisão Lateral;2;0;1;0;0;0;;;;;4;0;0;0;0
19/10/2015;08:20:00;93;Acidente com vítima;267,5;BR-101/ES;Sul;Colisão Lateral;0;0;2;1;0;0;;;;;2;1;0;0;0
19/10/2015;17:46:00;282 - TRECHO CONTORNO;Acidente sem Vítima;270;BR-101/ES;Norte;Saída de Pista;1;0;0;0;0;0;;;;;1;0;0;0;0
19/10/2015;11:18:00;153 - TRECHO CONTORNO;Acidente sem Vítima;270,5;BR-101/ES;Sul;Colisão Traseira;2;0;0;0;0;0;;;;;3;0;0;0;0
19/10/2015;12:53:00;187 - TRECHO CONTORNO;Acidente sem Vítima;272;BR-101/ES;Norte;Colisão Traseira;2;0;0;0;0;0;;;;;2;0;0;0;0
19/10/2015;11:46:00;163 - TRECHO CONTORNO;Acidente com vítima;280;BR-101/ES;Sul;Colisão Frontal;1;0;0;1;0;0;;;;;1;0;1;0;0
19/10/2015;08:35:00;103 - TRECHO CONTORNO;Acidente com vítima;292;BR-101/ES;Sul;Saída de Pista;1;0;0;0;0;0;;;;;0;1;0;0;0
19/10/2015;22:42:00;345 - TRECHO CONTORNO;Acidente com Morte;292;BR-101/ES;Sul;Colisão Traseira;2;0;0;1;0;0;;;;;2;0;0;1;1
19/10/2015;18:07:00;288;Acidente com vítima;328;BR-101/ES;Sul;Colisão Frontal;1;0;0;0;1;0;;;;;2;0;2;0;0
19/10/2015;11:07:00;148;Acidente sem Vítima;370;BR-101/ES;Norte;Saída de Pista;0;0;2;0;0;0;;;;;2;0;0;0;0
19/10/2015;10:19:00;130;Acidente com vítima;448;BR-101/ES;Sul;Saída de Pista;1;0;0;0;0;0;;;;;0;0;1;0;0
19/10/2015;13:00:00;189;Acidente com vítima;458;BR-101/ES;Norte;Capotamento;1;0;0;0;0;0;;;;;0;2;2;0;0
19/10/2015;16:49:00;262;Acidente com vítima;459;BR-101/ES;Sul;Saída de Pista;1;0;0;0;0;0;;;;;0;1;0;0;0
20/10/2015;05:13:00;50;Acidente sem Vítima;79;BR-101/ES;Sul;Choque;1;0;4;0;0;0;;;;;4;0;0;0;0
20/10/2015;07:59:00;98;Acidente com vítima;90;BR-101/ES;Norte;Queda de Moto;0;0;0;1;0;0;;;;;1;1;0;0;0
20/10/2015;13:20:00;207;Acidente sem Vítima;142;BR-101/ES;Sul;Colisão Lateral;2;0;0;0;0;0;;;;;3;0;0;0;0
20/10/2015;17:29:00;292;Acidente com vítima;142;BR-101/ES;Norte;Colisão;0;1;0;0;1;0;;;;;1;1;0;0;0
20/10/2015;19:19:00;318;Acidente com vítima;257;BR-101/ES;Norte;Colisão Lateral;2;0;0;0;0;0;;;;;3;1;0;0;0
20/10/2015;05:59:00;61;Acidente com vítima;259;BR-101/ES;Sul;Colisão Transversal;1;0;0;1;0;0;;;;;0;0;0;1;0
20/10/2015;05:03:00;48;Acidente sem Vítima;263;BR-101/ES;Norte;Colisão Lateral;1;0;1;0;0;0;;;;;3;0;0;0;0
20/10/2015;05:44:00;55 - TRECHO CONTORNO;Acidente sem Vítima;270;BR-101/ES;Sul;Colisão Traseira;2;0;0;0;0;0;;;;;3;0;0;0;0
20/10/2015;09:56:00;144;Acidente com vítima;401;BR-101/ES;Sul;Tombamento;0;0;1;0;0;0;;;;;0;1;0;0;0
20/10/2015;04:03:00;37;Acidente com vítima;451;BR-101/ES;Sul;Tombamento;0;0;1;0;0;0;;;;;0;1;0;0;0
21/10/2015;02:11:00;25;Acidente sem Vítima;63;BR-101/ES;Sul;Atropelamento - Bovino;1;0;0;0;0;0;;;;;2;0;0;0;0
21/10/2015;06:30:00;58;Acidente com vítima;86;BR-101/ES;Norte;Colisão Traseira;1;0;0;1;0;0;;;;;3;1;0;0;0
21/10/2015;21:24:00;312;Acidente sem Vítima;261;BR-101/ES;Sul;Colisão Lateral;1;0;1;0;0;0;;;;;4;0;0;0;0
21/10/2015;10:55:00;139;Acidente com vítima;375,2;BR-101/ES;Sul;Colisão Frontal;0;0;2;0;0;0;;;;;1;1;1;0;0
22/10/2015;16:50:00;274;Acidente com vítima;67;BR-101/ES;Sul;Choque com Objeto Fixo;1;0;0;0;0;0;;;;;0;1;1;0;0
22/10/2015;12:13:00;186;Acidente com vítima;164;BR-101/ES;Norte;Colisão Transversal;1;0;0;0;1;0;;;;;3;1;0;0;0
22/10/2015;08:08:00;101;Acidente sem Vítima;166;BR-101/ES;Sul;Colisão Traseira;0;0;5;0;0;0;;;;;3;0;0;0;0
22/10/2015;00:03:00;2;Acidente com vítima;219;BR-101/ES;Norte;Queda de Moto;0;0;0;1;0;0;;;;;1;0;1;0;0
22/10/2015;17:10:00;279;Acidente com vítima;238;BR-101/ES;Sul;Choque;2;0;2;0;0;0;;;;;2;1;0;0;0
22/10/2015;16:30:00;266;Acidente sem Vítima;267;BR-101/ES;Norte;Colisão Transversal;2;0;0;0;0;0;;;;;3;0;0;0;0
22/10/2015;19:50:00;313 - TRECHO CONTORNO;Atropelamento sem Morte;270;BR-101/ES;Norte;Atropelamento e Fuga;0;0;0;0;1;0;;;;;0;0;1;0;0
22/10/2015;00:20:00;9;Acidente com vítima;312;BR-101/ES;Sul;Saída de Pista;1;0;0;0;0;0;;;;;0;0;1;0;0
22/10/2015;07:56:00;96;Acidente sem Vítima;373;BR-101/ES;Sul;Colisão Frontal;2;0;0;0;0;0;;;;;2;0;0;0;0
22/10/2015;08:52:00;117;Acidente sem Vítima;377;BR-101/ES;Sul;Colisão Traseira;1;0;1;0;0;0;;;;;4;0;0;0;0
22/10/2015;06:24:00;72;Acidente sem Vítima;383;BR-101/ES;Norte;Saída de Pista;1;0;0;0;0;0;;;;;1;0;0;0;0
23/10/2015;20:16:00;372;Acidente sem Vítima;146;BR-101/ES;Sul;Colisão Traseira;2;0;0;0;0;0;;;;;3;0;0;0;0
23/10/2015;22:33:00;405;Acidente com vítima;147;BR-101/ES;Sul;Colisão Lateral;1;0;0;1;0;0;;;;;1;1;0;0;0
23/10/2015;16:34:00;298;Acidente com vítima;259;BR-101/ES;Sul;Colisão;1;1;0;0;0;0;;;;;2;0;1;0;0
23/10/2015;23:23:00;415;Acidente com vítima;260;BR-101/ES;Sul;Colisão Frontal;2;0;0;0;0;0;;;;;0;0;2;0;0
23/10/2015;17:06:00;312;Atropelamento sem Morte;262;BR-101/ES;Norte;Atropelamento;1;0;0;0;0;0;;;;;3;0;1;0;0
23/10/2015;15:15:00;276 - TRECHO CONTORNO;Acidente sem Vítima;270;BR-101/ES;Sul;Colisão Traseira;2;0;0;0;0;0;;;;;2;0;0;0;0
23/10/2015;16:09:00;290 - TRECHO CONTORNO;Acidente sem Vítima;270;BR-101/ES;Norte;Colisão Lateral;1;0;1;0;0;0;;;;;6;0;0;0;0
23/10/2015;17:15:00;315;Acidente sem Vítima;376;BR-101/ES;Norte;Engavetamento;3;0;0;0;0;0;;;;;11;0;0;0;0
23/10/2015;20:43:00;379;Acidente com vítima;396;BR-101/ES;Sul;Colisão Transversal;1;0;0;1;0;0;;;;;1;1;0;0;0
24/10/2015;19:10:00;274;Acidente com vítima;60;BR-101/ES;Norte;Colisão Transversal;2;0;0;0;0;0;;;;;3;2;0;0;0