data;horario;n_da_ocorrencia;tipo_de_ocorrencia;km;trecho;sentido;tipo_de_acidente;automovel;bicicleta;caminhao;moto;onibus;outros;tracao_animal;transporte_de_cargas_especiais;trator_maquinas;utilitarios;ilesos;levemente_feridos;moderadamente_feridos;gravemente_feridos;mortos
24/10/2015;17:01:00;251;Acidente com vítima;65;BR-101/ES;Norte;Colisão;1;1;0;0;0;0;;;;;1;1;0;1;0
24/10/2015;22:01:00;311;Acidente sem Vítima;149;BR-101/ES;Sul;Colisão Traseira;3;0;0;0;0;0;;;;;3;0;0;0;0
24/10/2015;23:46:00;325;Acidente sem Vítima;256;BR-101/ES;Sul;Colisão Traseira;2;0;0;0;0;0;;;;;6;0;0;0;0
24/10/2015;18:30:00;266;Acidente sem Vítima;258;BR-101/ES;Sul;Colisão Lateral;2;0;0;0;0;0;;;;;2;0;0;0;0
24/10/2015;21:08:00;301;Acidente sem Vítima;267;BR-101/ES;Norte;Colisão Traseira;1;0;0;1;0;0;;;;;5;0;0;0;0
24/10/2015;21:52:00;308;Acidente sem Vítima;267;BR-101/ES;Sul;Saída de Pista;1;0;0;0;0;0;;;;;1;0;0;0;0
24/10/2015;12:06:00;170 - TRECHO CONTORNO;Acidente sem Vítima;270;BR-101/ES;Sul;Colisão Lateral;1;0;4;0;0;0;;;;;2;0;0;0;0
24/10/2015;15:20:00;228;Atropelamento com Morte;304;BR-101/ES;Norte;Atropelamento;1;0;0;0;0;0;;;;;1;0;0;0;1
24/10/2015;16:13:00;240;Acidente com vítima;436;BR-101/ES;Norte;Saída de Pista;1;0;0;0;0;0;;;;;0;1;0;0;0
25/10/2015;18:41:00;219;Acidente com vítima;215;BR-101/ES;Sul;Colisão Lateral;3;0;0;0;0;0;;;;;4;2;2;0;0
25/10/2015;05:18:00;38;Acidente sem Vítima;256;BR-101/ES;Sul;Queda de ciclista;0;1;0;0;0;0;;;;;1;0;0;0;0
25/10/2015;21:42:00;253;Acidente sem Vítima;257;BR-101/ES;Sul;Colisão Traseira;2;0;0;0;0;0;;;;;2;0;0;0;0
25/10/2015;04:20:00;35;Acidente sem Vítima;258;BR-101/ES;Sul;Tombamento;0;0;1;0;0;0;;;;;1;0;0;0;0
25/10/2015;19:57:00;233;Acidente com vítima;259;BR-101/ES;Norte;Queda de Moto;0;0;0;1;0;0;;;;;0;0;0;1;0
25/10/2015;07:11:00;51;Acidente sem Vítima;269;BR-101/ES;Norte;Colisão Traseira;2;0;0;0;0;0;;;;;1;0;0;0;0
25/10/2015;19:19:00;227;Acidente com vítima;269;BR-101/ES;Norte;Colisão Traseira;2;0;0;0;0;0;;;;;2;1;0;0;0
25/10/2015;16:53:00;197 - TRECHO CONTORNO;Acidente sem Vítima;292;BR-101/ES;Sul;Capotamento;1;0;0;0;0;0;;;;;5;0;0;0;0
25/10/2015;18:47:00;222;Acidente sem Vítima;298;BR-101/ES;Sul;Colisão Traseira;2;0;0;0;0;0;;;;;2;0;0;0;0
26/10/2015;10:11:00;131;Acidente sem Vítima;77;BR-101/ES;Norte;Engavetamento;3;0;0;0;0;0;;;;;6;0;0;0;0
26/10/2015;11:25:00;157;Acidente sem Vítima;147;BR-101/ES;Norte;Colisão Transversal;1;0;1;0;0;0;;;;;2;0;0;0;0
26/10/2015;11:20:00;154;Acidente sem Vítima;237;BR-101/ES;Norte;Colisão Lateral;2;0;0;0;0;0;;;;;2;0;0;0;0
26/10/2015;11:22:00;156;Acidente sem Vítima;257;BR-101/ES;Sul;Colisão Lateral;2;0;0;0;0;0;;;;;3;0;0;0;0
26/10/2015;16:57:00;245;Atropelamento sem Morte;298;BR-101/ES;Sul;Atropelamento;1;0;0;0;0;0;;;;;1;0;0;1;0
26/10/2015;13:27:00;193;Acidente sem Vítima;341,5;BR-101/ES;Norte;Colisão Traseira;1;0;1;0;0;0;;;;;3;0;0;0;0
26/10/2015;12:49:00;184;Acidente sem Vítima;342;BR-101/ES;Norte;Saída de Pista;0;0;2;0;0;0;;;;;1;0;0;0;0
26/10/2015;17:36:00;257;Acidente sem Vítima;450;BR-101/ES;Norte;Tombamento;0;0;2;0;0;0;;;;;1;0;0;0;0
26/10/2015;02:39:00;24;Acidente sem Vítima;457;BR-101/ES;Sul;Capotamento;1;0;0;0;0;0;;;;;1;0;0;0;0
27/10/2015;06:58:00;66;Acidente sem Vítima;211;BR-101/ES;Norte;Queda de Moto;0;0;0;1;0;0;;;;;1;0;0;0;0
27/10/2015;15:06:00;223;Acidente sem Vítima;224;BR-101/ES;Norte;Saída de Pista;1;0;0;0;0;0;;;;;1;0;0;0;0
27/10/2015;17:02:00;275;Acidente sem Vítima;257;BR-101/ES;Norte;Queda de Moto;0;0;0;1;0;0;;;;;1;0;0;0;0
27/10/2015;15:32:00;242 - TRECHO CONTORNO;Acidente sem Vítima;275;BR-101/ES;Sul;Colisão Traseira;2;0;0;0;0;0;;;;;3;0;0;0;0
27/10/2015;19:30:00;311;Acidente sem Vítima;297;BR-101/ES;Sul;Engavetamento;2;0;1;0;0;0;;;;;3;0;0;0;0
27/10/2015;06:41:00;60;Acidente sem Vítima;298;BR-101/ES;Norte;Engavetamento;3;0;0;0;0;0;;;;;4;0;0;0;0
27/10/2015;12:15:00;171;Acidente sem Vítima;302;BR-101/ES;Sul;Colisão Traseira;2;0;0;0;0;0;;;;;3;0;0;0;0
27/10/2015;02:10:00;18;Acidente sem Vítima;384;BR-101/ES;Sul;Saída de Pista;1;0;0;0;0;0;;;;;1;0;0;0;0
28/10/2015;07:08:00;70;Acidente sem Vítima;67;BR-101/ES;Sul;Choque com Objeto Fixo;1;0;0;0;0;0;;;;;1;0;0;0;0
28/10/2015;12:11:00;180;Acidente com vítima;94,2;BR-101/ES;Norte;Queda de Moto;0;0;0;1;0;0;;;;;0;0;1;0;0
28/10/2015;09:09:00;111;Acidente sem Vítima;149,3;BR-101/ES;Norte;Colisão Traseira;2;0;0;0;0;0;;;;;2;0;0;0;0
28/10/2015;07:58:00;83;Acidente com vítima;186;BR-101/ES;Sul;Saída de Pista;1;0;0;0;0;0;;;;;0;1;0;0;0
28/10/2015;17:42:00;271;Acidente sem Vítima;256;BR-101/ES;Norte;Colisão Transversal;2;0;0;0;0;0;;;;;3;0;0;0;0
28/10/2015;10:22:00;141 - TRECHO CONTORNO;Acidente sem Vítima;270;BR-101/ES;Norte;Colisão Lateral;1;0;3;0;0;0;;;;;3;0;0;0;0
28/10/2015;18:31:00;281 - TRECHO CONTORNO;Acidente sem Vítima;272;BR-101/ES;Sul;Veículo em Chamas;1;0;0;0;0;0;;;;;1;0;0;0;0
28/10/2015;17:12:00;262 - TRECHO CONTORNO;Acidente com vítima;279;BR-101/ES;Norte;Queda de Moto;0;0;0;1;0;0;;;;;0;2;0;0;0
28/10/2015;19:36:00;293;Acidente com vítima;297;BR-101/ES;Sul;Colisão Traseira;1;0;0;1;0;0;;;;;0;3;0;0;0
28/10/2015;15:35:00;239;Acidente sem Vítima;331;BR-101/ES;Norte;Colisão Lateral;0;0;2;0;0;0;;;;;3;0;0;0;0
28/10/2015;03:47:00;40;Acidente com vítima;370,5;BR-101/ES;Sul;Saída de Pista;0;0;1;0;0;0;;;;;0;1;0;0;0
28/10/2015;22:39:00;320;Acidente com vítima;416;BR-101/ES;Sul;Tombamento;0;0;2;0;0;0;;;;;0;1;0;0;0
28/10/2015;19:55:00;295;Acidente sem Vítima;448;BR-101/ES;Norte;Saída de Pista;1;0;0;0;0;0;;;;;1;0;0;0;0
28/10/2015;07:04:00;66;Acidente sem Vítima;450;BR-101/ES;Sul;Colisão Lateral;1;0;1;0;0;0;;;;;2;0;0;0;0
28/10/2015;04:37:00;45;Acidente sem Vítima;457;BR-101/ES;Sul;Capotamento;1;0;0;0;0;0;;;;;1;0;0;0;0
29/10/2015;13:28:00;172;Acidente sem Vítima;107;BR-101/ES;Norte;Choque com Objeto Fixo;1;0;0;0;0;0;;;;;1;0;0;0;0
29/10/2015;08:04:00;69;Acidente sem Vítima;146;BR-101/ES;Sul;Choque com Objeto Fixo;1;0;0;0;0;0;;;;;1;0;0;0;0
29/10/2015;23:52:00;315;Acidente com vítima;177;BR-101/ES;Sul;Queda de Moto;0;0;0;1;0;0;;;;;0;1;0;0;0
29/10/2015;09:56:00;112;Acidente com vítima;258;BR-101/ES;Norte;Capotamento;1;0;0;0;0;0;;;;;0;0;1;0;0
29/10/2015;09:14:00;100;Atropelamento sem Morte;268;BR-101/ES;Sul;Atropelamento;0;0;1;0;0;0;;;;;1;1;0;0;0
29/10/2015;08:16:00;73 - TRECHO CONTORNO;Acidente sem Vítima;292;BR-101/ES;Norte;Choque com Objeto Fixo;1;0;0;0;0;0;;;;;1;0;0;0;0
29/10/2015;06:21:00;48;Acidente sem Vítima;297;BR-101/ES;Norte;Engavetamento;2;0;3;0;1;0;;;;;6;0;0;0;0
29/10/2015;16:08:00;221;Acidente sem Vítima;298;BR-101/ES;Sul;Colisão Traseira;1;0;1;0;0;0;;;;;5;0;0;0;0
29/10/2015;14:09:00;189;Acidente sem Vítima;430;BR-101/ES;Norte;Saída de Pista;1;0;0;0;0;0;;;;;1;0;0;0;0
29/10/2015;11:29:00;136;Acidente sem Vítima;450;BR-101/ES;Sul;Saída de Pista;0;0;1;0;0;0;;;;;2;0;0;0;0
30/10/2015;15:23:00;230;Acidente com vítima;65;BR-101/ES;Norte;Colisão Transversal;2;0;0;0;0;0;;;;;5;3;1;0;0
30/10/2015;21:01:00;313;Acidente com Morte;118,9;BR-101/ES;Sul;Colisão Frontal;2;0;0;1;0;0;;;;;0;1;1;0;2
30/10/2015;08:26:00;106;Acidente sem Vítima;141;BR-101/ES;Norte;Colisão Lateral;0;0;1;0;1;0;;;;;5;0;0;0;0
30/10/2015;15:55:00;242;Acidente sem Vítima;213,5;BR-101/ES;Sul;Colisão Transversal;2;0;0;0;0;0;;;;;4;0;0;0;0
30/10/2015;15:04:00;224;Acidente sem Vítima;245;BR-101/ES;Norte;Saída de Pista;1;0;0;0;0;0;;;;;1;0;0;0;0
30/10/2015;15:37:00;233;Acidente com vítima;255;BR-101/ES;Sul;Colisão Transversal;1;0;1;0;0;0;;;;;1;2;0;0;0
30/10/2015;07:39:00;91;Acidente com vítima;264,5;BR-101/ES;Sul;Engavetamento;3;0;0;0;0;0;;;;;4;1;0;0;0
30/10/2015;15:41:00;234;Acidente com vítima;265;BR-101/ES;Norte;Colisão Traseira;3;0;0;0;0;0;;;;;3;0;1;0;0
30/10/2015;14:42:00;216;Acidente sem Vítima;269;BR-101/ES;Norte;Colisão Traseira;3;0;0;0;0;0;;;;;3;0;0;0;0
30/10/2015;20:55:00;311;Acidente sem Vítima;269;BR-101/ES;Sul;Engavetamento;3;0;0;0;0;0;;;;;3;0;0;0;0
30/10/2015;11:58:00;177 - TRECHO CONTORNO;Acidente sem Vítima;276;BR-101/ES;Sul;Saída de Pista;0;0;1;0;0;0;;;;;1;0;0;0;0
30/10/2015;11:18:00;161 - TRECHO CONTORNO;Acidente com vítima;277;BR-101/ES;Sul;Tombamento;1;0;0;0;0;0;;;;;0;1;1;0;0
30/10/2015;05:02:00;63 - TRECHO CONTORNO;Acidente sem Vítima;277,5;BR-101/ES;Norte;Choque com Objeto Fixo;1;0;0;0;0;0;;;;;2;0;0;0;0
30/10/2015;18:49:00;280 - TRECHO CONTORNO;Acidente com vítima;282;BR-101/ES;Norte;Choque com Objeto Fixo;0;0;1;0;0;0;;;;;0;0;1;0;0
30/10/2015;20:47:00;308 - TRECHO CONTORNO;Acidente sem Vítima;282;BR-101/ES;Norte;Choque com Objeto Fixo;0;0;1;0;0;0;;;;;1;0;0;0;0
30/10/2015;10:52:00;152 - TRECHO CONTORNO;Acidente com vítima;291;BR-101/ES;Norte;Engavetamento;3;0;0;0;0;0;;;;;3;0;1;0;0
30/10/2015;16:36:00;255 - TRECHO CONTORNO;Acidente sem Vítima;293;BR-101/ES;Norte;Tombamento;0;0;1;0;0;0;;;;;1;0;0;0;0
30/10/2015;11:38:00;170;Acidente sem Vítima;370,4;BR-101/ES;Norte;Saída de Pista;0;0;1;0;0;0;;;;;1;0;0;0;0
30/10/2015;14:58:00;222;Atropelamento com Morte;370,5;BR-101/ES;Norte;Atropelamento;1;0;0;0;0;0;;;;;3;0;0;0;1
30/10/2015;08:05:00;101;Acidente sem Vítima;417;BR-101/ES;Norte;Saída de Pista;0;0;1;0;0;0;;;;;1;0;0;0;0
30/10/2015;10:35:00;147;Acidente sem Vítima;448;BR-101/ES;Sul;Choque com Objeto Fixo;1;0;0;0;0;0;;;;;1;0;0;0;0
30/10/2015;14:28:00;213;Acidente com vítima;450;BR-101/ES;Sul;Saída de Pista;0;0;0;0;1;0;;;;;0;0;4;0;0
30/10/2015;16:19:00;246;Acidente com vítima;459;BR-101/ES;Norte;Saída de Pista;1;0;0;0;0;0;;;;;0;1;1;0;0
30/10/2015;08:36:00;109;Acidente com vítima;460;BR-101/ES;Sul;Colisão Transversal;2;0;0;0;0;0;;;;;0;1;1;0;0
31/10/2015;07:10:00;76;Acidente sem Vítima;107;BR-101/ES;Norte;Colisão Traseira;2;0;0;0;0;0;;;;;2;0;0;0;0
31/10/2015;10:22:00;126;Acidente sem Vítima;130;BR-101/ES;Norte;Saída de Pista;1;0;0;0;0;0;;;;;1;0;0;0;0
31/10/2015;13:49:00;198;Acidente sem Vítima;145;BR-101/ES;Norte;Colisão Traseira;1;0;0;0;1;0;;;;;3;0;0;0;0
31/10/2015;21:04:00;313;Acidente com vítima;164;BR-101/ES;Norte;Colisão Traseira;1;0;0;1;0;0;;;;;1;0;1;1;0
31/10/2015;13:54:00;200 - TRECHO CONTORNO;Acidente sem Vítima;270;BR-101/ES;Norte;Colisão Lateral;1;0;2;0;0;0;;;;;3;0;0;0;0
31/10/2015;19:21:00;289 - TRECHO CONTORNO;Acidente com vítima;271;BR-101/ES;Sul;Colisão Transversal;1;0;0;1;0;0;;;;;1;0;1;0;0
31/10/2015;11:09:00;136 - TRECHO CONTORNO;Acidente sem Vítima;290;BR-101/ES;Norte;Engavetamento;3;0;0;0;0;0;;;;;4;0;0;0;0
31/10/2015;20:06:00;301 - TRECHO CONTORNO;Acidente com vítima;292;BR-101/ES;Norte;Colisão Transversal;2;0;0;0;0;0;;;;;3;2;2;0;0
31/10/2015;11:46:00;152;Acidente sem Vítima;307;BR-101/ES;Norte;Colisão Traseira;2;0;0;0;0;0;;;;;2;0;0;0;0
31/10/2015;22:10:00;323;Acidente com vítima;315;BR-101/ES;Sul;Queda de Moto;0;0;0;1;0;0;;;;;0;1;0;0;0
31/10/2015;23:35:00;340;Atropelamento sem Morte;384;BR-101/ES;Norte;Atropelamento e Fuga;0;0;0;0;0;1;;;;;0;0;1;0;0
31/10/2015;03:13:00;39;Acidente sem Vítima;428;BR-101/ES;Sul;Saída de Pista;1;0;0;0;0;0;;;;;2;0;0;0;0
01/11/2015;17:06:00;239;Acidente sem Vítima;90;BR-101/ES;Norte;Colisão Traseira;1;0;1;0;0;0;;;;;8;0;0;0;0
01/11/2015;09:12:00;95 - TRECHO CONTORNO;Acidente sem Vítima;271;BR-101/ES;Norte;Colisão Lateral;2;0;0;0;0;0;;;;;5;0;0;0;0
01/11/2015;19:10:00;262;Acidente sem Vítima;298;BR-101/ES;Norte;Saída de Pista;1;0;0;0;0;0;;;;;1;0;0;0;0
01/11/2015;10:10:00;109;Acidente sem Vítima;314;BR-101/ES;Norte;Queda de Moto;1;0;0;1;0;0;;;;;3;0;0;0;0
01/11/2015;21:12:00;285;Acidente com vítima;397;BR-101/ES;Sul;Colisão Lateral;1;0;0;1;0;0;;;;;1;1;1;0;0
01/11/2015;18:08:00;256;Acidente com vítima;400;BR-101/ES;Sul;Colisão Frontal;2;0;0;0;0;0;;;;;0;1;5;2;0
02/11/2015;22:30:00;304;Acidente com vítima;127;BR-101/ES;Sul;Queda de ciclista;0;1;0;0;0;0;;;;;0;1;0;0;0
02/11/2015;19:26:00;261;Acidente sem Vítima;146;BR-101/ES;Norte;Colisão Traseira;2;0;0;0;0;0;;;;;4;0;0;0;0
02/11/2015;01:08:00;13;Acidente sem Vítima;187;BR-101/ES;Norte;Saída de Pista;1;0;0;0;0;0;;;;;2;0;0;0;0
02/11/2015;15:10:00;186;Acidente sem Vítima;189;BR-101/ES;Norte;Colisão Traseira;2;0;0;0;0;0;;;;;7;0;0;0;0
02/11/2015;19:07:00;257;Acidente sem Vítima;255;BR-101/ES;Sul;Engavetamento;3;0;0;0;0;0;;;;;3;0;0;0;0
02/11/2015;06:10:00;57;Acidente com vítima;259,5;BR-101/ES;Norte;Colisão Transversal;0;0;0;1;1;0;;;;;1;0;2;0;0
02/11/2015;12:52:00;155 - TRECHO CONTORNO;Acidente sem Vítima;271;BR-101/ES;Sul;Colisão Traseira;1;0;2;0;0;0;;;;;6;0;0;0;0
02/11/2015;16:26:00;213;Acidente com vítima;298;BR-101/ES;Sul;Colisão Lateral;1;0;0;1;0;0;;;;;2;0;1;0;0
02/11/2015;17:08:00;231;Acidente sem Vítima;336;BR-101/ES;Norte;Engavetamento;3;0;0;0;0;0;;;;;3;0;0;0;0
02/11/2015;06:15:00;58;Acidente com vítima;380;BR-101/ES;Norte;Saída de Pista;1;0;0;0;0;0;;;;;0;1;0;0;0
02/11/2015;22:59:00;312;Acidente sem Vítima;457;BR-101/ES;Sul;Capotamento;1;0;0;0;0;0;;;;;2;0;0;0;0
03/11/2015;12:55:00;200;Acidente sem Vítima;150;BR-101/ES;Sul;Colisão Traseira;2;0;0;0;0;0;;;;;3;0;0;0;0
03/11/2015;05:45:00;64;Acidente com Morte;168;BR-101/ES;Sul;Colisão Frontal;1;0;1;0;0;0;;;;;1;0;0;1;1
03/11/2015;21:39:00;349;Acidente sem Vítima;175;BR-101/ES;Sul;Colisão Traseira;0;0;3;0;0;0;;;;;2;0;0;0;0
03/11/2015;16:59:00;291;Acidente com vítima;202;BR-101/ES;Norte;Colisão Transversal;0;0;1;1;0;0;;;;;1;0;1;0;0
03/11/2015;19:57:00;329;Atropelamento sem Morte;204;BR-101/ES;Sul;Atropelamento e Fuga;1;0;0;0;0;0;;;;;0;0;1;0;0
03/11/2015;13:56:00;223;Acidente com vítima;214;BR-101/ES;Sul;Colisão Transversal;1;0;0;1;0;0;;;;;2;1;0;0;0
03/11/2015;03:39:00;48;Atropelamento com Morte;225;BR-101/ES;Norte;Atropelamento;1;0;0;0;0;0;;;;;0;2;0;0;1
03/11/2015;08:57:00;111;Acidente sem Vítima;238;BR-101/ES;Sul;Colisão Traseira;2;0;0;0;0;0;;;;;2;0;0;0;0
03/11/2015;19:11:00;323;Acidente com vítima;258;BR-101/ES;Norte;Colisão Lateral;1;0;0;1;0;0;;;;;1;1;0;0;0
03/11/2015;08:42:00;106;Acidente sem Vítima;264;BR-101/ES;Sul;Colisão Lateral;1;0;0;1;0;0;;;;;2;0;0;0;0
03/11/2015;09:47:00;126;Atropelamento com Morte;265;BR-101/ES;Norte;Atropelamento;1;0;0;0;0;0;;;;;1;0;0;0;1
03/11/2015;10:37:00;139;Acidente sem Vítima;266;BR-101/ES;Sul;Colisão Lateral;1;0;0;1;0;0;;;;;3;0;0;0;0
03/11/2015;18:13:00;314;Atropelamento sem Morte;268;BR-101/ES;Sul;Atropelamento;1;0;0;1;0;0;;;;;1;0;2;0;0
03/11/2015;09:28:00;118;Acidente sem Vítima;269;BR-101/ES;Sul;Colisão Traseira;3;0;0;0;0;0;;;;;5;0;0;0;0
03/11/2015;20:11:00;331;Acidente com vítima;448;BR-101/ES;Sul;Tombamento;0;0;1;0;0;0;;;;;0;1;0;0;0
04/11/2015;00:00:00;1;Acidente com vítima;29;BR-101/ES;Sul;Tombamento;0;0;4;0;0;0;;;;;0;1;0;0;0
04/11/2015;23:09:00;349;Acidente com vítima;40;BR-101/ES;Sul;Saída de Pista;1;0;0;0;0;0;;;;;0;1;0;0;0
04/11/2015;09:06:00;113;Atropelamento sem Morte;137;BR-101/ES;Sul;Atropelamento;1;0;0;0;0;0;;;;;3;1;0;0;0
04/11/2015;10:31:00;137;Acidente sem Vítima;146;BR-101/ES;Norte;Colisão Lateral;0;0;5;0;0;0;;;;;2;0;0;0;0
04/11/2015;15:26:00;236;Acidente com Morte;188,5;BR-101/ES;Sul;Colisão Frontal;2;0;2;0;0;0;;;;;3;0;0;0;1
04/11/2015;11:44:00;161;Acidente com vítima;256;BR-101/ES;Norte;Queda de Moto;0;0;0;1;0;0;;;;;0;1;0;0;0
04/11/2015;07:15:00;71;Acidente sem Vítima;264;BR-101/ES;Sul;Engavetamento;4;0;0;0;0;0;;;;;4;0;0;0;0
04/11/2015;21:24:00;327 - TRECHO CONTORNO;Acidente sem Vítima;276;BR-101/ES;Sul;Veículo em Chamas;0;0;1;0;0;0;;;;;1;0;0;0;0
04/11/2015;10:51:00;147;Acidente com vítima;297;BR-101/ES;Sul;Choque;1;0;0;0;0;0;;;;;0;1;0;0;0
04/11/2015;06:26:00;50;Acidente sem Vítima;298;BR-101/ES;Norte;Colisão Traseira;0;0;1;1;0;0;;;;;2;0;0;0;0
05/11/2015;22:12:00;349;Acidente sem Vítima;65;BR-101/ES;Norte;Colisão Transversal;1;0;2;0;0;0;;;;;2;0;0;0;0
05/11/2015;18:04:00;296;Acidente com vítima;266;BR-101/ES;Sul;Queda de Moto;0;0;0;1;0;0;;;;;0;1;0;0;0
05/11/2015;11:29:00;176 - TRECHO CONTORNO;Acidente com vítima;270;BR-101/ES;Sul;Queda de Moto;0;0;0;1;0;0;;;;;0;0;1;0;0
05/11/2015;22:44:00;353;Acidente com vítima;435;BR-101/ES;Sul;Tombamento;0;0;1;0;0;0;;;;;0;0;1;0;0
06/11/2015;22:07:00;336;Acidente com vítima;68,5;BR-101/ES;Sul;Choque com Objeto Fixo;1;0;0;0;0;0;;;;;0;2;0;0;0
06/11/2015;19:40:00;307;Acidente com vítima;136;BR-101/ES;Sul;Colisão Traseira;1;0;1;0;0;0;;;;;0;2;0;0;0
06/11/2015;10:00:00;151;Acidente com Morte;222;BR-101/ES;Sul;Colisão Frontal;0;0;2;1;0;0;;;;;1;0;0;0;1
06/11/2015;13:24:00;198;Acidente sem Vítima;245;BR-101/ES;Sul;Choque;1;0;0;0;0;0;;;;;1;0;0;0;0
06/11/2015;20:48:00;321;Acidente com vítima;251;BR-101/ES;Sul;Colisão Lateral;1;0;1;0;0;0;;;;;2;0;1;0;0
06/11/2015;12:13:00;182;Acidente sem Vítima;266;BR-101/ES;Norte;Engavetamento;2;0;1;0;0;0;;;;;3;0;0;0;0
06/11/2015;10:29:00;159;Acidente sem Vítima;267;BR-101/ES;Sul;Colisão Traseira;0;0;2;0;0;0;;;;;2;0;0;0;0
06/11/2015;23:51:00;353;Acidente com vítima;269;BR-101/ES;Sul;Colisão;0;1;1;0;0;0;;;;;0;0;1;0;0
06/11/2015;10:03:00;152 - TRECHO CONTORNO;Acidente sem Vítima;291;BR-101/ES;Sul;Colisão Transversal;2;0;0;0;0;0;;;;;2;0;0;0;0
06/11/2015;20:40:00;320 - TRECHO CONTORNO;Acidente sem Vítima;294;BR-101/ES;Norte;Colisão Traseira;2;0;0;0;0;0;;;;;2;0;0;0;0
06/11/2015;10:40:00;160;Acidente sem Vítima;309;BR-101/ES;Norte;Colisão Traseira;1;0;1;0;0;0;;;;;2;0;0;0;0
06/11/2015;23:42:00;351;Acidente sem Vítima;324,7;BR-101/ES;Sul;Saída de Pista;1;0;0;0;0;0;;;;;1;0;0;0;0
07/11/2015;11:14:00;137;Acidente com vítima;64;BR-101/ES;Norte;Colisão Frontal;2;0;0;0;0;0;;;;;5;1;0;0;0
07/11/2015;05:27:00;53;Acidente sem Vítima;71;BR-101/ES;Sul;Capotamento;1;0;0;0;0;0;;;;;1;0;0;0;0
07/11/2015;19:22:00;263;Acidente com vítima;101;BR-101/ES;Sul;Colisão Lateral;1;0;1;0;0;0;;;;;1;0;1;0;0
07/11/2015;23:13:00;300;Acidente sem Vítima;107;BR-101/ES;Sul;Choque;1;0;0;0;0;0;;;;;2;0;0;0;0
07/11/2015;05:09:00;51;Acidente com vítima;141;BR-101/ES;Norte;Capotamento;1;0;0;0;0;0;;;;;0;0;1;0;0
07/11/2015;23:42:00;304;Atropelamento sem Morte;159;BR-101/ES;Sul;Atropelamento e Fuga;1;0;0;0;0;0;;;;;1;0;1;0;0
07/11/2015;05:40:00;55;Acidente sem Vítima;219;BR-101/ES;Norte;Saída de Pista;1;0;0;0;0;0;;;;;3;0;0;0;0
07/11/2015;20:21:00;272;Acidente com vítima;229,2;BR-101/ES;Norte;Colisão Lateral;2;0;0;0;0;0;;;;;4;1;0;0;0
07/11/2015;18:15:00;250 - TRECHO CONTORNO;Acidente com vítima;270;BR-101/ES;Sul;Colisão;1;1;0;0;0;0;;;;;1;0;1;0;0
07/11/2015;16:01:00;208 - TRECHO CONTORNO;Acidente sem Vítima;290;BR-101/ES;Norte;Colisão Lateral;2;0;0;0;0;0;;;;;3;0;0;0;0
08/11/2015;22:35:00;311;Acidente com vítima;256;BR-101/ES;Sul;Saída de Pista;1;0;0;0;0;0;;;;;0;0;3;0;0
08/11/2015;14:02:00;169;Acidente com vítima;267;BR-101/ES;Norte;Colisão Lateral;0;0;0;2;0;0;;;;;1;0;1;0;0
08/11/2015;19:34:00;272 - TRECHO CONTORNO;Acidente sem Vítima;271;BR-101/ES;Norte;Colisão Lateral;1;0;1;0;0;0;;;;;2;0;0;0;0
08/11/2015;22:36:00;312 - TRECHO CONTORNO;Atropelamento sem Morte;272;BR-101/ES;Norte;Atropelamento;0;0;2;0;0;0;;;;;1;0;0;1;0
08/11/2015;11:59:00;130;Acidente sem Vítima;388;BR-101/ES;Norte;Tombamento;0;0;2;0;0;0;;;;;1;0;0;0;0
08/11/2015;18:27:00;253;Acidente com vítima;393,5;BR-101/ES;Sul;Colisão Transversal;2;0;0;0;0;0;;;;;2;1;0;0;0
08/11/2015;19:44:00;275;Acidente com vítima;944;BR-101/BA;Sul;Saída de Pista;1;0;0;0;0;0;;;;;0;0;2;0;0
09/11/2015;08:18:00;83;Acidente com vítima;24;BR-101/ES;Norte;Capotamento;1;0;0;0;0;0;;;;;0;0;1;0;0
09/11/2015;18:36:00;231;Acidente sem Vítima;266;BR-101/ES;Sul;Colisão Traseira;1;0;1;0;0;0;;;;;2;0;0;0;0
09/11/2015;15:57:00;190;Acidente sem Vítima;268;BR-101/ES;Sul;Colisão Lateral;1;0;1;0;0;0;;;;;2;0;0;0;0
09/11/2015;10:12:00;109 - TRECHO CONTORNO;Acidente sem Vítima;270;BR-101/ES;Norte;Colisão Traseira;2;0;0;0;0;0;;;;;2;0;0;0;0
09/11/2015;16:35:00;201 - TRECHO CONTORNO;Acidente sem Vítima;273;BR-101/ES;Sul;Colisão Traseira;2;0;0;0;0;0;;;;;2;0;0;0;0
09/11/2015;17:40:00;220;Acidente sem Vítima;297,7;BR-101/ES;Sul;Colisão Traseira;2;0;0;0;0;0;;;;;2;0;0;0;0
09/11/2015;07:31:00;71;Acidente sem Vítima;298,5;BR-101/ES;Norte;Colisão Transversal;1;0;0;1;0;0;;;;;1;0;0;0;0
10/11/2015;20:19:00;241;Acidente sem Vítima;69;BR-101/ES;Norte;Colisão Lateral;1;0;0;0;1;0;;;;;2;0;0;0;0
10/11/2015;20:22:00;243;Acidente com vítima;144;BR-101/ES;Norte;Colisão Lateral;0;0;0;2;0;0;;;;;0;2;0;0;0
10/11/2015;09:15:00;92 - TRECHO CONTORNO;Acidente sem Vítima;279;BR-101/ES;Norte;Colisão Traseira;2;0;0;0;0;0;;;;;2;0;0;0;0
10/11/2015;06:57:00;58;Acidente sem Vítima;298;BR-101/ES;Sul;Colisão Traseira;1;0;0;1;0;0;;;;;2;0;0;0;0