data;horario;n_da_ocorrencia;tipo_de_ocorrencia;km;trecho;sentido;tipo_de_acidente;automovel;bicicleta;caminhao;moto;onibus;outros;tracao_animal;transporte_de_cargas_especiais;trator_maquinas;utilitarios;ilesos;levemente_feridos;moderadamente_feridos;gravemente_feridos;mortos
10/11/2015;12:43:00;144;Acidente sem Vítima;301;BR-101/ES;Sul;Colisão Transversal;0;0;3;0;0;0;;;;;2;0;0;0;0
10/11/2015;13:57:00;161;Acidente sem Vítima;361;BR-101/ES;Norte;Saída de Pista;1;0;0;0;0;0;;;;;1;0;0;0;0
10/11/2015;19:34:00;228;Acidente sem Vítima;411;BR-101/ES;Sul;Saída de Pista;1;0;0;0;0;0;;;;;3;0;0;0;0
11/11/2015;05:15:00;43;Acidente com vítima;250;BR-101/ES;Norte;Saída de Pista;1;0;0;0;0;0;;;;;0;2;0;0;0
11/11/2015;07:15:00;58;Acidente com vítima;269;BR-101/ES;Norte;Queda de Moto;0;0;0;1;0;0;;;;;0;1;0;0;0
11/11/2015;06:58:00;54 - TRECHO CONTORNO;Acidente com vítima;277;BR-101/ES;Norte;Colisão Traseira;0;0;1;1;0;0;;;;;1;0;1;0;0
11/11/2015;20:10:00;268 - TRECHO CONTORNO;Acidente sem Vítima;289;BR-101/ES;Norte;Colisão Traseira;1;0;1;0;0;0;;;;;2;0;0;0;0
11/11/2015;08:40:00;82;Acidente sem Vítima;395;BR-101/ES;Norte;Colisão Traseira;2;0;0;0;0;0;;;;;2;0;0;0;0
12/11/2015;22:11:00;314;Acidente com vítima;66,5;BR-101/ES;Norte;Colisão Traseira;1;0;0;0;1;0;;;;;1;1;0;0;0
12/11/2015;21:26:00;311;Acidente com vítima;96;BR-101/ES;Norte;Queda de Moto;0;0;0;1;0;0;;;;;0;0;1;0;0
12/11/2015;06:54:00;54;Acidente sem Vítima;266;BR-101/ES;Sul;Engavetamento;3;0;0;0;0;0;;;;;5;0;0;0;0
12/11/2015;19:31:00;294;Acidente sem Vítima;269;BR-101/ES;Sul;Engavetamento;3;0;0;0;0;0;;;;;3;0;0;0;0
12/11/2015;19:33:00;295 - TRECHO CONTORNO;Acidente sem Vítima;270,5;BR-101/ES;Sul;Queda de Moto;0;0;0;1;0;0;;;;;1;0;0;0;0
12/11/2015;17:29:00;276 - TRECHO CONTORNO;Acidente com vítima;276;BR-101/ES;Norte;Saída de Pista;1;0;0;0;0;0;;;;;1;1;0;0;0
12/11/2015;23:44:00;339;Acidente sem Vítima;318;BR-101/ES;Norte;Veículo em Chamas;0;0;2;0;0;0;;;;;1;0;0;0;0
12/11/2015;13:49:00;207;Acidente sem Vítima;329;BR-101/ES;Norte;Saída de Pista;1;0;0;0;0;0;;;;;1;0;0;0;0
13/11/2015;17:06:00;269;Acidente com vítima;131;BR-101/ES;Norte;Capotamento;1;0;0;0;0;0;;;;;0;1;0;0;0
13/11/2015;23:55:00;373;Acidente sem Vítima;144;BR-101/ES;Norte;Saída de Pista;1;0;0;0;0;0;;;;;1;0;0;0;0
13/11/2015;22:38:00;358;Acidente com vítima;161;BR-101/ES;Sul;Colisão Transversal;1;0;0;1;0;0;;;;;1;2;0;0;0
13/11/2015;17:32:00;277;Acidente com vítima;166;BR-101/ES;Norte;Colisão Traseira;0;0;2;0;0;0;;;;;1;1;0;0;0
13/11/2015;14:34:00;208;Acidente com Morte;179;BR-101/ES;Sul;Colisão Transversal;2;0;0;0;0;0;;;;;1;0;0;1;1
13/11/2015;20:24:00;317;Acidente com vítima;209;BR-101/ES;Norte;Colisão Transversal;2;0;0;0;0;0;;;;;2;1;0;0;0
13/11/2015;15:35:00;233 - TRECHO CONTORNO;Acidente sem Vítima;271;BR-101/ES;Norte;Choque com Objeto Fixo;2;0;0;0;0;0;;;;;2;0;0;0;0
13/11/2015;10:19:00;126;Acidente com vítima;309,5;BR-101/ES;Sul;Colisão Traseira;1;0;2;1;0;0;;;;;2;0;1;0;0
13/11/2015;01:18:00;11;Acidente sem Vítima;399;BR-101/ES;Sul;Choque com Objeto Fixo;1;0;0;0;0;0;;;;;1;0;0;0;0
14/11/2015;01:22:00;16;Acidente sem Vítima;17;BR-101/ES;Norte;Saída de Pista;1;0;0;0;0;0;;;;;1;0;0;0;0
14/11/2015;10:56:00;144;Acidente com vítima;25;BR-101/ES;Sul;Colisão Transversal;2;0;0;0;0;0;;;;;0;0;2;0;0
14/11/2015;05:43:00;63;Acidente com vítima;115;BR-101/ES;Sul;Queda de Moto;0;0;0;1;0;0;;;;;0;1;0;0;0
14/11/2015;00:57:00;10;Acidente sem Vítima;148;BR-101/ES;Norte;Colisão Transversal;2;0;0;0;0;0;;;;;2;0;0;0;0
14/11/2015;07:51:00;88;Acidente com vítima;257;BR-101/ES;Norte;Engavetamento;2;0;0;0;1;0;;;;;2;1;0;0;0
14/11/2015;08:43:00;111;Acidente com vítima;266,6;BR-101/ES;Sul;Colisão Traseira;2;0;0;0;0;0;;;;;1;1;0;0;0
14/11/2015;23:15:00;328 - TRECHO CONTORNO;Acidente com vítima;272;BR-101/ES;Sul;Queda de Moto;0;0;0;1;0;0;;;;;1;0;1;0;0
14/11/2015;08:32:00;106 - TRECHO CONTORNO;Acidente sem Vítima;278;BR-101/ES;Norte;Colisão Lateral;2;0;0;0;0;0;;;;;3;0;0;0;0
14/11/2015;09:35:00;121 - TRECHO CONTORNO;Acidente sem Vítima;285;BR-101/ES;Sul;Veículo em Chamas;0;0;0;0;1;0;;;;;1;0;0;0;0
14/11/2015;11:29:00;155;Acidente com vítima;398;BR-101/ES;Norte;Colisão Lateral;1;0;0;1;0;0;;;;;3;0;1;0;0
15/11/2015;15:06:00;222;Acidente com Morte;247;BR-101/ES;Sul;Capotamento;2;0;0;0;0;0;;;;;0;1;3;1;3
15/11/2015;20:01:00;286;Acidente com vítima;252;BR-101/ES;Norte;Colisão Traseira;1;0;0;1;0;0;;;;;1;0;2;0;0
15/11/2015;21:10:00;294;Acidente com vítima;253;BR-101/ES;Sul;Queda de Moto;1;0;0;0;0;0;;;;;1;1;0;0;0
15/11/2015;23:04:00;313 - TRECHO CONTORNO;Acidente sem Vítima;272;BR-101/ES;Sul;Capotamento;1;0;0;0;0;0;;;;;1;0;0;0;0
15/11/2015;10:00:00;121 - TRECHO CONTORNO;Acidente com vítima;273;BR-101/ES;Norte;Choque com Objeto Fixo;0;0;0;1;0;0;;;;;0;0;1;0;0
15/11/2015;18:24:00;265;Acidente sem Vítima;352;BR-101/ES;Sul;Saída de Pista;1;0;0;0;0;0;;;;;2;0;0;0;0
15/11/2015;15:12:00;223;Acidente com vítima;386;BR-101/ES;Norte;Queda de Moto;0;0;0;1;0;0;;;;;0;0;1;0;0
15/11/2015;16:53:00;245;Acidente com vítima;401;BR-101/ES;Sul;Colisão Frontal;2;0;0;0;0;0;;;;;0;6;3;1;0
15/11/2015;17:50:00;259;Acidente com vítima;407;BR-101/ES;Norte;Saída de Pista;1;0;0;0;0;0;;;;;0;1;0;0;0
15/11/2015;19:18:00;279;Acidente com vítima;423;BR-101/ES;Norte;Saída de Pista;1;0;0;0;0;0;;;;;2;0;1;0;0
15/11/2015;23:14:00;316;Acidente com vítima;459,4;BR-101/ES;Sul;Tombamento;0;0;2;0;0;0;;;;;0;1;0;0;0
16/11/2015;09:17:00;130;Acidente sem Vítima;85;BR-101/ES;Sul;Colisão Traseira;1;0;2;0;0;0;;;;;5;0;0;0;0
16/11/2015;02:25:00;21;Acidente com vítima;210;BR-101/ES;Norte;Queda de Moto;0;0;0;1;0;0;;;;;0;0;0;1;0
16/11/2015;12:50:00;196;Acidente sem Vítima;263;BR-101/ES;Sul;Veículo em Chamas;1;0;0;0;0;0;;;;;1;0;0;0;0
16/11/2015;22:21:00;331;Acidente sem Vítima;266;BR-101/ES;Sul;Colisão Traseira;2;0;0;0;0;0;;;;;2;0;0;0;0
16/11/2015;18:07:00;300 - TRECHO CONTORNO;Acidente sem Vítima;279;BR-101/ES;Norte;Colisão Traseira;0;0;2;0;0;0;;;;;3;0;0;0;0
16/11/2015;11:13:00;164;Acidente com vítima;300;BR-101/ES;Norte;Colisão Traseira;0;0;2;1;0;0;;;;;1;1;0;0;0
16/11/2015;16:26:00;265;Acidente com vítima;304;BR-101/ES;Sul;Colisão Lateral;0;0;2;0;1;0;;;;;7;1;0;0;0
17/11/2015;18:42:00;281;Acidente com Morte;96;BR-101/ES;Sul;Colisão Frontal;0;0;0;2;0;0;;;;;0;0;0;2;1
17/11/2015;15:48:00;229;Acidente sem Vítima;152,5;BR-101/ES;Sul;Colisão Transversal;2;0;0;0;0;0;;;;;4;0;0;0;0
17/11/2015;18:59:00;283;Acidente com vítima;182,5;BR-101/ES;Sul;Colisão Traseira;2;0;0;0;0;0;;;;;3;1;0;0;0
17/11/2015;17:04:00;260;Acidente sem Vítima;190;BR-101/ES;Sul;Colisão Transversal;2;0;0;0;0;0;;;;;3;0;0;0;0
17/11/2015;19:29:00;289;Acidente sem Vítima;209;BR-101/ES;Norte;Saída de Pista;1;0;0;0;0;0;;;;;1;0;0;0;0
17/11/2015;11:54:00;155;Acidente com vítima;212;BR-101/ES;Norte;Queda de Moto;1;0;1;1;0;0;;;;;2;1;0;0;0
17/11/2015;16:35:00;250;Acidente com vítima;222;BR-101/ES;Norte;Saída de Pista;1;0;0;0;0;0;;;;;0;0;2;0;0
17/11/2015;13:25:00;185 - TRECHO CONTORNO;Acidente sem Vítima;271;BR-101/ES;Norte;Choque com Objeto Fixo;1;0;0;0;0;0;;;;;1;0;0;0;0
17/11/2015;18:41:00;280 - TRECHO CONTORNO;Acidente sem Vítima;273;BR-101/ES;Norte;Choque com Objeto Fixo;1;0;0;0;0;0;;;;;1;0;0;0;0
17/11/2015;20:58:00;307 - TRECHO CONTORNO;Acidente sem Vítima;273;BR-101/ES;Norte;Choque com Objeto Fixo;1;0;0;0;0;0;;;;;2;0;0;0;0
17/11/2015;19:26:00;287 - TRECHO CONTORNO;Acidente com vítima;277;BR-101/ES;Sul;Choque com Objeto Fixo;1;0;0;0;0;0;;;;;0;1;0;0;0
17/11/2015;10:59:00;134 - TRECHO CONTORNO;Acidente sem Vítima;291;BR-101/ES;Sul;Colisão Frontal;2;0;0;0;0;0;;;;;3;0;0;0;0
17/11/2015;15:43:00;228;Acidente com vítima;370;BR-101/ES;Norte;Saída de Pista;0;0;1;0;0;0;;;;;0;2;0;0;0
17/11/2015;18:19:00;276;Acidente sem Vítima;435;BR-101/ES;Sul;Saída de Pista;1;0;0;0;0;0;;;;;1;0;0;0;0
18/11/2015;10:28:00;117;Acidente sem Vítima;143;BR-101/ES;Norte;Colisão Traseira;2;0;0;0;0;0;;;;;2;0;0;0;0
18/11/2015;17:43:00;266;Acidente com vítima;146;BR-101/ES;Norte;Colisão;1;1;0;0;0;0;;;;;1;0;1;0;0
18/11/2015;17:57:00;268;Acidente com vítima;266;BR-101/ES;Norte;Colisão Traseira;1;0;0;1;0;0;;;;;1;0;1;0;0
18/11/2015;16:35:00;239;Acidente sem Vítima;268;BR-101/ES;Norte;Colisão Transversal;2;0;0;0;0;0;;;;;2;0;0;0;0
18/11/2015;07:03:00;54 - TRECHO CONTORNO;Acidente com vítima;285;BR-101/ES;Sul;Queda de Moto;0;0;0;1;0;0;;;;;0;1;0;0;0
18/11/2015;17:24:00;259 - TRECHO CONTORNO;Acidente sem Vítima;291;BR-101/ES;Sul;Colisão Traseira;2;0;0;0;0;0;;;;;2;0;0;0;0
18/11/2015;20:58:00;304 - TRECHO CONTORNO;Acidente com vítima;294;BR-101/ES;Sul;Queda de Moto;0;0;0;1;0;0;;;;;0;2;0;0;0
18/11/2015;09:43:00;104;Acidente com vítima;343;BR-101/ES;Sul;Saída de Pista;1;0;0;0;0;0;;;;;0;1;0;0;0
18/11/2015;18:07:00;272;Acidente com vítima;376;BR-101/ES;Sul;Colisão Lateral;1;0;0;1;0;0;;;;;1;0;1;1;0
18/11/2015;19:16:00;282;Acidente sem Vítima;394;BR-101/ES;Sul;Atropelamento - Equino;1;0;0;0;0;0;;;;;1;0;0;0;0
18/11/2015;15:04:00;213;Acidente sem Vítima;456;BR-101/ES;Sul;Queda de Moto;1;0;0;0;0;0;;;;;1;0;0;0;0
19/11/2015;20:56:00;307;Acidente com vítima;141;BR-101/ES;Norte;Choque com Objeto Fixo;1;0;0;0;0;0;;;;;1;2;0;0;0
19/11/2015;06:14:00;56 - TRECHO CONTORNO;Acidente sem Vítima;273;BR-101/ES;Norte;Colisão Lateral;0;0;3;0;0;0;;;;;3;0;0;0;0
19/11/2015;07:33:00;78 - TRECHO CONTORNO;Acidente com vítima;291;BR-101/ES;Sul;Colisão Lateral;1;0;0;1;0;0;;;;;2;0;1;0;0
19/11/2015;21:04:00;308;Acidente com vítima;321,3;BR-101/ES;Sul;Colisão Frontal;2;0;0;0;0;0;;;;;0;0;2;0;0
19/11/2015;06:14:00;55;Acidente com vítima;451;BR-101/ES;Norte;Colisão Frontal;2;0;0;0;0;0;;;;;1;1;0;0;0
20/11/2015;08:59:00;117;Acidente sem Vítima;69;BR-101/ES;Norte;Colisão Traseira;2;0;0;0;0;0;;;;;5;0;0;0;0
20/11/2015;16:34:00;275;Acidente com vítima;102;BR-101/ES;Norte;Queda de Moto;0;0;0;1;0;0;;;;;0;1;0;0;0
20/11/2015;12:18:00;191;Acidente com vítima;146;BR-101/ES;Sul;Capotamento;1;0;0;0;0;0;;;;;0;1;0;0;0
20/11/2015;21:40:00;355;Acidente com vítima;147;BR-101/ES;Sul;Colisão Transversal;1;0;0;1;0;0;;;;;1;0;1;0;0
20/11/2015;07:53:00;95;Acidente sem Vítima;247;BR-101/ES;Norte;Colisão Lateral;1;0;2;0;0;0;;;;;2;0;0;0;0
20/11/2015;20:42:00;340;Acidente sem Vítima;249;BR-101/ES;Sul;Colisão Lateral;2;0;1;0;0;0;;;;;3;0;0;0;0
20/11/2015;07:06:00;77;Acidente com vítima;264;BR-101/ES;Sul;Colisão Lateral;0;0;0;2;0;0;;;;;1;2;0;0;0
20/11/2015;13:44:00;223;Acidente sem Vítima;266;BR-101/ES;Sul;Engavetamento;3;0;0;0;0;0;;;;;3;0;0;0;0
20/11/2015;21:34:00;353;Acidente com vítima;267;BR-101/ES;Norte;Queda de Moto;0;0;0;1;0;0;;;;;0;2;0;0;0
20/11/2015;17:50:00;305 - TRECHO CONTORNO;Acidente sem Vítima;270;BR-101/ES;Norte;Colisão Lateral;1;0;2;0;0;0;;;;;2;0;0;0;0
20/11/2015;14:09:00;233 - TRECHO CONTORNO;Acidente sem Vítima;271;BR-101/ES;Norte;Choque com Objeto Fixo;1;0;0;0;0;0;;;;;1;0;0;0;0
20/11/2015;08:02:00;102 - TRECHO CONTORNO;Acidente sem Vítima;273;BR-101/ES;Norte;Colisão Traseira;2;0;0;0;0;0;;;;;6;0;0;0;0
20/11/2015;23:11:00;376 - TRECHO CONTORNO;Acidente com vítima;292;BR-101/ES;Sul;Saída de Pista;1;0;0;0;0;0;;;;;0;0;0;1;0
20/11/2015;12:33:00;197 - TRECHO CONTORNO;Acidente com vítima;296;BR-101/ES;Norte;Engavetamento;3;0;0;0;0;0;;;;;3;2;0;0;0
20/11/2015;16:41:00;279;Acidente com vítima;405,5;BR-101/ES;Norte;Queda de Moto;0;0;0;1;0;0;;;;;0;1;0;0;0
21/11/2015;15:19:00;223;Atropelamento sem Morte;82;BR-101/ES;Sul;Atropelamento;1;0;1;0;0;0;;;;;2;0;1;0;0
21/11/2015;13:46:00;195;Acidente com vítima;136;BR-101/ES;Sul;Colisão Transversal;1;0;1;0;0;0;;;;;0;1;2;0;0
21/11/2015;19:21:00;284;Acidente com vítima;148;BR-101/ES;Sul;Colisão Lateral;2;0;0;0;0;0;;;;;1;1;0;0;0
21/11/2015;19:58:00;291;Atropelamento sem Morte;149;BR-101/ES;Norte;Atropelamento;1;0;0;0;0;0;;;;;3;1;0;0;0
21/11/2015;20:41:00;302;Acidente com vítima;155;BR-101/ES;Sul;Queda de ciclista;0;1;0;0;0;0;;;;;0;0;1;0;0
21/11/2015;20:16:00;297;Acidente com vítima;196;BR-101/ES;Norte;Colisão Lateral;2;0;1;0;0;0;;;;;1;0;1;1;0
21/11/2015;11:44:00;147;Acidente sem Vítima;210;BR-101/ES;Norte;Engavetamento;2;0;2;0;0;0;;;;;5;0;0;0;0
21/11/2015;02:33:00;22;Acidente com vítima;258;BR-101/ES;Sul;Queda de ciclista;0;1;0;0;0;0;;;;;0;0;1;0;0
21/11/2015;16:34:00;252;Acidente sem Vítima;264;BR-101/ES;Norte;Engavetamento;2;0;1;0;0;0;;;;;4;0;0;0;0
21/11/2015;18:30:00;275;Acidente sem Vítima;265,5;BR-101/ES;Sul;Engavetamento;2;0;0;0;1;0;;;;;3;0;0;0;0
21/11/2015;19:23:00;285 - TRECHO CONTORNO;Acidente sem Vítima;273;BR-101/ES;Norte;Choque com Objeto Fixo;1;0;1;0;0;0;;;;;4;0;0;0;0
21/11/2015;18:55:00;280;Acidente sem Vítima;336;BR-101/ES;Sul;Saída de Pista;1;0;0;0;0;0;;;;;1;0;0;0;0
21/11/2015;19:03:00;281;Acidente com vítima;412;BR-101/ES;Sul;Colisão Lateral;0;0;3;0;0;0;;;;;1;0;1;0;0
21/11/2015;04:45:00;44;Acidente com vítima;417;BR-101/ES;Sul;Colisão Lateral;0;0;1;1;0;0;;;;;1;0;0;1;0
21/11/2015;01:35:00;14;Acidente com vítima;457;BR-101/ES;Norte;Capotamento;1;0;0;0;0;0;;;;;1;2;0;0;0
21/11/2015;16:37:00;254;Acidente com vítima;458;BR-101/ES;Sul;Colisão Lateral;0;0;1;0;1;0;;;;;28;2;0;0;0
21/11/2015;17:24:00;265;Acidente sem Vítima;458;BR-101/ES;Norte;Saída de Pista;1;0;0;0;0;0;;;;;1;0;0;0;0
22/11/2015;10:24:00;112;Acidente com vítima;8,8;BR-101/ES;Sul;Tombamento;0;0;3;0;0;0;;;;;0;1;0;0;0
22/11/2015;19:48:00;233;Acidente sem Vítima;65;BR-101/ES;Norte;Colisão Lateral;2;0;0;0;0;0;;;;;2;0;0;0;0
22/11/2015;17:29:00;198;Acidente sem Vítima;85;BR-101/ES;Sul;Colisão Traseira;1;0;1;0;0;0;;;;;3;0;0;0;0
22/11/2015;21:15:00;245;Acidente com vítima;147;BR-101/ES;Sul;Choque com Objeto Fixo;1;0;0;0;0;0;;;;;0;1;0;0;0
22/11/2015;02:03:00;29;Acidente sem Vítima;245;BR-101/ES;Norte;Capotamento;0;0;1;0;0;0;;;;;1;0;0;0;0
22/11/2015;16:24:00;185;Acidente com vítima;263;BR-101/ES;Sul;Colisão Lateral;2;0;0;1;0;0;;;;;3;0;2;0;0
22/11/2015;03:23:00;36;Acidente sem Vítima;344;BR-101/ES;Sul;Saída de Pista;1;0;0;0;0;0;;;;;2;0;0;0;0
22/11/2015;19:04:00;220;Acidente com vítima;442;BR-101/ES;Norte;Colisão;1;0;0;0;0;0;;;;;0;1;0;0;0
22/11/2015;11:01:00;122;Acidente com vítima;450;BR-101/ES;Sul;Saída de Pista;0;0;0;1;0;0;;;;;0;0;1;0;0
23/11/2015;16:19:00;246;Acidente com vítima;97,3;BR-101/ES;Norte;Saída de Pista;1;0;0;0;0;0;;;;;0;1;2;0;0
23/11/2015;00:23:00;7;Acidente sem Vítima;256,5;BR-101/ES;Norte;Colisão;1;0;0;0;0;0;;;;;1;0;0;0;0
23/11/2015;10:23:00;125;Acidente com vítima;264;BR-101/ES;Norte;Colisão Transversal;1;0;0;1;0;0;;;;;1;0;1;0;0
23/11/2015;07:39:00;83;Acidente com vítima;265;BR-101/ES;Sul;Colisão;1;1;0;0;0;0;;;;;0;0;0;1;0
24/11/2015;14:51:00;238;Acidente com vítima;78;BR-101/ES;Norte;Capotamento;1;0;0;0;0;0;;;;;0;1;0;0;0
24/11/2015;13:04:00;203;Acidente com vítima;149;BR-101/ES;Norte;Colisão Lateral;1;0;0;1;0;0;;;;;1;1;0;0;0
24/11/2015;22:44:00;348;Acidente sem Vítima;155;BR-101/ES;Norte;Colisão Traseira;2;0;0;0;0;0;;;;;5;0;0;0;0
24/11/2015;05:19:00;49;Acidente sem Vítima;244;BR-101/ES;Norte;Choque com Objeto Fixo;1;0;0;0;0;0;;;;;1;0;0;0;0
24/11/2015;07:35:00;83;Acidente com vítima;247;BR-101/ES;Sul;Colisão Transversal;2;0;0;0;0;0;;;;;1;1;0;0;0
24/11/2015;10:54:00;153;Acidente com vítima;268;BR-101/ES;Norte;Colisão Lateral;0;0;0;1;1;0;;;;;2;0;1;0;0
24/11/2015;11:59:00;174;Atropelamento sem Morte;268;BR-101/ES;Sul;Atropelamento e Fuga;0;0;0;1;0;0;;;;;0;0;1;0;0
24/11/2015;16:38:00;268;Acidente sem Vítima;268;BR-101/ES;Norte;Colisão Traseira;1;0;1;0;0;0;;;;;2;0;0;0;0
24/11/2015;08:35:00;103 - TRECHO CONTORNO;Acidente sem Vítima;270;BR-101/ES;Norte;Colisão Traseira;1;0;0;0;1;0;;;;;2;0;0;0;0
24/11/2015;09:28:00;127 - TRECHO CONTORNO;Acidente sem Vítima;270;BR-101/ES;Sul;Engavetamento;0;0;2;0;1;0;;;;;37;0;0;0;0
24/11/2015;17:56:00;300 - TRECHO CONTORNO;Acidente sem Vítima;270;BR-101/ES;Sul;Colisão Lateral;1;0;0;1;0;0;;;;;2;0;0;0;0
24/11/2015;09:14:00;120 - TRECHO CONTORNO;Acidente com vítima;276;BR-101/ES;Norte;Colisão Traseira;1;0;0;1;0;0;;;;;1;1;0;0;0
24/11/2015;08:31:00;102 - TRECHO CONTORNO;Acidente com vítima;291;BR-101/ES;Norte;Queda de Moto;0;0;0;1;0;0;;;;;0;0;1;0;0
24/11/2015;11:06:00;159;Acidente sem Vítima;298;BR-101/ES;Sul;Colisão Traseira;2;0;0;0;0;0;;;;;2;0;0;0;0
24/11/2015;02:39:00;28;Acidente sem Vítima;302;BR-101/ES;Sul;Choque com Objeto Fixo;0;0;2;0;0;0;;;;;1;0;0;0;0
25/11/2015;14:19:00;222;Acidente sem Vítima;143;BR-101/ES;Norte;Engavetamento;2;0;1;0;0;0;;;;;3;0;0;0;0
25/11/2015;06:55:00;59;Acidente com vítima;150;BR-101/ES;Norte;Colisão Transversal;3;0;0;0;0;0;;;;;3;1;0;0;0
25/11/2015;15:11:00;236;Acidente sem Vítima;256;BR-101/ES;Sul;Colisão Transversal;2;0;0;0;0;0;;;;;2;0;0;0;0
25/11/2015;09:23:00;107;Acidente sem Vítima;267;BR-101/ES;Norte;Veículo em Chamas;1;0;0;0;0;0;;;;;1;0;0;0;0
25/11/2015;07:36:00;75;Atropelamento sem Morte;269;BR-101/ES;Sul;Atropelamento;2;0;0;1;0;0;;;;;2;3;0;0;0
25/11/2015;08:22:00;90 - TRECHO CONTORNO;Acidente sem Vítima;290;BR-101/ES;Sul;Colisão Traseira;1;0;0;1;0;0;;;;;2;0;0;0;0
26/11/2015;20:32:00;289;Acidente sem Vítima;101;BR-101/ES;Sul;Colisão Traseira;2;0;0;0;0;0;;;;;4;0;0;0;0
26/11/2015;17:36:00;256;Acidente sem Vítima;148;BR-101/ES;Sul;Colisão Lateral;1;0;1;0;0;0;;;;;1;0;0;0;0
26/11/2015;00:41:00;6;Acidente sem Vítima;155;BR-101/ES;Sul;Saída de Pista;1;0;1;0;0;0;;;;;2;0;0;0;0
26/11/2015;16:35:00;245;Atropelamento sem Morte;240;BR-101/ES;Sul;Atropelamento;0;0;1;0;0;0;;;;;1;1;0;0;0
26/11/2015;16:20:00;240;Acidente sem Vítima;255;BR-101/ES;Sul;Colisão Traseira;0;0;1;0;1;0;;;;;5;0;0;0;0
26/11/2015;07:31:00;66;Acidente sem Vítima;264;BR-101/ES;Sul;Colisão Traseira;3;0;0;0;0;0;;;;;3;0;0;0;0
26/11/2015;16:16:00;238;Acidente sem Vítima;265;BR-101/ES;Norte;Colisão Traseira;2;0;0;0;0;0;;;;;2;0;0;0;0
26/11/2015;13:34:00;200;Acidente sem Vítima;268;BR-101/ES;Norte;Colisão Lateral;1;0;2;0;0;0;;;;;3;0;0;0;0
26/11/2015;17:16:00;251;Acidente sem Vítima;268;BR-101/ES;Sul;Colisão Lateral;1;0;1;0;0;0;;;;;4;0;0;0;0
26/11/2015;10:24:00;132 - TRECHO CONTORNO;Acidente sem Vítima;271;BR-101/ES;Norte;Colisão Traseira;2;0;0;0;0;0;;;;;4;0;0;0;0
26/11/2015;10:22:00;131 - TRECHO CONTORNO;Acidente com vítima;273;BR-101/ES;Sul;Queda de Moto;0;0;0;1;0;0;;;;;0;0;1;0;0
26/11/2015;10:58:00;149;Acidente com vítima;298;BR-101/ES;Sul;Colisão Transversal;1;0;1;0;0;0;;;;;2;1;0;0;0
26/11/2015;15:10:00;227;Acidente sem Vítima;378;BR-101/ES;Norte;Colisão Lateral;1;0;1;0;0;0;;;;;2;0;0;0;0
26/11/2015;14:55:00;223;Acidente com vítima;396,5;BR-101/ES;Sul;Saída de Pista;1;0;0;0;0;0;;;;;0;1;1;0;0
26/11/2015;18:16:00;263;Acidente sem Vítima;427,5;BR-101/ES;Norte;Saída de Pista;1;0;0;0;0;0;;;;;4;0;0;0;0
26/11/2015;20:00:00;284;Acidente com Morte;448;BR-101/ES;Norte;Colisão Transversal;2;0;0;0;0;0;;;;;0;0;2;0;1
26/11/2015;05:08:00;45;Acidente sem Vítima;457;BR-101/ES;Sul;Capotamento;1;0;0;0;0;0;;;;;1;0;0;0;0
27/11/2015;20:16:00;314;Acidente sem Vítima;17;BR-101/ES;Sul;Colisão Traseira;0;0;2;0;0;0;;;;;2;0;0;0;0
27/11/2015;13:54:00;211;Acidente com vítima;70;BR-101/ES;Norte;Queda de Moto;0;0;0;1;0;0;;;;;0;0;2;0;0
27/11/2015;15:51:00;244;Acidente sem Vítima;149;BR-101/ES;Sul;Colisão Lateral;1;0;1;0;0;0;;;;;3;0;0;0;0
27/11/2015;22:27:00;341;Atropelamento sem Morte;230;BR-101/ES;Sul;Atropelamento;1;0;0;0;0;0;;;;;1;0;0;1;0
27/11/2015;21:33:00;331;Acidente com vítima;265;BR-101/ES;Norte;Colisão Traseira;2;0;0;0;0;0;;;;;0;2;0;0;0
27/11/2015;17:57:00;284;Acidente sem Vítima;266;BR-101/ES;Sul;Queda de ciclista;0;1;0;0;0;0;;;;;1;0;0;0;0
27/11/2015;21:00:00;321;Atropelamento sem Morte;266;BR-101/ES;Sul;Atropelamento e Fuga;1;0;0;0;0;0;;;;;0;0;1;0;0
27/11/2015;07:24:00;80 - TRECHO CONTORNO;Acidente sem Vítima;270;BR-101/ES;Norte;Colisão Lateral;1;0;0;1;1;0;;;;;3;0;0;0;0
27/11/2015;07:36:00;89 - TRECHO CONTORNO;Acidente com vítima;280;BR-101/ES;Sul;Queda de Moto;0;0;0;1;0;0;;;;;1;1;0;0;0
27/11/2015;01:02:00;8;Atropelamento com Morte;365;BR-101/ES;Sul;Atropelamento e Fuga;1;0;0;0;0;0;;;;;0;0;0;0;1
28/11/2015;11:05:00;125;Acidente com vítima;127;BR-101/ES;Sul;Colisão Lateral;0;0;0;2;0;0;;;;;2;1;0;0;0
28/11/2015;01:05:00;12;Acidente sem Vítima;149;BR-101/ES;Sul;Choque com Objeto Fixo;1;0;0;0;0;0;;;;;1;0;0;0;0
28/11/2015;09:32:00;98;Acidente sem Vítima;206;BR-101/ES;Norte;Colisão Traseira;0;0;2;0;0;0;;;;;2;0;0;0;0
28/11/2015;19:55:00;243;Atropelamento sem Morte;231;BR-101/ES;Sul;Atropelamento;1;0;0;0;0;0;;;;;2;0;0;1;0
28/11/2015;00:54:00;10;Acidente sem Vítima;235;BR-101/ES;Norte;Saída de Pista;1;0;0;0;0;0;;;;;1;0;0;0;0