data;horario;n_da_ocorrencia;tipo_de_ocorrencia;km;trecho;sentido;tipo_de_acidente;automovel;bicicleta;caminhao;moto;onibus;outros;tracao_animal;transporte_de_cargas_especiais;trator_maquinas;utilitarios;ilesos;levemente_feridos;moderadamente_feridos;gravemente_feridos;mortos
28/11/2015;18:13:00;229;Acidente com vítima;238;BR-101/ES;Norte;Queda de Moto;0;0;0;1;0;0;;;;;0;2;0;0;0
28/11/2015;04:54:00;42;Acidente sem Vítima;262;BR-101/ES;Norte;Choque com Objeto Fixo;1;0;0;0;0;0;;;;;2;0;0;0;0
28/11/2015;20:37:00;252;Acidente com vítima;264;BR-101/ES;Sul;Queda de Moto;1;0;0;0;0;0;;;;;0;1;0;0;0
28/11/2015;21:10:00;258;Acidente sem Vítima;266;BR-101/ES;Sul;Colisão Transversal;2;0;0;0;0;0;;;;;5;0;0;0;0
28/11/2015;15:57:00;201;Acidente com vítima;379;BR-101/ES;Sul;Saída de Pista;1;0;0;0;0;0;;;;;0;2;0;0;0
29/11/2015;16:54:00;236;Acidente sem Vítima;18,5;BR-101/ES;Sul;Saída de Pista;1;0;0;0;0;0;;;;;2;0;0;0;0
29/11/2015;16:19:00;223;Acidente sem Vítima;38;BR-101/ES;Norte;Tombamento;0;0;3;0;0;0;;;;;2;0;0;0;0
29/11/2015;18:03:00;257;Acidente com vítima;90;BR-101/ES;Norte;Colisão Traseira;2;0;0;0;0;0;;;;;2;1;0;0;0
29/11/2015;01:42:00;17;Acidente com vítima;139;BR-101/ES;Sul;Atropelamento - Bovino;2;0;0;0;0;0;;;;;8;1;0;0;0
29/11/2015;00:03:00;2;Acidente sem Vítima;180;BR-101/ES;Norte;Choque com Objeto Fixo;1;0;0;0;0;0;;;;;2;0;0;0;0
29/11/2015;17:04:00;241;Acidente sem Vítima;228;BR-101/ES;Sul;Colisão Traseira;2;0;0;0;0;0;;;;;2;0;0;0;0
29/11/2015;17:19:00;245;Acidente sem Vítima;242;BR-101/ES;Sul;Colisão Lateral;2;0;0;0;0;0;;;;;2;0;0;0;0
29/11/2015;18:59:00;268;Acidente com vítima;261;BR-101/ES;Sul;Colisão Traseira;1;0;0;1;0;0;;;;;1;0;1;1;0
29/11/2015;18:14:00;261;Acidente com vítima;264;BR-101/ES;Sul;Queda de Moto;0;0;0;1;0;0;;;;;0;0;1;0;0
29/11/2015;03:22:00;34;Acidente sem Vítima;266;BR-101/ES;Sul;Colisão Traseira;1;0;0;1;0;0;;;;;2;0;0;0;0
29/11/2015;04:43:00;47 - TRECHO CONTORNO;Acidente com vítima;277;BR-101/ES;Norte;Queda de Moto;0;0;0;1;0;0;;;;;0;0;1;0;0
29/11/2015;16:22:00;226 - TRECHO CONTORNO;Acidente com vítima;283;BR-101/ES;Sul;Colisão Traseira;2;0;0;0;0;0;;;;;3;1;0;0;0
29/11/2015;13:30:00;177 - TRECHO CONTORNO;Acidente com vítima;291;BR-101/ES;Sul;Queda de Moto;0;0;0;1;0;0;;;;;0;1;0;0;0
29/11/2015;19:54:00;274 - TRECHO CONTORNO;Acidente sem Vítima;291;BR-101/ES;Sul;Colisão Traseira;2;0;0;0;0;0;;;;;3;0;0;0;0
29/11/2015;17:49:00;254;Acidente sem Vítima;373;BR-101/ES;Norte;Saída de Pista;1;0;1;0;0;0;;;;;3;0;0;0;0
29/11/2015;08:39:00;103;Acidente com Morte;384,5;BR-101/ES;Sul;Saída de Pista;1;0;0;0;0;0;;;;;0;2;0;0;1
29/11/2015;21:39:00;287;Acidente sem Vítima;457;BR-101/ES;Sul;Saída de Pista;1;0;0;0;0;0;;;;;3;0;0;0;0
30/11/2015;12:47:00;164;Acidente com vítima;18;BR-101/ES;Sul;Queda de ciclista;0;1;0;0;0;0;;;;;0;1;0;0;0
30/11/2015;17:50:00;249;Acidente com vítima;60;BR-101/ES;Norte;Queda de Moto;0;0;0;1;0;0;;;;;0;1;0;0;0
30/11/2015;16:53:00;236;Acidente com vítima;67;BR-101/ES;Sul;Colisão Traseira;1;0;0;1;0;0;;;;;1;0;1;0;0
30/11/2015;14:56:00;211;Acidente sem Vítima;69;BR-101/ES;Sul;Colisão Lateral;1;0;2;0;0;0;;;;;2;0;0;0;0
30/11/2015;08:19:00;92;Acidente sem Vítima;102;BR-101/ES;Norte;Tombamento;0;0;2;0;0;0;;;;;1;0;0;0;0
30/11/2015;06:59:00;65;Acidente com vítima;129;BR-101/ES;Sul;Queda de Moto;0;0;0;1;0;0;;;;;1;1;0;0;0
30/11/2015;18:11:00;256;Acidente com vítima;140;BR-101/ES;Norte;Colisão Lateral;0;0;0;1;1;0;;;;;1;2;0;0;0
30/11/2015;17:40:00;248;Acidente com vítima;147;BR-101/ES;Norte;Colisão Traseira;1;0;0;1;0;0;;;;;1;1;0;0;0
30/11/2015;08:22:00;93;Acidente sem Vítima;148;BR-101/ES;Sul;Colisão Traseira;1;0;1;0;0;0;;;;;1;0;0;0;0
30/11/2015;10:37:00;129;Acidente com vítima;255;BR-101/ES;Sul;Colisão Transversal;2;0;0;0;0;0;;;;;1;1;0;0;0
30/11/2015;00:53:00;12 - TRECHO CONTORNO;Acidente sem Vítima;270;BR-101/ES;Norte;Colisão Traseira;2;0;0;0;0;0;;;;;4;0;0;0;0
30/11/2015;08:53:00;107 - TRECHO CONTORNO;Acidente com vítima;287;BR-101/ES;Sul;Queda de Moto;1;0;0;0;0;0;;;;;0;0;1;0;0
30/11/2015;19:33:00;271;Acidente sem Vítima;326;BR-101/ES;Norte;Saída de Pista;1;0;0;0;0;0;;;;;1;0;0;0;0
01/12/2015;23:27:00;290;Acidente sem Vítima;127;BR-101/ES;Norte;Colisão Traseira;2;0;0;0;0;0;;;;;4;0;0;0;0
01/12/2015;23:13:00;288;Acidente com vítima;144;BR-101/ES;Sul;Queda de Moto;0;0;0;1;0;0;;;;;1;0;1;0;0
01/12/2015;16:47:00;205;Acidente sem Vítima;266;BR-101/ES;Sul;Engavetamento;5;0;0;0;0;0;;;;;7;0;0;0;0
01/12/2015;16:04:00;190;Acidente sem Vítima;269;BR-101/ES;Norte;Colisão Traseira;1;0;1;0;0;0;;;;;2;0;0;0;0
01/12/2015;04:35:00;32 - TRECHO CONTORNO;Acidente com vítima;292;BR-101/ES;Norte;Colisão Transversal;1;0;0;1;0;0;;;;;1;1;0;0;0
01/12/2015;00:01:00;1 - TRECHO CONTORNO;Acidente sem Vítima;296;BR-101/ES;Sul;Choque com Objeto Fixo;1;0;0;0;0;0;;;;;1;0;0;0;0
01/12/2015;02:45:00;20;Acidente sem Vítima;296,4;BR-101/ES;Sul;Tombamento;0;0;2;0;0;0;;;;;1;0;0;0;0
01/12/2015;22:13:00;281;Atropelamento com Morte;308;BR-101/ES;Sul;Atropelamento;0;0;1;0;0;0;;;;;1;0;0;0;1
01/12/2015;19:43:00;245;Acidente com vítima;419;BR-101/ES;Sul;Colisão Transversal;1;0;2;0;0;0;;;;;1;3;1;0;0
02/12/2015;22:02:00;312;Acidente com vítima;23;BR-101/ES;Norte;Atropelamento - Bovino;1;0;0;0;0;0;;;;;1;0;1;1;0
02/12/2015;06:32:00;52;Acidente com vítima;126;BR-101/ES;Norte;Queda de Moto;0;0;0;1;0;0;;;;;0;0;1;0;0
02/12/2015;07:06:00;56;Acidente com vítima;149;BR-101/ES;Norte;Colisão Transversal;1;0;3;0;0;0;;;;;2;1;1;0;0
02/12/2015;11:23:00;144;Acidente sem Vítima;150;BR-101/ES;Sul;Colisão Lateral;2;0;0;0;0;0;;;;;2;0;0;0;0
02/12/2015;05:33:00;48;Acidente sem Vítima;219;BR-101/ES;Norte;Queda de Moto;0;0;0;1;0;0;;;;;1;0;0;0;0
02/12/2015;13:15:00;184;Acidente sem Vítima;269;BR-101/ES;Sul;Engavetamento;3;0;0;0;0;0;;;;;4;0;0;0;0
02/12/2015;07:03:00;55 - TRECHO CONTORNO;Acidente com vítima;283;BR-101/ES;Sul;Colisão Traseira;2;0;0;0;0;0;;;;;1;0;1;0;0
02/12/2015;15:09:00;222;Acidente com vítima;301;BR-101/ES;Norte;Colisão Traseira;2;0;0;0;0;0;;;;;3;1;0;0;0
02/12/2015;22:39:00;317;Acidente sem Vítima;320;BR-101/ES;Sul;Queda de Moto;0;0;0;1;0;0;;;;;1;0;0;0;0
02/12/2015;08:19:00;76;Acidente sem Vítima;428;BR-101/ES;Norte;Colisão Traseira;1;0;1;0;0;0;;;;;2;0;0;0;0
03/12/2015;10:58:00;137;Acidente sem Vítima;90;BR-101/ES;Sul;Colisão Traseira;1;0;1;0;0;0;;;;;2;0;0;0;0
03/12/2015;13:19:00;185;Acidente sem Vítima;90;BR-101/ES;Norte;Engavetamento;3;0;0;0;0;0;;;;;7;0;0;0;0
03/12/2015;17:24:00;272;Acidente com vítima;143;BR-101/ES;Sul;Colisão Lateral;2;0;0;0;0;0;;;;;1;2;0;0;0
03/12/2015;20:06:00;324;Atropelamento sem Morte;203;BR-101/ES;Norte;Atropelamento;1;0;0;0;0;0;;;;;1;0;1;0;0
03/12/2015;21:37:00;333;Acidente com vítima;219;BR-101/ES;Norte;Colisão Traseira;1;0;1;0;0;0;;;;;1;1;0;0;0
03/12/2015;20:59:00;330;Acidente sem Vítima;220;BR-101/ES;Norte;Colisão Lateral;1;0;1;0;0;0;;;;;5;0;0;0;0
03/12/2015;08:01:00;69;Acidente sem Vítima;261;BR-101/ES;Norte;Saída de Pista;1;0;0;0;0;0;;;;;1;0;0;0;0
03/12/2015;08:05:00;74;Acidente sem Vítima;268;BR-101/ES;Sul;Colisão Lateral;1;0;0;1;0;0;;;;;2;0;0;0;0
03/12/2015;19:25:00;313;Acidente sem Vítima;269;BR-101/ES;Sul;Engavetamento;4;0;0;0;0;0;;;;;4;0;0;0;0
03/12/2015;20:02:00;323;Acidente sem Vítima;269;BR-101/ES;Sul;Colisão Traseira;1;0;2;0;0;0;;;;;2;0;0;0;0
03/12/2015;19:05:00;305 - TRECHO CONTORNO;Acidente sem Vítima;271;BR-101/ES;Sul;Choque com Objeto Fixo;1;0;0;0;0;0;;;;;1;0;0;0;0
03/12/2015;19:21:00;311 - TRECHO CONTORNO;Acidente sem Vítima;288,5;BR-101/ES;Norte;Choque com Objeto Fixo;0;0;1;0;0;0;;;;;3;0;0;0;0
03/12/2015;18:41:00;299;Acidente com vítima;297;BR-101/ES;Norte;Saída de Pista;0;0;1;0;0;0;;;;;1;1;0;0;0
03/12/2015;15:00:00;229;Acidente sem Vítima;299;BR-101/ES;Norte;Saída de Pista;1;0;0;0;0;0;;;;;3;0;0;0;0
03/12/2015;06:25:00;42;Acidente sem Vítima;365,4;BR-101/ES;Norte;Saída de Pista;1;0;0;0;0;0;;;;;1;0;0;0;0
03/12/2015;15:25:00;241;Acidente sem Vítima;368;BR-101/ES;Sul;Engavetamento;1;0;2;0;0;0;;;;;4;0;0;0;0
03/12/2015;16:09:00;255;Acidente sem Vítima;369;BR-101/ES;Norte;Colisão Traseira;0;0;3;0;0;0;;;;;2;0;0;0;0
03/12/2015;08:47:00;89;Acidente com vítima;453;BR-101/ES;Norte;Tombamento;0;0;2;0;0;0;;;;;0;0;1;0;0
04/12/2015;12:31:00;164;Acidente com vítima;147;BR-101/ES;Norte;Colisão Traseira;2;0;0;0;0;0;;;;;1;1;0;0;0
04/12/2015;16:54:00;246;Acidente sem Vítima;212,5;BR-101/ES;Norte;Colisão Traseira;2;0;0;0;0;0;;;;;5;0;0;0;0
04/12/2015;17:46:00;260;Acidente com vítima;254;BR-101/ES;Norte;Colisão;1;1;0;0;0;0;;;;;1;1;0;0;0
04/12/2015;13:29:00;185;Acidente com vítima;255;BR-101/ES;Norte;Colisão Transversal;2;0;0;0;0;0;;;;;0;3;0;0;0
04/12/2015;20:11:00;302;Acidente sem Vítima;255;BR-101/ES;Sul;Colisão Transversal;1;0;1;0;0;0;;;;;3;0;0;0;0
04/12/2015;23:59:00;332;Acidente sem Vítima;255;BR-101/ES;Sul;Colisão Transversal;1;0;1;0;0;0;;;;;2;0;0;0;0
04/12/2015;14:14:00;200;Acidente sem Vítima;261;BR-101/ES;Sul;Colisão Lateral;1;0;1;0;0;0;;;;;7;0;0;0;0
04/12/2015;07:57:00;76;Atropelamento sem Morte;269;BR-101/ES;Sul;Atropelamento;1;0;0;0;0;0;;;;;1;0;1;0;0
04/12/2015;06:48:00;57;Acidente sem Vítima;270;BR-101/ES;Sul;Colisão Traseira;2;0;0;0;0;0;;;;;2;0;0;0;0
04/12/2015;11:48:00;152;Acidente sem Vítima;270;BR-101/ES;Norte;Colisão Lateral;1;0;2;0;0;0;;;;;2;0;0;0;0
04/12/2015;12:31:00;165;Acidente sem Vítima;270;BR-101/ES;Norte;Colisão Lateral;1;0;2;0;0;0;;;;;5;0;0;0;0
04/12/2015;22:48:00;323;Acidente sem Vítima;270;BR-101/ES;Norte;Capotamento;1;0;0;0;0;0;;;;;1;0;0;0;0
04/12/2015;15:42:00;227 - TRECHO CONTORNO;Acidente sem Vítima;288;BR-101/ES;Norte;Colisão Lateral;1;0;1;0;0;0;;;;;2;0;0;0;0
04/12/2015;10:20:00;125 - TRECHO CONTORNO;Acidente sem Vítima;296;BR-101/ES;Norte;Colisão Lateral;1;0;0;1;0;0;;;;;2;0;0;0;0
04/12/2015;08:42:00;99;Acidente sem Vítima;301;BR-101/ES;Sul;Colisão Lateral;2;0;1;0;0;0;;;;;6;0;0;0;0
04/12/2015;14:25:00;204;Acidente sem Vítima;401;BR-101/ES;Sul;Saída de Pista;1;0;0;0;0;0;;;;;1;0;0;0;0
04/12/2015;11:07:00;138;Acidente sem Vítima;423;BR-101/ES;Norte;Saída de Pista;1;0;0;0;0;0;;;;;1;0;0;0;0
04/12/2015;23:44:00;328;Acidente sem Vítima;452;BR-101/ES;Sul;Queda de Moto;1;0;0;0;0;0;;;;;2;0;0;0;0
05/12/2015;21:57:00;292;Acidente sem Vítima;90,5;BR-101/ES;Sul;Colisão Traseira;1;0;3;0;0;0;;;;;2;0;0;0;0
05/12/2015;03:26:00;27;Acidente sem Vítima;102;BR-101/ES;Sul;Queda de Moto;0;0;0;1;0;0;;;;;2;0;0;0;0
05/12/2015;11:13:00;135;Acidente com vítima;114;BR-101/ES;Norte;Queda de Moto;0;0;0;1;0;0;;;;;0;1;1;0;0
05/12/2015;04:48:00;40;Acidente sem Vítima;204;BR-101/ES;Sul;Queda de Moto;0;0;1;1;0;0;;;;;2;0;0;0;0
05/12/2015;11:21:00;138;Acidente com vítima;218;BR-101/ES;Sul;Colisão Lateral;1;0;1;0;0;0;;;;;3;0;2;0;0
05/12/2015;22:29:00;298;Acidente com vítima;255;BR-101/ES;Sul;Choque com Objeto Fixo;1;0;0;0;0;0;;;;;0;0;1;1;0
05/12/2015;18:50:00;260;Acidente sem Vítima;258;BR-101/ES;Norte;Saída de Pista;1;0;0;0;0;0;;;;;1;0;0;0;0
05/12/2015;23:36:00;312;Acidente sem Vítima;258;BR-101/ES;Norte;Colisão Traseira;2;0;0;0;0;0;;;;;2;0;0;0;0
05/12/2015;23:53:00;317;Acidente com vítima;258;BR-101/ES;Sul;Queda de Moto;0;0;0;1;0;0;;;;;0;1;1;0;0
05/12/2015;16:07:00;218;Acidente sem Vítima;259;BR-101/ES;Sul;Queda de Moto;0;0;0;1;0;0;;;;;1;0;0;0;0
05/12/2015;02:59:00;21;Acidente com vítima;268;BR-101/ES;Sul;Queda de Moto;0;0;0;1;0;0;;;;;0;0;1;0;0
05/12/2015;17:16:00;238;Acidente com vítima;269;BR-101/ES;Sul;Saída de Pista;1;0;0;0;0;0;;;;;2;1;0;0;0
05/12/2015;08:06:00;76;Acidente com vítima;270;BR-101/ES;Norte;Queda de Moto;0;0;0;1;0;0;;;;;0;0;1;0;0
05/12/2015;15:40:00;209;Acidente com vítima;270;BR-101/ES;Sul;Choque com Objeto Fixo;1;0;0;0;0;0;;;;;1;1;0;0;0
05/12/2015;03:28:00;28;Acidente com vítima;329;BR-101/ES;Sul;Capotamento;1;0;0;0;0;0;;;;;0;2;0;0;0
05/12/2015;22:32:00;299;Acidente sem Vítima;330;BR-101/ES;Sul;Capotamento;1;0;0;0;0;0;;;;;2;0;0;0;0
05/12/2015;16:36:00;224;Acidente sem Vítima;334;BR-101/ES;Sul;Queda de Moto;0;0;0;1;0;0;;;;;2;0;0;0;0
05/12/2015;04:15:00;33;Acidente com vítima;371;BR-101/ES;Sul;Choque com Objeto Fixo;1;0;0;0;0;0;;;;;0;1;0;0;0
05/12/2015;13:28:00;172;Acidente com vítima;379;BR-101/ES;Sul;Colisão Frontal;2;0;0;0;0;0;;;;;0;2;0;4;0
05/12/2015;15:34:00;204;Acidente sem Vítima;379,8;BR-101/ES;Sul;Colisão Traseira;2;0;0;0;0;0;;;;;2;0;0;0;0
05/12/2015;22:24:00;295;Acidente com vítima;394;BR-101/ES;Sul;Queda de Moto;0;0;0;1;0;0;;;;;0;0;1;0;0
05/12/2015;22:46:00;303;Acidente sem Vítima;414;BR-101/ES;Sul;Choque com Objeto Fixo;1;0;0;0;0;0;;;;;2;0;0;0;0
05/12/2015;08:27:00;83;Acidente com vítima;947;BR-101/BA;Sul;Colisão Lateral;0;0;1;1;0;0;;;;;1;0;1;0;0
06/12/2015;00:43:00;9;Acidente com vítima;67;BR-101/ES;Sul;Queda de Moto;0;0;0;1;0;0;;;;;0;1;0;0;0
06/12/2015;14:56:00;178;Acidente sem Vítima;107;BR-101/ES;Norte;Engavetamento;3;0;0;0;0;0;;;;;9;0;0;0;0
06/12/2015;02:11:00;21;Acidente sem Vítima;225;BR-101/ES;Norte;Capotamento;1;0;0;0;0;0;;;;;1;0;0;0;0
06/12/2015;15:26:00;192;Acidente com vítima;242;BR-101/ES;Sul;Colisão Traseira;1;0;0;1;0;0;;;;;1;1;0;0;0
06/12/2015;12:52:00;151;Acidente com vítima;258;BR-101/ES;Norte;Colisão Lateral;2;0;0;0;0;0;;;;;1;0;1;0;0
06/12/2015;12:29:00;146;Acidente com vítima;270;BR-101/ES;Sul;Colisão Transversal;1;0;0;1;0;0;;;;;1;0;1;0;0
06/12/2015;15:22:00;189 - TRECHO CONTORNO;Acidente sem Vítima;290;BR-101/ES;Norte;Saída de Pista;1;0;0;0;0;0;;;;;2;0;0;0;0
06/12/2015;14:02:00;165;Acidente com vítima;389;BR-101/ES;Norte;Tombamento;0;0;2;0;0;0;;;;;0;0;1;0;0
06/12/2015;20:58:00;278;Acidente com vítima;443;BR-101/ES;Norte;Queda de Moto;0;0;0;1;0;0;;;;;0;0;1;0;0
06/12/2015;18:41:00;242;Acidente com vítima;448;BR-101/ES;Norte;Queda de Moto;0;0;0;1;0;0;;;;;0;0;1;0;0
06/12/2015;14:37:00;177;Acidente sem Vítima;455;BR-101/ES;Norte;Saída de Pista;0;0;2;0;0;0;;;;;1;0;0;0;0
07/12/2015;06:40:00;73;Acidente com vítima;27;BR-101/ES;Sul;Capotamento;1;0;0;0;0;0;;;;;0;0;2;0;0
07/12/2015;17:05:00;271;Acidente sem Vítima;139;BR-101/ES;Sul;Saída de Pista;1;0;0;0;0;0;;;;;1;0;0;0;0
07/12/2015;14:03:00;203;Acidente com vítima;162;BR-101/ES;Norte;Queda de Moto;0;0;0;1;0;0;;;;;0;1;0;0;0
07/12/2015;23:17:00;341;Acidente sem Vítima;208;BR-101/ES;Norte;Queda de Moto;0;0;0;1;0;0;;;;;1;0;0;0;0
07/12/2015;07:59:00;99;Acidente sem Vítima;214,8;BR-101/ES;Sul;Tombamento;0;0;2;0;0;0;;;;;1;0;0;0;0
07/12/2015;15:54:00;242;Acidente sem Vítima;219;BR-101/ES;Sul;Saída de Pista;1;0;0;0;0;0;;;;;3;0;0;0;0
07/12/2015;07:31:00;92;Acidente com vítima;258,5;BR-101/ES;Norte;Colisão Traseira;1;0;0;1;0;0;;;;;1;0;0;1;0
07/12/2015;10:23:00;144;Acidente sem Vítima;266;BR-101/ES;Sul;Colisão Traseira;1;0;1;0;0;0;;;;;3;0;0;0;0
07/12/2015;05:20:00;56;Acidente sem Vítima;270;BR-101/ES;Sul;Colisão Lateral;2;0;1;0;0;0;;;;;2;0;0;0;0
07/12/2015;14:36:00;214;Acidente sem Vítima;270;BR-101/ES;Norte;Colisão Traseira;1;0;1;0;0;0;;;;;2;0;0;0;0
07/12/2015;17:47:00;284 - TRECHO CONTORNO;Acidente com vítima;271;BR-101/ES;Norte;Queda de Moto;1;0;0;0;0;0;;;;;0;1;0;0;0
07/12/2015;18:13:00;290 - TRECHO CONTORNO;Acidente com vítima;271;BR-101/ES;Norte;Queda de Moto;0;0;0;1;0;0;;;;;0;0;1;0;0
07/12/2015;17:12:00;274 - TRECHO CONTORNO;Acidente sem Vítima;273;BR-101/ES;Sul;Colisão Traseira;2;0;0;0;0;0;;;;;2;0;0;0;0
07/12/2015;06:38:00;72;Acidente sem Vítima;458;BR-101/ES;Sul;Saída de Pista;1;0;0;0;0;0;;;;;1;0;0;0;0
07/12/2015;16:10:00;247;Acidente com vítima;948;BR-101/BA;Sul;Queda de Moto;0;0;0;1;0;0;;;;;1;1;0;0;0
08/12/2015;08:42:00;87;Acidente sem Vítima;18,4;BR-101/ES;Sul;Colisão Lateral;1;0;1;0;0;0;;;;;2;0;0;0;0
08/12/2015;10:15:00;120;Acidente sem Vítima;163;BR-101/ES;Sul;Saída de Pista;1;0;0;0;0;0;;;;;2;0;0;0;0
08/12/2015;05:14:00;42;Acidente sem Vítima;167;BR-101/ES;Sul;Atropelamento - Bovino;0;0;1;0;0;0;;;;;1;0;0;0;0
08/12/2015;13:14:00;180;Acidente sem Vítima;206;BR-101/ES;Sul;Tombamento;0;0;1;0;0;0;;;;;1;0;0;0;0
08/12/2015;21:11:00;278;Acidente com vítima;256,5;BR-101/ES;Norte;Colisão Traseira;2;0;0;0;0;0;;;;;5;0;1;0;0
08/12/2015;08:12:00;74;Acidente sem Vítima;269;BR-101/ES;Sul;Colisão Traseira;2;0;0;0;0;0;;;;;2;0;0;0;0
08/12/2015;05:26:00;44 - TRECHO CONTORNO;Acidente sem Vítima;291;BR-101/ES;Sul;Choque com Objeto Fixo;0;0;1;0;0;0;;;;;1;0;0;0;0
08/12/2015;04:39:00;39;Acidente sem Vítima;320;BR-101/ES;Sul;Colisão Traseira;0;0;2;0;0;0;;;;;3;0;0;0;0
08/12/2015;08:33:00;83;Acidente sem Vítima;422;BR-101/ES;Sul;Colisão Lateral;2;0;0;0;0;0;;;;;3;0;0;0;0
08/12/2015;17:55:00;237;Acidente sem Vítima;448;BR-101/ES;Norte;Tombamento;0;0;1;0;0;0;;;;;2;0;0;0;0
09/12/2015;19:28:00;285;Acidente sem Vítima;34;BR-101/ES;Norte;Colisão Traseira;2;0;0;0;0;0;;;;;2;0;0;0;0
09/12/2015;19:46:00;288;Acidente sem Vítima;146;BR-101/ES;Norte;Colisão Lateral;0;0;4;1;0;0;;;;;2;0;0;0;0
09/12/2015;17:48:00;260;Acidente com vítima;147;BR-101/ES;Sul;Colisão Transversal;1;0;0;1;0;0;;;;;1;1;0;0;0
09/12/2015;18:52:00;274;Acidente sem Vítima;147;BR-101/ES;Norte;Engavetamento;5;0;0;0;0;0;;;;;12;0;0;0;0
09/12/2015;10:53:00;138;Acidente com vítima;264;BR-101/ES;Sul;Colisão Lateral;1;0;0;1;0;0;;;;;2;1;0;0;0
09/12/2015;18:12:00;267;Acidente sem Vítima;269;BR-101/ES;Norte;Colisão Traseira;2;0;0;0;0;0;;;;;2;0;0;0;0
09/12/2015;14:07:00;199;Acidente com vítima;300;BR-101/ES;Norte;Capotamento;1;0;0;0;0;0;;;;;0;0;0;1;0
09/12/2015;21:06:00;302;Acidente sem Vítima;348;BR-101/ES;Sul;Atropelamento - Bovino;0;0;4;0;0;0;;;;;2;0;0;0;0
09/12/2015;19:06:00;277;Acidente com vítima;430;BR-101/ES;Sul;Saída de Pista;1;0;0;0;0;0;;;;;0;2;0;0;0
09/12/2015;22:41:00;318;Acidente sem Vítima;448;BR-101/ES;Sul;Veículo em Chamas;0;0;2;0;0;0;;;;;1;0;0;0;0
10/12/2015;09:40:00;129;Acidente sem Vítima;145;BR-101/ES;Norte;Colisão Lateral;1;0;1;0;0;0;;;;;3;0;0;0;0
10/12/2015;16:42:00;283;Acidente sem Vítima;251;BR-101/ES;Norte;Colisão Lateral;2;0;0;0;0;0;;;;;2;0;0;0;0
10/12/2015;15:31:00;264;Acidente sem Vítima;266;BR-101/ES;Sul;Colisão Lateral;1;0;2;1;0;0;;;;;5;0;0;0;0
10/12/2015;15:24:00;263 - TRECHO CONTORNO;Acidente com vítima;286;BR-101/ES;Norte;Saída de Pista;1;0;1;0;0;0;;;;;1;0;1;0;0
10/12/2015;09:19:00;119 - TRECHO CONTORNO;Acidente com vítima;293;BR-101/ES;Sul;Queda de Moto;0;0;0;1;0;0;;;;;0;0;1;0;0
10/12/2015;18:36:00;312;Acidente sem Vítima;298;BR-101/ES;Norte;Engavetamento;3;0;0;0;0;0;;;;;8;0;0;0;0
10/12/2015;01:41:00;13;Acidente sem Vítima;329;BR-101/ES;Sul;Tombamento;0;0;2;0;0;0;;;;;1;0;0;0;0
10/12/2015;14:56:00;246;Acidente sem Vítima;347;BR-101/ES;Sul;Veículo em Chamas;1;0;0;0;0;0;;;;;1;0;0;0;0
11/12/2015;23:48:00;353;Acidente com vítima;12;BR-101/ES;Sul;Saída de Pista;0;0;0;1;0;0;;;;;0;0;0;1;0
11/12/2015;14:57:00;233;Acidente sem Vítima;97;BR-101/ES;Sul;Queda de Moto;0;0;0;1;0;0;;;;;1;0;0;0;0
11/12/2015;03:37:00;39;Acidente sem Vítima;142;BR-101/ES;Sul;Colisão Traseira;2;0;0;0;0;0;;;;;2;0;0;0;0
11/12/2015;16:32:00;270;Acidente sem Vítima;252;BR-101/ES;Sul;Saída de Pista;1;0;0;0;0;0;;;;;3;0;0;0;0
11/12/2015;05:18:00;48;Acidente sem Vítima;254;BR-101/ES;Norte;Colisão Traseira;1;0;1;0;0;0;;;;;3;0;0;0;0
11/12/2015;11:58:00;170;Acidente sem Vítima;261;BR-101/ES;Norte;Colisão Lateral;0;0;2;0;0;0;;;;;2;0;0;0;0
11/12/2015;09:44:00;126 - TRECHO CONTORNO;Acidente com vítima;286;BR-101/ES;Sul;Colisão Lateral;1;0;0;1;0;0;;;;;1;0;1;0;0
11/12/2015;20:09:00;312 - TRECHO CONTORNO;Acidente sem Vítima;295;BR-101/ES;Sul;Queda de Moto;0;0;0;1;0;0;;;;;1;0;0;0;0
11/12/2015;16:13:00;261;Acidente sem Vítima;325;BR-101/ES;Sul;Saída de Pista;1;0;0;0;0;0;;;;;1;0;0;0;0
11/12/2015;01:02:00;12;Acidente sem Vítima;334;BR-101/ES;Norte;Saída de Pista;0;0;2;0;0;0;;;;;1;0;0;0;0
11/12/2015;00:38:00;9;Acidente com vítima;435;BR-101/ES;Norte;Queda de Moto;0;0;0;1;0;0;;;;;0;1;0;0;0
11/12/2015;21:38:00;325;Acidente sem Vítima;454;BR-101/ES;Norte;Saída de Pista;0;0;1;0;0;0;;;;;1;0;0;0;0
12/12/2015;15:35:00;210;Acidente sem Vítima;61;BR-101/ES;Sul;Colisão Traseira;1;0;1;0;0;0;;;;;2;0;0;0;0
12/12/2015;20:14:00;275;Acidente com vítima;141;BR-101/ES;Norte;Colisão Transversal;2;0;0;0;0;0;;;;;1;2;0;0;0
12/12/2015;12:00:00;149;Acidente sem Vítima;224;BR-101/ES;Norte;Colisão Lateral;1;0;3;0;0;0;;;;;4;0;0;0;0
12/12/2015;09:13:00;106;Acidente com vítima;254;BR-101/ES;Sul;Queda de Moto;1;0;0;0;0;0;;;;;1;1;0;0;0
12/12/2015;13:42:00;179;Acidente sem Vítima;255;BR-101/ES;Sul;Engavetamento;2;0;0;0;0;0;;;;;7;0;0;0;0
12/12/2015;17:05:00;229;Acidente sem Vítima;266;BR-101/ES;Sul;Engavetamento;4;0;0;0;0;0;;;;;5;0;0;0;0