data;horario;n_da_ocorrencia;tipo_de_ocorrencia;km;trecho;sentido;tipo_de_acidente;automovel;bicicleta;caminhao;moto;onibus;outros;tracao_animal;transporte_de_cargas_especiais;trator_maquinas;utilitarios;ilesos;levemente_feridos;moderadamente_feridos;gravemente_feridos;mortos
12/12/2015;10:03:00;117 - TRECHO CONTORNO;Acidente sem Vítima;272;BR-101/ES;Norte;Colisão Traseira;2;0;0;0;0;0;;;;;2;0;0;0;0
12/12/2015;16:43:00;222;Acidente sem Vítima;366;BR-101/ES;Norte;Choque com Objeto Fixo;1;0;0;0;0;0;;;;;2;0;0;0;0
13/12/2015;19:58:00;261;Acidente com vítima;16;BR-101/ES;Norte;Queda de Moto;1;0;0;0;0;0;;;;;0;1;0;0;0
13/12/2015;21:46:00;283;Acidente com vítima;49;BR-101/ES;Sul;Queda de Moto;0;0;0;1;0;0;;;;;0;0;1;0;0
13/12/2015;17:23:00;230;Acidente com Morte;63,5;BR-101/ES;Sul;Colisão Frontal;1;0;0;1;0;0;;;;;0;1;2;0;1
13/12/2015;13:09:00;174;Acidente sem Vítima;67;BR-101/ES;Sul;Colisão Traseira;2;0;0;0;0;0;;;;;8;0;0;0;0
13/12/2015;15:00:00;206;Acidente com vítima;70;BR-101/ES;Sul;Choque com Objeto Fixo;1;0;0;0;0;0;;;;;0;0;4;1;0
13/12/2015;00:04:00;3;Acidente sem Vítima;101;BR-101/ES;Norte;Atropelamento - Animal;1;0;0;0;0;0;;;;;1;0;0;0;0
13/12/2015;00:27:00;7;Acidente com vítima;107,6;BR-101/ES;Norte;Colisão Transversal;2;0;0;0;0;0;;;;;0;2;0;0;0
13/12/2015;14:56:00;205;Acidente com vítima;174;BR-101/ES;Norte;Colisão Transversal;1;0;1;0;0;0;;;;;1;3;2;0;0
13/12/2015;18:08:00;239;Acidente sem Vítima;209;BR-101/ES;Sul;Queda de Moto;0;0;0;1;0;0;;;;;1;0;0;0;0
13/12/2015;20:14:00;267;Acidente sem Vítima;211;BR-101/ES;Sul;Queda de Moto;0;0;0;1;0;0;;;;;1;0;0;0;0
13/12/2015;18:30:00;242;Acidente com vítima;222;BR-101/ES;Sul;Capotamento;1;0;0;0;0;0;;;;;2;0;2;0;0
13/12/2015;23:16:00;305;Acidente com vítima;262;BR-101/ES;Sul;Queda de Moto;0;0;0;1;0;0;;;;;0;1;0;0;0
13/12/2015;05:37:00;64;Acidente sem Vítima;264;BR-101/ES;Sul;Queda de Moto;0;0;0;1;0;0;;;;;1;0;0;0;0
13/12/2015;18:32:00;244 - TRECHO CONTORNO;Acidente com vítima;291;BR-101/ES;Sul;Queda de Moto;0;0;0;1;0;0;;;;;0;0;1;0;0
13/12/2015;17:53:00;237;Acidente com vítima;401;BR-101/ES;Sul;Saída de Pista;1;0;0;0;0;0;;;;;0;2;0;0;0
14/12/2015;18:49:00;299;Acidente sem Vítima;65;BR-101/ES;Sul;Colisão Lateral;0;0;0;0;2;0;;;;;2;0;0;0;0
14/12/2015;13:51:00;219;Acidente sem Vítima;107;BR-101/ES;Norte;Colisão Lateral;2;0;0;0;0;0;;;;;3;0;0;0;0
14/12/2015;17:43:00;286;Acidente sem Vítima;144;BR-101/ES;Sul;Colisão Transversal;0;0;1;0;1;0;;;;;3;0;0;0;0
14/12/2015;10:08:00;139;Acidente sem Vítima;148;BR-101/ES;Norte;Colisão Traseira;1;0;0;1;0;0;;;;;3;0;0;0;0
14/12/2015;12:35:00;191;Acidente sem Vítima;219;BR-101/ES;Norte;Saída de Pista;0;0;2;0;0;0;;;;;1;0;0;0;0
14/12/2015;08:24:00;92;Acidente sem Vítima;221;BR-101/ES;Sul;Colisão Traseira;2;0;1;0;0;0;;;;;6;0;0;0;0
14/12/2015;17:21:00;280;Acidente sem Vítima;266;BR-101/ES;Norte;Colisão Lateral;0;0;0;2;0;0;;;;;2;0;0;0;0
14/12/2015;21:29:00;332;Acidente sem Vítima;269;BR-101/ES;Sul;Engavetamento;3;0;0;0;0;0;;;;;6;0;0;0;0
14/12/2015;07:22:00;69 - TRECHO CONTORNO;Acidente sem Vítima;275;BR-101/ES;Sul;Colisão Traseira;1;0;1;0;0;0;;;;;2;0;0;0;0
14/12/2015;17:55:00;288 - TRECHO CONTORNO;Acidente sem Vítima;279;BR-101/ES;Sul;Colisão Traseira;2;0;0;0;0;0;;;;;2;0;0;0;0
14/12/2015;20:19:00;316 - TRECHO CONTORNO;Acidente com vítima;288;BR-101/ES;Sul;Colisão Traseira;1;0;1;0;0;0;;;;;0;0;1;0;0
14/12/2015;10:05:00;137;Acidente com vítima;305;BR-101/ES;Sul;Colisão Lateral;0;0;0;2;0;0;;;;;1;1;0;0;0
14/12/2015;17:04:00;273;Acidente sem Vítima;317;BR-101/ES;Norte;Colisão Traseira;2;0;0;0;0;0;;;;;6;0;0;0;0
14/12/2015;11:27:00;171;Acidente com vítima;368,2;BR-101/ES;Sul;Colisão Lateral;1;0;1;0;0;0;;;;;3;1;0;0;0
14/12/2015;15:45:00;249;Acidente sem Vítima;378;BR-101/ES;Sul;Colisão Traseira;3;0;0;0;0;0;;;;;4;0;0;0;0
14/12/2015;20:31:00;319;Acidente sem Vítima;428;BR-101/ES;Sul;Queda de Moto;0;0;0;1;0;0;;;;;1;0;0;0;0
15/12/2015;21:48:00;345;Acidente sem Vítima;67,6;BR-101/ES;Sul;Colisão Transversal;1;0;0;1;0;0;;;;;2;0;0;0;0
15/12/2015;19:45:00;324;Atropelamento sem Morte;128;BR-101/ES;Norte;Atropelamento e Fuga;1;0;0;0;0;0;;;;;0;0;1;0;0
15/12/2015;23:39:00;361;Acidente com vítima;146;BR-101/ES;Norte;Colisão Traseira;1;0;0;1;0;0;;;;;1;0;1;0;0
15/12/2015;07:47:00;80;Acidente com vítima;147;BR-101/ES;Sul;Colisão Lateral;0;0;1;1;0;0;;;;;0;1;1;0;0
15/12/2015;06:30:00;63;Acidente com vítima;159;BR-101/ES;Sul;Engavetamento;2;0;2;0;0;0;;;;;2;1;0;0;0
15/12/2015;04:57:00;51;Acidente com vítima;220,9;BR-101/ES;Sul;Saída de Pista;0;0;0;0;1;0;;;;;10;15;2;1;0
15/12/2015;08:00:00;83;Acidente com vítima;262;BR-101/ES;Sul;Queda de Moto;0;0;0;1;0;0;;;;;0;0;1;0;0
15/12/2015;06:28:00;61;Acidente sem Vítima;266;BR-101/ES;Sul;Engavetamento;4;0;0;0;0;0;;;;;3;0;0;0;0
15/12/2015;21:49:00;346;Acidente sem Vítima;266;BR-101/ES;Sul;Colisão Transversal;1;0;1;0;0;0;;;;;2;0;0;0;0
15/12/2015;13:14:00;207;Acidente com vítima;297;BR-101/ES;Norte;Queda de Moto;0;0;0;1;0;0;;;;;0;0;1;0;0
16/12/2015;08:01:00;77;Acidente com vítima;82,2;BR-101/ES;Norte;Capotamento;1;0;0;0;0;0;;;;;0;0;3;2;0
16/12/2015;11:05:00;147;Acidente sem Vítima;186,8;BR-101/ES;Sul;Colisão Frontal;1;0;0;1;0;0;;;;;2;0;0;0;0
16/12/2015;14:12:00;217;Acidente sem Vítima;265;BR-101/ES;Norte;Engavetamento;4;0;0;0;0;0;;;;;8;0;0;0;0
16/12/2015;14:37:00;226;Acidente sem Vítima;265;BR-101/ES;Norte;Colisão Traseira;2;0;0;0;0;0;;;;;2;0;0;0;0
16/12/2015;08:40:00;86 - TRECHO CONTORNO;Acidente com vítima;280;BR-101/ES;Norte;Colisão Lateral;0;0;0;1;1;0;;;;;1;1;0;0;0
16/12/2015;15:10:00;234 - TRECHO CONTORNO;Acidente sem Vítima;282;BR-101/ES;Sul;Queda de Moto;0;0;0;1;0;0;;;;;2;0;0;0;0
16/12/2015;20:15:00;337 - TRECHO CONTORNO;Acidente com vítima;292;BR-101/ES;Sul;Queda de Moto;0;0;0;1;0;0;;;;;1;1;0;0;0
16/12/2015;13:28:00;205;Acidente sem Vítima;343;BR-101/ES;Norte;Choque com Objeto Fixo;1;0;0;0;0;0;;;;;1;0;0;0;0
16/12/2015;18:45:00;309;Acidente com vítima;385;BR-101/ES;Norte;Saída de Pista;1;0;0;0;0;0;;;;;0;1;0;0;0
16/12/2015;07:25:00;62;Acidente com vítima;454;BR-101/ES;Sul;Tombamento;0;0;2;0;0;0;;;;;0;1;0;0;0
17/12/2015;12:24:00;183;Acidente com vítima;32;BR-101/ES;Norte;Colisão Lateral;0;0;1;1;0;0;;;;;1;0;1;1;0
17/12/2015;20:55:00;361;Acidente com vítima;41,9;BR-101/ES;Sul;Queda de Moto;0;0;0;1;0;0;;;;;0;2;0;0;0
17/12/2015;12:23:00;182;Acidente com vítima;149;BR-101/ES;Norte;Colisão Traseira;0;0;0;1;0;0;;;;;0;1;0;0;0
17/12/2015;04:06:00;38;Atropelamento sem Morte;258;BR-101/ES;Norte;Atropelamento;0;0;0;1;0;0;;;;;1;1;0;0;0
17/12/2015;05:39:00;60;Acidente com Morte;261;BR-101/ES;Sul;Colisão Lateral;1;0;1;0;0;0;;;;;1;0;3;1;2
17/12/2015;07:59:00;87;Acidente sem Vítima;263;BR-101/ES;Norte;Colisão Traseira;2;0;0;0;0;0;;;;;3;0;0;0;0
17/12/2015;13:45:00;218;Acidente sem Vítima;265;BR-101/ES;Norte;Colisão Traseira;2;0;0;0;0;0;;;;;3;0;0;0;0
17/12/2015;19:24:00;337;Acidente com vítima;269;BR-101/ES;Norte;Colisão Transversal;1;0;0;1;0;0;;;;;1;1;0;0;0
17/12/2015;14:29:00;239;Acidente sem Vítima;334;BR-101/ES;Norte;Engavetamento;3;0;3;0;0;0;;;;;7;0;0;0;0
17/12/2015;18:32:00;322;Acidente com vítima;378;BR-101/ES;Sul;Colisão Lateral;2;0;0;0;0;0;;;;;1;1;0;0;0
17/12/2015;14:44:00;244;Acidente sem Vítima;954;BR-101/BA;Sul;Saída de Pista;1;0;0;0;0;0;;;;;4;0;0;0;0
18/12/2015;11:32:00;148;Acidente com vítima;33;BR-101/ES;Norte;Colisão Transversal;2;0;0;0;0;0;;;;;0;1;2;0;0
18/12/2015;20:11:00;334;Acidente sem Vítima;94;BR-101/ES;Sul;Colisão Transversal;1;0;1;0;0;0;;;;;2;0;0;0;0
18/12/2015;00:22:00;4;Acidente com vítima;126;BR-101/ES;Sul;Colisão Traseira;1;0;0;1;0;0;;;;;2;1;0;0;0
18/12/2015;05:51:00;58;Acidente sem Vítima;159;BR-101/ES;Norte;Colisão Traseira;1;0;1;0;0;0;;;;;2;0;0;0;0
18/12/2015;05:55:00;59;Acidente com vítima;159;BR-101/ES;Norte;Queda de Moto;0;0;0;1;0;0;;;;;0;0;1;0;0
18/12/2015;14:42:00;222;Acidente sem Vítima;165;BR-101/ES;Norte;Engavetamento;2;0;1;0;0;0;;;;;4;0;0;0;0
18/12/2015;20:57:00;345;Acidente sem Vítima;176;BR-101/ES;Norte;Colisão Traseira;2;0;0;0;0;0;;;;;7;0;0;0;0
18/12/2015;13:08:00;183;Acidente com vítima;224;BR-101/ES;Sul;Queda de Moto;0;0;0;1;0;0;;;;;0;0;1;0;0
18/12/2015;12:34:00;169;Acidente sem Vítima;239;BR-101/ES;Sul;Colisão Traseira;2;0;0;0;0;0;;;;;3;0;0;0;0
18/12/2015;16:00:00;249;Acidente com vítima;254;BR-101/ES;Norte;Engavetamento;3;0;1;0;0;0;;;;;4;0;1;0;0
18/12/2015;17:35:00;294;Acidente com vítima;257;BR-101/ES;Norte;Colisão Lateral;1;0;0;1;0;0;;;;;1;1;0;0;0
18/12/2015;18:02:00;300;Acidente sem Vítima;266;BR-101/ES;Norte;Colisão Lateral;1;0;1;0;0;0;;;;;2;0;0;0;0
18/12/2015;17:05:00;281;Acidente sem Vítima;267;BR-101/ES;Sul;Engavetamento;4;0;0;0;0;0;;;;;5;0;0;0;0
18/12/2015;08:47:00;105;Acidente sem Vítima;270;BR-101/ES;Norte;Colisão Lateral;1;0;2;0;0;0;;;;;2;0;0;0;0
18/12/2015;08:19:00;90 - TRECHO CONTORNO;Acidente sem Vítima;290;BR-101/ES;Sul;Colisão Lateral;2;0;0;0;0;0;;;;;2;0;0;0;0
18/12/2015;12:53:00;173;Atropelamento sem Morte;298;BR-101/ES;Norte;Atropelamento;1;0;0;1;0;0;;;;;2;0;1;0;0
18/12/2015;01:06:00;15;Acidente sem Vítima;376;BR-101/ES;Sul;Tombamento;0;0;2;0;0;0;;;;;1;0;0;0;0
18/12/2015;13:03:00;180;Acidente com vítima;390;BR-101/ES;Sul;Colisão Lateral;1;0;1;0;0;0;;;;;1;1;0;1;0
19/12/2015;00:33:00;6;Acidente sem Vítima;41;BR-101/ES;Sul;Queda de Moto;0;0;0;1;0;0;;;;;2;0;0;0;0
19/12/2015;22:50:00;381;Acidente com vítima;68;BR-101/ES;Sul;Colisão Traseira;1;0;0;1;0;0;;;;;1;2;0;0;0
19/12/2015;12:07:00;167;Acidente sem Vítima;136;BR-101/ES;Sul;Colisão Traseira;2;0;0;0;0;0;;;;;5;0;0;0;0
19/12/2015;15:54:00;268;Acidente sem Vítima;148;BR-101/ES;Norte;Engavetamento;3;0;0;0;0;0;;;;;4;0;0;0;0
19/12/2015;14:13:00;226;Acidente com vítima;206;BR-101/ES;Norte;Saída de Pista;0;0;1;0;0;0;;;;;0;0;1;0;0
19/12/2015;23:18:00;387;Atropelamento sem Morte;241;BR-101/ES;Norte;Atropelamento e Fuga;0;0;1;0;0;0;;;;;0;0;1;0;0
19/12/2015;08:51:00;104;Acidente sem Vítima;262;BR-101/ES;Sul;Colisão Traseira;1;0;0;1;0;0;;;;;4;0;0;0;0
19/12/2015;09:28:00;116;Acidente sem Vítima;262;BR-101/ES;Norte;Colisão Traseira;2;0;0;0;0;0;;;;;2;0;0;0;0
19/12/2015;10:06:00;129;Acidente sem Vítima;262;BR-101/ES;Norte;Colisão Traseira;2;0;0;0;0;0;;;;;3;0;0;0;0
19/12/2015;16:49:00;284;Acidente sem Vítima;266;BR-101/ES;Sul;Engavetamento;3;0;0;0;0;0;;;;;7;0;0;0;0
19/12/2015;17:36:00;305;Acidente sem Vítima;269;BR-101/ES;Sul;Colisão Lateral;2;0;0;0;0;0;;;;;2;0;0;0;0
19/12/2015;08:48:00;103 - TRECHO CONTORNO;Acidente com vítima;294;BR-101/ES;Norte;Saída de Pista;0;0;0;1;0;0;;;;;0;0;0;1;0
19/12/2015;13:08:00;200;Acidente sem Vítima;298;BR-101/ES;Sul;Colisão Traseira;2;0;0;0;0;0;;;;;4;0;0;0;0
19/12/2015;06:55:00;64;Acidente sem Vítima;298,3;BR-101/ES;Norte;Colisão Transversal;0;0;3;0;0;0;;;;;2;0;0;0;0
19/12/2015;16:28:00;276;Acidente com vítima;312;BR-101/ES;Sul;Colisão Transversal;3;0;0;0;0;0;;;;;7;1;1;0;0
19/12/2015;16:29:00;277;Acidente sem Vítima;336;BR-101/ES;Norte;Colisão Traseira;2;0;0;0;0;0;;;;;2;0;0;0;0
19/12/2015;09:30:00;117;Acidente sem Vítima;445;BR-101/ES;Sul;Colisão Transversal;3;0;0;0;0;0;;;;;13;0;0;0;0
19/12/2015;14:52:00;240;Acidente com vítima;946;BR-101/BA;Sul;Colisão Lateral;2;0;0;0;0;0;;;;;0;3;3;0;0
20/12/2015;19:02:00;278;Acidente com vítima;102,7;BR-101/ES;Sul;Colisão Transversal;2;0;0;0;0;0;;;;;1;1;0;0;0
20/12/2015;17:53:00;262;Acidente sem Vítima;113;BR-101/ES;Norte;Colisão Traseira;2;0;0;0;0;0;;;;;7;0;0;0;0
20/12/2015;10:29:00;132;Acidente com vítima;230;BR-101/ES;Norte;Saída de Pista;1;0;0;0;0;0;;;;;1;2;0;0;0
20/12/2015;05:10:00;61;Atropelamento sem Morte;262;BR-101/ES;Sul;Atropelamento e Fuga;1;0;0;0;0;0;;;;;0;0;1;0;0
20/12/2015;13:36:00;187 - TRECHO CONTORNO;Acidente com vítima;273;BR-101/ES;Norte;Capotamento;1;0;0;0;0;0;;;;;0;0;2;0;0
20/12/2015;16:41:00;245 - TRECHO CONTORNO;Acidente sem Vítima;277;BR-101/ES;Sul;Colisão Lateral;2;0;0;0;0;0;;;;;5;0;0;0;0
20/12/2015;21:48:00;318 - TRECHO CONTORNO;Acidente sem Vítima;294;BR-101/ES;Sul;Colisão Transversal;1;0;1;0;0;0;;;;;5;0;0;0;0
20/12/2015;08:40:00;99 - TRECHO CONTORNO;Acidente com vítima;296;BR-101/ES;Sul;Queda de Moto;0;0;0;1;0;0;;;;;0;1;0;0;0
20/12/2015;21:30:00;314;Atropelamento sem Morte;299;BR-101/ES;Norte;Atropelamento;0;0;0;1;0;0;;;;;0;0;2;1;0
21/12/2015;01:34:00;12;Acidente sem Vítima;85;BR-101/ES;Sul;Colisão Traseira;1;0;3;0;0;0;;;;;3;0;0;0;0
21/12/2015;09:33:00;120;Acidente com vítima;116;BR-101/ES;Sul;Colisão Traseira;1;0;0;1;0;0;;;;;3;1;0;0;0
21/12/2015;09:08:00;117;Acidente sem Vítima;146;BR-101/ES;Sul;Colisão Traseira;1;0;0;1;0;0;;;;;2;0;0;0;0
21/12/2015;08:05:00;91;Acidente sem Vítima;148;BR-101/ES;Sul;Colisão Transversal;2;0;0;0;0;0;;;;;2;0;0;0;0
21/12/2015;21:11:00;327;Acidente sem Vítima;148;BR-101/ES;Norte;Colisão Traseira;1;0;1;0;0;0;;;;;4;0;0;0;0
21/12/2015;09:34:00;121;Acidente sem Vítima;229;BR-101/ES;Norte;Colisão Traseira;2;0;0;0;0;0;;;;;3;0;0;0;0
21/12/2015;17:36:00;280;Acidente com vítima;261;BR-101/ES;Sul;Queda de Moto;0;0;0;1;0;0;;;;;0;0;1;0;0
21/12/2015;22:30:00;345;Acidente com vítima;264;BR-101/ES;Norte;Engavetamento;1;0;0;0;3;0;;;;;11;1;2;0;0
21/12/2015;13:55:00;201;Acidente sem Vítima;268;BR-101/ES;Sul;Colisão Lateral;0;0;0;2;0;0;;;;;2;0;0;0;0
21/12/2015;18:00:00;284 - TRECHO CONTORNO;Acidente sem Vítima;296;BR-101/ES;Norte;Choque com Objeto Fixo;1;0;0;0;0;0;;;;;2;0;0;0;0
21/12/2015;17:39:00;281;Acidente com vítima;952;BR-101/BA;Norte;Saída de Pista;0;0;3;0;0;0;;;;;0;1;0;0;0
22/12/2015;20:03:00;327;Acidente sem Vítima;0,8;BR-101/ES;Sul;Colisão Lateral;2;0;0;0;0;0;;;;;3;0;0;0;0
22/12/2015;19:52:00;326;Acidente sem Vítima;21;BR-101/ES;Norte;Atropelamento - Equino;1;0;1;0;0;0;;;;;2;0;0;0;0
22/12/2015;21:03:00;338;Acidente sem Vítima;160;BR-101/ES;Norte;Colisão Lateral;1;0;1;0;0;0;;;;;2;0;0;0;0
22/12/2015;03:27:00;34;Acidente com vítima;181;BR-101/ES;Sul;Tombamento;0;0;1;0;0;0;;;;;0;0;1;0;0
22/12/2015;10:09:00;148;Acidente com vítima;258;BR-101/ES;Sul;Queda de ciclista;0;1;0;0;0;0;;;;;0;1;0;0;0
22/12/2015;11:16:00;174;Acidente sem Vítima;270;BR-101/ES;Norte;Engavetamento;3;0;0;0;0;0;;;;;4;0;0;0;0
22/12/2015;22:12:00;350 - TRECHO CONTORNO;Acidente sem Vítima;279;BR-101/ES;Sul;Saída de Pista;1;0;0;0;0;0;;;;;1;0;0;0;0
22/12/2015;17:52:00;306 - TRECHO CONTORNO;Acidente com vítima;286;BR-101/ES;Sul;Queda de Moto;0;0;0;1;0;0;;;;;0;1;0;0;0
22/12/2015;05:45:00;51;Acidente com vítima;297;BR-101/ES;Norte;Colisão Traseira;1;0;1;0;0;0;;;;;2;4;0;0;0
22/12/2015;04:19:00;43;Acidente sem Vítima;300;BR-101/ES;Norte;Colisão Lateral;2;0;0;0;0;0;;;;;3;0;0;0;0
22/12/2015;19:28:00;322;Acidente sem Vítima;433;BR-101/ES;Sul;Colisão Lateral;1;0;2;0;0;0;;;;;2;0;0;0;0
23/12/2015;05:11:00;52;Acidente com vítima;12;BR-101/ES;Sul;Capotamento;1;0;0;0;0;0;;;;;0;0;1;0;0
23/12/2015;07:48:00;93;Acidente sem Vítima;123;BR-101/ES;Sul;Colisão Traseira;2;0;0;0;0;0;;;;;3;0;0;0;0
23/12/2015;20:11:00;309;Acidente com vítima;125,6;BR-101/ES;Norte;Colisão Transversal;1;1;0;0;0;0;;;;;1;0;1;1;0
23/12/2015;16:48:00;254;Acidente com vítima;135;BR-101/ES;Norte;Queda de Moto;0;0;0;1;0;0;;;;;0;0;1;0;0
23/12/2015;13:27:00;192;Acidente com vítima;143;BR-101/ES;Norte;Colisão Lateral;0;0;1;1;0;0;;;;;1;1;0;0;0
23/12/2015;05:07:00;48;Acidente sem Vítima;212;BR-101/ES;Sul;Engavetamento;2;0;1;0;1;0;;;;;10;0;0;0;0
23/12/2015;09:18:00;120;Acidente com vítima;229;BR-101/ES;Sul;Colisão Lateral;1;0;3;0;0;0;;;;;2;1;0;0;0
23/12/2015;08:02:00;98 - TRECHO CONTORNO;Acidente sem Vítima;274;BR-101/ES;Norte;Choque com Objeto Fixo;5;0;2;0;0;0;;;;;16;0;0;0;0
23/12/2015;12:09:00;163 - TRECHO CONTORNO;Acidente sem Vítima;275,5;BR-101/ES;Sul;Saída de Pista;1;0;0;0;0;0;;;;;1;0;0;0;0
23/12/2015;14:31:00;207 - TRECHO CONTORNO;Acidente sem Vítima;278;BR-101/ES;Norte;Choque com Objeto Fixo;1;0;1;0;0;0;;;;;2;0;0;0;0
23/12/2015;19:35:00;300 - TRECHO CONTORNO;Acidente sem Vítima;290;BR-101/ES;Norte;Saída de Pista;1;0;0;0;0;0;;;;;2;0;0;0;0
23/12/2015;22:27:00;340 - TRECHO CONTORNO;Acidente com vítima;290;BR-101/ES;Sul;Saída de Pista;1;0;0;0;0;0;;;;;0;0;2;0;0
23/12/2015;00:17:00;2 - TRECHO CONTORNO;Acidente sem Vítima;296;BR-101/ES;Sul;Choque com Objeto Fixo;1;0;0;0;0;0;;;;;1;0;0;0;0
23/12/2015;14:33:00;208;Acidente sem Vítima;317;BR-101/ES;Norte;Saída de Pista;1;0;0;0;0;0;;;;;2;0;0;0;0
23/12/2015;11:26:00;148;Acidente com vítima;344,6;BR-101/ES;Norte;Colisão Lateral;3;0;0;0;0;0;;;;;3;0;2;0;0
23/12/2015;03:39:00;36;Acidente sem Vítima;368,5;BR-101/ES;Norte;Saída de Pista;1;0;0;0;0;0;;;;;3;0;0;0;0
23/12/2015;17:44:00;266;Acidente com Morte;379;BR-101/ES;Sul;Colisão Frontal;1;0;0;0;1;0;;;;;19;0;0;0;1
23/12/2015;03:02:00;30;Acidente com vítima;435;BR-101/ES;Norte;Capotamento;1;0;0;0;0;0;;;;;2;0;2;0;0
24/12/2015;21:41:00;359;Acidente sem Vítima;32;BR-101/ES;Sul;Colisão Transversal;2;0;0;0;0;0;;;;;7;0;0;0;0
24/12/2015;19:17:00;322;Acidente com vítima;96;BR-101/ES;Sul;Saída de Pista;1;0;0;0;0;0;;;;;0;1;0;0;0
24/12/2015;14:16:00;224;Acidente sem Vítima;125;BR-101/ES;Norte;Colisão Traseira;2;0;0;0;0;0;;;;;5;0;0;0;0
24/12/2015;20:04:00;334;Acidente sem Vítima;137;BR-101/ES;Norte;Saída de Pista;1;0;0;0;0;0;;;;;1;0;0;0;0
24/12/2015;10:16:00;134;Acidente com vítima;147;BR-101/ES;Norte;Colisão Lateral;1;0;1;0;0;0;;;;;3;1;0;0;0
24/12/2015;12:12:00;178;Acidente sem Vítima;151;BR-101/ES;Norte;Engavetamento;3;0;0;0;0;0;;;;;9;0;0;0;0
24/12/2015;10:32:00;140;Acidente sem Vítima;160;BR-101/ES;Norte;Colisão Lateral;2;0;0;0;0;0;;;;;6;0;0;0;0
24/12/2015;07:09:00;81;Acidente com vítima;211,3;BR-101/ES;Sul;Queda de Moto;0;0;0;1;0;0;;;;;0;1;0;0;0
24/12/2015;09:24:00;122;Acidente com vítima;215;BR-101/ES;Sul;Colisão Lateral;1;0;0;1;0;0;;;;;3;0;1;0;0
24/12/2015;06:08:00;73;Acidente sem Vítima;310;BR-101/ES;Sul;Choque com Objeto Fixo;1;0;0;0;0;0;;;;;1;0;0;0;0
24/12/2015;23:48:00;389;Acidente com vítima;338;BR-101/ES;Sul;Queda de ciclista;0;1;0;0;0;0;;;;;0;1;0;0;0
25/12/2015;18:55:00;265;Acidente com vítima;14;BR-101/ES;Norte;Queda de Moto;0;0;0;1;0;0;;;;;0;0;1;1;0
25/12/2015;05:06:00;33;Acidente com vítima;37;BR-101/ES;Sul;Saída de Pista;0;0;1;0;0;0;;;;;0;1;0;0;0
25/12/2015;05:58:00;42;Acidente sem Vítima;40;BR-101/ES;Norte;Veículo em Chamas;1;0;0;0;0;0;;;;;1;0;0;0;0
25/12/2015;06:15:00;46;Acidente com vítima;113;BR-101/ES;Sul;Saída de Pista;1;0;0;0;0;0;;;;;0;3;1;0;0
25/12/2015;15:37:00;215;Acidente sem Vítima;123;BR-101/ES;Norte;Colisão Lateral;2;0;0;0;0;0;;;;;4;0;0;0;0
25/12/2015;06:13:00;45;Atropelamento sem Morte;135;BR-101/ES;Sul;Atropelamento;0;0;4;0;0;0;;;;;1;0;1;0;0
25/12/2015;11:00:00;124;Acidente sem Vítima;159;BR-101/ES;Norte;Saída de Pista;1;0;0;0;0;0;;;;;2;0;0;0;0
25/12/2015;06:50:00;51;Acidente sem Vítima;179;BR-101/ES;Sul;Colisão Traseira;1;0;0;1;0;0;;;;;5;0;0;0;0
25/12/2015;03:52:00;28;Acidente sem Vítima;265;BR-101/ES;Norte;Capotamento;1;0;0;0;0;0;;;;;1;0;0;0;0
25/12/2015;18:19:00;261;Acidente com vítima;270;BR-101/ES;Norte;Colisão Traseira;1;0;0;1;0;0;;;;;3;0;1;0;0
25/12/2015;18:58:00;267;Acidente com vítima;270;BR-101/ES;Sul;Colisão Traseira;2;0;0;0;0;0;;;;;1;4;1;0;0
25/12/2015;05:40:00;39 - TRECHO CONTORNO;Acidente com vítima;276;BR-101/ES;Sul;Capotamento;1;0;0;0;0;0;;;;;4;0;1;0;0
25/12/2015;20:22:00;280 - TRECHO CONTORNO;Acidente com vítima;277;BR-101/ES;Norte;Queda de Moto;0;0;0;1;0;0;;;;;0;1;1;0;0
25/12/2015;00:21:00;1 - TRECHO CONTORNO;Acidente com vítima;296;BR-101/ES;Sul;Saída de Pista;1;0;0;0;0;0;;;;;0;1;0;0;0
25/12/2015;18:55:00;266;Acidente com vítima;400;BR-101/ES;Sul;Colisão Traseira;0;0;0;2;0;0;;;;;1;2;0;0;0
25/12/2015;01:52:00;12;Acidente sem Vítima;402;BR-101/ES;Sul;Veículo em Chamas;1;0;0;0;0;0;;;;;1;0;0;0;0
26/12/2015;20:29:00;290;Atropelamento sem Morte;61;BR-101/ES;Norte;Atropelamento e Fuga;1;0;0;0;0;0;;;;;0;1;0;0;0
26/12/2015;09:57:00;103;Acidente sem Vítima;216;BR-101/ES;Norte;Colisão Traseira;2;0;0;0;0;0;;;;;7;0;0;0;0
26/12/2015;14:33:00;197;Acidente com vítima;225;BR-101/ES;Sul;Saída de Pista;1;0;0;0;0;0;;;;;0;1;2;0;0
26/12/2015;19:53:00;283;Acidente com vítima;264;BR-101/ES;Norte;Colisão Transversal;1;0;0;1;0;0;;;;;1;0;2;0;0
26/12/2015;15:53:00;219;Acidente sem Vítima;265;BR-101/ES;Sul;Saída de Pista;1;0;0;0;0;0;;;;;1;0;0;0;0
26/12/2015;15:09:00;207;Acidente sem Vítima;268;BR-101/ES;Sul;Saída de Pista;1;0;0;0;0;0;;;;;3;0;0;0;0
26/12/2015;16:38:00;234;Acidente sem Vítima;269;BR-101/ES;Sul;Colisão Traseira;2;0;0;0;0;0;;;;;3;0;0;0;0
26/12/2015;19:33:00;277;Acidente sem Vítima;297;BR-101/ES;Sul;Colisão Lateral;1;0;0;0;1;0;;;;;4;0;0;0;0