data;horario;n_da_ocorrencia;tipo_de_ocorrencia;km;trecho;sentido;tipo_de_acidente;automovel;bicicleta;caminhao;moto;onibus;outros;tracao_animal;transporte_de_cargas_especiais;trator_maquinas;utilitarios;ilesos;levemente_feridos;moderadamente_feridos;gravemente_feridos;mortos
09/01/2016;18:16:00;312;Acidente com vítima;126;BR-101/ES;Norte;Colisão Traseira;2;0;0;0;0;0;;;;;1;2;0;0;0
09/01/2016;22:13:00;359;Acidente com vítima;132;BR-101/ES;Sul;Colisão Lateral;1;0;0;1;0;0;;;;;1;1;1;0;0
09/01/2016;20:24:00;342;Acidente com vítima;144;BR-101/ES;Norte;Colisão Traseira;2;0;0;0;0;0;;;;;1;2;0;0;0
09/01/2016;12:18:00;185;Atropelamento sem morte;150;BR-101/ES;Sul;Atropelamento;1;0;0;0;0;0;;;;;1;0;0;1;0
09/01/2016;07:07:00;81;Acidente com vítima;189;BR-101/ES;Sul;Saída de Pista;0;0;1;0;0;0;;;;;0;0;1;0;0
09/01/2016;15:36:00;251;Acidente com vítima;213;BR-101/ES;Sul;Choque com Objeto Fixo;1;0;0;0;0;0;;;;;4;0;1;0;0
09/01/2016;10:31:00;153;Acidente sem Vítima;253;BR-101/ES;Sul;Queda de Moto;0;0;0;1;0;0;;;;;2;0;0;0;0
09/01/2016;22:39:00;372;Acidente sem Vítima;308;BR-101/ES;Sul;Atropelamento - Bovino;0;0;0;0;0;0;;;;;1;0;0;0;0
09/01/2016;08:46:00;111;Acidente com vítima;414;BR-101/ES;Sul;Queda de Moto;0;0;0;1;0;0;;;;;0;0;1;0;0
10/01/2016;15:54:00;232;Acidente com vítima;61;BR-101/ES;Norte;Saída de Pista;1;0;0;0;0;0;;;;;0;1;0;0;0
10/01/2016;16:54:00;253;Acidente sem Vítima;116;BR-101/ES;Sul;Engavetamento;3;0;1;0;0;0;;;;;7;0;0;0;0
10/01/2016;07:39:00;72;Acidente sem Vítima;204;BR-101/ES;Norte;Colisão Traseira;2;0;0;0;0;0;;;;;3;0;0;0;0
10/01/2016;16:27:00;245;Acidente sem Vítima;298;BR-101/ES;Norte;Engavetamento;4;0;0;0;0;0;;;;;8;0;0;0;0
10/01/2016;15:34:00;222;Acidente sem Vítima;373;BR-101/ES;Norte;Saída de Pista;1;0;0;0;0;0;;;;;4;0;0;0;0
11/01/2016;20:34:00;355;Acidente com vítima;49;BR-101/ES;Sul;Colisão Frontal;2;0;0;0;0;0;;;;;0;5;0;1;0
11/01/2016;19:48:00;348;Acidente com vítima;81;BR-101/ES;Norte;Colisão Frontal;3;1;0;0;0;0;;;;;3;3;4;1;0
11/01/2016;20:24:00;352;Acidente sem Vítima;86;BR-101/ES;Sul;Colisão Transversal;2;0;0;0;0;0;;;;;3;0;0;0;0
11/01/2016;11:20:00;180;Acidente sem Vítima;127;BR-101/ES;Norte;Colisão Transversal;2;0;0;0;0;0;;;;;5;0;0;0;0
11/01/2016;10:28:00;149;Acidente sem Vítima;259;BR-101/ES;Norte;Colisão Traseira;0;1;0;0;2;0;;;;;3;0;0;0;0
11/01/2016;22:44:00;380;Acidente com vítima;264;BR-101/ES;Norte;Colisão Transversal;1;0;0;1;0;0;;;;;0;1;0;1;0
11/01/2016;06:18:00;68;Acidente sem Vítima;266;BR-101/ES;Sul;Colisão Transversal;2;0;1;0;0;0;;;;;4;0;0;0;0
11/01/2016;17:18:00;314;Acidente com vítima;266;BR-101/ES;Sul;Queda de Moto;0;0;0;1;0;0;;;;;0;0;1;0;0
11/01/2016;13:41:00;246-TRECHO CONTORNO;Acidente sem Vítima;291;BR-101/ES;Sul;Colisão Traseira;1;0;0;1;0;0;;;;;2;0;0;0;0
12/01/2016;21:33:00;371;Acidente sem Vítima;70;BR-101/ES;Norte;Saída de Pista;1;0;0;0;0;0;;;;;1;0;0;0;0
12/01/2016;20:04:00;355;Acidente sem Vítima;149;BR-101/ES;Sul;Colisão Transversal;1;0;1;0;0;0;;;;;2;0;0;0;0
12/01/2016;13:58:00;262;Acidente com vítima;269;BR-101/ES;Norte;Colisão Traseira;1;0;0;1;0;0;;;;;2;1;0;0;0
12/01/2016;11:08:00;200-TRECHO CONTORNO;Acidente sem Vítima;271;BR-101/ES;Sul;Colisão Lateral;1;0;1;0;0;0;;;;;5;0;0;0;0
12/01/2016;16:36:00;308-TRECHO CONTORNO;Acidente sem Vítima;296;BR-101/ES;Sul;Saída de Pista;1;0;0;0;0;0;;;;;1;0;0;0;0
12/01/2016;16:03:00;300;Acidente sem Vítima;329;BR-101/ES;Norte;Saída de Pista;1;0;0;0;2;0;;;;;3;0;0;0;0
12/01/2016;20:33:00;359;Acidente sem Vítima;332,8;BR-101/ES;Sul;Choque com Objeto Fixo;1;0;0;0;0;0;;;;;4;0;0;0;0
12/01/2016;16:52:00;312;Acidente sem Vítima;360;BR-101/ES;Norte;Saída de Pista;1;0;0;0;0;0;;;;;1;0;0;0;0
12/01/2016;15:37:00;294;Acidente sem Vítima;361;BR-101/ES;Norte;Saída de Pista;1;0;0;0;0;0;;;;;1;0;0;0;0
12/01/2016;14:54:00;283;Acidente sem Vítima;371;BR-101/ES;Sul;Colisão Lateral;0;0;2;0;0;0;;;;;2;0;0;0;0
12/01/2016;14:23:00;274;Acidente sem Vítima;430;BR-101/ES;Norte;Saída de Pista;1;0;0;0;0;0;;;;;1;0;0;0;0
13/01/2016;20:37:00;340;Acidente sem Vítima;16;BR-101/ES;Norte;Colisão Transversal;1;0;0;0;0;0;;;;;3;0;0;0;0
13/01/2016;09:23:00;127;Acidente sem Vítima;142;BR-101/ES;Norte;Colisão Transversal;1;0;1;0;0;0;;;;;2;0;0;0;0
13/01/2016;22:27:00;360;Acidente com vítima;162;BR-101/ES;Norte;Colisão Transversal;1;0;1;0;0;0;;;;;1;1;0;0;0
13/01/2016;19:22:00;320;Acidente com vítima;262;BR-101/ES;Sul;Queda de Moto;0;0;0;1;0;0;;;;;0;1;0;0;0
13/01/2016;07:25:00;85;Atropelamento sem morte;270;BR-101/ES;Sul;Atropelamento e Fuga;0;0;1;0;0;0;;;;;0;0;1;0;0
13/01/2016;00:31:00;8-TRECHO CONTORNO;Acidente com vítima;291;BR-101/ES;Sul;Queda de Moto;0;0;0;1;0;0;;;;;0;1;0;0;0
13/01/2016;19:39:00;328;Acidente sem Vítima;299;BR-101/ES;Sul;Colisão Traseira;2;0;0;0;0;0;;;;;6;0;0;0;0
13/01/2016;20:43:00;343;Acidente com vítima;331;BR-101/ES;Norte;Colisão Transversal;2;0;0;0;0;0;;;;;2;0;2;0;0
13/01/2016;16:13:00;265;Acidente sem Vítima;456;BR-101/ES;Sul;Saída de Pista;1;0;0;0;0;0;;;;;2;0;0;0;0
14/01/2016;12:28:00;178;Acidente com vítima;148;BR-101/ES;Sul;Colisão Traseira;1;0;0;1;0;0;;;;;1;0;1;0;0
14/01/2016;20:40:00;280;Acidente sem Vítima;231;BR-101/ES;Sul;Saída de Pista;1;0;0;0;0;0;;;;;1;0;0;0;0
14/01/2016;06:59:00;67;Acidente com vítima;259,5;BR-101/ES;Norte;Saída de Pista;1;0;0;0;0;0;;;;;0;0;1;0;0
14/01/2016;11:04:00;148;Acidente sem Vítima;266;BR-101/ES;Norte;Colisão Traseira;2;0;0;0;0;0;;;;;6;0;0;0;0
14/01/2016;06:10:00;57;Acidente sem Vítima;268;BR-101/ES;Norte;Colisão Traseira;1;1;0;0;0;0;;;;;3;0;0;0;0
14/01/2016;13:33:00;200;Acidente com vítima;270;BR-101/ES;Sul;Colisão Lateral;0;0;1;1;0;0;;;;;0;0;1;0;0
14/01/2016;19:04:00;266-TRECHO CONTORNO;Acidente sem Vítima;291;BR-101/ES;Sul;Colisão Traseira;2;0;0;0;0;0;;;;;2;0;0;0;0
14/01/2016;11:40:00;164-TRECHO CONTORNO;Acidente com Morte;292;BR-101/ES;Sul;Colisão Lateral;0;0;0;1;0;0;;;;;0;0;0;0;1
14/01/2016;12:24:00;177;Acidente com vítima;298;BR-101/ES;Norte;Colisão Traseira;2;0;0;0;0;0;;;;;1;1;0;0;0
15/01/2016;14:41:00;255;Acidente sem Vítima;23;BR-101/ES;Sul;Colisão Traseira;0;0;1;0;3;0;;;;;2;0;0;0;0
15/01/2016;17:48:00;326;Acidente sem Vítima;264;BR-101/ES;Norte;Colisão Lateral;0;0;1;1;0;0;;;;;3;0;0;0;0
15/01/2016;13:38:00;229;Acidente sem Vítima;270;BR-101/ES;Sul;Colisão Traseira;1;0;1;0;0;0;;;;;5;0;0;0;0
15/01/2016;18:41:00;337;Acidente sem Vítima;270;BR-101/ES;Sul;Colisão Lateral;1;0;1;0;0;0;;;;;2;0;0;0;0
15/01/2016;10:13:00;149-TRECHO CONTORNO;Acidente com vítima;280;BR-101/ES;Norte;Colisão Lateral;1;0;0;1;0;0;;;;;2;0;2;0;0
15/01/2016;19:14:00;349;Acidente sem Vítima;304;BR-101/ES;Sul;Colisão Traseira;2;0;0;0;0;0;;;;;2;0;0;0;0
15/01/2016;06:18:00;70;Atropelamento sem morte;309,5;BR-101/ES;Norte;Atropelamento;1;0;0;0;0;0;;;;;1;1;0;0;0
15/01/2016;19:12:00;346;Acidente sem Vítima;320;BR-101/ES;Sul;Colisão Traseira;1;0;1;0;0;0;;;;;3;0;0;0;0
15/01/2016;23:06:00;395;Acidente sem Vítima;335;BR-101/ES;Sul;Saída de Pista;0;0;1;0;0;0;;;;;1;0;0;0;0
16/01/2016;18:32:00;308;Acidente com vítima;66;BR-101/ES;Sul;Queda de Moto;0;0;0;1;0;0;;;;;0;0;1;0;0
16/01/2016;10:17:00;131;Acidente com vítima;67;BR-101/ES;Sul;Colisão Lateral;2;0;0;0;0;0;;;;;2;1;0;0;0
16/01/2016;17:42:00;300;Acidente com vítima;70;BR-101/ES;Sul;Saída de Pista;1;0;0;0;0;0;;;;;0;0;2;0;0
16/01/2016;19:42:00;325;Acidente com vítima;79,9;BR-101/ES;Norte;Atropelamento - Equino;2;0;0;1;0;0;;;;;2;0;1;0;0
16/01/2016;16:42:00;284;Acidente sem Vítima;126;BR-101/ES;Norte;Colisão Traseira;2;0;0;0;0;0;;;;;5;0;0;0;0
16/01/2016;00:42:00;14;Acidente sem Vítima;131;BR-101/ES;Norte;Queda de ciclista;0;0;1;0;0;0;;;;;1;0;0;0;0
16/01/2016;09:18:00;116;Acidente com vítima;150;BR-101/ES;Norte;Saída de Pista;1;0;0;0;0;0;;;;;3;1;0;0;0
16/01/2016;17:21:00;295;Acidente sem Vítima;165;BR-101/ES;Norte;Engavetamento;3;0;0;0;0;0;;;;;8;0;0;0;0
16/01/2016;00:25:00;5;Atropelamento com morte;206;BR-101/ES;Norte;Atropelamento e Fuga;0;0;1;0;0;0;;;;;0;0;0;0;1
16/01/2016;00:31:00;8;Acidente com vítima;211,9;BR-101/ES;Sul;Colisão Lateral;1;0;1;0;0;0;;;;;3;0;2;0;0
16/01/2016;23:04:00;377;Acidente com vítima;219;BR-101/ES;Norte;Queda de Moto;0;0;0;1;0;0;;;;;0;0;1;0;0
16/01/2016;08:15:00;96;Acidente com vítima;221;BR-101/ES;Norte;Colisão Lateral;2;0;0;0;3;0;;;;;3;1;0;0;0
16/01/2016;09:53:00;124;Acidente com vítima;222;BR-101/ES;Norte;Colisão Traseira;1;0;0;1;0;0;;;;;2;1;0;0;0
16/01/2016;23:26:00;381;Acidente sem Vítima;264;BR-101/ES;Norte;Colisão Lateral;1;0;0;0;0;0;;;;;2;0;0;0;0
16/01/2016;14:26:00;230;Acidente sem Vítima;265;BR-101/ES;Sul;Colisão Traseira;1;0;1;0;0;0;;;;;6;0;0;0;0
16/01/2016;21:15:00;345;Atropelamento sem morte;270;BR-101/ES;Norte;Atropelamento;1;0;0;0;0;0;;;;;1;1;0;0;0
16/01/2016;22:41:00;367;Acidente com vítima;270;BR-101/ES;Norte;Colisão Traseira;2;1;0;1;0;0;;;;;4;1;0;0;0
16/01/2016;21:04:00;342-TRECHO CONTORNO;Acidente sem Vítima;283;BR-101/ES;Norte;Choque com Objeto Fixo;1;0;0;0;0;0;;;;;1;0;0;0;0
16/01/2016;11:23:00;153;Acidente com vítima;323;BR-101/ES;Norte;Saída de Pista;1;0;0;0;0;0;;;;;1;1;0;0;0
16/01/2016;01:25:00;20;Acidente sem Vítima;442;BR-101/ES;Sul;Colisão Transversal;1;0;0;1;0;0;;;;;4;0;0;0;0
16/01/2016;14:59:00;244;Acidente sem Vítima;448;BR-101/ES;Sul;Saída de Pista;1;0;0;0;0;0;;;;;1;0;0;0;0
16/01/2016;16:13:00;274;Acidente sem Vítima;450;BR-101/ES;Norte;Saída de Pista;0;0;0;0;0;0;;;;;1;0;0;0;0
16/01/2016;12:02:00;167;Acidente com vítima;457;BR-101/ES;Sul;Colisão Transversal;2;0;0;0;0;0;;;;;5;0;2;0;0
17/01/2016;22:47:00;306;Acidente com vítima;65;BR-101/ES;Norte;Colisão Lateral;2;0;0;0;0;0;;;;;1;0;0;1;0
17/01/2016;06:50:00;65;Acidente sem Vítima;102;BR-101/ES;Norte;Saída de Pista;0;0;0;0;0;0;;;;;1;0;0;0;0
17/01/2016;18:44:00;245;Acidente com vítima;137;BR-101/ES;Sul;Colisão Lateral;1;0;0;1;0;0;;;;;1;1;0;0;0
17/01/2016;08:57:00;86;Acidente sem Vítima;172;BR-101/ES;Norte;Colisão Lateral;1;0;0;0;2;0;;;;;5;0;0;0;0
17/01/2016;06:47:00;64;Acidente com vítima;213;BR-101/ES;Norte;Colisão Traseira;1;0;0;1;0;0;;;;;1;1;1;0;0
17/01/2016;07:07:00;71;Acidente sem Vítima;221;BR-101/ES;Sul;Saída de Pista;1;0;0;0;0;0;;;;;3;0;0;0;0
17/01/2016;16:06:00;198;Acidente sem Vítima;254;BR-101/ES;Sul;Colisão Traseira;2;0;0;0;0;0;;;;;8;0;0;0;0
17/01/2016;22:44:00;304;Acidente com vítima;267;BR-101/ES;Sul;Choque com Objeto Fixo;1;0;0;0;0;0;;;;;0;0;0;1;0
17/01/2016;18:28:00;242;Acidente sem Vítima;268;BR-101/ES;Norte;Colisão Traseira;2;0;0;0;0;0;;;;;2;0;0;0;0
17/01/2016;20:51:00;271-TRECHO CONTORNO;Acidente sem Vítima;282;BR-101/ES;Sul;Choque com Objeto Fixo;1;0;0;0;0;0;;;;;1;0;0;0;0
17/01/2016;00:33:00;12-TRECHO CONTORNO;Acidente com vítima;287;BR-101/ES;Sul;Colisão Transversal;2;0;0;0;0;0;;;;;0;4;1;0;0
17/01/2016;23:06:00;314-TRECHO CONTORNO;Acidente sem Vítima;288;BR-101/ES;Norte;Saída de Pista;1;0;0;0;0;0;;;;;2;0;0;0;0
17/01/2016;16:33:00;209-TRECHO CONTORNO;Acidente sem Vítima;292;BR-101/ES;Sul;Saída de Pista;0;0;0;0;0;0;;;;;1;0;0;0;0
17/01/2016;14:30:00;173-TRECHO CONTORNO;Acidente sem Vítima;294;BR-101/ES;Norte;Colisão Traseira;0;0;1;0;2;0;;;;;3;0;0;0;0
17/01/2016;16:07:00;199-TRECHO CONTORNO;Acidente sem Vítima;294;BR-101/ES;Sul;Colisão Traseira;2;0;0;0;0;0;;;;;3;0;0;0;0
17/01/2016;15:37:00;190;Acidente sem Vítima;298;BR-101/ES;Norte;Colisão Traseira;2;0;0;0;0;0;;;;;2;0;0;0;0
17/01/2016;16:13:00;202;Acidente sem Vítima;313;BR-101/ES;Norte;Saída de Pista;1;0;0;0;0;0;;;;;2;0;0;0;0
17/01/2016;16:27:00;207;Acidente sem Vítima;313,5;BR-101/ES;Norte;Engavetamento;5;0;0;0;0;0;;;;;8;0;0;0;0
17/01/2016;15:51:00;193;Acidente sem Vítima;317;BR-101/ES;Sul;Colisão Lateral;2;0;0;0;0;0;;;;;5;0;0;0;0
17/01/2016;06:11:00;61;Acidente sem Vítima;400,5;BR-101/ES;Norte;Colisão Lateral;2;0;0;0;0;0;;;;;5;0;0;0;0
17/01/2016;05:03:00;51;Acidente com vítima;459;BR-101/ES;Sul;Saída de Pista;1;0;0;0;0;0;;;;;0;1;0;0;0
18/01/2016;12:08:00;172;Acidente sem Vítima;65;BR-101/ES;Norte;Colisão Lateral;1;0;1;0;0;0;;;;;2;0;0;0;0
18/01/2016;12:50:00;188;Acidente sem Vítima;135;BR-101/ES;Norte;Colisão Transversal;2;0;0;0;0;0;;;;;5;0;0;0;0
18/01/2016;09:15:00;122;Acidente sem Vítima;137;BR-101/ES;Sul;Colisão Traseira;2;0;0;0;0;0;;;;;2;0;0;0;0
18/01/2016;09:35:00;126;Acidente sem Vítima;148;BR-101/ES;Sul;Colisão Lateral;1;1;0;0;0;0;;;;;6;0;0;0;0
18/01/2016;15:19:00;236;Acidente sem Vítima;264;BR-101/ES;Norte;Colisão Transversal;1;0;0;0;0;0;;;;;3;0;0;0;0
18/01/2016;15:30:00;240;Acidente sem Vítima;266;BR-101/ES;Sul;Colisão Traseira;2;0;0;0;0;0;;;;;2;0;0;0;0
18/01/2016;22:50:00;350;Acidente sem Vítima;266;BR-101/ES;Norte;Saída de Pista;1;0;0;0;0;0;;;;;2;0;0;0;0
18/01/2016;06:08:00;65;Acidente com vítima;267;BR-101/ES;Norte;Colisão Transversal;1;0;0;0;2;0;;;;;1;0;0;1;0
18/01/2016;07:30:00;82-TRECHO CONTORNO;Acidente sem Vítima;271;BR-101/ES;Norte;Saída de Pista;1;0;0;0;0;0;;;;;1;0;0;0;0
18/01/2016;05:48:00;62-TRECHO CONTORNO;Acidente com vítima;282;BR-101/ES;Norte;Saída de Pista;1;0;0;0;0;0;;;;;2;0;1;0;0
18/01/2016;08:41:00;107-TRECHO CONTORNO;Acidente sem Vítima;292,2;BR-101/ES;Sul;Saída de Pista;0;0;1;0;0;0;;;;;2;0;0;0;0
18/01/2016;07:59:00;90-TRECHO CONTORNO;Acidente com vítima;296;BR-101/ES;Norte;Colisão Lateral;2;0;0;0;0;0;;;;;1;0;0;1;0
18/01/2016;09:10:00;119;Acidente sem Vítima;451;BR-101/ES;Sul;Colisão Traseira;2;0;0;0;0;0;;;;;9;0;0;0;0
19/01/2016;19:39:00;313;Acidente sem Vítima;24;BR-101/ES;Norte;Atropelamento - Bovino;0;0;0;0;2;0;;;;;1;0;0;0;0
19/01/2016;09:07:00;125;Acidente com vítima;140;BR-101/ES;Sul;Queda de Moto;0;0;0;1;0;0;;;;;1;1;0;0;0
19/01/2016;10:04:00;146;Acidente sem Vítima;176;BR-101/ES;Norte;Engavetamento;3;0;0;0;0;0;;;;;9;0;0;0;0
19/01/2016;05:25:00;61;Acidente sem Vítima;205;BR-101/ES;Sul;Saída de Pista;1;0;0;0;0;0;;;;;2;0;0;0;0
19/01/2016;14:02:00;236;Acidente sem Vítima;222;BR-101/ES;Norte;Choque com Objeto Fixo;0;0;1;0;0;0;;;;;1;0;0;0;0
19/01/2016;13:55:00;233;Acidente com vítima;258;BR-101/ES;Sul;Colisão;0;0;2;0;0;0;;;;;0;1;1;0;0
19/01/2016;11:29:00;172;Acidente sem Vítima;262;BR-101/ES;Sul;Colisão Traseira;1;0;1;0;0;0;;;;;2;0;0;0;0
19/01/2016;09:18:00;133;Acidente com vítima;270;BR-101/ES;Norte;Colisão Lateral;1;0;0;0;2;0;;;;;1;1;0;0;0
19/01/2016;10:50:00;163;Acidente com vítima;270;BR-101/ES;Norte;Colisão Traseira;0;0;0;2;0;0;;;;;1;1;0;0;0
19/01/2016;21:14:00;328;Acidente sem Vítima;352;BR-101/ES;Sul;Colisão Lateral;2;0;0;0;0;0;;;;;5;0;0;0;0
19/01/2016;23:49:00;368;Acidente sem Vítima;353;BR-101/ES;Sul;Saída de Pista;1;0;0;0;0;0;;;;;1;0;0;0;0
19/01/2016;14:27:00;237;Acidente sem Vítima;431;BR-101/ES;Norte;Saída de Pista;1;0;0;0;0;0;;;;;2;0;0;0;0
19/01/2016;06:52:00;75;Acidente com vítima;450,9;BR-101/ES;Norte;Saída de Pista;1;0;0;0;0;0;;;;;0;0;1;0;0
19/01/2016;06:44:00;73;Acidente sem Vítima;458;BR-101/ES;Sul;Saída de Pista;0;0;1;0;0;0;;;;;1;0;0;0;0
20/01/2016;03:32:00;41;Acidente sem Vítima;126;BR-101/ES;Sul;Colisão Traseira;1;0;1;0;0;0;;;;;2;0;0;0;0
20/01/2016;22:57:00;337;Acidente com vítima;147,4;BR-101/ES;Norte;Colisão Traseira;1;0;0;0;2;0;;;;;1;1;0;0;0
20/01/2016;08:09:00;90;Acidente com vítima;178;BR-101/ES;Norte;Saída de Pista;1;0;0;0;0;0;;;;;0;0;1;0;0
20/01/2016;06:44:00;69;Acidente sem Vítima;262;BR-101/ES;Norte;Colisão Traseira;2;0;0;0;0;0;;;;;3;0;0;0;0
20/01/2016;09:32:00;113;Acidente sem Vítima;264;BR-101/ES;Norte;Colisão Traseira;2;0;0;0;0;0;;;;;2;0;0;0;0
20/01/2016;11:28:00;143-TRECHO CONTORNO;Acidente sem Vítima;282;BR-101/ES;Norte;Saída de Pista;1;0;0;0;0;0;;;;;2;0;0;0;0
20/01/2016;19:39:00;297;Acidente com vítima;458;BR-101/ES;Sul;Colisão Transversal;1;0;1;0;0;0;;;;;1;2;0;0;0
21/01/2016;08:22:00;102;Acidente com vítima;13,9;BR-101/ES;Sul;Capotamento;1;0;0;0;0;0;;;;;2;0;1;0;0
21/01/2016;12:13:00;172;Acidente sem Vítima;66,2;BR-101/ES;Sul;Colisão Traseira;1;0;0;0;1;0;;;;;4;0;0;0;0
21/01/2016;11:20:00;157;Acidente com vítima;107;BR-101/ES;Norte;Colisão Traseira;1;0;0;1;0;0;;;;;5;0;1;0;0
21/01/2016;15:26:00;218;Acidente sem Vítima;263;BR-101/ES;Norte;Colisão Traseira;1;0;1;0;0;0;;;;;2;0;0;0;0
21/01/2016;17:54:00;257;Acidente sem Vítima;265;BR-101/ES;Sul;Colisão Traseira;2;0;0;0;0;0;;;;;2;0;0;0;0
21/01/2016;23:21:00;329;Acidente sem Vítima;269;BR-101/ES;Norte;Colisão Traseira;1;0;1;0;0;0;;;;;2;0;0;0;0
21/01/2016;09:57:00;136-TRECHO CONTORNO;Acidente com vítima;272;BR-101/ES;Norte;Queda de Moto;0;0;0;1;0;0;;;;;0;1;0;0;0
21/01/2016;11:47:00;168-TRECHO CONTORNO;Acidente sem Vítima;278;BR-101/ES;Sul;Colisão Lateral;1;0;1;0;0;0;;;;;2;0;0;0;0
21/01/2016;08:35:00;107-TRECHO CONTORNO;Acidente sem Vítima;281;BR-101/ES;Norte;Choque com Objeto Fixo;1;0;0;0;0;0;;;;;1;0;0;0;0
21/01/2016;08:03:00;96-TRECHO CONTORNO;Acidente com vítima;287;BR-101/ES;Sul;Queda de Moto;0;0;0;1;0;0;;;;;0;0;1;0;0
21/01/2016;05:51:00;69;Acidente com vítima;329;BR-101/ES;Sul;Queda de Moto;0;0;0;1;0;0;;;;;0;2;0;0;0
21/01/2016;21:11:00;296;Atropelamento sem morte;411;BR-101/ES;Norte;Atropelamento e Fuga;1;0;0;0;0;0;;;;;0;0;0;1;0
22/01/2016;23:26:00;324;Acidente sem Vítima;138;BR-101/ES;Sul;Saída de Pista;1;0;0;0;0;0;;;;;1;0;0;0;0
22/01/2016;16:58:00;237;Acidente sem Vítima;209;BR-101/ES;Sul;Colisão Traseira;1;0;1;0;0;0;;;;;2;0;0;0;0
22/01/2016;15:43:00;221;Acidente sem Vítima;211;BR-101/ES;Norte;Choque com Objeto Fixo;1;0;0;0;0;0;;;;;2;0;0;0;0
22/01/2016;21:22:00;286;Acidente com vítima;214;BR-101/ES;Sul;Colisão Frontal;3;0;0;0;0;0;;;;;1;1;2;0;0
22/01/2016;15:27:00;212;Acidente sem Vítima;253;BR-101/ES;Sul;Colisão Traseira;1;0;1;0;0;0;;;;;3;0;0;0;0
22/01/2016;15:09:00;209;Acidente sem Vítima;266;BR-101/ES;Norte;Colisão Traseira;2;0;0;0;0;0;;;;;5;0;0;0;0
22/01/2016;02:52:00;37;Acidente sem Vítima;270;BR-101/ES;Sul;Saída de Pista;0;0;0;0;0;0;;;;;1;0;0;0;0
22/01/2016;09:25:00;114;Acidente com vítima;270;BR-101/ES;Norte;Queda de Moto;0;0;0;1;0;0;;;;;0;0;1;0;0
22/01/2016;13:32:00;191-TRECHO CONTORNO;Acidente sem Vítima;276;BR-101/ES;Sul;Saída de Pista;1;0;0;0;0;0;;;;;1;0;0;0;0
22/01/2016;21:04:00;284-TRECHO CONTORNO;Acidente sem Vítima;279;BR-101/ES;Sul;Saída de Pista;0;0;0;0;0;0;;;;;1;0;0;0;0
22/01/2016;10:35:00;138;Atropelamento sem morte;298;BR-101/ES;Sul;Atropelamento;0;0;0;0;2;0;;;;;1;0;0;1;0
22/01/2016;15:57:00;225;Acidente com vítima;298;BR-101/ES;Norte;Colisão Lateral;2;0;0;0;0;0;;;;;1;2;0;0;0
22/01/2016;18:26:00;261;Acidente sem Vítima;368;BR-101/ES;Sul;Saída de Pista;1;0;0;0;0;0;;;;;2;0;0;0;0
22/01/2016;02:55:00;38;Acidente sem Vítima;376;BR-101/ES;Norte;Choque com Objeto Fixo;0;0;1;0;0;0;;;;;1;0;0;0;0
23/01/2016;21:59:00;311;Acidente com vítima;17,4;BR-101/ES;Norte;Choque;1;0;0;0;0;0;;;;;0;0;1;1;0
23/01/2016;14:20:00;212;Acidente sem Vítima;248;BR-101/ES;Norte;Saída de Pista;1;0;0;0;0;0;;;;;1;0;0;0;0
23/01/2016;18:30:00;258;Acidente com vítima;262;BR-101/ES;Norte;Colisão Traseira;2;0;0;0;0;0;;;;;2;2;0;0;0
23/01/2016;20:11:00;283;Acidente com vítima;266;BR-101/ES;Norte;Colisão Transversal;2;0;0;0;0;0;;;;;2;1;0;0;0
23/01/2016;02:17:00;37-TRECHO CONTORNO;Acidente sem Vítima;296;BR-101/ES;Norte;Colisão Lateral;2;0;0;0;0;0;;;;;4;0;0;0;0
23/01/2016;16:22:00;232;Acidente com vítima;342;BR-101/ES;Sul;Colisão Lateral;1;0;0;0;3;0;;;;;2;1;0;0;0
23/01/2016;17:45:00;250;Acidente com vítima;370;BR-101/ES;Norte;Saída de Pista;1;0;0;0;0;0;;;;;1;3;0;0;0
23/01/2016;17:09:00;244;Acidente sem Vítima;423;BR-101/ES;Norte;Saída de Pista;1;0;0;0;0;0;;;;;1;0;0;0;0
23/01/2016;12:45:00;189;Acidente sem Vítima;947;BR-101/BA;Norte;Tombamento;1;0;0;0;2;0;;;;;4;0;0;0;0
24/01/2016;13:23:00;142;Acidente sem Vítima;17;BR-101/ES;Norte;Colisão Traseira;1;0;1;0;0;0;;;;;3;0;0;0;0
24/01/2016;16:14:00;196;Acidente sem Vítima;259;BR-101/ES;Norte;Saída de Pista;1;0;0;0;0;0;;;;;1;0;0;0;0
24/01/2016;14:32:00;167-TRECHO CONTORNO;Acidente sem Vítima;281;BR-101/ES;Norte;Capotamento;1;0;0;0;0;0;;;;;2;0;0;0;0
24/01/2016;13:54:00;153-TRECHO CONTORNO;Acidente sem Vítima;293;BR-101/ES;Norte;Colisão Traseira;2;0;0;0;0;0;;;;;5;0;0;0;0
24/01/2016;09:24:00;86;Acidente sem Vítima;388;BR-101/ES;Norte;Tombamento;0;0;0;0;2;0;;;;;1;0;0;0;0
25/01/2016;09:27:00;129;Acidente sem Vítima;130;BR-101/ES;Norte;Colisão Lateral;2;0;0;0;0;0;;;;;6;0;0;0;0
25/01/2016;00:50:00;19;Acidente com vítima;138;BR-101/ES;Norte;Colisão Frontal;2;0;0;0;0;0;;;;;2;2;1;0;0
25/01/2016;16:46:00;267;Acidente sem Vítima;145;BR-101/ES;Sul;Colisão Traseira;2;0;1;0;0;0;;;;;4;0;0;0;0
25/01/2016;18:01:00;283;Acidente sem Vítima;179;BR-101/ES;Norte;Colisão Traseira;2;0;0;0;0;0;;;;;5;0;0;0;0