data;horario;n_da_ocorrencia;tipo_de_ocorrencia;km;trecho;sentido;tipo_de_acidente;automovel;bicicleta;caminhao;moto;onibus;outros;tracao_animal;transporte_de_cargas_especiais;trator_maquinas;utilitarios;ilesos;levemente_feridos;moderadamente_feridos;gravemente_feridos;mortos
25/01/2016;12:34:00;189;Acidente sem Vítima;215;BR-101/ES;Norte;Choque com Objeto Fixo;1;0;0;0;0;0;;;;;2;0;0;0;0
25/01/2016;05:47:00;73;Acidente sem Vítima;219;BR-101/ES;Norte;Queda de Moto;0;0;0;1;0;0;;;;;1;0;0;0;0
25/01/2016;14:04:00;225;Acidente sem Vítima;221;BR-101/ES;Norte;Saída de Pista;0;0;0;0;1;0;;;;;1;0;0;0;0
25/01/2016;09:29:00;131;Acidente sem Vítima;255;BR-101/ES;Sul;Engavetamento;4;0;0;0;0;0;;;;;10;0;0;0;0
25/01/2016;17:43:00;279;Acidente com vítima;263;BR-101/ES;Norte;Colisão Traseira;3;0;1;0;0;0;;;;;2;2;1;0;0
25/01/2016;07:41:00;93;Acidente sem Vítima;266;BR-101/ES;Sul;Engavetamento;2;0;0;0;0;0;;;;;3;0;0;0;0
25/01/2016;13:20:00;208;Acidente sem Vítima;266;BR-101/ES;Sul;Colisão Traseira;2;0;0;0;0;0;;;;;3;0;0;0;0
25/01/2016;08:09:00;97;Acidente sem Vítima;270;BR-101/ES;Norte;Colisão Lateral;1;0;0;0;1;0;;;;;2;0;0;0;0
25/01/2016;14:30:00;232;Acidente sem Vítima;270;BR-101/ES;Sul;Colisão Traseira;2;0;0;0;0;0;;;;;3;0;0;0;0
25/01/2016;17:10:00;275-TRECHO CONTORNO;Acidente com vítima;271;BR-101/ES;Sul;Queda de Moto;0;0;0;1;0;0;;;;;0;0;1;0;0
25/01/2016;07:26:00;86-TRECHO CONTORNO;Acidente sem Vítima;273,5;BR-101/ES;Norte;Saída de Pista;1;0;0;0;0;0;;;;;1;0;0;0;0
25/01/2016;12:39:00;191-TRECHO CONTORNO;Acidente sem Vítima;276;BR-101/ES;Norte;Saída de Pista;0;0;0;0;2;0;;;;;1;0;0;0;0
25/01/2016;14:24:00;231-TRECHO CONTORNO;Acidente sem Vítima;290;BR-101/ES;Sul;Colisão Traseira;2;0;0;0;0;0;;;;;10;0;0;0;0
25/01/2016;16:23:00;262-TRECHO CONTORNO;Acidente sem Vítima;293;BR-101/ES;Sul;Saída de Pista;1;0;0;0;0;0;;;;;1;0;0;0;0
25/01/2016;06:25:00;76;Acidente com vítima;298;BR-101/ES;Norte;Colisão Lateral;1;0;0;1;0;0;;;;;1;1;0;0;0
25/01/2016;17:09:00;274;Acidente sem Vítima;298;BR-101/ES;Norte;Colisão Traseira;0;0;0;0;2;0;;;;;2;0;0;0;0
25/01/2016;15:41:00;257;Acidente sem Vítima;349;BR-101/ES;Sul;Saída de Pista;1;0;0;0;0;0;;;;;1;0;0;0;0
26/01/2016;22:34:00;347;Acidente sem Vítima;3;BR-101/ES;Norte;Colisão Traseira;0;0;1;0;5;0;;;;;2;0;0;0;0
26/01/2016;10:57:00;149;Acidente sem Vítima;146;BR-101/ES;Sul;Colisão Traseira;1;0;1;0;0;0;;;;;4;0;0;0;0
26/01/2016;20:36:00;324;Acidente com vítima;252;BR-101/ES;Norte;Colisão Transversal;1;0;0;1;0;0;;;;;1;1;0;0;0
26/01/2016;15:05:00;247;Acidente com vítima;261;BR-101/ES;Sul;Queda de Moto;0;0;0;1;0;0;;;;;0;1;1;0;0
26/01/2016;16:28:00;268;Acidente com vítima;265;BR-101/ES;Sul;Colisão Traseira;1;0;0;0;0;1;;;;;3;0;1;0;0
26/01/2016;15:21:00;253;Acidente sem Vítima;268;BR-101/ES;Sul;Colisão Traseira;2;0;0;0;0;0;;;;;2;0;0;0;0
26/01/2016;19:02:00;303;Acidente com Morte;307;BR-101/ES;Sul;Colisão Frontal;1;1;0;0;0;0;;;;;32;0;2;0;2
26/01/2016;08:54:00;105;Acidente sem Vítima;360;BR-101/ES;Sul;Colisão Traseira;0;0;0;0;5;0;;;;;2;0;0;0;0
27/01/2016;15:22:00;251;Acidente sem Vítima;107;BR-101/ES;Sul;Colisão Traseira;2;0;0;0;0;0;;;;;3;0;0;0;0
27/01/2016;15:32:00;258;Acidente sem Vítima;132;BR-101/ES;Norte;Queda de Moto;0;0;0;1;0;0;;;;;1;0;0;0;0
27/01/2016;05:42:00;54;Acidente sem Vítima;215;BR-101/ES;Sul;Choque com Objeto Fixo;1;0;0;0;0;0;;;;;1;0;0;0;0
27/01/2016;09:57:00;134;Acidente sem Vítima;269;BR-101/ES;Sul;Colisão Traseira;2;0;0;0;0;0;;;;;3;0;0;0;0
27/01/2016;15:45:00;260;Acidente sem Vítima;269;BR-101/ES;Sul;Colisão Traseira;2;0;0;0;0;0;;;;;4;0;0;0;0
27/01/2016;09:22:00;122;Acidente sem Vítima;270,2;BR-101/ES;Sul;Colisão Traseira;2;0;0;0;0;0;;;;;2;0;0;0;0
27/01/2016;13:22:00;219;Acidente sem Vítima;296,5;BR-101/ES;Sul;Saída de Pista;0;0;0;0;1;0;;;;;1;0;0;0;0
27/01/2016;11:31:00;172;Acidente com vítima;377,6;BR-101/ES;Norte;Colisão Transversal;1;0;0;1;0;0;;;;;1;1;0;0;0
28/01/2016;02:35:00;43;Atropelamento com morte;204;BR-101/ES;Norte;Atropelamento e Fuga;0;0;0;0;1;0;;;;;0;0;0;0;1
28/01/2016;13:35:00;241;Acidente sem Vítima;262;BR-101/ES;Sul;Colisão Lateral;1;0;1;0;0;0;;;;;2;0;0;0;0
28/01/2016;09:06:00;138;Acidente com vítima;264;BR-101/ES;Norte;Colisão Traseira;2;0;0;0;0;0;;;;;1;0;1;0;0
28/01/2016;18:38:00;343;Acidente sem Vítima;266;BR-101/ES;Norte;Colisão Traseira;2;0;0;0;0;0;;;;;2;0;0;0;0
28/01/2016;17:41:00;333;Acidente sem Vítima;268;BR-101/ES;Sul;Colisão Lateral;1;0;0;1;0;0;;;;;2;0;0;0;0
28/01/2016;08:28:00;122;Acidente sem Vítima;270;BR-101/ES;Sul;Colisão Traseira;3;0;0;0;0;0;;;;;3;0;0;0;0
28/01/2016;16:44:00;316;Acidente sem Vítima;270;BR-101/ES;Sul;Colisão Traseira;2;0;0;0;0;0;;;;;2;0;0;0;0
28/01/2016;08:38:00;129-TRECHO CONTORNO;Acidente com vítima;273;BR-101/ES;Sul;Choque com Objeto Fixo;1;0;1;0;0;0;;;;;3;0;1;0;0
28/01/2016;18:08:00;338;Acidente com vítima;389;BR-101/ES;Norte;Tombamento;0;0;0;0;2;0;;;;;0;2;0;0;0
29/01/2016;01:27:00;28;Acidente com vítima;70;BR-101/ES;Sul;Colisão Transversal;0;1;1;0;0;0;;;;;14;1;1;0;0
29/01/2016;18:33:00;277;Acidente com vítima;110;BR-101/ES;Sul;Saída de Pista;0;0;0;0;0;0;;;;;0;1;0;0;0
29/01/2016;20:38:00;311;Acidente com vítima;255;BR-101/ES;Norte;Queda de Moto;0;0;0;1;0;0;;;;;0;0;1;0;0
29/01/2016;12:40:00;172;Acidente sem Vítima;269;BR-101/ES;Sul;Engavetamento;4;0;0;0;0;0;;;;;4;0;0;0;0
29/01/2016;13:18:00;181;Acidente sem Vítima;269;BR-101/ES;Sul;Colisão Traseira;2;0;0;0;0;0;;;;;2;0;0;0;0
29/01/2016;15:56:00;233;Acidente sem Vítima;269;BR-101/ES;Norte;Colisão Traseira;1;0;1;0;0;0;;;;;2;0;0;0;0
29/01/2016;14:21:00;197;Acidente com vítima;269,5;BR-101/ES;Sul;Colisão Lateral;0;1;0;1;0;0;;;;;1;0;2;0;0
29/01/2016;11:58:00;161;Acidente sem Vítima;269,8;BR-101/ES;Sul;Engavetamento;3;0;0;0;0;0;;;;;5;0;0;0;0
29/01/2016;13:32:00;184-TRECHO CONTORNO;Acidente sem Vítima;273;BR-101/ES;Norte;Colisão Traseira;2;0;0;0;0;0;;;;;2;0;0;0;0
29/01/2016;15:32:00;221-TRECHO CONTORNO;Acidente com vítima;274;BR-101/ES;Norte;Saída de Pista;1;0;0;0;0;0;;;;;2;2;0;0;0
29/01/2016;01:05:00;19-TRECHO CONTORNO;Acidente sem Vítima;279,5;BR-101/ES;Sul;Capotamento;1;0;0;0;0;0;;;;;1;0;0;0;0
29/01/2016;22:25:00;343;Acidente sem Vítima;377;BR-101/ES;Sul;Choque com Objeto Fixo;1;0;0;0;0;0;;;;;3;0;0;0;0
30/01/2016;09:39:00;127;Acidente com vítima;104,5;BR-101/ES;Norte;Queda de Moto;0;0;0;1;0;0;;;;;0;1;0;0;0
30/01/2016;20:01:00;300;Acidente com vítima;135,6;BR-101/ES;Norte;Colisão Traseira;0;0;1;1;0;0;;;;;1;0;0;1;0
30/01/2016;14:48:00;225;Acidente sem Vítima;262;BR-101/ES;Sul;Colisão Lateral;3;0;0;0;0;0;;;;;3;0;0;0;0
30/01/2016;17:41:00;264;Acidente com vítima;265;BR-101/ES;Norte;Queda de Moto;1;0;0;0;0;0;;;;;0;0;1;0;0
30/01/2016;14:36:00;221;Acidente com vítima;268;BR-101/ES;Norte;Colisão Traseira;1;0;0;1;0;0;;;;;2;0;1;0;0
30/01/2016;06:28:00;73;Acidente sem Vítima;270;BR-101/ES;Sul;Colisão Traseira;2;0;0;0;0;0;;;;;2;0;0;0;0
30/01/2016;10:55:00;150;Acidente com vítima;299;BR-101/ES;Sul;Choque com Objeto Fixo;1;0;0;0;0;0;;;;;0;0;1;0;0
30/01/2016;12:45:00;179;Acidente sem Vítima;321;BR-101/ES;Sul;Colisão Traseira;1;0;0;0;1;0;;;;;6;0;0;0;0
30/01/2016;18:50:00;276;Acidente sem Vítima;331;BR-101/ES;Sul;Choque com Objeto Fixo;1;0;0;0;0;0;;;;;3;0;0;0;0
30/01/2016;01:23:00;32;Acidente sem Vítima;452;BR-101/ES;Norte;Colisão Traseira;0;0;1;0;1;0;;;;;2;0;0;0;0
30/01/2016;12:38:00;178;Acidente com vítima;952;BR-101/BA;Sul;Saída de Pista;1;0;0;0;0;0;;;;;2;2;0;0;0
31/01/2016;16:51:00;234;Acidente com vítima;190;BR-101/ES;Norte;Colisão Traseira;0;0;0;2;0;0;;;;;1;1;0;0;0
31/01/2016;17:51:00;254;Acidente com vítima;250;BR-101/ES;Sul;Queda de Moto;0;0;0;1;0;0;;;;;0;2;0;0;0
31/01/2016;08:01:00;89;Acidente com vítima;255;BR-101/ES;Sul;Engavetamento;4;0;0;0;0;0;;;;;6;0;1;0;0
31/01/2016;13:53:00;199;Acidente com Morte;382;BR-101/ES;Norte;Colisão Lateral;1;0;1;0;0;0;;;;;1;0;2;1;1
31/01/2016;13:14:00;180;Acidente com vítima;460;BR-101/ES;Sul;Tombamento;1;0;0;0;3;0;;;;;3;1;1;0;0
01/02/2016;13:03:00;222;Acidente sem Vítima;61;BR-101/ES;Sul;Colisão Transversal;1;0;2;0;0;0;;;;;2;0;0;0;0
01/02/2016;06:55:00;79;Acidente sem Vítima;220;BR-101/ES;Norte;Colisão Traseira;0;0;2;0;0;0;;;;;3;0;0;0;0
01/02/2016;10:33:00;155;Acidente sem Vítima;224;BR-101/ES;Sul;Colisão Traseira;2;0;0;0;0;0;;;;;3;0;0;0;0
01/02/2016;18:37:00;324;Acidente com vítima;264;BR-101/ES;Sul;Colisão Lateral;1;0;0;1;0;0;;;;;2;1;0;0;0
01/02/2016;14:24:00;252;Acidente sem Vítima;270;BR-101/ES;Sul;Colisão Traseira;2;0;0;0;0;0;;;;;2;0;0;0;0
01/02/2016;07:47:00;95-TRECHO CONTORNO;Acidente com vítima;280;BR-101/ES;Norte;Colisão Traseira;1;0;0;1;0;0;;;;;1;0;1;0;0
01/02/2016;08:35:00;113-TRECHO CONTORNO;Acidente sem Vítima;281,5;BR-101/ES;Norte;Engavetamento;3;0;1;0;0;0;;;;;8;0;0;0;0
01/02/2016;10:25:00;150;Acidente com vítima;436;BR-101/ES;Norte;Queda de Moto;0;0;0;1;0;0;;;;;0;1;0;0;0
01/02/2016;16:42:00;290;Acidente sem Vítima;458;BR-101/ES;Sul;Colisão Lateral;1;0;1;0;0;0;;;;;6;0;0;0;0
02/02/2016;12:41:00;191;Acidente com vítima;129;BR-101/ES;Sul;Queda de Moto;1;0;0;0;0;0;;;;;0;1;0;0;0
02/02/2016;07:07:00;63;Acidente sem Vítima;147;BR-101/ES;Norte;Colisão Traseira;2;0;0;0;0;0;;;;;4;0;0;0;0
02/02/2016;16:08:00;252;Acidente com vítima;260;BR-101/ES;Sul;Queda de Moto;0;0;0;1;0;0;;;;;0;0;2;0;0
02/02/2016;10:32:00;142;Acidente sem Vítima;264;BR-101/ES;Sul;Engavetamento;3;0;1;0;0;0;;;;;12;0;0;0;0
02/02/2016;18:33:00;286;Acidente sem Vítima;270;BR-101/ES;Sul;Colisão Traseira;2;0;0;0;0;0;;;;;2;0;0;0;0
02/02/2016;19:09:00;297;Acidente sem Vítima;270;BR-101/ES;Norte;Colisão Lateral;1;0;2;0;0;0;;;;;3;0;0;0;0
02/02/2016;12:23:00;185-TRECHO CONTORNO;Acidente sem Vítima;275;BR-101/ES;Sul;Colisão Traseira;2;0;0;0;0;0;;;;;3;0;0;0;0
02/02/2016;07:26:00;72;Acidente com vítima;427,9;BR-101/ES;Norte;Capotamento;1;0;0;0;0;0;;;;;0;0;1;0;0
02/02/2016;15:16:00;238;Acidente com vítima;939,4;BR-101/BA;Sul;Capotamento;1;0;0;0;0;0;;;;;1;0;1;0;0
03/02/2016;08:24:00;93;Acidente com vítima;23,1;BR-101/ES;Norte;Saída de Pista;1;0;0;0;0;0;;;;;1;4;0;0;0
03/02/2016;14:28:00;205;Acidente com vítima;61;BR-101/ES;Sul;Colisão Transversal;1;0;0;1;0;0;;;;;1;1;0;0;0
03/02/2016;12:15:00;162;Acidente sem Vítima;125;BR-101/ES;Sul;Colisão Traseira;2;0;0;0;0;0;;;;;4;0;0;0;0
03/02/2016;14:39:00;208;Acidente sem Vítima;141;BR-101/ES;Norte;Colisão Traseira;2;0;0;0;0;0;;;;;6;0;0;0;0
03/02/2016;04:12:00;45;Acidente com vítima;219;BR-101/ES;Norte;Queda de Moto;0;0;0;1;0;0;;;;;0;1;0;0;0
03/02/2016;22:38:00;322;Acidente com vítima;255;BR-101/ES;Sul;Colisão Lateral;2;0;0;0;0;0;;;;;4;1;1;1;0
03/02/2016;07:06:00;64;Acidente com vítima;270;BR-101/ES;Sul;Queda de Moto;1;0;0;0;0;0;;;;;1;0;1;0;0
03/02/2016;17:04:00;257;Acidente sem Vítima;298;BR-101/ES;Norte;Colisão Traseira;1;0;1;0;0;0;;;;;2;0;0;0;0
03/02/2016;06:48:00;58;Acidente sem Vítima;306;BR-101/ES;Sul;Colisão Lateral;0;0;2;0;1;0;;;;;48;0;0;0;0
03/02/2016;07:50:00;79;Acidente com Morte;328,6;BR-101/ES;Sul;Colisão Frontal;1;0;1;0;0;0;;;;;2;3;0;0;1
03/02/2016;11:18:00;147;Acidente com vítima;340;BR-101/ES;Norte;Choque com Objeto Fixo;0;0;0;1;0;0;;;;;0;1;1;0;0
03/02/2016;13:43:00;192;Acidente com vítima;421;BR-101/ES;Norte;Colisão Lateral;2;0;0;0;0;0;;;;;5;1;0;0;0
04/02/2016;20:18:00;366;Acidente com vítima;131;BR-101/ES;Norte;Colisão Transversal;2;0;0;0;0;0;;;;;0;2;0;1;0
04/02/2016;19:19:00;351;Acidente sem Vítima;160;BR-101/ES;Norte;Colisão Lateral;2;0;0;0;0;0;;;;;4;0;0;0;0
04/02/2016;12:51:00;228;Acidente sem Vítima;261;BR-101/ES;Sul;Engavetamento;3;0;0;0;0;0;;;;;7;0;0;0;0
04/02/2016;07:27:00;89;Acidente com vítima;265;BR-101/ES;Norte;Colisão Transversal;2;0;0;0;0;0;;;;;2;1;0;0;0
04/02/2016;02:46:00;43;Acidente com vítima;266;BR-101/ES;Norte;Colisão Transversal;0;0;1;1;0;0;;;;;0;0;1;0;0
04/02/2016;20:54:00;370;Acidente sem Vítima;270;BR-101/ES;Sul;Colisão Transversal;2;0;0;0;0;0;;;;;2;0;0;0;0
04/02/2016;22:19:00;386;Acidente com vítima;396;BR-101/ES;Norte;Queda de Moto;0;0;0;1;0;0;;;;;0;0;1;0;0
05/02/2016;12:49:00;209;Acidente sem Vítima;39,7;BR-101/ES;Norte;Choque;1;0;2;0;0;0;;;;;4;0;0;0;0
05/02/2016;05:45:00;71;Acidente sem Vítima;61,8;BR-101/ES;Norte;Colisão Traseira;1;0;0;1;0;0;;;;;2;0;0;0;0
05/02/2016;08:46:00;109;Acidente sem Vítima;72;BR-101/ES;Norte;Colisão Traseira;2;0;0;0;0;0;;;;;7;0;0;0;0
05/02/2016;20:43:00;401;Acidente sem Vítima;94;BR-101/ES;Norte;Colisão Traseira;2;0;0;0;0;0;;;;;4;0;0;0;0
05/02/2016;17:44:00;334;Acidente sem Vítima;107;BR-101/ES;Norte;Colisão Lateral;1;0;1;0;0;0;;;;;3;0;0;0;0
05/02/2016;18:49:00;350;Acidente sem Vítima;137;BR-101/ES;Norte;Colisão Traseira;2;0;1;0;0;0;;;;;2;0;0;0;0
05/02/2016;17:44:00;335;Acidente com vítima;151;BR-101/ES;Sul;Colisão Traseira;1;0;0;1;0;0;;;;;3;1;0;0;0
05/02/2016;17:11:00;323;Acidente sem Vítima;152;BR-101/ES;Norte;Engavetamento;3;0;0;0;0;0;;;;;7;0;0;0;0
05/02/2016;16:05:00;295;Acidente sem Vítima;208;BR-101/ES;Norte;Colisão Traseira;2;0;0;0;0;0;;;;;3;0;0;0;0
05/02/2016;14:59:00;264;Acidente sem Vítima;210;BR-101/ES;Norte;Colisão Lateral;1;0;2;0;0;0;;;;;2;0;0;0;0
05/02/2016;06:53:00;78;Acidente com vítima;213;BR-101/ES;Norte;Colisão Transversal;1;0;2;0;0;0;;;;;1;0;1;0;0
05/02/2016;18:28:00;348;Atropelamento sem morte;213;BR-101/ES;Sul;Atropelamento e Fuga;0;0;0;1;0;0;;;;;0;0;0;1;0
05/02/2016;20:11:00;388;Acidente sem Vítima;213;BR-101/ES;Sul;Engavetamento;3;0;0;0;0;0;;;;;3;0;0;0;0
05/02/2016;17:11:00;322;Acidente sem Vítima;218;BR-101/ES;Norte;Saída de Pista;1;0;0;0;0;0;;;;;1;0;0;0;0
05/02/2016;13:07:00;215;Acidente sem Vítima;244;BR-101/ES;Sul;Colisão Lateral;1;0;0;1;0;0;;;;;2;0;0;0;0
05/02/2016;21:07:00;408;Acidente com vítima;266;BR-101/ES;Sul;Colisão;0;1;1;0;0;0;;;;;1;0;1;0;0
05/02/2016;15:35:00;280;Acidente sem Vítima;267;BR-101/ES;Sul;Colisão Traseira;1;0;1;0;0;0;;;;;3;0;0;0;0
05/02/2016;20:44:00;402;Acidente sem Vítima;269;BR-101/ES;Sul;Colisão Traseira;1;0;1;0;0;0;;;;;3;0;0;0;0
05/02/2016;13:44:00;229;Acidente sem Vítima;270;BR-101/ES;Norte;Colisão Traseira;2;0;0;0;0;0;;;;;4;0;0;0;0
05/02/2016;15:14:00;272;Acidente sem Vítima;270;BR-101/ES;Sul;Colisão Lateral;1;0;0;0;1;0;;;;;5;0;0;0;0
05/02/2016;07:10:00;81;Acidente com vítima;308,5;BR-101/ES;Sul;Colisão Lateral;2;0;0;0;0;0;;;;;2;1;0;0;0
05/02/2016;23:30:00;461;Acidente com vítima;312;BR-101/ES;Sul;Colisão Transversal;2;0;0;0;0;0;;;;;4;2;0;0;0
05/02/2016;16:01:00;292;Acidente sem Vítima;356;BR-101/ES;Sul;Colisão Lateral;2;0;0;0;0;0;;;;;3;0;0;0;0
05/02/2016;10:51:00;152;Acidente com vítima;436;BR-101/ES;Norte;Saída de Pista;1;0;0;0;0;0;;;;;3;1;0;0;0
06/02/2016;17:44:00;367;Acidente com vítima;67,5;BR-101/ES;Sul;Colisão Transversal;1;0;0;1;0;0;;;;;1;0;1;0;0
06/02/2016;10:07:00;192;Acidente com vítima;154;BR-101/ES;Sul;Colisão Transversal;2;0;0;0;0;0;;;;;4;2;0;0;0
06/02/2016;16:17:00;336;Acidente sem Vítima;172;BR-101/ES;Sul;Colisão Traseira;2;0;0;0;0;0;;;;;6;0;0;0;0
06/02/2016;12:28:00;248;Acidente sem Vítima;176;BR-101/ES;Sul;Colisão Traseira;2;0;0;0;0;0;;;;;9;0;0;0;0
06/02/2016;08:57:00;167;Acidente com vítima;215;BR-101/ES;Sul;Colisão Transversal;2;0;0;0;0;0;;;;;3;1;1;0;0
06/02/2016;10:01:00;189;Acidente sem Vítima;233;BR-101/ES;Norte;Colisão Traseira;2;0;0;0;0;0;;;;;4;0;0;0;0
06/02/2016;11:12:00;214;Acidente sem Vítima;241;BR-101/ES;Norte;Colisão Transversal;2;0;0;0;0;0;;;;;2;0;0;0;0
06/02/2016;07:13:00;114;Acidente sem Vítima;257,5;BR-101/ES;Norte;Colisão Traseira;2;0;0;0;0;0;;;;;6;0;0;0;0
06/02/2016;14:36:00;301;Acidente com vítima;262;BR-101/ES;Sul;Engavetamento;5;0;0;0;0;0;;;;;7;0;1;0;0
06/02/2016;22:24:00;444;Acidente sem Vítima;263;BR-101/ES;Sul;Colisão Traseira;2;0;0;0;0;0;;;;;2;0;0;0;0
06/02/2016;11:47:00;233;Acidente sem Vítima;306;BR-101/ES;Norte;Colisão Lateral;2;0;0;0;0;0;;;;;3;0;0;0;0
06/02/2016;13:56:00;287;Acidente sem Vítima;325;BR-101/ES;Sul;Engavetamento;2;0;1;0;0;0;;;;;6;0;0;0;0
06/02/2016;18:16:00;380;Acidente com vítima;371,5;BR-101/ES;Norte;Colisão Lateral;1;0;0;1;0;0;;;;;1;2;0;0;0
06/02/2016;10:44:00;200;Acidente sem Vítima;382;BR-101/ES;Norte;Colisão Traseira;1;0;0;1;0;0;;;;;4;0;0;0;0
06/02/2016;11:24:00;219;Acidente sem Vítima;400;BR-101/ES;Norte;Colisão Traseira;2;0;0;0;0;0;;;;;6;0;0;0;0
06/02/2016;02:54:00;41;Acidente com vítima;440;BR-101/ES;Sul;Saída de Pista;1;0;0;0;0;0;;;;;0;1;0;0;0
06/02/2016;13:41:00;284;Acidente com Morte;443;BR-101/ES;Norte;Colisão Transversal;2;0;0;0;0;0;;;;;0;3;3;0;1
07/02/2016;06:38:00;74;Acidente sem Vítima;4,5;BR-101/ES;Sul;Saída de Pista;1;0;0;0;0;0;;;;;2;0;0;0;0
07/02/2016;20:24:00;273;Acidente com vítima;29;BR-101/ES;Norte;Queda de Moto;0;0;0;1;0;0;;;;;0;0;1;0;0
07/02/2016;20:04:00;268;Acidente com vítima;177;BR-101/ES;Norte;Queda de Moto;0;0;0;1;0;0;;;;;0;1;0;0;0
07/02/2016;17:11:00;239;Acidente sem Vítima;266;BR-101/ES;Sul;Colisão Lateral;2;0;0;0;0;0;;;;;2;0;0;0;0
07/02/2016;16:37:00;227;Acidente sem Vítima;304;BR-101/ES;Norte;Colisão Traseira;2;0;0;0;0;0;;;;;4;0;0;0;0
07/02/2016;03:13:00;48;Acidente com vítima;310;BR-101/ES;Sul;Saída de Pista;2;0;0;0;0;0;;;;;1;1;0;1;0
08/02/2016;14:14:00;221;Acidente com vítima;47;BR-101/ES;Sul;Queda de Moto;1;0;0;0;0;0;;;;;0;2;0;0;0
08/02/2016;12:11:00;173;Acidente com vítima;216;BR-101/ES;Sul;Queda de Moto;0;0;0;1;0;0;;;;;0;1;0;0;0
08/02/2016;07:21:00;76;Acidente sem Vítima;261;BR-101/ES;Sul;Saída de Pista;1;0;0;0;0;0;;;;;3;0;0;0;0
08/02/2016;07:09:00;74;Acidente com vítima;265;BR-101/ES;Sul;Saída de Pista;4;0;0;0;0;0;;;;;8;2;0;0;0
08/02/2016;12:20:00;175;Acidente sem Vítima;265,4;BR-101/ES;Norte;Choque com Objeto Fixo;2;0;0;0;0;0;;;;;3;0;0;0;0
08/02/2016;13:03:00;190-TRECHO CONTORNO;Acidente sem Vítima;271;BR-101/ES;Sul;Colisão Traseira;2;0;0;0;0;0;;;;;4;0;0;0;0
09/02/2016;14:14:00;233;Acidente sem Vítima;33;BR-101/ES;Sul;Colisão Lateral;2;0;0;0;0;0;;;;;2;0;0;0;0
09/02/2016;10:58:00;136;Acidente sem Vítima;107;BR-101/ES;Sul;Engavetamento;3;0;0;0;0;0;;;;;6;0;0;0;0
09/02/2016;12:24:00;176;Acidente sem Vítima;155;BR-101/ES;Sul;Saída de Pista;1;0;0;0;0;0;;;;;3;0;0;0;0
09/02/2016;14:06:00;230;Acidente sem Vítima;262;BR-101/ES;Norte;Colisão Traseira;2;0;1;0;0;0;;;;;3;0;0;0;0
09/02/2016;16:57:00;286;Acidente sem Vítima;264;BR-101/ES;Norte;Colisão Traseira;1;0;0;0;1;0;;;;;2;0;0;0;0
09/02/2016;18:53:00;321;Atropelamento sem morte;266;BR-101/ES;Norte;Atropelamento;0;0;0;1;0;0;;;;;0;1;2;0;0
10/02/2016;13:27:00;203;Acidente com vítima;32;BR-101/ES;Norte;Colisão Lateral;2;0;0;0;0;0;;;;;4;1;0;0;0
10/02/2016;08:29:00;100;Acidente sem Vítima;40;BR-101/ES;Sul;Saída de Pista;1;0;0;0;0;0;;;;;1;0;0;0;0
10/02/2016;08:36:00;102;Acidente com vítima;73;BR-101/ES;Norte;Queda de Moto;0;0;0;1;0;0;;;;;0;1;0;0;0
10/02/2016;10:48:00;132;Acidente sem Vítima;125;BR-101/ES;Norte;Colisão Traseira;2;0;0;0;0;0;;;;;4;0;0;0;0
10/02/2016;07:06:00;73;Acidente sem Vítima;170;BR-101/ES;Norte;Choque com Objeto Fixo;1;0;0;0;0;0;;;;;5;0;0;0;0
10/02/2016;16:09:00;273;Acidente com vítima;256;BR-101/ES;Norte;Colisão Transversal;1;0;0;1;0;0;;;;;1;0;1;0;0
10/02/2016;16:05:00;270-TRECHO CONTORNO;Acidente com vítima;278;BR-101/ES;Sul;Queda de Moto;0;0;0;1;0;0;;;;;0;0;2;0;0
10/02/2016;19:50:00;346;Acidente sem Vítima;301;BR-101/ES;Norte;Colisão Traseira;1;0;1;0;0;0;;;;;4;0;0;0;0
10/02/2016;16:10:00;274;Acidente sem Vítima;382,5;BR-101/ES;Sul;Queda de Moto;0;0;0;1;0;0;;;;;2;0;0;0;0
10/02/2016;15:12:00;251;Acidente com vítima;392;BR-101/ES;Norte;Colisão Traseira;0;0;0;1;1;0;;;;;1;1;0;0;0
10/02/2016;07:31:00;80;Acidente sem Vítima;402;BR-101/ES;Sul;Colisão Traseira;2;0;0;0;0;0;;;;;4;0;0;0;0
10/02/2016;18:25:00;322;Acidente com vítima;410;BR-101/ES;Norte;Queda de Moto;0;0;0;1;0;0;;;;;0;0;2;0;0
11/02/2016;08:21:00;88;Acidente com vítima;146;BR-101/ES;Norte;Colisão Traseira;1;0;0;1;0;0;;;;;1;1;0;0;0
11/02/2016;15:54:00;241;Acidente sem Vítima;147;BR-101/ES;Norte;Colisão Traseira;2;0;0;0;0;0;;;;;2;0;0;0;0
11/02/2016;02:14:00;23;Acidente com vítima;188;BR-101/ES;Sul;Choque com Objeto Fixo;0;0;0;1;0;0;;;;;0;0;1;0;0
11/02/2016;06:23:00;60;Atropelamento sem morte;255;BR-101/ES;Norte;Atropelamento;0;0;0;0;1;0;;;;;1;1;0;0;0
11/02/2016;17:21:00;264;Acidente com vítima;259;BR-101/ES;Sul;Choque com Objeto Fixo;1;0;0;0;1;0;;;;;1;1;2;0;0
11/02/2016;16:25:00;250;Acidente sem Vítima;263;BR-101/ES;Norte;Colisão Traseira;2;0;0;0;0;0;;;;;3;0;0;0;0
11/02/2016;07:07:00;72;Acidente sem Vítima;264;BR-101/ES;Sul;Colisão Traseira;2;0;0;0;0;0;;;;;3;0;0;0;0