data;horario;n_da_ocorrencia;tipo_de_ocorrencia;km;trecho;sentido;tipo_de_acidente;automovel;bicicleta;caminhao;moto;onibus;outros;tracao_animal;transporte_de_cargas_especiais;trator_maquinas;utilitarios;ilesos;levemente_feridos;moderadamente_feridos;gravemente_feridos;mortos
01/03/2016;20:26:00;289;Acidente com Vítima - TRECHO CONTORNO;296;BR-101/ES;Norte;Queda de ciclista;0;;0;0;0;0;1;;;;0;0;1;0;0
02/03/2016;06:59:00;55;Acidente sem Vítima;297,5;BR-101/ES;Sul;Veículo em Chamas;1;;0;0;0;0;0;;;;1;0;0;0;0
02/03/2016;09:03:00;100;Acidente sem Vítima;174;BR-101/ES;Norte;Colisão Traseira;0;;2;0;0;0;0;;;;2;0;0;0;0
02/03/2016;13:20:00;173;Acidente com vítima;63;BR-101/ES;Norte;Colisão Traseira;1;;0;0;0;1;0;;;;1;1;0;0;0
02/03/2016;13:38:00;178;Acidente sem Vítima;149;BR-101/ES;Sul;Colisão Lateral;1;;0;2;0;0;0;;;;2;0;0;0;0
02/03/2016;13:58:00;182;Acidente com vítima;230;BR-101/ES;Sul;Colisão Lateral;1;;0;2;0;0;0;;;;3;0;1;0;0
02/03/2016;14:41:00;185;Acidente sem Vítima;266;BR-101/ES;Norte;Colisão Lateral;1;;0;2;0;0;0;;;;2;0;0;0;0
02/03/2016;18:29:00;236;Acidente sem Vítima;265;BR-101/ES;Sul;Colisão Traseira;0;;0;0;1;1;0;;;;2;0;0;0;0
02/03/2016;18:51:00;239;Acidente sem Vítima - TRECHO CONTORNO;296;BR-101/ES;Norte;Colisão Lateral;2;;0;0;0;0;0;;;;3;0;0;0;0
03/03/2016;10:12:00;137;Acidente com vítima;269;BR-101/ES;Norte;Queda de ciclista;0;;0;0;0;0;1;;;;0;0;1;0;0
03/03/2016;12:43:00;197;Acidente sem Vítima;297;BR-101/ES;Sul;Engavetamento;3;;0;0;0;0;0;;;;5;0;0;0;0
03/03/2016;17:21:00;291;Acidente sem Vítima;141;BR-101/ES;Sul;Colisão Lateral;1;;0;2;0;0;0;;;;2;0;0;0;0
03/03/2016;18:26:00;306;Acidente com vítima;71;BR-101/ES;Norte;Saída de Pista;1;;0;0;0;0;0;;;;0;1;0;0;0
04/03/2016;03:48:00;50;Acidente sem Vítima;420;BR-101/ES;Norte;Saída de Pista;1;;0;0;0;0;0;;;;3;0;0;0;0
04/03/2016;07:32:00;94;Acidente sem Vítima;269;BR-101/ES;Sul;Engavetamento;3;;0;0;0;0;0;;;;3;0;0;0;0
04/03/2016;07:41:00;96;Acidente com vítima;297;BR-101/ES;Sul;Queda de Moto;0;;0;0;0;1;0;;;;1;1;0;0;0
04/03/2016;13:22:00;245;Acidente com vítima;351;BR-101/ES;Norte;Tombamento;0;;0;2;0;0;0;;;;0;0;0;1;0
04/03/2016;14:26:00;266;Acidente sem Vítima;422;BR-101/ES;Norte;Saída de Pista;1;;0;0;0;0;0;;;;1;0;0;0;0
04/03/2016;16:33:00;306;Acidente sem Vítima;454;BR-101/ES;Sul;Saída de Pista;1;;0;0;0;0;0;;;;4;0;0;0;0
04/03/2016;19:13:00;362;Acidente sem Vítima;267,5;BR-101/ES;Sul;Engavetamento;3;;0;0;0;0;0;;;;3;0;0;0;0
04/03/2016;19:50:00;369;Acidente sem Vítima;297;BR-101/ES;Norte;Saída de Pista;1;;0;0;0;0;0;;;;2;0;0;0;0
04/03/2016;18:22:00;350;Acidente com Vítima - TRECHO CONTORNO;291;BR-101/ES;Sul;Saída de Pista;3;;0;0;0;0;0;;;;4;2;0;0;0
04/03/2016;20:42:00;383;Acidente sem Vítima - TRECHO CONTORNO;286;BR-101/ES;Sul;Saída de Pista;1;;0;0;0;0;0;;;;4;0;0;0;0
04/03/2016;21:25:00;393;Acidente sem Vítima - TRECHO CONTORNO;283;BR-101/ES;Sul;Saída de Pista;1;;0;0;0;0;0;;;;1;0;0;0;0
05/03/2016;05:29:00;63;Acidente com vítima;298;BR-101/ES;Sul;Saída de Pista;1;;0;0;0;0;0;;;;0;0;1;0;0
05/03/2016;09:42:00;109;Acidente sem Vítima;268;BR-101/ES;Norte;Colisão Lateral;0;;2;0;0;0;0;;;;3;0;0;0;0
05/03/2016;10:02:00;113;Acidente com vítima;149;BR-101/ES;Norte;Colisão Traseira;1;;0;0;0;1;0;;;;2;1;0;0;0
05/03/2016;10:34:00;127;Acidente sem Vítima;393;BR-101/ES;Norte;Engavetamento;2;;1;0;0;0;0;;;;8;0;0;0;0
05/03/2016;12:53:00;167;Acidente com vítima;255;BR-101/ES;Norte;Colisão Lateral;1;;0;0;0;1;0;;;;1;1;0;0;0
05/03/2016;13:36:00;182;Acidente com vítima;146;BR-101/ES;Norte;Engavetamento;1;;0;0;0;2;0;;;;2;1;0;0;0
05/03/2016;19:36:00;283;Acidente com vítima;155;BR-101/ES;Sul;Colisão Lateral;1;;0;0;0;1;0;;;;1;0;0;1;0
05/03/2016;22:48:00;320;Acidente sem Vítima;263;BR-101/ES;Norte;Saída de Pista;1;;0;0;0;0;0;;;;1;0;0;0;0
05/03/2016;00:34:00;8;Acidente sem Vítima - TRECHO CONTORNO;271;BR-101/ES;Norte;Colisão Traseira;1;;0;2;0;0;0;;;;2;0;0;0;0
05/03/2016;12:32:00;160;Acidente sem Vítima - TRECHO CONTORNO;273;BR-101/ES;Sul;Colisão Traseira;3;;0;0;0;0;0;;;;4;0;0;0;0
05/03/2016;15:00:00;202;Acidente sem Vítima - TRECHO CONTORNO;288;BR-101/ES;Sul;Saída de Pista;1;;0;0;0;0;0;;;;3;0;0;0;0
06/03/2016;04:13:00;42;Acidente com vítima;147;BR-101/ES;Norte;Queda de Moto;0;;0;0;0;1;0;;;;0;1;0;0;0
06/03/2016;06:44:00;63;Atropelamento sem Morte;269;BR-101/ES;Norte;Atropelamento e Fuga;0;;0;0;0;0;1;;;;0;0;1;0;0
06/03/2016;11:28:00;123;Acidente sem Vítima;361;BR-101/ES;Sul;Colisão Lateral;2;;0;0;0;0;0;;;;7;0;0;0;0
06/03/2016;13:55:00;158;Acidente sem Vítima;255;BR-101/ES;Sul;Colisão Traseira;3;;0;0;0;0;0;;;;7;0;0;0;0
06/03/2016;15:57:00;186;Acidente com vítima;159;BR-101/ES;Norte;Queda de ciclista;0;;0;0;0;0;1;;;;0;0;1;0;0
06/03/2016;16:19:00;194;Acidente sem Vítima;269;BR-101/ES;Norte;Colisão;1;;0;0;0;0;1;;;;4;0;0;0;0
06/03/2016;17:45:00;222;Acidente com vítima;137;BR-101/ES;Sul;Engavetamento;2;;0;0;1;0;0;;;;3;1;0;0;0
06/03/2016;18:54:00;233;Acidente com vítima;10;BR-101/ES;Sul;Queda de ciclista;0;;0;0;0;0;1;;;;0;1;0;0;0
06/03/2016;18:55:00;235;Acidente sem Vítima;265;BR-101/ES;Sul;Engavetamento;3;;0;0;0;0;0;;;;4;0;0;0;0
06/03/2016;18:57:00;236;Acidente com vítima;129;BR-101/ES;Sul;Queda de Moto;0;;0;0;0;1;0;;;;0;1;0;0;0
06/03/2016;21:58:00;268;Acidente sem Vítima;270;BR-101/ES;Norte;Colisão Lateral;1;;0;1;0;0;0;;;;2;0;0;0;0
06/03/2016;22:20:00;272;Acidente com vítima;433;BR-101/ES;Norte;Queda de Moto;0;;0;0;0;1;0;;;;0;0;1;0;0
06/03/2016;22:21:00;273;Acidente sem Vítima;266;BR-101/ES;Norte;Colisão Traseira;2;;0;0;0;0;0;;;;2;0;0;0;0
06/03/2016;21:03:00;255;Acidente sem Vítima - TRECHO CONTORNO;272;BR-101/ES;Sul;Choque com Objeto Fixo;1;;0;0;0;0;0;;;;1;0;0;0;0
07/03/2016;10:12:00;155;Acidente sem Vítima;948;BR-101/BA;Norte;Tombamento;0;;0;2;0;0;0;;;;1;0;0;0;0
07/03/2016;10:56:00;169;Acidente com vítima;364;BR-101/ES;Sul;Colisão Lateral;2;;0;1;0;0;0;;;;1;1;0;0;0
07/03/2016;13:21:00;215;Acidente sem Vítima;361;BR-101/ES;Sul;Saída de Pista;0;;1;0;0;0;0;;;;1;0;0;0;0
07/03/2016;14:17:00;231;Acidente com vítima;298;BR-101/ES;Norte;Colisão Traseira;1;;0;0;0;1;0;;;;1;1;0;0;0
07/03/2016;15:23:00;247;Acidente com vítima;31;BR-101/ES;Sul;Queda de Moto;0;;0;0;0;1;0;;;;0;2;0;0;0
07/03/2016;16:04:00;256;Acidente com vítima;214;BR-101/ES;Norte;Colisão Lateral;2;;1;0;0;0;0;;;;3;1;1;0;0
07/03/2016;23:34:00;355;Acidente sem Vítima;222;BR-101/ES;Norte;Atropelamento - Bovino;2;;0;0;0;0;0;;;;2;0;0;0;0
07/03/2016;09:21:00;131;Acidente com Vítima - TRECHO CONTORNO;294;BR-101/ES;Norte;Colisão;0;;0;2;0;0;1;;;;1;1;0;0;0
07/03/2016;09:54:00;147;Acidente sem Vítima - TRECHO CONTORNO;280;BR-101/ES;Sul;Choque com Objeto Fixo;1;;0;0;0;0;0;;;;1;0;0;0;0
08/03/2016;10:24:00;136;Acidente sem Vítima;314;BR-101/ES;Sul;Saída de Pista;1;;0;0;0;0;0;;;;1;0;0;0;0
08/03/2016;12:54:00;180;Acidente com Morte;149;BR-101/ES;Norte;Colisão Lateral;0;;1;0;0;1;0;;;;1;0;0;1;1
08/03/2016;13:21:00;185;Acidente sem Vítima;64;BR-101/ES;Norte;Engavetamento;3;;0;0;0;0;0;;;;3;0;0;0;0
08/03/2016;14:09:00;202;Acidente com vítima;127;BR-101/ES;Sul;Colisão Lateral;0;;1;0;0;1;0;;;;1;1;0;0;0
08/03/2016;14:50:00;213;Acidente sem Vítima;67;BR-101/ES;Sul;Colisão Transversal;1;;0;1;0;0;0;;;;3;0;0;0;0
08/03/2016;15:19:00;222;Acidente sem Vítima;270;BR-101/ES;Sul;Colisão Traseira;2;;0;0;0;0;0;;;;3;0;0;0;0
08/03/2016;15:56:00;229;Acidente sem Vítima;237;BR-101/ES;Norte;Engavetamento;3;;0;0;0;0;0;;;;7;0;0;0;0
08/03/2016;16:39:00;235;Acidente sem Vítima;258,6;BR-101/ES;Sul;Colisão Traseira;1;;0;2;0;0;0;;;;2;0;0;0;0
08/03/2016;18:31:00;267;Acidente com vítima;401;BR-101/ES;Norte;Queda de ciclista;0;;0;0;0;0;1;;;;0;0;1;0;0
08/03/2016;18:40:00;269;Acidente sem Vítima;358;BR-101/ES;Norte;Colisão Lateral;0;;2;1;0;0;0;;;;3;0;0;0;0
08/03/2016;19:37:00;284;Acidente com vítima;264;BR-101/ES;Sul;Queda de Moto;0;;0;0;0;1;0;;;;0;0;1;0;0
08/03/2016;23:30:00;330;Acidente sem Vítima;148;BR-101/ES;Norte;Saída de Pista;1;;0;0;0;0;0;;;;1;0;0;0;0
09/03/2016;07:35:00;88;Acidente sem Vítima;257;BR-101/ES;Sul;Colisão Traseira;2;;0;0;0;0;0;;;;2;0;0;0;0
09/03/2016;15:36:00;225;Atropelamento com Morte;264;BR-101/ES;Norte;Atropelamento;0;;1;0;0;0;0;;;;1;0;0;0;1
09/03/2016;15:46:00;230;Acidente com vítima;420;BR-101/ES;Sul;Colisão Lateral;1;;0;2;0;0;0;;;;1;0;1;1;0
09/03/2016;18:34:00;260;Acidente com vítima;230;BR-101/ES;Sul;Colisão Lateral;1;;0;0;0;1;0;;;;2;1;0;0;0
09/03/2016;18:53:00;268;Acidente sem Vítima;269;BR-101/ES;Sul;Engavetamento;3;;0;0;0;0;0;;;;7;0;0;0;0
09/03/2016;21:23:00;303;Atropelamento sem Morte;125;BR-101/ES;Sul;Atropelamento e Fuga;1;;0;0;0;0;0;;;;0;1;0;0;0
09/03/2016;21:43:00;305;Acidente com Morte;129;BR-101/ES;Norte;Colisão;0;;0;1;0;0;1;;;;1;0;0;0;1
09/03/2016;22:33:00;315;Acidente sem Vítima;230;BR-101/ES;Norte;Colisão Lateral;2;;0;0;0;0;0;;;;3;0;0;0;0
09/03/2016;23:14:00;328;Acidente sem Vítima;266;BR-101/ES;Sul;Colisão Lateral;1;;1;1;0;0;0;;;;2;0;0;0;0
09/03/2016;13:39:00;192;Acidente sem Vítima - TRECHO CONTORNO;292,8;BR-101/ES;Sul;Colisão Traseira;2;;0;0;0;0;0;;;;2;0;0;0;0
09/03/2016;17:58:00;255;Acidente sem Vítima - TRECHO CONTORNO;280;BR-101/ES;Norte;Colisão Traseira;2;;0;0;0;0;0;;;;1;0;0;0;0
10/03/2016;00:53:00;17;Acidente com vítima;213;BR-101/ES;Sul;Queda de Moto;0;;0;0;0;1;0;;;;0;2;0;0;0
10/03/2016;07:01:00;82;Acidente com vítima;298;BR-101/ES;Sul;Colisão Traseira;1;;0;0;0;1;0;;;;1;0;1;0;0
10/03/2016;19:46:00;316;Acidente com vítima;267;BR-101/ES;Sul;Colisão;1;;0;0;0;0;1;;;;1;1;0;0;0
10/03/2016;19:51:00;321;Acidente sem Vítima;268;BR-101/ES;Norte;Colisão Lateral;0;;0;0;1;1;0;;;;2;0;0;0;0
11/03/2016;08:53:00;109;Acidente sem Vítima;269;BR-101/ES;Sul;Colisão Lateral;3;;0;0;0;0;0;;;;5;0;0;0;0
11/03/2016;09:10:00;119;Acidente com vítima;191;BR-101/ES;Sul;Queda de Moto;0;;0;0;0;1;0;;;;0;0;1;0;0
11/03/2016;09:19:00;121;Acidente sem Vítima;87;BR-101/ES;Norte;Veículo em Chamas;0;;0;2;0;0;0;;;;2;0;0;0;0
11/03/2016;11:47:00;181;Acidente sem Vítima;265,8;BR-101/ES;Norte;Colisão Traseira;2;;0;1;0;0;0;;;;5;0;0;0;0
11/03/2016;12:44:00;206;Acidente sem Vítima;260;BR-101/ES;Norte;Tombamento;0;;1;0;0;0;0;;;;1;0;0;0;0
11/03/2016;17:11:00;290;Acidente sem Vítima;142;BR-101/ES;Sul;Colisão Traseira;2;;0;0;0;0;0;;;;4;0;0;0;0
11/03/2016;17:58:00;300;Acidente com vítima;261;BR-101/ES;Norte;Colisão Lateral;1;;0;0;0;1;0;;;;3;1;0;0;0
11/03/2016;19:07:00;316;Acidente sem Vítima;262;BR-101/ES;Norte;Colisão Traseira;1;;0;2;0;0;0;;;;3;0;0;0;0
11/03/2016;19:16:00;320;Acidente com vítima;264;BR-101/ES;Norte;Queda de Moto;0;;0;0;0;1;0;;;;0;1;0;0;0
11/03/2016;17:01:00;287;Acidente sem Vítima - TRECHO CONTORNO;293;BR-101/ES;Norte;Colisão Lateral;0;;1;0;0;1;0;;;;3;0;0;0;0
12/03/2016;07:52:00;79;Acidente sem Vítima;246;BR-101/ES;Norte;Saída de Pista;1;;0;0;0;0;0;;;;1;0;0;0;0
12/03/2016;10:08:00;135;Acidente sem Vítima;306;BR-101/ES;Sul;Colisão Lateral;2;;0;0;0;0;0;;;;2;0;0;0;0
12/03/2016;12:24:00;194;Acidente com vítima;304,5;BR-101/ES;Sul;Colisão Traseira;2;;0;0;0;0;0;;;;2;1;0;0;0
12/03/2016;12:24:00;195;Acidente sem Vítima;384;BR-101/ES;Norte;Colisão Transversal;2;;0;0;0;0;0;;;;3;0;0;0;0
12/03/2016;12:47:00;208;Acidente sem Vítima;346;BR-101/ES;Norte;Colisão Traseira;2;;0;0;0;0;0;;;;3;0;0;0;0
12/03/2016;12:53:00;210;Acidente sem Vítima;267;BR-101/ES;Norte;Colisão Traseira;2;;0;0;0;0;0;;;;2;0;0;0;0
12/03/2016;14:16:00;238;Acidente sem Vítima;407;BR-101/ES;Sul;Colisão Frontal;1;;0;0;0;1;0;;;;3;0;0;0;0
12/03/2016;15:09:00;254;Acidente sem Vítima;264;BR-101/ES;Norte;Colisão Traseira;2;;0;0;0;0;0;;;;17;0;0;0;0
12/03/2016;16:35:00;280;Acidente sem Vítima;262;BR-101/ES;Sul;Colisão Traseira;2;;0;0;0;0;0;;;;3;0;0;0;0
12/03/2016;17:50:00;301;Acidente com Morte;312;BR-101/ES;Sul;Colisão Lateral;1;;0;0;0;1;0;;;;3;0;0;0;1
12/03/2016;18:20:00;306;Acidente com vítima;270;BR-101/ES;Sul;Colisão Lateral;1;;0;0;0;1;0;;;;1;1;0;0;0
12/03/2016;18:34:00;309;Acidente sem Vítima;129;BR-101/ES;Sul;Colisão Frontal;3;;0;0;0;0;0;;;;3;0;0;0;0
12/03/2016;19:11:00;313;Acidente sem Vítima;270;BR-101/ES;Norte;Engavetamento;3;;0;0;0;0;0;;;;7;0;0;0;0
12/03/2016;21:46:00;345;Acidente com vítima;67;BR-101/ES;Norte;Colisão Transversal;2;;0;0;0;0;0;;;;1;1;0;0;0
12/03/2016;18:09:00;304;Acidente sem Vítima - TRECHO CONTORNO;291;BR-101/ES;Norte;Saída de Pista;1;;0;0;0;0;0;;;;2;0;0;0;0
13/03/2016;00:44:00;16;Acidente com vítima;31,5;BR-101/ES;Sul;Colisão Frontal;2;;0;0;0;0;0;;;;0;1;0;0;0
13/03/2016;05:13:00;54;Acidente com vítima;370;BR-101/ES;Sul;Queda de Moto;0;;0;0;0;1;0;;;;0;0;2;0;0
13/03/2016;05:44:00;58;Acidente sem Vítima;335;BR-101/ES;Sul;Tombamento;0;;0;2;0;0;0;;;;2;0;0;0;0
13/03/2016;06:16:00;63;Acidente com vítima;352;BR-101/ES;Sul;Colisão Lateral;1;;1;0;0;0;0;;;;2;0;1;0;0
13/03/2016;07:27:00;75;Acidente com vítima;28;BR-101/ES;Sul;Queda de Moto;0;;0;0;0;1;0;;;;0;1;1;0;0
13/03/2016;09:19:00;94;Acidente sem Vítima;340;BR-101/ES;Sul;Saída de Pista;1;;0;0;0;0;0;;;;3;0;0;0;0
13/03/2016;10:29:00;112;Acidente sem Vítima;438;BR-101/ES;Sul;Tombamento;0;;0;3;0;0;0;;;;1;0;0;0;0
13/03/2016;10:30:00;113;Acidente com vítima;376;BR-101/ES;Sul;Colisão Transversal;2;;0;0;0;0;0;;;;1;0;1;0;0
13/03/2016;13:44:00;154;Acidente sem Vítima;228;BR-101/ES;Norte;Saída de Pista;1;;0;0;0;0;0;;;;2;0;0;0;0
13/03/2016;14:02:00;160;Acidente sem Vítima;30,5;BR-101/ES;Sul;Colisão Traseira;2;;0;0;0;0;0;;;;5;0;0;0;0
13/03/2016;14:26:00;163;Acidente com vítima;149;BR-101/ES;Sul;Colisão Traseira;1;;0;0;0;1;0;;;;1;1;0;0;0
13/03/2016;14:36:00;165;Acidente sem Vítima;339;BR-101/ES;Sul;Saída de Pista;0;;0;1;0;0;0;;;;1;0;0;0;0
13/03/2016;15:32:00;177;Acidente com vítima;419;BR-101/ES;Sul;Saída de Pista;1;;0;0;0;0;0;;;;0;2;0;0;0
13/03/2016;17:09:00;196;Acidente sem Vítima;436;BR-101/ES;Sul;Saída de Pista;1;;0;0;0;0;0;;;;1;0;0;0;0
13/03/2016;17:15:00;197;Acidente sem Vítima;264;BR-101/ES;Sul;Colisão Traseira;2;;0;0;0;0;0;;;;2;0;0;0;0
13/03/2016;18:38:00;213;Acidente sem Vítima;269;BR-101/ES;Sul;Atropelamento - Equino;1;;0;0;0;0;0;;;;1;0;0;0;0
13/03/2016;19:18:00;224;Acidente com vítima;166;BR-101/ES;Sul;Colisão Traseira;2;;0;0;0;0;0;;;;4;2;1;0;0
13/03/2016;22:24:00;266;Acidente sem Vítima;210;BR-101/ES;Norte;Choque com Objeto Fixo;1;;0;0;0;0;0;;;;1;0;0;0;0
14/03/2016;01:00:00;19;Acidente sem Vítima;348;BR-101/ES;Norte;Colisão Lateral;1;;0;0;1;0;0;;;;2;0;0;0;0
14/03/2016;04:40:00;57;Acidente sem Vítima;452;BR-101/ES;Sul;Veículo em Chamas;0;;1;0;0;0;0;;;;3;0;0;0;0
14/03/2016;05:41:00;61;Acidente sem Vítima;458;BR-101/ES;Sul;Capotamento;1;;0;0;0;0;0;;;;1;0;0;0;0
14/03/2016;08:43:00;99;Acidente sem Vítima;205;BR-101/ES;Sul;Tombamento;1;;0;0;0;0;0;;;;1;0;0;0;0
14/03/2016;11:47:00;153;Acidente com vítima;255;BR-101/ES;Sul;Colisão Traseira;1;;1;0;0;0;0;;;;2;1;0;0;0
14/03/2016;13:52:00;194;Acidente com vítima;266;BR-101/ES;Sul;Colisão Traseira;0;;0;0;0;1;0;;;;0;0;2;0;0
14/03/2016;14:48:00;207;Acidente com vítima;73;BR-101/ES;Sul;Queda de Moto;0;;0;0;0;1;0;;;;1;1;0;0;0
14/03/2016;14:59:00;209;Acidente sem Vítima;265;BR-101/ES;Sul;Colisão Traseira;0;;1;2;0;0;0;;;;3;0;0;0;0
14/03/2016;19:02:00;274;Acidente sem Vítima;142;BR-101/ES;Sul;Colisão Lateral;1;;0;0;0;1;0;;;;4;0;0;0;0
14/03/2016;19:31:00;278;Acidente com vítima;213;BR-101/ES;Norte;Colisão Lateral;1;;0;0;0;1;0;;;;2;0;1;0;0
14/03/2016;08:03:00;89;Acidente sem Vítima - TRECHO CONTORNO;291;BR-101/ES;Sul;Colisão Transversal;1;;0;0;0;1;0;;;;2;0;0;0;0
14/03/2016;08:58:00;103;Acidente sem Vítima - TRECHO CONTORNO;272;BR-101/ES;Norte;Saída de Pista;1;;0;0;0;0;0;;;;1;0;0;0;0
14/03/2016;09:21:00;111;Acidente sem Vítima - TRECHO CONTORNO;296;BR-101/ES;Norte;Colisão Lateral;1;;0;0;0;1;0;;;;2;0;0;0;0
14/03/2016;18:27:00;270;Acidente com Vítima - TRECHO CONTORNO;286;BR-101/ES;Sul;Queda de Moto;1;;0;0;0;0;0;;;;0;0;1;0;0
15/03/2016;02:31:00;36;Acidente com vítima;315,8;BR-101/ES;Norte;Saída de Pista;0;;1;2;0;0;0;;;;0;0;0;1;0
15/03/2016;07:20:00;71;Acidente sem Vítima;176;BR-101/ES;Sul;Engavetamento;3;;0;0;0;0;0;;;;8;0;0;0;0
15/03/2016;08:28:00;98;Acidente sem Vítima;270;BR-101/ES;Sul;Colisão Lateral;1;;0;0;0;1;0;;;;2;0;0;0;0
15/03/2016;09:56:00;127;Acidente com vítima;264;BR-101/ES;Norte;Queda de Moto;0;;0;0;0;1;0;;;;0;1;0;0;0
15/03/2016;09:58:00;128;Acidente com vítima;396,4;BR-101/ES;Sul;Queda de Moto;0;;0;0;0;1;0;;;;0;0;1;0;0
15/03/2016;10:22:00;134;Acidente sem Vítima;458;BR-101/ES;Norte;Capotamento;1;;0;0;0;0;0;;;;2;0;0;0;0
15/03/2016;11:42:00;165;Acidente sem Vítima;198;BR-101/ES;Norte;Colisão Traseira;2;;0;0;0;0;0;;;;5;0;0;0;0
15/03/2016;12:41:00;183;Acidente com vítima;375,8;BR-101/ES;Sul;Colisão Transversal;1;;0;0;0;1;0;;;;2;1;0;0;0
15/03/2016;13:24:00;197;Acidente sem Vítima;241;BR-101/ES;Norte;Colisão Traseira;2;;0;0;0;0;0;;;;4;0;0;0;0
15/03/2016;14:59:00;246;Acidente sem Vítima;376,5;BR-101/ES;Sul;Colisão Traseira;0;;0;2;0;1;0;;;;2;0;0;0;0
15/03/2016;18:52:00;294;Acidente sem Vítima;264;BR-101/ES;Sul;Engavetamento;6;;0;0;0;0;0;;;;11;0;0;0;0
15/03/2016;21:08:00;315;Acidente sem Vítima;264;BR-101/ES;Sul;Colisão Traseira;1;;1;0;0;0;0;;;;2;0;0;0;0
15/03/2016;22:11:00;327;Acidente com vítima;263;BR-101/ES;Norte;Colisão;0;;0;0;0;1;1;;;;1;1;0;0;0
15/03/2016;07:49:00;83;Acidente sem Vítima - TRECHO CONTORNO;292;BR-101/ES;Norte;Colisão Lateral;1;;0;0;0;1;0;;;;2;0;0;0;0
15/03/2016;09:14:00;110;Acidente sem Vítima - TRECHO CONTORNO;274;BR-101/ES;Norte;Tombamento;0;;1;0;0;0;0;;;;1;0;0;0;0
15/03/2016;13:56:00;217;Acidente sem Vítima - TRECHO CONTORNO;291;BR-101/ES;Norte;Colisão Traseira;1;;1;0;0;0;0;;;;2;0;0;0;0
15/03/2016;17:26:00;276;Acidente sem Vítima - TRECHO CONTORNO;293;BR-101/ES;Norte;Choque;1;;1;0;0;0;0;;;;2;0;0;0;0
16/03/2016;07:26:00;72;Acidente com vítima;304;BR-101/ES;Norte;Colisão Traseira;1;;0;0;0;1;0;;;;1;1;0;0;0
16/03/2016;12:17:00;155;Acidente com vítima;265;BR-101/ES;Sul;Colisão Traseira;1;;0;0;0;1;0;;;;1;2;0;0;0
16/03/2016;12:57:00;170;Acidente com vítima;231;BR-101/ES;Sul;Queda de Moto;0;;0;0;0;1;0;;;;0;1;0;0;0
16/03/2016;13:17:00;174;Acidente sem Vítima;231;BR-101/ES;Norte;Colisão Traseira;2;;0;0;0;0;0;;;;6;0;0;0;0
17/03/2016;04:42:00;52;Acidente sem Vítima;329;BR-101/ES;Sul;Saída de Pista;1;;0;0;0;0;0;;;;1;0;0;0;0
17/03/2016;06:52:00;64;Acidente com vítima;401;BR-101/ES;Sul;Colisão Lateral;1;;0;5;0;0;0;;;;2;0;0;1;0
17/03/2016;07:06:00;69;Acidente com vítima;270;BR-101/ES;Sul;Colisão Lateral;1;;0;0;0;1;0;;;;3;0;1;0;0
17/03/2016;09:48:00;120;Acidente sem Vítima;301;BR-101/ES;Sul;Engavetamento;3;;0;0;0;0;0;;;;5;0;0;0;0
17/03/2016;11:02:00;143;Acidente sem Vítima;220,3;BR-101/ES;Sul;Saída de Pista;1;;0;0;0;0;0;;;;1;0;0;0;0
17/03/2016;13:13:00;181;Acidente sem Vítima;20;BR-101/ES;Sul;Colisão Traseira;1;;1;0;0;0;0;;;;8;0;0;0;0
17/03/2016;17:47:00;260;Acidente sem Vítima;138,5;BR-101/ES;Sul;Capotamento;1;;0;0;0;0;0;;;;1;0;0;0;0
17/03/2016;18:18:00;265;Acidente com vítima;414;BR-101/ES;Norte;Colisão Lateral;1;;0;0;0;1;0;;;;1;0;1;0;0
17/03/2016;02:12:00;39;Acidente sem Vítima - TRECHO CONTORNO;292;BR-101/ES;Sul;Choque com Objeto Fixo;0;;0;2;0;0;0;;;;1;0;0;0;0
17/03/2016;08:35:00;95;Acidente com Vítima - TRECHO CONTORNO;291;BR-101/ES;Norte;Colisão Lateral;2;;0;0;0;0;0;;;;1;1;0;0;0
18/03/2016;04:54:00;55;Acidente sem Vítima;264;BR-101/ES;Norte;Saída de Pista;1;;0;0;0;0;0;;;;1;0;0;0;0
18/03/2016;05:10:00;56;Acidente com vítima;454;BR-101/ES;Sul;Capotamento;1;;0;0;0;0;0;;;;1;1;2;0;0
18/03/2016;05:22:00;58;Acidente com vítima;161,5;BR-101/ES;Sul;Colisão;1;;0;0;0;0;1;;;;2;0;0;1;0
18/03/2016;10:12:00;136;Acidente sem Vítima;374,5;BR-101/ES;Sul;Colisão Transversal;2;;0;0;0;0;0;;;;2;0;0;0;0
18/03/2016;10:40:00;145;Acidente sem Vítima;262;BR-101/ES;Sul;Engavetamento;5;;0;0;0;0;0;;;;7;0;0;0;0
18/03/2016;10:41:00;146;Acidente sem Vítima;398;BR-101/ES;Sul;Colisão Traseira;2;;0;0;0;0;0;;;;3;0;0;0;0
18/03/2016;13:24:00;198;Acidente sem Vítima;266;BR-101/ES;Sul;Colisão Traseira;2;;0;0;0;0;0;;;;3;0;0;0;0
18/03/2016;14:09:00;211;Acidente sem Vítima;301;BR-101/ES;Norte;Colisão Traseira;1;;1;0;0;1;0;;;;6;0;0;0;0
18/03/2016;15:21:00;234;Acidente com vítima;202,3;BR-101/ES;Sul;Choque com Objeto Fixo;0;;1;0;0;0;0;;;;2;1;1;0;0
18/03/2016;15:45:00;243;Acidente com vítima;438;BR-101/ES;Norte;Capotamento;2;;0;2;0;0;0;;;;1;3;0;0;0
18/03/2016;15:55:00;246;Acidente sem Vítima;228;BR-101/ES;Norte;Saída de Pista;1;;0;0;0;0;0;;;;1;0;0;0;0