data;horario;n_da_ocorrencia;tipo_de_ocorrencia;km;trecho;sentido;tipo_de_acidente;automovel;bicicleta;caminhao;moto;onibus;outros;tracao_animal;transporte_de_cargas_especiais;trator_maquinas;utilitarios;ilesos;levemente_feridos;moderadamente_feridos;gravemente_feridos;mortos
18/03/2016;16:55:00;257;Acidente com vítima;446,2;BR-101/ES;Sul;Colisão Lateral;2;;0;0;0;0;0;;;;4;1;0;0;0
18/03/2016;17:02:00;259;Acidente sem Vítima;205;BR-101/ES;Norte;Colisão Traseira;2;;0;4;0;0;0;;;;5;0;0;0;0
18/03/2016;17:13:00;263;Acidente com vítima;298;BR-101/ES;Sul;Colisão Frontal;2;;0;0;0;0;0;;;;2;0;1;0;0
18/03/2016;17:35:00;272;Acidente sem Vítima;198;BR-101/ES;Sul;Queda de Moto;0;;0;0;0;1;0;;;;2;0;0;0;0
18/03/2016;19:07:00;291;Acidente sem Vítima;147;BR-101/ES;Sul;Colisão Lateral;1;;0;0;0;1;0;;;;3;0;0;0;0
18/03/2016;19:18:00;292;Acidente com vítima;364;BR-101/ES;Norte;Colisão Traseira;1;;0;0;0;1;0;;;;1;0;2;0;0
18/03/2016;19:22:00;293;Acidente sem Vítima;147;BR-101/ES;Sul;Colisão Lateral;1;;1;0;0;0;0;;;;4;0;0;0;0
18/03/2016;19:35:00;297;Acidente com vítima;206;BR-101/ES;Sul;Engavetamento;2;;0;1;0;0;0;;;;3;0;1;0;0
18/03/2016;15:35:00;239;Acidente sem Vítima - TRECHO CONTORNO;296;BR-101/ES;Norte;Colisão Traseira;0;;1;0;1;0;0;;;;2;0;0;0;0
18/03/2016;16:35:00;252;Acidente com Vítima - TRECHO CONTORNO;284;BR-101/ES;Sul;Colisão Traseira;1;;1;0;0;0;0;;;;0;4;1;0;0
19/03/2016;00:19:00;1;Acidente sem Vítima;299;BR-101/ES;Norte;Colisão Traseira;2;;0;0;0;0;0;;;;2;0;0;0;0
19/03/2016;11:57:00;165;Atropelamento sem Morte;269;BR-101/ES;Norte;Atropelamento;1;;0;0;0;0;0;;;;1;0;1;0;0
19/03/2016;12:35:00;183;Acidente com vítima;944;BR-101/BA;Norte;Colisão Transversal;2;;0;0;0;0;0;;;;1;0;2;0;0
19/03/2016;15:33:00;229;Acidente sem Vítima;269;BR-101/ES;Norte;Engavetamento;3;;0;0;0;0;0;;;;8;0;0;0;0
19/03/2016;15:45:00;232;Acidente sem Vítima;269;BR-101/ES;Norte;Colisão Traseira;2;;0;0;0;0;0;;;;2;0;0;0;0
19/03/2016;18:38:00;262;Acidente sem Vítima;145;BR-101/ES;Norte;Colisão Traseira;3;;0;0;0;0;0;;;;4;0;0;0;0
19/03/2016;21:04:00;286;Acidente sem Vítima;315;BR-101/ES;Norte;Veículo em Chamas;1;;0;0;0;0;0;;;;1;0;0;0;0
19/03/2016;21:34:00;288;Acidente com vítima;38;BR-101/ES;Sul;Colisão Traseira;2;;0;0;0;0;0;;;;4;1;0;0;0
19/03/2016;22:13:00;295;Acidente com vítima;268;BR-101/ES;Sul;Choque com Objeto Fixo;0;;0;0;0;1;0;;;;0;0;2;0;0
19/03/2016;22:50:00;308;Acidente com vítima;268;BR-101/ES;Sul;Colisão;1;;0;0;0;0;1;;;;2;1;0;0;0
19/03/2016;23:00:00;310;Acidente com vítima;338;BR-101/ES;Norte;Queda de Moto;0;;0;0;0;1;0;;;;0;0;0;1;0
19/03/2016;23:31:00;318;Acidente com vítima;436;BR-101/ES;Sul;Queda de Moto;0;;0;0;0;1;0;;;;0;0;1;0;0
19/03/2016;05:23:00;70;Acidente sem Vítima - TRECHO CONTORNO;285;BR-101/ES;Sul;Saída de Pista;2;;0;4;0;0;0;;;;4;0;0;0;0
20/03/2016;00:07:00;3;Acidente sem Vítima;258;BR-101/ES;Norte;Colisão Lateral;2;;0;0;0;0;0;;;;5;0;0;0;0
20/03/2016;00:56:00;14;Acidente sem Vítima;300;BR-101/ES;Norte;Saída de Pista;1;;0;0;0;0;0;;;;1;0;0;0;0
20/03/2016;03:21:00;48;Acidente com Morte;345,5;BR-101/ES;Norte;Colisão Frontal;1;;1;0;0;0;0;;;;2;0;1;2;1
20/03/2016;03:26:00;49;Atropelamento sem Morte;270;BR-101/ES;Sul;Atropelamento e Fuga;1;;0;0;0;0;0;;;;0;0;1;0;0
20/03/2016;04:39:00;55;Acidente com vítima;186;BR-101/ES;Sul;Saída de Pista;0;;1;1;0;0;0;;;;0;1;0;0;0
20/03/2016;04:55:00;57;Acidente com vítima;264;BR-101/ES;Sul;Colisão Transversal;2;;0;0;0;0;0;;;;0;0;2;0;0
20/03/2016;07:35:00;78;Acidente sem Vítima;321;BR-101/ES;Sul;Colisão Traseira;2;;0;0;0;0;0;;;;4;0;0;0;0
20/03/2016;13:28:00;185;Acidente sem Vítima;264;BR-101/ES;Sul;Colisão Transversal;2;;0;0;0;0;0;;;;2;0;0;0;0
20/03/2016;15:44:00;218;Acidente sem Vítima;262;BR-101/ES;Norte;Colisão Traseira;2;;0;0;0;0;0;;;;4;0;0;0;0
20/03/2016;17:05:00;231;Acidente sem Vítima;315;BR-101/ES;Sul;Colisão Lateral;2;;0;0;0;0;0;;;;3;0;0;0;0
20/03/2016;18:20:00;249;Acidente com vítima;139;BR-101/ES;Sul;Colisão Traseira;1;;0;4;0;0;0;;;;2;2;0;0;0
20/03/2016;18:45:00;252;Acidente com vítima;258;BR-101/ES;Sul;Colisão Transversal;1;;0;0;0;1;0;;;;1;0;1;0;0
20/03/2016;23:11:00;306;Acidente com vítima;188;BR-101/ES;Sul;Queda de Moto;0;;0;0;0;1;0;;;;0;0;1;0;0
20/03/2016;00:00:00;1;Acidente sem Vítima - TRECHO CONTORNO;271;BR-101/ES;Norte;Colisão Traseira;1;;0;0;1;0;0;;;;2;0;0;0;0
20/03/2016;13:35:00;190;Acidente com Morte - TRECHO CONTORNO;291;BR-101/ES;Norte;Colisão Transversal;1;;1;0;0;0;0;;;;1;2;0;0;1
20/03/2016;17:52:00;240;Acidente com Vítima - TRECHO CONTORNO;296;BR-101/ES;Norte;Colisão Lateral;1;;0;0;0;1;0;;;;1;0;2;0;0
21/03/2016;02:23:00;37;Acidente com vítima;3,8;BR-101/ES;Norte;Saída de Pista;1;;0;0;0;0;0;;;;0;1;0;0;0
21/03/2016;06:51:00;66;Acidente sem Vítima;247,5;BR-101/ES;Norte;Colisão Transversal;2;;0;0;0;0;0;;;;2;0;0;0;0
21/03/2016;08:54:00;103;Acidente com vítima;363;BR-101/ES;Sul;Colisão Lateral;0;;1;4;0;0;0;;;;2;1;0;0;0
21/03/2016;09:51:00;119;Acidente com vítima;258;BR-101/ES;Norte;Queda de Moto;0;;0;0;0;1;0;;;;0;1;0;0;0
21/03/2016;16:00:00;230;Acidente com vítima;266;BR-101/ES;Norte;Colisão;1;;0;0;0;0;1;;;;1;0;0;1;0
21/03/2016;17:07:00;245;Acidente com vítima;147;BR-101/ES;Sul;Colisão Traseira;1;;1;0;0;0;0;;;;5;1;0;0;0
21/03/2016;18:08:00;257;Acidente sem Vítima;147;BR-101/ES;Norte;Colisão Traseira;1;;0;0;0;1;0;;;;4;0;0;0;0
21/03/2016;19:04:00;265;Acidente sem Vítima;147;BR-101/ES;Norte;Colisão Traseira;2;;0;0;0;0;0;;;;5;0;0;0;0
21/03/2016;19:27:00;271;Acidente sem Vítima;58;BR-101/ES;Sul;Atropelamento - Animal;1;;0;0;0;0;0;;;;1;0;0;0;0
21/03/2016;19:33:00;272;Acidente com vítima;100;BR-101/ES;Norte;Colisão;0;;1;0;0;0;1;;;;0;0;0;1;0
21/03/2016;23:19:00;315;Atropelamento sem Morte;266;BR-101/ES;Sul;Atropelamento;1;;0;0;0;0;0;;;;1;0;1;0;0
21/03/2016;23:49:00;326;Acidente sem Vítima;358;BR-101/ES;Norte;Saída de Pista;1;;0;0;0;0;0;;;;1;0;0;0;0
22/03/2016;06:32:00;62;Acidente sem Vítima;343;BR-101/ES;Norte;Colisão Traseira;0;;1;0;1;0;0;;;;2;0;0;0;0
22/03/2016;06:52:00;67;Acidente com vítima;135;BR-101/ES;Norte;Queda de Moto;0;;0;0;0;1;0;;;;0;1;0;0;0
22/03/2016;09:12:00;118;Acidente sem Vítima;136;BR-101/ES;Sul;Colisão Traseira;2;;0;0;0;0;0;;;;3;0;0;0;0
22/03/2016;21:18:00;317;Acidente sem Vítima;270;BR-101/ES;Norte;Colisão Traseira;1;;0;2;0;0;0;;;;2;0;0;0;0
22/03/2016;22:35:00;340;Acidente com vítima;147;BR-101/ES;Sul;Colisão Lateral;2;;0;0;0;0;0;;;;5;0;1;0;0
22/03/2016;23:01:00;347;Acidente sem Vítima;10;BR-101/ES;Norte;Veículo em Chamas;0;;0;4;0;0;0;;;;1;0;0;0;0
22/03/2016;13:23:00;200;Acidente com Vítima - TRECHO CONTORNO;292;BR-101/ES;Sul;Queda de Moto;0;;0;0;0;1;0;;;;0;0;2;0;0
22/03/2016;20:45:00;312;Acidente com Vítima - TRECHO CONTORNO;273;BR-101/ES;Sul;Queda de Moto;1;;0;0;0;0;0;;;;0;0;1;0;0
23/03/2016;04:37:00;48;Acidente com vítima;13;BR-101/ES;Sul;Saída de Pista;0;;0;1;0;0;0;;;;0;1;0;0;0
23/03/2016;05:46:00;57;Acidente sem Vítima;441;BR-101/ES;Norte;Choque com Objeto Fixo;1;;0;0;0;0;0;;;;3;0;0;0;0
23/03/2016;06:17:00;60;Acidente com vítima;19;BR-101/ES;Norte;Queda de Moto;0;;0;0;0;1;0;;;;0;1;1;0;0
23/03/2016;09:00:00;115;Acidente com vítima;269;BR-101/ES;Norte;Colisão Traseira;1;;0;0;0;1;0;;;;3;1;0;0;0
23/03/2016;10:49:00;153;Acidente com vítima;146;BR-101/ES;Norte;Saída de Pista;1;;0;0;0;0;0;;;;2;1;0;0;0
23/03/2016;15:23:00;251;Acidente com vítima;67;BR-101/ES;Norte;Colisão Lateral;1;;0;0;0;1;0;;;;1;1;0;0;0
23/03/2016;16:47:00;277;Acidente com vítima;340;BR-101/ES;Norte;Colisão Transversal;1;;0;0;0;1;0;;;;2;1;1;0;0
23/03/2016;23:24:00;372;Acidente com vítima;111;BR-101/ES;Sul;Saída de Pista;0;;0;2;0;0;0;;;;0;0;1;0;0
23/03/2016;06:06:00;59;Acidente sem Vítima - TRECHO CONTORNO;293,5;BR-101/ES;Sul;Colisão Traseira;1;;1;0;0;0;0;;;;3;0;0;0;0
24/03/2016;05:54:00;71;Acidente com Morte;347,5;BR-101/ES;Norte;Colisão Frontal;1;;0;2;0;0;0;;;;1;0;0;0;2
24/03/2016;15:05:00;211;Acidente sem Vítima;376;BR-101/ES;Norte;Colisão Lateral;1;;0;0;0;1;0;;;;2;0;0;0;0
24/03/2016;15:26:00;223;Acidente sem Vítima;264;BR-101/ES;Norte;Colisão Lateral;1;;1;0;0;0;0;;;;5;0;0;0;0
24/03/2016;16:18:00;247;Acidente sem Vítima;230;BR-101/ES;Norte;Colisão Lateral;2;;0;0;0;0;0;;;;3;0;0;0;0
24/03/2016;17:23:00;267;Acidente com vítima;231;BR-101/ES;Norte;Colisão Transversal;0;;1;0;0;1;0;;;;1;0;2;0;0
24/03/2016;20:15:00;309;Acidente sem Vítima;260;BR-101/ES;Sul;Queda de Moto;0;;0;0;0;1;0;;;;1;0;0;0;0
24/03/2016;06:10:00;74;Acidente com Vítima - TRECHO CONTORNO;286;BR-101/ES;Sul;Queda de Moto;0;;0;0;0;1;0;;;;0;0;1;0;0
25/03/2016;00:12:00;4;Acidente sem Vítima;129;BR-101/ES;Sul;Saída de Pista;1;;0;0;0;0;0;;;;4;0;0;0;0
25/03/2016;01:58:00;41;Acidente sem Vítima;264;BR-101/ES;Sul;Capotamento;1;;0;0;0;0;0;;;;1;0;0;0;0
25/03/2016;05:51:00;70;Acidente sem Vítima;268;BR-101/ES;Norte;Colisão Lateral;2;;0;0;0;0;0;;;;3;0;0;0;0
25/03/2016;06:31:00;73;Acidente sem Vítima;242;BR-101/ES;Norte;Colisão Traseira;2;;0;0;0;0;0;;;;5;0;0;0;0
25/03/2016;08:01:00;89;Acidente com vítima;212;BR-101/ES;Sul;Colisão Lateral;1;;1;0;0;0;0;;;;1;1;0;0;0
25/03/2016;08:23:00;94;Acidente sem Vítima;68;BR-101/ES;Norte;Engavetamento;2;;1;0;0;0;0;;;;7;0;0;0;0
25/03/2016;10:58:00;135;Acidente com vítima;267;BR-101/ES;Norte;Queda de Moto;0;;0;0;0;1;0;;;;0;2;0;0;0
25/03/2016;11:30:00;142;Acidente sem Vítima;368,5;BR-101/ES;Norte;Saída de Pista;2;;0;0;0;0;0;;;;4;0;0;0;0
25/03/2016;13:10:00;168;Acidente sem Vítima;264;BR-101/ES;Norte;Colisão Lateral;2;;0;0;0;0;0;;;;3;0;0;0;0
25/03/2016;17:38:00;236;Acidente sem Vítima;253;BR-101/ES;Norte;Colisão Transversal;2;;0;1;0;0;0;;;;2;0;0;0;0
25/03/2016;18:39:00;253;Acidente com vítima;170;BR-101/ES;Norte;Queda de Moto;1;;0;0;0;0;0;;;;0;1;0;0;0
25/03/2016;19:29:00;258;Acidente com vítima;264;BR-101/ES;Norte;Colisão Lateral;1;;0;0;0;1;0;;;;1;2;0;0;0
25/03/2016;20:33:00;271;Acidente com Morte;148;BR-101/ES;Sul;Choque com Objeto Fixo;0;;0;0;0;1;0;;;;0;0;0;1;1
25/03/2016;21:26:00;275;Acidente com vítima;148;BR-101/ES;Norte;Atropelamento - Animal;0;;0;0;0;1;0;;;;0;1;0;0;0
25/03/2016;09:13:00;109;Acidente com Vítima - TRECHO CONTORNO;296;BR-101/ES;Sul;Queda de Moto;0;;0;0;0;1;0;;;;0;1;1;0;0
26/03/2016;08:32:00;78;Acidente sem Vítima;298;BR-101/ES;Sul;Colisão Traseira;2;;0;0;0;0;0;;;;4;0;0;0;0
26/03/2016;10:02:00;96;Acidente sem Vítima;229,7;BR-101/ES;Norte;Colisão Traseira;1;;0;0;1;0;0;;;;4;0;0;0;0
26/03/2016;10:40:00;104;Acidente sem Vítima;258;BR-101/ES;Sul;Colisão Transversal;2;;0;0;0;0;0;;;;3;0;0;0;0
26/03/2016;19:31:00;214;Acidente com vítima;302;BR-101/ES;Sul;Capotamento;2;;0;0;0;0;0;;;;4;2;0;0;0
27/03/2016;00:14:00;2;Acidente com vítima;213;BR-101/ES;Norte;Colisão Transversal;0;;2;0;0;0;0;;;;0;4;0;0;0
27/03/2016;00:40:00;7;Acidente com vítima;269;BR-101/ES;Norte;Colisão Transversal;2;;0;0;1;0;0;;;;1;0;2;0;0
27/03/2016;06:06:00;53;Acidente sem Vítima;148;BR-101/ES;Sul;Queda de Moto;0;;0;0;0;1;0;;;;1;0;0;0;0
27/03/2016;10:38:00;111;Acidente sem Vítima;254;BR-101/ES;Sul;Colisão Lateral;1;;0;0;0;1;0;;;;5;0;0;0;0
27/03/2016;14:04:00;200;Acidente com vítima;323;BR-101/ES;Sul;Colisão Traseira;1;;0;0;0;1;0;;;;15;2;0;0;0
27/03/2016;14:09:00;203;Acidente sem Vítima;393;BR-101/ES;Sul;Colisão Traseira;2;;0;0;0;0;0;;;;12;0;0;0;0
27/03/2016;14:42:00;213;Acidente com vítima;233;BR-101/ES;Sul;Queda de ciclista;0;;0;0;0;0;1;;;;0;1;0;0;0
27/03/2016;15:34:00;228;Acidente sem Vítima;255;BR-101/ES;Norte;Engavetamento;4;;0;0;0;0;0;;;;8;0;0;0;0
27/03/2016;15:36:00;231;Acidente sem Vítima;255;BR-101/ES;Sul;Engavetamento;5;;1;0;0;0;0;;;;16;0;0;0;0
27/03/2016;15:57:00;239;Acidente sem Vítima;346,5;BR-101/ES;Norte;Colisão Traseira;2;;0;0;0;0;0;;;;4;0;0;0;0
27/03/2016;16:28:00;244;Acidente com vítima;297;BR-101/ES;Norte;Engavetamento;3;;0;0;0;0;0;;;;12;1;0;0;0
27/03/2016;17:01:00;257;Acidente sem Vítima;209;BR-101/ES;Sul;Colisão Traseira;2;;0;0;0;0;0;;;;2;0;0;0;0
27/03/2016;17:41:00;274;Acidente com vítima;207;BR-101/ES;Norte;Colisão Traseira;2;;0;0;0;0;0;;;;5;0;0;1;0
27/03/2016;18:34:00;281;Acidente com vítima;219;BR-101/ES;Norte;Queda de Moto;1;;0;0;0;0;0;;;;0;2;0;0;0
27/03/2016;18:36:00;283;Acidente com vítima;266;BR-101/ES;Sul;Colisão Transversal;2;;0;0;0;0;0;;;;1;1;1;0;0
27/03/2016;18:42:00;285;Acidente sem Vítima;310;BR-101/ES;Norte;Engavetamento;3;;0;0;0;0;0;;;;4;0;0;0;0
27/03/2016;21:27:00;355;Acidente sem Vítima;418;BR-101/ES;Sul;Queda de Moto;0;;0;0;0;1;0;;;;2;0;0;0;0
27/03/2016;22:21:00;365;Acidente com vítima;253;BR-101/ES;Sul;Colisão Traseira;1;;0;0;0;1;0;;;;4;1;0;0;0
27/03/2016;13:39:00;187;Acidente sem Vítima - TRECHO CONTORNO;291;BR-101/ES;Sul;Colisão Traseira;2;;0;0;0;0;0;;;;2;0;0;0;0
27/03/2016;21:16:00;353;Acidente com Vítima - TRECHO CONTORNO;291;BR-101/ES;Norte;Queda de Moto;0;;0;0;0;1;0;;;;0;2;0;0;0
28/03/2016;06:48:00;93;Acidente com vítima;147;BR-101/ES;Sul;Colisão Transversal;1;;0;0;0;1;0;;;;2;1;0;0;0
28/03/2016;07:00:00;95;Acidente sem Vítima;269;BR-101/ES;Norte;Engavetamento;2;;2;0;0;0;0;;;;6;0;0;0;0
28/03/2016;07:09:00;96;Acidente sem Vítima;264;BR-101/ES;Sul;Colisão Traseira;2;;0;0;0;0;0;;;;2;0;0;0;0
28/03/2016;07:36:00;104;Acidente sem Vítima;266;BR-101/ES;Sul;Colisão Traseira;2;;0;0;0;0;0;;;;2;0;0;0;0
28/03/2016;08:41:00;121;Atropelamento sem Morte;269;BR-101/ES;Sul;Atropelamento;0;;0;0;0;1;0;;;;0;0;2;0;0
28/03/2016;10:14:00;150;Acidente sem Vítima;31;BR-101/ES;Norte;Colisão Traseira;2;;0;0;0;0;0;;;;5;0;0;0;0
28/03/2016;11:17:00;171;Acidente sem Vítima;246;BR-101/ES;Norte;Saída de Pista;1;;0;0;0;0;0;;;;1;0;0;0;0
28/03/2016;11:58:00;184;Acidente sem Vítima;264;BR-101/ES;Norte;Colisão Traseira;2;;0;0;0;0;0;;;;9;0;0;0;0
28/03/2016;13:26:00;212;Acidente com vítima;117;BR-101/ES;Sul;Colisão Transversal;2;;0;0;0;0;0;;;;3;1;0;0;0
28/03/2016;15:55:00;253;Acidente com vítima;314;BR-101/ES;Sul;Engavetamento;3;;1;0;0;0;0;;;;7;1;0;0;0
28/03/2016;16:35:00;262;Acidente sem Vítima;265,5;BR-101/ES;Norte;Engavetamento;3;;0;0;0;0;0;;;;4;0;0;0;0
28/03/2016;18:47:00;293;Acidente sem Vítima;145;BR-101/ES;Sul;Colisão Traseira;0;;0;0;1;1;0;;;;3;0;0;0;0
28/03/2016;19:05:00;296;Acidente sem Vítima;241;BR-101/ES;Sul;Colisão Traseira;1;;0;0;0;1;0;;;;7;0;0;0;0
28/03/2016;11:24:00;172;Acidente sem Vítima - TRECHO CONTORNO;292;BR-101/ES;Sul;Colisão Lateral;1;;1;0;0;0;0;;;;2;0;0;0;0
28/03/2016;11:27:00;173;Acidente sem Vítima - TRECHO CONTORNO;296;BR-101/ES;Sul;Tombamento;0;;1;0;0;0;0;;;;2;0;0;0;0
29/03/2016;06:00:00;77;Acidente com vítima;165;BR-101/ES;Sul;Colisão Frontal;1;;0;3;0;0;0;;;;2;1;0;0;0
29/03/2016;07:16:00;92;Acidente com vítima;114;BR-101/ES;Norte;Colisão Lateral;1;;0;2;0;1;0;;;;3;2;0;0;0
29/03/2016;08:49:00;124;Acidente com vítima;204,8;BR-101/ES;Sul;Colisão Lateral;1;;0;0;0;1;0;;;;1;0;1;0;0
29/03/2016;10:50:00;152;Acidente sem Vítima;203,5;BR-101/ES;Norte;Tombamento;0;;1;0;0;0;0;;;;1;0;0;0;0
29/03/2016;16:24:00;247;Acidente com vítima;268,6;BR-101/ES;Norte;Colisão Lateral;1;;0;0;0;1;0;;;;3;0;1;0;0
29/03/2016;17:46:00;270;Atropelamento sem Morte;270;BR-101/ES;Sul;Atropelamento;0;;0;0;0;1;0;;;;1;0;1;0;0
30/03/2016;06:17:00;65;Acidente com vítima;127;BR-101/ES;Norte;Colisão Lateral;0;;1;0;0;1;0;;;;1;0;1;0;0
30/03/2016;08:48:00;110;Acidente sem Vítima;213;BR-101/ES;Sul;Engavetamento;2;;0;0;0;1;0;;;;4;0;0;0;0
30/03/2016;09:48:00;130;Acidente sem Vítima;270;BR-101/ES;Sul;Colisão Lateral;1;;0;0;0;1;0;;;;2;0;0;0;0
30/03/2016;15:32:00;229;Acidente sem Vítima;267;BR-101/ES;Sul;Colisão Traseira;2;;0;0;0;0;0;;;;4;0;0;0;0
30/03/2016;17:39:00;250;Acidente com Morte;137;BR-101/ES;Sul;Colisão Lateral;2;;0;0;0;0;0;;;;0;2;0;0;1
30/03/2016;19:04:00;266;Acidente com vítima;0,8;BR-101/ES;Sul;Queda de Moto;1;;0;0;0;0;0;;;;0;1;0;0;0
30/03/2016;22:22:00;295;Acidente com vítima;147;BR-101/ES;Norte;Queda de Moto;0;;0;0;0;1;0;;;;0;0;1;0;0
30/03/2016;13:02:00;194;Acidente sem Vítima - TRECHO CONTORNO;288;BR-101/ES;Norte;Veículo em Chamas;0;;1;0;0;0;0;;;;1;0;0;0;0
31/03/2016;09:24:00;111;Acidente com Morte;222;BR-101/ES;Norte;Colisão Lateral;0;;1;0;0;1;0;;;;1;0;0;0;1
31/03/2016;10:05:00;128;Acidente com vítima;150;BR-101/ES;Norte;Queda de Moto;0;;0;0;0;1;0;;;;0;1;0;0;0
31/03/2016;15:12:00;225;Acidente sem Vítima;75;BR-101/ES;Norte;Saída de Pista;1;;0;0;0;0;0;;;;1;0;0;0;0
31/03/2016;17:23:00;273;Acidente com vítima;86,5;BR-101/ES;Norte;Queda de Moto;0;;0;0;0;1;0;;;;0;0;1;0;0
31/03/2016;20:46:00;304;Acidente sem Vítima;270;BR-101/ES;Sul;Colisão Lateral;1;;0;2;0;0;0;;;;2;0;0;0;0
31/03/2016;20:53:00;306;Acidente sem Vítima;38;BR-101/ES;Sul;Atropelamento - Bovino;0;;1;0;0;0;0;;;;2;0;0;0;0
31/03/2016;16:11:00;248;Acidente sem Vítima - TRECHO CONTORNO;291;BR-101/ES;Norte;Colisão Traseira;1;;1;0;0;0;0;;;;2;0;0;0;0
01/04/2016;00:28:00;10;Acidente com vítima;332;BR-101/ES;Sul;Queda de Moto;0;0;0;1;0;0;;;;;0;0;0;1;0
01/04/2016;04:22:00;52;Acidente com vítima;18;BR-101/ES;Norte;Queda de Moto;0;0;0;1;0;0;;;;;0;1;1;0;0
01/04/2016;09:29:00;118;Acidente sem Vítima;261;BR-101/ES;Sul;Colisão Lateral;2;0;0;0;0;0;;;;;3;0;0;0;0
01/04/2016;13:00:00;189;Acidente com vítima;80;BR-101/ES;Sul;Capotamento;1;0;0;0;0;0;;;;;0;1;1;0;0
01/04/2016;14:44:00;225;Acidente com Morte;260;BR-101/ES;Norte;Colisão Traseira;0;0;2;2;0;0;;;;;2;0;0;0;1
01/04/2016;15:41:00;243;Acidente com vítima;98;BR-101/ES;Sul;Colisão Transversal;0;0;0;2;0;0;;;;;0;1;2;0;0
01/04/2016;16:58:00;263;Acidente sem Vítima;260;BR-101/ES;Norte;Colisão Traseira;1;0;1;0;0;0;;;;;2;0;0;0;0
01/04/2016;20:50:00;329;Acidente com vítima;262;BR-101/ES;Sul;Colisão Frontal;1;0;0;1;0;0;;;;;1;2;0;0;0
01/04/2016;23:25:00;368;Acidente com vítima;188;BR-101/ES;Sul;Saída de Pista;1;0;0;0;0;0;;;;;1;1;0;0;0
01/04/2016;13:10:00;194;Acidente com vítima;284;BR-101/ES;Sul - TRECHO CONTORNO;Veículo em Chamas;1;0;0;0;0;0;;;;;1;1;0;0;0
01/04/2016;18:35:00;291;Acidente sem Vítima;277;BR-101/ES;Sul - TRECHO CONTORNO;Colisão Traseira;2;0;0;0;0;0;;;;;3;0;0;0;0
02/04/2016;05:42:00;67;Acidente com vítima;13,4;BR-101/ES;Sul;Queda de Moto;0;0;0;1;0;0;;;;;0;0;1;0;0
02/04/2016;07:42:00;90;Acidente com vítima;260;BR-101/ES;Norte;Queda de ciclista;0;1;0;0;0;0;;;;;0;1;0;0;0
02/04/2016;09:47:00;130;Acidente com vítima;35;BR-101/ES;Norte;Colisão Lateral;1;0;0;1;0;0;;;;;4;0;2;0;0
02/04/2016;14:00:00;205;Acidente com vítima;298;BR-101/ES;Norte;Engavetamento;2;0;1;0;0;0;;;;;5;1;0;0;0
02/04/2016;14:01:00;206;Acidente sem Vítima;360;BR-101/ES;Norte;Colisão Traseira;2;0;0;0;0;0;;;;;4;0;0;0;0
02/04/2016;15:40:00;228;Acidente sem Vítima;270;BR-101/ES;Sul;Colisão Traseira;2;0;0;0;0;0;;;;;4;0;0;0;0
02/04/2016;16:08:00;231;Acidente com vítima;263;BR-101/ES;Norte;Colisão Lateral;1;0;0;1;0;0;;;;;3;1;0;0;0
02/04/2016;16:46:00;237;Acidente com vítima;65;BR-101/ES;Norte;Queda de Moto;0;0;0;1;0;0;;;;;0;1;0;0;0
02/04/2016;16:51:00;238;Acidente sem Vítima;125;BR-101/ES;Sul;Colisão Traseira;1;0;1;0;0;0;;;;;2;0;0;0;0
02/04/2016;18:32:00;260;Acidente com vítima;32;BR-101/ES;Norte;Colisão;0;1;0;1;0;0;;;;;0;0;2;0;0
02/04/2016;18:48:00;264;Acidente com vítima;71;BR-101/ES;Norte;Colisão;0;1;0;1;0;0;;;;;0;0;2;0;0
02/04/2016;19:20:00;269;Acidente sem Vítima;263,5;BR-101/ES;Norte;Colisão Lateral;1;0;0;1;0;0;;;;;2;0;0;0;0
02/04/2016;19:24:00;271;Acidente com vítima;269;BR-101/ES;Norte;Colisão Lateral;0;0;1;1;0;0;;;;;1;0;1;0;0
03/04/2016;09:41:00;112;Acidente sem Vítima;452;BR-101/ES;Sul;Colisão Traseira;0;0;4;0;0;0;;;;;2;0;0;0;0
03/04/2016;09:53:00;115;Acidente com vítima;230;BR-101/ES;Norte;Colisão Transversal;2;0;0;0;0;0;;;;;1;0;1;0;0
03/04/2016;13:18:00;171;Acidente com vítima;80;BR-101/ES;Sul;Colisão Lateral;0;0;0;2;0;0;;;;;0;0;4;0;0
03/04/2016;17:44:00;237;Acidente com vítima;130;BR-101/ES;Sul;Queda de Moto;0;0;0;1;0;0;;;;;1;0;1;0;0
03/04/2016;19:01:00;250;Acidente sem Vítima;138;BR-101/ES;Norte;Saída de Pista;1;0;0;0;0;0;;;;;1;0;0;0;0
03/04/2016;19:18:00;259;Acidente com vítima;61;BR-101/ES;Norte;Colisão Frontal;1;0;0;1;0;0;;;;;1;4;0;0;0
03/04/2016;20:23:00;272;Acidente com vítima;143;BR-101/ES;Sul;Queda de Moto;1;0;0;0;0;0;;;;;0;0;1;0;0
03/04/2016;12:09:00;149;Acidente com vítima;276;BR-101/ES;Norte - TRECHO CONTORNO;Queda de Moto;0;0;0;1;0;0;;;;;1;0;1;0;0
03/04/2016;15:43:00;201;Acidente sem Vítima;296;BR-101/ES;Sul - TRECHO CONTORNO;Colisão Traseira;2;0;0;0;0;0;;;;;6;0;0;0;0
03/04/2016;16:32:00;212;Acidente sem Vítima;276;BR-101/ES;Sul - TRECHO CONTORNO;Choque com Objeto Fixo;1;0;0;0;0;0;;;;;1;0;0;0;0