data;horario;n_da_ocorrencia;tipo_de_ocorrencia;km;trecho;sentido;tipo_de_acidente;automovel;bicicleta;caminhao;moto;onibus;outros;tracao_animal;transporte_de_cargas_especiais;trator_maquinas;utilitarios;ilesos;levemente_feridos;moderadamente_feridos;gravemente_feridos;mortos
03/04/2016;17:49:00;238;Acidente sem Vítima;279;BR-101/ES;Sul - TRECHO CONTORNO;Veículo em Chamas;1;0;0;0;0;0;;;;;1;0;0;0;0
04/04/2016;00:08:00;2;Acidente com vítima;359;BR-101/ES;Sul;Queda de Moto;0;0;0;1;0;0;;;;;0;2;0;0;0
04/04/2016;10:15:00;132;Acidente com vítima;268;BR-101/ES;Norte;Queda de Moto;0;0;0;1;0;0;;;;;0;1;0;0;0
04/04/2016;13:37:00;205;Acidente com vítima;150;BR-101/ES;Sul;Colisão Transversal;2;0;0;0;0;0;;;;;1;1;0;0;0
04/04/2016;16:59:00;268;Acidente com vítima;150;BR-101/ES;Sul;Queda de Moto;0;0;0;1;0;0;;;;;0;1;0;0;0
04/04/2016;21:30:00;332;Acidente com vítima;262;BR-101/ES;Sul;Colisão Lateral;0;0;3;0;1;0;;;;;3;1;0;0;0
04/04/2016;22:27:00;339;Acidente sem Vítima;264;BR-101/ES;Sul;Colisão Lateral;2;0;0;0;0;0;;;;;4;0;0;0;0
04/04/2016;08:50:00;103;Acidente sem Vítima;294;BR-101/ES;Sul - TRECHO CONTORNO;Colisão Traseira;1;0;1;0;0;0;;;;;2;0;0;0;0
05/04/2016;04:58:00;61;Acidente sem Vítima;350;BR-101/ES;Norte;Saída de Pista;1;0;0;0;0;0;;;;;2;0;0;0;0
05/04/2016;06:31:00;75;Acidente sem Vítima;369,5;BR-101/ES;Sul;Saída de Pista;1;0;0;0;0;0;;;;;1;0;0;0;0
05/04/2016;07:43:00;94;Acidente sem Vítima;258;BR-101/ES;Norte;Choque com Objeto Fixo;1;0;0;0;0;0;;;;;1;0;0;0;0
05/04/2016;07:49:00;97;Acidente sem Vítima;261;BR-101/ES;Norte;Engavetamento;3;0;0;0;0;0;;;;;6;0;0;0;0
05/04/2016;08:19:00;108;Acidente sem Vítima;256;BR-101/ES;Norte;Colisão Lateral;1;0;2;0;0;0;;;;;3;0;0;0;0
05/04/2016;09:08:00;122;Acidente com Morte;3;BR-101/ES;Norte;Colisão Frontal;1;0;1;0;0;0;;;;;1;0;0;1;1
05/04/2016;09:10:00;124;Acidente com vítima;250;BR-101/ES;Sul;Colisão Traseira;2;0;0;0;0;0;;;;;2;1;0;0;0
05/04/2016;09:22:00;128;Acidente sem Vítima;250;BR-101/ES;Sul;Choque com Objeto Fixo;1;0;0;0;0;0;;;;;2;0;0;0;0
05/04/2016;09:46:00;137;Acidente sem Vítima;270;BR-101/ES;Sul;Colisão Lateral;1;0;1;0;0;0;;;;;2;0;0;0;0
05/04/2016;12:06:00;189;Acidente sem Vítima;303;BR-101/ES;Norte;Choque com Objeto Fixo;1;0;0;0;0;0;;;;;1;0;0;0;0
05/04/2016;14:46:00;232;Acidente com vítima;458;BR-101/ES;Norte;Colisão Lateral;2;0;0;0;0;0;;;;;2;2;0;0;0
05/04/2016;17:22:00;282;Acidente com vítima;270;BR-101/ES;Sul;Colisão Traseira;1;0;0;1;0;0;;;;;1;0;1;0;0
05/04/2016;17:26:00;284;Acidente com vítima;179;BR-101/ES;Norte;Queda de Moto;0;0;0;1;0;0;;;;;0;2;0;0;0
05/04/2016;18:45:00;298;Acidente sem Vítima;269;BR-101/ES;Sul;Engavetamento;3;0;0;0;0;0;;;;;3;0;0;0;0
05/04/2016;18:56:00;301;Acidente sem Vítima;205;BR-101/ES;Norte;Colisão Transversal;1;0;1;0;0;0;;;;;2;0;0;0;0
05/04/2016;23:27:00;360;Acidente com vítima;389;BR-101/ES;Sul;Queda de Moto;0;0;0;1;0;0;;;;;0;0;1;0;0
06/04/2016;04:15:00;61;Acidente sem Vítima;311;BR-101/ES;Sul;Choque;1;0;0;0;0;0;;;;;2;0;0;0;0
06/04/2016;05:10:00;68;Acidente sem Vítima;329,5;BR-101/ES;Norte;Saída de Pista;0;0;2;0;0;0;;;;;1;0;0;0;0
06/04/2016;06:26:00;79;Acidente sem Vítima;242;BR-101/ES;Norte;Colisão Traseira;2;0;0;0;0;0;;;;;3;0;0;0;0
06/04/2016;18:44:00;294;Acidente sem Vítima;268;BR-101/ES;Norte;Queda de Moto;0;0;0;1;0;0;;;;;1;0;0;0;0
06/04/2016;19:19:00;302;Acidente sem Vítima;269;BR-101/ES;Sul;Colisão Traseira;2;0;0;0;0;0;;;;;2;0;0;0;0
06/04/2016;19:13:00;301;Acidente sem Vítima;271;BR-101/ES;Sul - TRECHO CONTORNO;Colisão Traseira;0;0;4;0;0;0;;;;;2;0;0;0;0
07/04/2016;00:24:00;3;Acidente sem Vítima;241;BR-101/ES;Sul;Colisão Traseira;0;0;4;0;0;0;;;;;2;0;0;0;0
07/04/2016;04:09:00;53;Acidente com vítima;270;BR-101/ES;Norte;Choque com Objeto Fixo;1;0;0;0;0;0;;;;;0;2;0;0;0
07/04/2016;08:22:00;100;Acidente com Morte;270;BR-101/ES;Sul;Colisão Lateral;1;0;0;0;0;0;;;;;0;0;0;0;1
07/04/2016;12:21:00;175;Acidente sem Vítima;269;BR-101/ES;Sul;Colisão Traseira;3;0;0;0;0;0;;;;;6;0;0;0;0
07/04/2016;13:15:00;190;Acidente sem Vítima;270;BR-101/ES;Norte;Colisão Lateral;2;0;0;0;0;0;;;;;2;0;0;0;0
07/04/2016;18:50:00;290;Acidente com vítima;17;BR-101/ES;Norte;Colisão;1;1;0;0;0;0;;;;;1;1;0;0;0
07/04/2016;22:34:00;327;Acidente com vítima;337;BR-101/ES;Sul;Saída de Pista;1;0;0;0;0;0;;;;;0;3;0;0;0
07/04/2016;19:13:00;295;Acidente sem Vítima;277;BR-101/ES;Norte - TRECHO CONTORNO;Colisão Lateral;1;0;0;1;0;0;;;;;3;0;0;0;0
08/04/2016;05:05:00;52;Acidente sem Vítima;80;BR-101/ES;Sul;Choque com Objeto Fixo;0;0;1;0;0;0;;;;;1;0;0;0;0
08/04/2016;05:51:00;56;Acidente sem Vítima;222;BR-101/ES;Norte;Tombamento;1;0;0;0;0;0;;;;;3;0;0;0;0
08/04/2016;06:38:00;62;Acidente com vítima;222;BR-101/ES;Norte;Colisão Traseira;2;0;0;0;0;0;;;;;1;1;0;0;0
08/04/2016;12:49:00;201;Acidente com vítima;435;BR-101/ES;Norte;Tombamento;0;0;3;0;0;0;;;;;0;0;1;0;0
08/04/2016;13:42:00;214;Acidente com vítima;135;BR-101/ES;Sul;Colisão Lateral;2;0;0;0;0;0;;;;;5;1;0;0;0
08/04/2016;15:29:00;248;Acidente com vítima;227;BR-101/ES;Sul;Colisão Transversal;1;0;0;1;0;0;;;;;1;0;1;0;0
08/04/2016;15:44:00;253;Acidente sem Vítima;265;BR-101/ES;Sul;Colisão Lateral;0;0;3;0;0;0;;;;;3;0;0;0;0
08/04/2016;16:53:00;283;Acidente sem Vítima;383;BR-101/ES;Norte;Choque;1;0;2;0;0;0;;;;;6;0;0;0;0
08/04/2016;17:38:00;296;Acidente sem Vítima;266;BR-101/ES;Norte;Colisão Lateral;1;0;0;1;0;0;;;;;3;0;0;0;0
08/04/2016;18:06:00;304;Acidente sem Vítima;171;BR-101/ES;Sul;Colisão Traseira;2;0;0;0;0;0;;;;;4;0;0;0;0
08/04/2016;18:18:00;307;Acidente com Morte;168;BR-101/ES;Norte;Colisão Transversal;1;0;0;1;0;0;;;;;1;0;0;0;1
08/04/2016;18:42:00;310;Acidente sem Vítima;316;BR-101/ES;Sul;Choque;1;0;2;1;0;0;;;;;4;0;0;0;0
08/04/2016;22:38:00;374;Acidente sem Vítima;358,5;BR-101/ES;Sul;Saída de Pista;1;0;0;0;0;0;;;;;5;0;0;0;0
08/04/2016;21:31:00;348;Acidente sem Vítima;286;BR-101/ES;Norte - TRECHO CONTORNO;Colisão Lateral;2;0;0;0;0;0;;;;;2;0;0;0;0
09/04/2016;02:14:00;36;Acidente com vítima;300;BR-101/ES;Sul;Queda de Moto;0;0;0;1;0;0;;;;;0;0;1;0;0
09/04/2016;04:16:00;53;Acidente sem Vítima;268;BR-101/ES;Sul;Saída de Pista;1;0;0;0;0;0;;;;;1;0;0;0;0
09/04/2016;06:09:00;80;Acidente com vítima;308;BR-101/ES;Sul;Queda de Moto;0;0;0;1;0;0;;;;;0;1;0;0;0
09/04/2016;06:14:00;83;Acidente com vítima;150;BR-101/ES;Sul;Colisão Transversal;1;0;0;1;0;0;;;;;1;1;0;0;0
09/04/2016;06:48:00;86;Acidente com vítima;146;BR-101/ES;Sul;Queda de Moto;0;0;0;1;0;0;;;;;0;1;0;0;0
09/04/2016;10:28:00;147;Acidente com vítima;164;BR-101/ES;Sul;Queda de Moto;0;0;0;1;0;0;;;;;0;0;1;0;0
09/04/2016;10:46:00;158;Acidente com vítima;311;BR-101/ES;Norte;Colisão Lateral;0;0;1;1;0;0;;;;;1;2;0;0;0
09/04/2016;12:13:00;189;Acidente sem Vítima;398,9;BR-101/ES;Norte;Choque com Objeto Fixo;0;0;2;0;0;0;;;;;2;0;0;0;0
09/04/2016;16:51:00;250;Acidente sem Vítima;153;BR-101/ES;Norte;Saída de Pista;1;0;0;0;0;0;;;;;1;0;0;0;0
09/04/2016;17:31:00;262;Acidente com vítima;148;BR-101/ES;Sul;Colisão Traseira;1;0;0;0;1;0;;;;;2;1;0;0;0
09/04/2016;18:32:00;280;Acidente sem Vítima;259;BR-101/ES;Sul;Colisão Traseira;2;0;0;0;0;0;;;;;3;0;0;0;0
09/04/2016;22:27:00;331;Acidente sem Vítima;269;BR-101/ES;Sul;Saída de Pista;1;0;0;0;0;0;;;;;2;0;0;0;0
09/04/2016;22:54:00;338;Acidente sem Vítima;150;BR-101/ES;Sul;Queda de Moto;0;0;0;1;0;0;;;;;1;0;0;0;0
09/04/2016;21:09:00;315;Acidente sem Vítima;285;BR-101/ES;Sul - TRECHO CONTORNO;Queda de Moto;0;0;0;1;0;0;;;;;1;0;0;0;0
10/04/2016;09:18:00;117;Acidente sem Vítima;337;BR-101/ES;Norte;Colisão Lateral;1;0;2;0;0;0;;;;;5;0;0;0;0
10/04/2016;09:27:00;121;Acidente com vítima;135;BR-101/ES;Norte;Queda de Moto;0;0;0;1;0;0;;;;;0;2;0;0;0
10/04/2016;12:52:00;189;Acidente sem Vítima;262;BR-101/ES;Norte;Engavetamento;3;0;0;0;0;0;;;;;5;0;0;0;0
10/04/2016;14:49:00;223;Acidente sem Vítima;301;BR-101/ES;Norte;Colisão Traseira;2;0;0;0;0;0;;;;;3;0;0;0;0
10/04/2016;16:26:00;248;Acidente sem Vítima;134,9;BR-101/ES;Sul;Colisão Transversal;1;0;1;0;0;0;;;;;4;0;0;0;0
10/04/2016;18:48:00;286;Atropelamento sem Morte;263,5;BR-101/ES;Sul;Atropelamento;1;0;0;0;0;0;;;;;1;0;0;1;0
10/04/2016;19:39:00;302;Acidente sem Vítima;216;BR-101/ES;Sul;Colisão Lateral;2;0;1;0;0;0;;;;;5;0;0;0;0
10/04/2016;19:53:00;305;Acidente sem Vítima;372;BR-101/ES;Norte;Colisão Lateral;2;0;0;0;0;0;;;;;3;0;0;0;0
10/04/2016;20:50:00;318;Acidente com vítima;350;BR-101/ES;Sul;Queda de Moto;0;0;0;1;0;0;;;;;0;1;0;0;0
10/04/2016;22:05:00;323;Acidente sem Vítima;143;BR-101/ES;Sul;Colisão Traseira;2;0;0;0;0;0;;;;;2;0;0;0;0
10/04/2016;20:42:00;315;Acidente com vítima;291;BR-101/ES;Sul - TRECHO CONTORNO;Queda de Moto;0;0;0;1;0;0;;;;;0;1;0;0;0
11/04/2016;00:16:00;1;Acidente com vítima;298;BR-101/ES;Sul;Colisão Transversal;1;0;0;0;1;0;;;;;1;1;0;0;0
11/04/2016;06:15:00;64;Acidente sem Vítima;298;BR-101/ES;Norte;Colisão Traseira;1;0;2;0;0;0;;;;;2;0;0;0;0
11/04/2016;07:06:00;76;Acidente com vítima;147;BR-101/ES;Norte;Colisão Transversal;1;0;3;0;0;0;;;;;1;0;3;0;0
11/04/2016;12:15:00;179;Acidente sem Vítima;264;BR-101/ES;Norte;Engavetamento;3;0;0;0;0;0;;;;;4;0;0;0;0
11/04/2016;12:25:00;183;Acidente com vítima;347;BR-101/ES;Sul;Engavetamento;1;0;4;0;0;0;;;;;4;1;0;0;0
11/04/2016;14:11:00;217;Acidente com vítima;364,1;BR-101/ES;Norte;Colisão Lateral;2;0;1;0;0;0;;;;;2;4;0;0;0
11/04/2016;15:51:00;246;Acidente com vítima;266;BR-101/ES;Norte;Colisão Transversal;2;0;0;0;0;0;;;;;1;0;2;0;0
11/04/2016;22:07:00;329;Acidente sem Vítima;275;BR-101/ES;Sul - TRECHO CONTORNO;Queda de Moto;0;0;0;1;0;0;;;;;1;0;0;0;0
12/04/2016;06:54:00;78;Acidente sem Vítima;228;BR-101/ES;Norte;Choque;1;0;2;0;0;0;;;;;3;0;0;0;0
12/04/2016;07:04:00;83;Acidente sem Vítima;270;BR-101/ES;Norte;Colisão Lateral;1;0;2;0;0;0;;;;;2;0;0;0;0
12/04/2016;08:31:00;115;Acidente sem Vítima;242;BR-101/ES;Norte;Choque com Veículo Estacionado;1;0;1;0;0;0;;;;;2;0;0;0;0
12/04/2016;12:34:00;195;Acidente sem Vítima;399;BR-101/ES;Sul;Choque;1;0;0;0;0;0;;;;;1;0;0;0;0
12/04/2016;13:29:00;214;Acidente sem Vítima;264;BR-101/ES;Norte;Colisão Traseira;1;0;1;0;0;0;;;;;2;0;0;0;0
12/04/2016;14:10:00;223;Acidente sem Vítima;137;BR-101/ES;Norte;Choque;0;0;1;0;0;0;;;;;1;0;0;0;0
12/04/2016;14:12:00;224;Acidente sem Vítima;303;BR-101/ES;Sul;Colisão Lateral;1;0;1;0;0;0;;;;;3;0;0;0;0
12/04/2016;17:23:00;274;Acidente com vítima;156;BR-101/ES;Sul;Colisão Frontal;1;0;0;1;0;0;;;;;2;2;0;0;0
12/04/2016;09:34:00;132;Acidente sem Vítima;279;BR-101/ES;Sul - TRECHO CONTORNO;Colisão Lateral;1;0;0;1;0;0;;;;;3;0;0;0;0
12/04/2016;12:25:00;189;Acidente com vítima;292;BR-101/ES;Sul - TRECHO CONTORNO;Queda de Moto;0;0;0;1;0;0;;;;;0;1;0;0;0
13/04/2016;07:00:00;67;Acidente sem Vítima;266;BR-101/ES;Sul;Colisão Traseira;1;0;1;0;0;0;;;;;2;0;0;0;0
13/04/2016;11:20:00;170;Acidente com vítima;269;BR-101/ES;Norte;Colisão Lateral;1;0;1;0;0;0;;;;;2;1;0;0;0
13/04/2016;16:59:00;276;Acidente sem Vítima;263;BR-101/ES;Norte;Colisão Traseira;2;0;0;0;0;0;;;;;4;0;0;0;0
13/04/2016;17:47:00;288;Acidente sem Vítima;335;BR-101/ES;Norte;Tombamento;0;0;1;0;0;0;;;;;2;0;0;0;0
13/04/2016;17:47:00;289;Acidente sem Vítima;269;BR-101/ES;Sul;Colisão Traseira;2;0;0;0;0;0;;;;;2;0;0;0;0
14/04/2016;07:08:00;92;Acidente com vítima;147;BR-101/ES;Sul;Colisão Traseira;1;0;0;1;0;0;;;;;1;1;0;0;0
14/04/2016;08:58:00;129;Acidente sem Vítima;67;BR-101/ES;Sul;Colisão Traseira;2;0;0;0;0;0;;;;;3;0;0;0;0
14/04/2016;09:20:00;141;Acidente sem Vítima;228;BR-101/ES;Sul;Saída de Pista;1;0;0;0;0;0;;;;;2;0;0;0;0
14/04/2016;13:34:00;229;Acidente com vítima;402;BR-101/ES;Norte;Colisão Traseira;0;0;1;1;0;0;;;;;1;1;0;0;0
14/04/2016;16:26:00;286;Acidente com vítima;31,5;BR-101/ES;Norte;Queda de Moto;1;0;0;0;0;0;;;;;0;0;1;0;0
14/04/2016;21:42:00;354;Acidente com vítima;65;BR-101/ES;Norte;Colisão Traseira;2;0;0;0;0;0;;;;;0;2;0;0;0
14/04/2016;16:34:00;288;Acidente com vítima;276;BR-101/ES;Norte - TRECHO CONTORNO;Colisão Traseira;1;0;0;1;0;0;;;;;1;0;1;0;0
14/04/2016;18:51:00;320;Acidente sem Vítima;291;BR-101/ES;Sul - TRECHO CONTORNO;Choque com Objeto Fixo;1;0;0;0;0;0;;;;;2;0;0;0;0
15/04/2016;03:56:00;60;Acidente sem Vítima;171;BR-101/ES;Norte;Colisão Traseira;2;0;0;0;0;0;;;;;3;0;0;0;0
15/04/2016;10:10:00;144;Acidente com vítima;268,5;BR-101/ES;Norte;Queda de Moto;0;0;0;1;0;0;;;;;0;0;1;0;0
15/04/2016;10:55:00;159;Acidente com vítima;96;BR-101/ES;Sul;Colisão Traseira;2;0;0;0;0;0;;;;;3;1;1;0;0
15/04/2016;12:04:00;177;Acidente com vítima;262;BR-101/ES;Sul;Queda de Moto;0;0;0;1;0;0;;;;;0;2;0;0;0
15/04/2016;13:17:00;205;Acidente sem Vítima;171;BR-101/ES;Norte;Colisão Lateral;1;0;2;0;0;0;;;;;2;0;0;0;0
15/04/2016;14:02:00;216;Acidente sem Vítima;171;BR-101/ES;Sul;Colisão Traseira;2;0;0;0;0;0;;;;;2;0;0;0;0
15/04/2016;14:22:00;222;Acidente sem Vítima;266;BR-101/ES;Norte;Colisão Lateral;1;0;1;0;0;0;;;;;3;0;0;0;0
15/04/2016;15:28:00;244;Acidente sem Vítima;270;BR-101/ES;Sul;Colisão Traseira;2;0;0;0;0;0;;;;;2;0;0;0;0
15/04/2016;18:52:00;293;Acidente sem Vítima;255;BR-101/ES;Sul;Engavetamento;3;0;0;0;0;0;;;;;3;0;0;0;0
15/04/2016;18:55:00;295;Acidente com vítima;270;BR-101/ES;Norte;Queda de Moto;1;0;0;0;0;0;;;;;0;0;2;0;0
15/04/2016;19:36:00;302;Acidente sem Vítima;140;BR-101/ES;Norte;Colisão Lateral;2;0;0;0;0;0;;;;;3;0;0;0;0
15/04/2016;20:44:00;311;Acidente sem Vítima;210;BR-101/ES;Sul;Veículo em Chamas;1;0;0;0;0;0;;;;;3;0;0;0;0
15/04/2016;20:47:00;312;Acidente com vítima;359;BR-101/ES;Sul;Colisão Traseira;1;0;1;0;0;0;;;;;2;1;0;0;0
15/04/2016;21:37:00;319;Acidente sem Vítima;266;BR-101/ES;Norte;Colisão Lateral;1;0;2;0;0;0;;;;;2;0;0;0;0
15/04/2016;22:13:00;327;Acidente sem Vítima;117;BR-101/ES;Norte;Colisão Traseira;2;0;0;0;0;0;;;;;2;0;0;0;0
15/04/2016;23:11:00;341;Acidente sem Vítima;144;BR-101/ES;Sul;Capotamento;1;0;0;0;0;0;;;;;1;0;0;0;0
15/04/2016;08:53:00;127;Acidente com vítima;285;BR-101/ES;Sul - TRECHO CONTORNO;Saída de Pista;1;0;1;0;0;0;;;;;1;0;1;0;0
16/04/2016;03:36:00;45;Acidente sem Vítima;457;BR-101/ES;Sul;Atropelamento - Bovino;1;0;0;0;0;0;;;;;1;0;0;0;0
16/04/2016;08:58:00;98;Acidente com vítima;90;BR-101/ES;Sul;Colisão Transversal;0;0;1;1;0;0;;;;;1;0;1;0;0
16/04/2016;09:09:00;100;Acidente sem Vítima;214;BR-101/ES;Sul;Colisão Transversal;2;0;0;0;0;0;;;;;3;0;0;0;0
16/04/2016;14:05:00;215;Acidente sem Vítima;297;BR-101/ES;Norte;Colisão Traseira;1;0;0;1;0;0;;;;;3;0;0;0;0
16/04/2016;16:34:00;248;Acidente com vítima;389,5;BR-101/ES;Sul;Colisão Lateral;0;0;2;1;0;0;;;;;3;0;0;1;0
16/04/2016;16:45:00;251;Acidente com vítima;189;BR-101/ES;Norte;Queda de Moto;1;0;0;0;0;0;;;;;0;0;0;1;0
16/04/2016;20:00:00;294;Acidente sem Vítima;144;BR-101/ES;Norte;Colisão Traseira;2;0;0;0;0;0;;;;;2;0;0;0;0
16/04/2016;20:22:00;301;Acidente sem Vítima;312;BR-101/ES;Norte;Colisão Lateral;1;0;2;0;0;0;;;;;5;0;0;0;0
16/04/2016;20:24:00;304;Acidente com vítima;145;BR-101/ES;Sul;Queda de Moto;0;0;0;1;0;0;;;;;0;1;0;0;0
16/04/2016;21:40:00;317;Acidente com vítima;83,6;BR-101/ES;Sul;Colisão Traseira;1;0;0;0;0;0;;;;;0;3;0;0;0
16/04/2016;22:49:00;334;Acidente com vítima;297;BR-101/ES;Sul;Queda de Moto;0;0;0;1;0;0;;;;;0;2;0;0;0
16/04/2016;23:17:00;338;Acidente com vítima;143;BR-101/ES;Norte;Saída de Pista;1;0;0;0;0;0;;;;;2;1;0;0;0
16/04/2016;23:40:00;343;Acidente sem Vítima;205;BR-101/ES;Sul;Saída de Pista;1;0;0;0;0;0;;;;;1;0;0;0;0
16/04/2016;06:37:00;69;Acidente com vítima;274;BR-101/ES;Norte - TRECHO CONTORNO;Colisão Traseira;1;0;0;0;1;0;;;;;2;1;0;0;0
17/04/2016;01:55:00;34;Acidente com Morte;396;BR-101/ES;Sul;Saída de Pista;1;0;0;0;0;0;;;;;0;0;0;0;1
17/04/2016;03:43:00;49;Acidente com vítima;268,5;BR-101/ES;Norte;Colisão Frontal;1;0;0;1;0;0;;;;;2;1;0;0;0
17/04/2016;07:18:00;80;Acidente sem Vítima;263;BR-101/ES;Sul;Capotamento;1;0;0;0;0;0;;;;;1;0;0;0;0
17/04/2016;10:43:00;145;Acidente com vítima;67;BR-101/ES;Sul;Queda de Moto;0;0;0;1;0;0;;;;;0;1;0;0;0
17/04/2016;11:02:00;151;Acidente sem Vítima;73;BR-101/ES;Sul;Queda de Moto;0;0;0;1;0;0;;;;;2;0;0;0;0
17/04/2016;13:10:00;200;Acidente sem Vítima;335,4;BR-101/ES;Sul;Colisão Traseira;1;0;1;0;0;0;;;;;2;0;0;0;0
17/04/2016;18:45:00;265;Acidente sem Vítima;318;BR-101/ES;Norte;Colisão Traseira;2;0;1;0;0;0;;;;;3;0;0;0;0
17/04/2016;19:22:00;269;Acidente com vítima;51;BR-101/ES;Norte;Queda de Moto;0;0;0;1;0;0;;;;;0;0;1;0;0
17/04/2016;19:31:00;272;Acidente com vítima;377;BR-101/ES;Sul;Colisão Transversal;2;0;0;0;0;0;;;;;6;1;0;0;0
17/04/2016;12:13:00;182;Acidente sem Vítima;271;BR-101/ES;Sul - TRECHO CONTORNO;Colisão Traseira;2;0;0;0;0;0;;;;;4;0;0;0;0
18/04/2016;06:17:00;66;Acidente com vítima;436;BR-101/ES;Sul;Tombamento;0;0;1;0;0;0;;;;;1;1;0;0;0
18/04/2016;06:28:00;69;Acidente sem Vítima;335,4;BR-101/ES;Norte;Saída de Pista;1;0;0;0;0;0;;;;;1;0;0;0;0
18/04/2016;06:45:00;72;Acidente com Morte;343;BR-101/ES;Norte;Colisão Frontal;1;0;1;0;0;0;;;;;1;0;0;0;1
18/04/2016;07:52:00;97;Acidente sem Vítima;326;BR-101/ES;Norte;Colisão Traseira;2;0;0;0;0;0;;;;;3;0;0;0;0
18/04/2016;11:22:00;160;Acidente com vítima;946;BR-101/BA;Sul;Saída de Pista;1;0;0;0;0;0;;;;;1;1;0;0;0
18/04/2016;11:44:00;166;Atropelamento sem Morte;257;BR-101/ES;Sul;Atropelamento;1;0;0;0;0;0;;;;;1;0;1;0;0
18/04/2016;12:51:00;182;Acidente sem Vítima;270;BR-101/ES;Norte;Capotamento;1;0;0;0;0;0;;;;;2;0;0;0;0
18/04/2016;13:55:00;202;Acidente com vítima;174;BR-101/ES;Sul;Saída de Pista;1;0;0;0;0;0;;;;;0;1;0;0;0
18/04/2016;14:08:00;206;Acidente com vítima;414;BR-101/ES;Norte;Queda de Moto;0;0;0;1;0;0;;;;;0;1;0;0;0
18/04/2016;15:12:00;227;Acidente sem Vítima;264;BR-101/ES;Norte;Colisão Transversal;1;0;0;1;0;0;;;;;2;0;0;0;0
18/04/2016;15:13:00;228;Acidente com vítima;200;BR-101/ES;Norte;Colisão;1;1;0;0;0;0;;;;;1;0;1;0;0
18/04/2016;15:46:00;237;Acidente sem Vítima;266;BR-101/ES;Sul;Colisão Lateral;1;0;1;0;0;0;;;;;5;0;0;0;0
18/04/2016;18:05:00;271;Atropelamento com Morte;299,8;BR-101/ES;Norte;Atropelamento e Fuga;1;0;0;0;0;0;;;;;0;0;0;0;1
18/04/2016;22:50:00;326;Acidente sem Vítima;270;BR-101/ES;Sul;Queda de Moto;0;0;0;1;0;0;;;;;1;0;0;0;0
18/04/2016;11:02:00;156;Acidente sem Vítima;294;BR-101/ES;Sul - TRECHO CONTORNO;Colisão Lateral;1;0;1;0;0;0;;;;;2;0;0;0;0
19/04/2016;00:58:00;22;Acidente sem Vítima;945;BR-101/BA;Sul;Saída de Pista;1;0;0;0;0;0;;;;;2;0;0;0;0
19/04/2016;07:55:00;100;Acidente sem Vítima;446;BR-101/ES;Norte;Saída de Pista;2;0;0;0;0;0;;;;;1;0;0;0;0
19/04/2016;09:08:00;123;Acidente com vítima;261,5;BR-101/ES;Norte;Engavetamento;1;0;2;0;0;0;;;;;4;0;1;0;0
19/04/2016;10:34:00;147;Acidente com vítima;145;BR-101/ES;Sul;Colisão Traseira;0;0;0;1;1;0;;;;;1;0;1;0;0
19/04/2016;11:45:00;172;Acidente com vítima;66;BR-101/ES;Norte;Queda de Moto;0;0;0;1;0;0;;;;;0;1;0;0;0
19/04/2016;15:48:00;237;Acidente sem Vítima;149;BR-101/ES;Sul;Colisão Traseira;1;0;0;0;1;0;;;;;2;0;0;0;0
19/04/2016;17:39:00;265;Acidente com vítima;143;BR-101/ES;Norte;Colisão Lateral;0;0;0;2;0;0;;;;;0;0;3;0;0
19/04/2016;18:27:00;276;Acidente sem Vítima;16,5;BR-101/ES;Norte;Colisão Transversal;2;0;0;0;0;0;;;;;2;0;0;0;0
19/04/2016;18:01:00;272;Acidente sem Vítima;290;BR-101/ES;Sul - TRECHO CONTORNO;Tombamento;0;0;1;0;0;0;;;;;2;0;0;0;0
20/04/2016;08:23:00;104;Acidente sem Vítima;269;BR-101/ES;Sul;Colisão Traseira;0;0;2;0;1;0;;;;;3;0;0;0;0
20/04/2016;08:45:00;112;Acidente sem Vítima;418;BR-101/ES;Sul;Colisão Lateral;0;0;3;0;0;0;;;;;2;0;0;0;0
20/04/2016;11:19:00;175;Acidente com vítima;125;BR-101/ES;Norte;Colisão Traseira;2;0;0;0;0;0;;;;;2;1;0;0;0
20/04/2016;11:39:00;183;Acidente sem Vítima;259;BR-101/ES;Norte;Colisão Lateral;2;0;0;0;0;0;;;;;5;0;0;0;0
20/04/2016;16:26:00;275;Acidente sem Vítima;125;BR-101/ES;Norte;Colisão Traseira;1;0;0;1;0;0;;;;;3;0;0;0;0
20/04/2016;16:29:00;278;Acidente sem Vítima;235;BR-101/ES;Norte;Saída de Pista;1;0;0;0;0;0;;;;;2;0;0;0;0
20/04/2016;17:34:00;297;Acidente sem Vítima;148;BR-101/ES;Sul;Colisão Lateral;1;0;1;0;0;0;;;;;3;0;0;0;0
20/04/2016;20:25:00;344;Acidente com vítima;269;BR-101/ES;Norte;Colisão Traseira;1;0;0;1;0;0;;;;;1;0;1;0;0
20/04/2016;22:50:00;385;Acidente sem Vítima;186;BR-101/ES;Norte;Colisão Traseira;2;0;0;0;0;0;;;;;4;0;0;0;0
21/04/2016;11:46:00;173;Acidente sem Vítima;323;BR-101/ES;Norte;Saída de Pista;1;0;0;0;0;0;;;;;1;0;0;0;0
21/04/2016;15:57:00;255;Acidente sem Vítima;302;BR-101/ES;Norte;Colisão Lateral;3;0;0;0;0;0;;;;;3;0;0;0;0
21/04/2016;19:41:00;315;Acidente com vítima;401;BR-101/ES;Sul;Saída de Pista;1;0;0;0;0;0;;;;;0;1;0;0;0
21/04/2016;20:10:00;325;Acidente sem Vítima;145;BR-101/ES;Sul;Engavetamento;3;0;0;0;0;0;;;;;5;0;0;0;0