data;horario;n_da_ocorrencia;tipo_de_ocorrencia;km;trecho;sentido;tipo_de_acidente;automovel;bicicleta;caminhao;moto;onibus;outros;tracao_animal;transporte_de_cargas_especiais;trator_maquinas;utilitarios;ilesos;levemente_feridos;moderadamente_feridos;gravemente_feridos;mortos
21/04/2016;22:12:00;355;Acidente sem Vítima;172;BR-101/ES;Norte;Saída de Pista;0;0;2;0;0;0;;;;;1;0;0;0;0
22/04/2016;06:57:00;76;Acidente com vítima;261;BR-101/ES;Norte;Queda de Moto;0;0;0;1;0;0;;;;;0;0;1;0;0
22/04/2016;10:18:00;139;Acidente com vítima;133;BR-101/ES;Norte;Queda de Moto;1;0;0;0;0;0;;;;;0;2;0;0;0
22/04/2016;10:21:00;140;Acidente com vítima;31;BR-101/ES;Norte;Choque com Objeto Fixo;1;0;0;0;0;0;;;;;1;0;2;0;0
22/04/2016;12:55:00;192;Acidente sem Vítima;266;BR-101/ES;Sul;Engavetamento;3;0;0;0;0;0;;;;;4;0;0;0;0
22/04/2016;13:40:00;203;Acidente com vítima;266;BR-101/ES;Sul;Colisão Traseira;0;0;1;0;1;0;;;;;2;0;1;0;0
22/04/2016;14:21:00;215;Acidente com vítima;241;BR-101/ES;Norte;Colisão Transversal;2;0;0;0;0;0;;;;;0;2;0;0;0
22/04/2016;19:20:00;281;Acidente com vítima;129;BR-101/ES;Norte;Queda de Moto;0;0;0;1;0;0;;;;;1;1;0;0;0
22/04/2016;19:25:00;283;Acidente com vítima;451;BR-101/ES;Norte;Queda de Moto;0;0;0;1;0;0;;;;;0;0;2;0;0
22/04/2016;22:00:00;318;Acidente sem Vítima;206;BR-101/ES;Norte;Queda de Moto;0;0;0;1;0;0;;;;;2;0;0;0;0
22/04/2016;12:56:00;193;Acidente sem Vítima;276;BR-101/ES;Norte - TRECHO CONTORNO;Colisão Lateral;2;0;0;0;0;0;;;;;4;0;0;0;0
23/04/2016;06:36:00;59;Acidente sem Vítima;230;BR-101/ES;Sul;Saída de Pista;1;0;0;0;0;0;;;;;5;0;0;0;0
23/04/2016;07:12:00;67;Acidente sem Vítima;298;BR-101/ES;Sul;Engavetamento;3;0;0;0;0;0;;;;;2;0;0;0;0
23/04/2016;08:12:00;82;Acidente sem Vítima;9;BR-101/ES;Norte;Queda de Moto;0;0;0;1;0;0;;;;;2;0;0;0;0
23/04/2016;13:50:00;206;Acidente com Morte;947,3;BR-101/BA;Norte;Colisão Frontal;2;0;0;0;0;0;;;;;0;3;0;1;1
23/04/2016;18:25:00;253;Acidente sem Vítima;370;BR-101/ES;Sul;Queda de Moto;0;0;0;1;0;0;;;;;1;0;0;0;0
23/04/2016;23:05:00;298;Acidente sem Vítima;394;BR-101/ES;Sul;Saída de Pista;1;0;0;0;0;0;;;;;3;0;0;0;0
23/04/2016;23:30:00;306;Acidente sem Vítima;31;BR-101/ES;Norte;Colisão Transversal;3;0;0;0;0;0;;;;;6;0;0;0;0
24/04/2016;06:16:00;52;Acidente com vítima;258;BR-101/ES;Norte;Saída de Pista;1;0;0;0;0;0;;;;;0;1;0;0;0
24/04/2016;08:21:00;68;Acidente sem Vítima;242;BR-101/ES;Sul;Colisão Traseira;2;0;0;0;0;0;;;;;6;0;0;0;0
24/04/2016;11:29:00;139;Acidente sem Vítima;149,5;BR-101/ES;Norte;Colisão Lateral;2;0;0;0;0;0;;;;;6;0;0;0;0
24/04/2016;12:32:00;163;Acidente sem Vítima;254;BR-101/ES;Sul;Engavetamento;3;0;0;0;0;0;;;;;5;0;0;0;0
24/04/2016;15:20:00;217;Acidente com vítima;130;BR-101/ES;Norte;Queda de Moto;0;0;0;1;0;0;;;;;0;2;0;0;0
24/04/2016;15:43:00;229;Acidente sem Vítima;130;BR-101/ES;Sul;Saída de Pista;1;0;0;0;0;0;;;;;5;0;0;0;0
24/04/2016;16:00:00;234;Acidente sem Vítima;248;BR-101/ES;Sul;Colisão Traseira;5;0;0;0;0;0;;;;;13;0;0;0;0
24/04/2016;17:50:00;278;Acidente sem Vítima;189;BR-101/ES;Sul;Veículo em Chamas;1;0;0;0;0;0;;;;;3;0;0;0;0
24/04/2016;18:05:00;283;Acidente com vítima;267;BR-101/ES;Sul;Colisão Transversal;0;1;0;1;0;0;;;;;1;0;1;0;0
24/04/2016;20:15:00;315;Acidente sem Vítima;175;BR-101/ES;Sul;Queda de Moto;0;0;0;1;0;0;;;;;2;0;0;0;0
24/04/2016;20:25:00;318;Acidente com vítima;141;BR-101/ES;Sul;Queda de Moto;0;0;0;1;0;0;;;;;0;1;0;0;0
24/04/2016;20:44:00;324;Acidente sem Vítima;254;BR-101/ES;Sul;Colisão Traseira;2;0;0;0;0;0;;;;;2;0;0;0;0
24/04/2016;21:16:00;333;Acidente sem Vítima;167,8;BR-101/ES;Sul;Colisão Lateral;2;0;0;0;0;0;;;;;2;0;0;0;0
24/04/2016;21:41:00;338;Acidente sem Vítima;238;BR-101/ES;Sul;Colisão Lateral;2;0;0;0;0;0;;;;;5;0;0;0;0
24/04/2016;22:48:00;354;Acidente com vítima;140;BR-101/ES;Sul;Queda de Moto;0;0;0;1;0;0;;;;;0;0;1;0;0
24/04/2016;16:11:00;238;Acidente com vítima;287;BR-101/ES;Sul - TRECHO CONTORNO;Colisão Traseira;1;0;0;1;0;0;;;;;1;0;1;0;0
24/04/2016;19:12:00;302;Acidente com vítima;289,8;BR-101/ES;Sul - TRECHO CONTORNO;Queda de Moto;0;0;0;1;0;0;;;;;0;1;0;0;0
24/04/2016;21:34:00;336;Acidente sem Vítima;288;BR-101/ES;Sul - TRECHO CONTORNO;Colisão Traseira;1;0;1;0;0;0;;;;;1;0;0;0;0
24/04/2016;22:25:00;344;Acidente com vítima;296;BR-101/ES;Norte - TRECHO CONTORNO;Colisão Lateral;2;0;0;0;0;0;;;;;0;0;1;0;0
25/04/2016;00:39:00;10;Acidente sem Vítima;458;BR-101/ES;Norte;Capotamento;1;0;0;0;0;0;;;;;3;0;0;0;0
25/04/2016;02:07:00;38;Acidente sem Vítima;210;BR-101/ES;Sul;Veículo em Chamas;0;0;1;0;0;0;;;;;2;0;0;0;0
25/04/2016;04:44:00;63;Acidente sem Vítima;59;BR-101/ES;Sul;Colisão Traseira;1;0;0;1;0;0;;;;;2;0;0;0;0
25/04/2016;06:02:00;74;Acidente com vítima;73;BR-101/ES;Sul;Queda de Moto;0;0;0;1;0;0;;;;;0;1;1;0;0
25/04/2016;06:20:00;77;Acidente com vítima;54;BR-101/ES;Norte;Queda de Moto;0;0;0;1;0;0;;;;;0;2;0;0;0
25/04/2016;06:49:00;82;Acidente sem Vítima;311,8;BR-101/ES;Norte;Queda de Moto;0;0;0;1;0;0;;;;;2;0;0;0;0
25/04/2016;09:46:00;138;Acidente com vítima;179;BR-101/ES;Sul;Queda de Moto;0;0;0;1;0;0;;;;;0;0;1;0;0
25/04/2016;09:53:00;141;Atropelamento sem Morte;266;BR-101/ES;Norte;Atropelamento;0;0;1;0;0;0;;;;;1;0;1;0;0
25/04/2016;16:56:00;300;Acidente sem Vítima;147;BR-101/ES;Sul;Colisão Traseira;2;0;0;0;0;0;;;;;1;0;0;0;0
25/04/2016;17:02:00;304;Acidente sem Vítima;269;BR-101/ES;Norte;Colisão Lateral;1;0;2;0;0;0;;;;;3;0;0;0;0
25/04/2016;18:37:00;326;Acidente sem Vítima;153;BR-101/ES;Sul;Saída de Pista;1;0;1;0;0;0;;;;;2;0;0;0;0
25/04/2016;04:08:00;53;Atropelamento com Morte;274,5;BR-101/ES;Sul - TRECHO CONTORNO;Atropelamento e Fuga;1;0;0;0;0;0;;;;;0;0;0;0;1
25/04/2016;16:06:00;276;Acidente sem Vítima;292;BR-101/ES;Norte - TRECHO CONTORNO;Colisão Lateral;1;0;0;0;1;0;;;;;3;0;0;0;0
26/04/2016;02:29:00;34;Acidente sem Vítima;270;BR-101/ES;Norte;Tombamento;0;0;1;0;0;0;;;;;2;0;0;0;0
26/04/2016;08:52:00;134;Acidente sem Vítima;66,5;BR-101/ES;Sul;Choque com Objeto Fixo;1;0;0;0;0;0;;;;;1;0;0;0;0
26/04/2016;09:21:00;143;Acidente sem Vítima;126,5;BR-101/ES;Sul;Colisão Traseira;2;0;0;0;0;0;;;;;3;0;0;0;0
26/04/2016;16:04:00;268;Acidente sem Vítima;267;BR-101/ES;Norte;Colisão Traseira;0;0;3;0;0;0;;;;;2;0;0;0;0
26/04/2016;16:37:00;282;Acidente com vítima;267;BR-101/ES;Norte;Queda de Moto;2;0;0;0;0;0;;;;;1;0;2;0;0
26/04/2016;21:51:00;353;Acidente sem Vítima;261;BR-101/ES;Sul;Queda de Moto;1;0;0;0;0;0;;;;;1;0;0;0;0
27/04/2016;08:09:00;98;Acidente com vítima;66;BR-101/ES;Sul;Engavetamento;1;0;1;1;0;0;;;;;2;2;0;0;0
27/04/2016;09:23:00;120;Acidente sem Vítima;68,3;BR-101/ES;Norte;Colisão Traseira;2;0;0;0;0;0;;;;;3;0;0;0;0
27/04/2016;09:54:00;127;Acidente sem Vítima;44;BR-101/ES;Norte;Tombamento;0;0;0;0;0;1;;;;;1;0;0;0;0
27/04/2016;14:42:00;214;Acidente sem Vítima;264;BR-101/ES;Norte;Colisão Lateral;1;0;2;0;0;0;;;;;6;0;0;0;0
27/04/2016;18:22:00;262;Acidente com vítima;264;BR-101/ES;Norte;Colisão Lateral;1;0;0;1;0;0;;;;;1;0;1;0;0
27/04/2016;19:59:00;284;Acidente sem Vítima;168;BR-101/ES;Norte;Saída de Pista;1;0;0;0;0;0;;;;;1;0;0;0;0
28/04/2016;12:36:00;183;Acidente sem Vítima;456;BR-101/ES;Norte;Saída de Pista;0;0;1;0;0;0;;;;;1;0;0;0;0
28/04/2016;16:27:00;244;Acidente sem Vítima;301;BR-101/ES;Norte;Colisão Lateral;2;0;0;0;0;0;;;;;2;0;0;0;0
28/04/2016;18:59:00;276;Acidente com vítima;81;BR-101/ES;Sul;Queda de Moto;1;0;0;0;0;0;;;;;0;2;0;0;0
28/04/2016;21:07:00;311;Acidente sem Vítima;424,5;BR-101/ES;Sul;Saída de Pista;1;0;0;0;0;0;;;;;2;0;0;0;0
28/04/2016;23:14:00;341;Acidente sem Vítima;264;BR-101/ES;Sul;Choque com Objeto Fixo;1;0;0;0;0;0;;;;;1;0;0;0;0
28/04/2016;06:43:00;58;Acidente sem Vítima;276;BR-101/ES;Norte - TRECHO CONTORNO;Saída de Pista;1;0;0;0;0;0;;;;;2;0;0;0;0
29/04/2016;04:52:00;48;Acidente sem Vítima;436;BR-101/ES;Sul;Saída de Pista;1;0;0;0;0;0;;;;;3;0;0;0;0
29/04/2016;09:50:00;114;Acidente sem Vítima;269;BR-101/ES;Sul;Colisão Traseira;2;0;0;0;0;0;;;;;2;0;0;0;0
29/04/2016;13:53:00;198;Acidente sem Vítima;130;BR-101/ES;Norte;Choque;1;0;2;0;0;0;;;;;3;0;0;0;0
29/04/2016;14:35:00;214;Atropelamento sem Morte;270;BR-101/ES;Sul;Atropelamento;1;0;0;0;0;0;;;;;1;0;1;0;0
29/04/2016;17:24:00;259;Acidente com vítima;269;BR-101/ES;Sul;Colisão Lateral;1;0;0;1;0;0;;;;;1;0;1;0;0
29/04/2016;18:25:00;274;Acidente sem Vítima;147;BR-101/ES;Sul;Colisão Traseira;2;0;0;0;0;0;;;;;2;0;0;0;0
29/04/2016;18:55:00;279;Acidente sem Vítima;242;BR-101/ES;Sul;Colisão Traseira;2;0;0;0;0;0;;;;;1;0;0;0;0
29/04/2016;19:23:00;289;Acidente sem Vítima;233;BR-101/ES;Norte;Colisão Traseira;1;0;1;0;0;0;;;;;3;0;0;0;0
29/04/2016;19:47:00;294;Acidente sem Vítima;210;BR-101/ES;Norte;Choque com Veículo Estacionado;2;0;0;0;0;0;;;;;4;0;0;0;0
29/04/2016;20:39:00;311;Acidente sem Vítima;268;BR-101/ES;Sul;Colisão Transversal;1;0;3;0;0;0;;;;;2;0;0;0;0
29/04/2016;22:52:00;345;Acidente com vítima;20;BR-101/ES;Sul;Queda de Moto;0;0;0;1;0;0;;;;;0;1;0;0;0
29/04/2016;23:34:00;359;Acidente sem Vítima;266;BR-101/ES;Norte;Colisão Traseira;1;0;2;0;0;0;;;;;2;0;0;0;0
30/04/2016;06:10:00;74;Acidente sem Vítima;265;BR-101/ES;Norte;Saída de Pista;1;0;0;0;0;0;;;;;1;0;0;0;0
30/04/2016;08:10:00;95;Acidente com vítima;350;BR-101/ES;Sul;Queda de Moto;0;0;0;1;0;0;;;;;0;1;0;0;0
30/04/2016;10:17:00;125;Acidente com vítima;80;BR-101/ES;Norte;Queda de ciclista;0;1;0;0;0;0;;;;;0;1;0;0;0
30/04/2016;11:11:00;145;Acidente sem Vítima;270;BR-101/ES;Norte;Colisão Traseira;1;0;2;0;0;0;;;;;3;0;0;0;0
30/04/2016;15:45:00;215;Atropelamento com Morte;32;BR-101/ES;Norte;Atropelamento;0;0;3;0;0;0;;;;;1;0;0;0;1
30/04/2016;16:18:00;222;Acidente com Morte;25;BR-101/ES;Sul;Colisão Frontal;2;0;1;0;0;0;;;;;4;0;1;0;1
30/04/2016;17:05:00;232;Acidente sem Vítima;322;BR-101/ES;Sul;Colisão Transversal;2;0;0;0;0;0;;;;;2;0;0;0;0
30/04/2016;18:13:00;254;Acidente sem Vítima;188;BR-101/ES;Norte;Saída de Pista;1;0;0;0;0;0;;;;;1;0;0;0;0
30/04/2016;18:34:00;257;Acidente sem Vítima;117;BR-101/ES;Norte;Colisão Lateral;2;0;0;0;0;0;;;;;6;0;0;0;0
30/04/2016;19:43:00;264;Acidente sem Vítima;265,5;BR-101/ES;Norte;Colisão Traseira;2;0;0;0;0;0;;;;;4;0;0;0;0
30/04/2016;20:28:00;271;Acidente sem Vítima;265;BR-101/ES;Sul;Queda de Moto;1;0;0;0;0;0;;;;;2;0;0;0;0
30/04/2016;21:44:00;283;Acidente sem Vítima;377;BR-101/ES;Norte;Colisão Lateral;2;0;0;0;0;0;;;;;3;0;0;0;0
30/04/2016;23:52:00;321;Acidente com vítima;269;BR-101/ES;Norte;Colisão Traseira;2;0;0;0;0;0;;;;;2;1;0;0;0
30/04/2016;18:51:00;260;Acidente sem Vítima;291;BR-101/ES;Sul - TRECHO CONTORNO;Saída de Pista;1;0;0;0;0;0;;;;;1;0;0;0;0
30/04/2016;23:46:00;318;Acidente com vítima;288;BR-101/ES;Sul - TRECHO CONTORNO;Saída de Pista;1;0;0;0;0;0;;;;;0;2;0;1;0
01/05/2016;16:00:00;203;Acidente sem Vítima;239;BR-101/ES;Sul;Saída de Pista;1;0;0;0;0;0;;;;;2;0;0;0;0
01/05/2016;16:04:00;204;Acidente sem Vítima;100;BR-101/ES;Sul;Colisão Transversal;2;0;0;0;0;0;;;;;6;0;0;0;0
01/05/2016;17:09:00;216;Acidente sem Vítima;239;BR-101/ES;Sul;Saída de Pista;1;0;0;0;0;0;;;;;1;0;0;0;0
01/05/2016;21:11:00;264;Acidente com vítima;144;BR-101/ES;Norte;Queda de Moto;0;0;0;1;0;0;;;;;0;0;1;0;0
01/05/2016;22:17:00;274;Acidente com vítima;236;BR-101/ES;Sul;Colisão Frontal;2;0;0;0;0;0;;;;;0;3;4;0;0
01/05/2016;12:48:00;149;Acidente com vítima;294;BR-101/ES;Norte - TRECHO CONTORNO;Colisão Traseira;1;0;0;1;0;0;;;;;3;0;1;0;0
02/05/2016;02:50:00;42;Acidente com vítima;203;BR-101/ES;Norte;Choque com Objeto Fixo;1;0;0;0;0;0;;;;;2;0;1;0;0
02/05/2016;09:10:00;107;Acidente com vítima;267;BR-101/ES;Sul;Colisão Traseira;1;0;0;0;1;0;;;;;2;0;1;0;0
02/05/2016;12:02:00;168;Acidente sem Vítima;254;BR-101/ES;Sul;Colisão Traseira;2;0;0;0;0;0;;;;;2;0;0;0;0
02/05/2016;12:56:00;188;Acidente com vítima;128;BR-101/ES;Sul;Colisão Transversal;2;0;0;0;0;0;;;;;1;1;0;0;0
02/05/2016;13:09:00;192;Acidente com vítima;260;BR-101/ES;Sul;Queda de Moto;0;0;0;1;0;0;;;;;0;1;1;0;0
02/05/2016;16:14:00;247;Acidente sem Vítima;242;BR-101/ES;Norte;Choque com Objeto Fixo;1;0;0;0;0;0;;;;;1;0;0;0;0
02/05/2016;18:14:00;275;Acidente sem Vítima;299;BR-101/ES;Norte;Saída de Pista;1;0;0;0;0;0;;;;;1;0;0;0;0
02/05/2016;08:00:00;91;Acidente sem Vítima;280;BR-101/ES;Sul - TRECHO CONTORNO;Queda de Moto;0;0;0;1;0;0;;;;;1;0;0;0;0
02/05/2016;08:13:00;98;Acidente com vítima;281;BR-101/ES;Sul - TRECHO CONTORNO;Colisão Lateral;2;0;0;0;0;0;;;;;2;0;1;0;0
03/05/2016;02:26:00;37;Acidente sem Vítima;411;BR-101/ES;Sul;Atropelamento - Bovino;0;0;1;0;0;0;;;;;1;0;0;0;0
03/05/2016;05:51:00;59;Acidente com vítima;270;BR-101/ES;Sul;Queda de Moto;0;0;0;1;0;0;;;;;0;0;1;0;0
03/05/2016;06:04:00;63;Acidente sem Vítima;259;BR-101/ES;Sul;Saída de Pista;3;0;0;0;0;0;;;;;8;0;0;0;0
03/05/2016;08:32:00;113;Atropelamento sem Morte;262;BR-101/ES;Sul;Atropelamento;0;0;0;1;0;0;;;;;1;1;0;0;0
03/05/2016;09:35:00;133;Acidente com vítima;319;BR-101/ES;Norte;Colisão Lateral;1;0;2;0;0;0;;;;;1;1;0;0;0
03/05/2016;09:37:00;134;Acidente sem Vítima;298;BR-101/ES;Norte;Colisão Lateral;1;0;2;0;0;0;;;;;2;0;0;0;0
03/05/2016;10:51:00;158;Acidente sem Vítima;142;BR-101/ES;Sul;Colisão Traseira;1;0;0;1;0;0;;;;;2;0;0;0;0
03/05/2016;13:10:00;212;Acidente sem Vítima;146;BR-101/ES;Norte;Colisão Traseira;1;0;1;0;0;0;;;;;2;0;0;0;0
03/05/2016;15:27:00;255;Acidente sem Vítima;259;BR-101/ES;Sul;Colisão Transversal;1;0;0;0;1;0;;;;;4;0;0;0;0
03/05/2016;16:08:00;264;Acidente sem Vítima;267;BR-101/ES;Sul;Colisão Traseira;2;0;0;0;0;0;;;;;4;0;0;0;0
03/05/2016;17:41:00;289;Acidente com vítima;125;BR-101/ES;Norte;Queda de Moto;0;0;0;1;0;0;;;;;0;1;0;0;0
03/05/2016;21:01:00;337;Acidente sem Vítima;276;BR-101/ES;Sul - TRECHO CONTORNO;Saída de Pista;0;0;1;0;0;0;;;;;1;0;0;0;0
04/05/2016;06:06:00;70;Acidente sem Vítima;270;BR-101/ES;Sul;Engavetamento;2;0;0;0;1;0;;;;;4;0;0;0;0
04/05/2016;06:35:00;72;Acidente com vítima;140;BR-101/ES;Sul;Colisão Traseira;1;0;1;0;0;0;;;;;2;1;2;0;0
04/05/2016;06:50:00;76;Acidente sem Vítima;361;BR-101/ES;Sul;Tombamento;0;0;2;0;0;0;;;;;1;0;0;0;0
04/05/2016;07:07:00;84;Acidente com vítima;267;BR-101/ES;Sul;Colisão;1;1;0;0;0;0;;;;;1;0;1;0;0
04/05/2016;07:51:00;98;Acidente com vítima;300,5;BR-101/ES;Norte;Queda de Moto;0;0;0;1;0;0;;;;;0;1;0;0;0
04/05/2016;09:29:00;129;Acidente sem Vítima;323,5;BR-101/ES;Norte;Colisão Traseira;2;0;0;0;0;0;;;;;2;0;0;0;0
04/05/2016;15:38:00;221;Acidente sem Vítima;235;BR-101/ES;Norte;Saída de Pista;1;0;0;0;0;0;;;;;1;0;0;0;0
04/05/2016;16:04:00;231;Acidente sem Vítima;8,7;BR-101/ES;Sul;Saída de Pista;0;0;3;0;0;0;;;;;1;0;0;0;0
04/05/2016;17:15:00;259;Acidente com vítima;145;BR-101/ES;Sul;Queda de ciclista;0;1;0;0;0;0;;;;;0;0;1;0;0
04/05/2016;21:29:00;310;Acidente com vítima;297;BR-101/ES;Norte;Queda de Moto;0;0;0;1;0;0;;;;;0;0;1;0;0
04/05/2016;18:36:00;283;Acidente sem Vítima;274;BR-101/ES;Sul - TRECHO CONTORNO;Queda de Moto;0;0;0;1;0;0;;;;;2;0;0;0;0
05/05/2016;04:40:00;63;Acidente com vítima;176;BR-101/ES;Sul;Atropelamento - Animal;0;0;0;1;0;0;;;;;0;1;0;0;0
05/05/2016;05:23:00;74;Acidente sem Vítima;266;BR-101/ES;Sul;Colisão Lateral;1;0;1;0;0;0;;;;;2;0;0;0;0
05/05/2016;10:16:00;160;Acidente sem Vítima;19;BR-101/ES;Sul;Queda de Moto;0;0;0;1;0;0;;;;;2;0;0;0;0
05/05/2016;14:56:00;232;Acidente com vítima;65;BR-101/ES;Norte;Colisão Traseira;1;0;0;1;0;0;;;;;1;1;0;0;0
05/05/2016;16:52:00;251;Acidente com vítima;141;BR-101/ES;Norte;Colisão Traseira;2;0;0;0;0;0;;;;;2;1;0;0;0
05/05/2016;17:50:00;267;Acidente com vítima;267;BR-101/ES;Norte;Colisão Traseira;3;0;0;0;0;0;;;;;2;0;1;0;0
05/05/2016;20:15:00;290;Acidente sem Vítima;270;BR-101/ES;Norte;Colisão Lateral;1;0;2;0;0;0;;;;;2;0;0;0;0
05/05/2016;22:32:00;327;Acidente sem Vítima;1;BR-101/ES;Norte;Choque com Objeto Fixo;0;0;2;0;0;0;;;;;1;0;0;0;0
05/05/2016;08:53:00;144;Acidente sem Vítima;294,5;BR-101/ES;Norte - TRECHO CONTORNO;Colisão Traseira;1;0;1;0;0;0;;;;;3;0;0;0;0
06/05/2016;07:02:00;86;Acidente sem Vítima;269;BR-101/ES;Sul;Engavetamento;3;0;0;0;0;0;;;;;4;0;0;0;0
06/05/2016;07:08:00;89;Acidente com vítima;65;BR-101/ES;Sul;Atropelamento - Animal;0;0;0;1;0;0;;;;;0;0;2;0;0
06/05/2016;07:50:00;104;Acidente com vítima;265;BR-101/ES;Sul;Colisão Lateral;0;0;1;1;0;0;;;;;1;1;0;0;0
06/05/2016;08:02:00;107;Acidente sem Vítima;300;BR-101/ES;Sul;Saída de Pista;1;0;0;0;0;0;;;;;1;0;0;0;0
06/05/2016;09:20:00;136;Acidente sem Vítima;212;BR-101/ES;Sul;Colisão Lateral;1;0;1;0;0;0;;;;;2;0;0;0;0
06/05/2016;09:26:00;138;Acidente com vítima;334;BR-101/ES;Norte;Queda de Moto;0;0;0;1;0;0;;;;;0;1;0;0;0
06/05/2016;14:24:00;248;Acidente com vítima;65;BR-101/ES;Norte;Queda de Moto;1;0;0;1;0;0;;;;;1;0;1;0;0
06/05/2016;16:16:00;269;Acidente com vítima;128;BR-101/ES;Norte;Colisão Lateral;0;1;1;0;0;0;;;;;1;0;1;0;0
06/05/2016;18:41:00;312;Acidente com vítima;129;BR-101/ES;Sul;Queda de Moto;0;0;0;1;0;0;;;;;0;2;0;0;0
06/05/2016;19:35:00;324;Acidente sem Vítima;269;BR-101/ES;Norte;Queda de Moto;0;0;0;1;0;0;;;;;1;0;0;0;0
06/05/2016;19:38:00;325;Acidente sem Vítima;216;BR-101/ES;Norte;Colisão Traseira;2;0;0;0;0;0;;;;;3;0;0;0;0
06/05/2016;19:50:00;328;Acidente com vítima;214;BR-101/ES;Sul;Colisão Lateral;1;0;0;1;0;0;;;;;3;0;1;0;0
06/05/2016;21:51:00;358;Acidente sem Vítima;3;BR-101/ES;Sul;Saída de Pista;1;0;0;0;0;0;;;;;1;0;0;0;0
06/05/2016;22:45:00;380;Acidente com vítima;396;BR-101/ES;Sul;Colisão Frontal;1;0;2;0;0;0;;;;;1;0;0;1;0
06/05/2016;16:44:00;278;Acidente sem Vítima;293;BR-101/ES;Norte - TRECHO CONTORNO;Choque com Objeto Fixo;0;0;1;0;0;0;;;;;3;0;0;0;0
07/05/2016;03:51:00;62;Acidente com vítima;219;BR-101/ES;Norte;Queda de Moto;0;0;0;1;0;0;;;;;0;0;1;0;0
07/05/2016;04:06:00;65;Acidente com vítima;226;BR-101/ES;Norte;Queda de Moto;0;0;0;1;0;0;;;;;0;0;1;0;0
07/05/2016;04:55:00;73;Acidente com vítima;253;BR-101/ES;Sul;Saída de Pista;0;0;0;1;0;0;;;;;0;0;1;0;0
07/05/2016;08:08:00;115;Acidente sem Vítima;419;BR-101/ES;Norte;Engavetamento;0;0;5;0;0;0;;;;;3;0;0;0;0
07/05/2016;09:01:00;131;Acidente com vítima;402;BR-101/ES;Sul;Queda de Moto;0;0;2;1;0;0;;;;;1;1;0;0;0
07/05/2016;10:37:00;159;Acidente sem Vítima;260;BR-101/ES;Norte;Colisão;1;1;0;0;0;0;;;;;3;0;0;0;0
07/05/2016;11:23:00;171;Acidente sem Vítima;300;BR-101/ES;Norte;Choque com Objeto Fixo;1;0;0;0;0;0;;;;;1;0;0;0;0
07/05/2016;11:32:00;178;Acidente sem Vítima;146;BR-101/ES;Sul;Colisão Traseira;2;0;0;0;0;0;;;;;2;0;0;0;0
07/05/2016;12:11:00;191;Acidente com vítima;255;BR-101/ES;Sul;Colisão Lateral;1;0;0;1;0;0;;;;;1;1;0;0;0
07/05/2016;12:14:00;193;Acidente com vítima;265;BR-101/ES;Sul;Colisão Traseira;2;0;0;0;0;0;;;;;3;1;0;0;0
07/05/2016;14:50:00;252;Acidente sem Vítima;335;BR-101/ES;Norte;Colisão Transversal;2;0;0;0;0;0;;;;;8;0;0;0;0
07/05/2016;15:37:00;263;Acidente com vítima;140;BR-101/ES;Norte;Colisão Traseira;1;0;0;1;0;0;;;;;2;1;0;0;0
07/05/2016;15:51:00;269;Acidente com vítima;69;BR-101/ES;Sul;Colisão Lateral;1;0;2;0;0;0;;;;;3;2;0;0;0
07/05/2016;15:53:00;270;Acidente com vítima;203;BR-101/ES;Norte;Tombamento;0;0;2;0;0;0;;;;;0;0;2;0;0
07/05/2016;18:14:00;300;Acidente com vítima;144;BR-101/ES;Sul;Colisão Transversal;0;1;0;1;0;0;;;;;0;1;0;1;0
07/05/2016;18:36:00;303;Acidente com vítima;99,9;BR-101/ES;Norte;Queda de Moto;0;0;0;1;0;0;;;;;0;0;1;0;0
07/05/2016;18:59:00;313;Acidente com vítima;413,5;BR-101/ES;Norte;Saída de Pista;1;0;0;0;0;0;;;;;0;0;1;0;0
07/05/2016;20:38:00;334;Acidente sem Vítima;72;BR-101/ES;Norte;Saída de Pista;1;0;0;0;0;0;;;;;3;0;0;0;0
07/05/2016;23:43:00;397;Acidente sem Vítima;288;BR-101/ES;Sul - TRECHO CONTORNO;Saída de Pista;1;0;0;0;0;0;;;;;1;0;0;0;0
08/05/2016;02:29:00;35;Acidente sem Vítima;145;BR-101/ES;Norte;Queda de Moto;0;0;0;1;0;0;;;;;1;0;0;0;0
08/05/2016;03:15:00;43;Atropelamento sem Morte;956;BR-101/BA;Norte;Atropelamento e Fuga;0;0;0;1;0;0;;;;;0;0;2;0;0
08/05/2016;03:28:00;44;Acidente com vítima;147;BR-101/ES;Norte;Queda de Moto;0;0;0;1;0;0;;;;;0;1;0;0;0
08/05/2016;04:00:00;48;Acidente sem Vítima;372;BR-101/ES;Sul;Capotamento;1;0;0;0;0;0;;;;;1;0;0;0;0
08/05/2016;04:32:00;51;Acidente sem Vítima;110;BR-101/ES;Norte;Queda de Moto;0;0;0;1;0;0;;;;;1;0;0;0;0
08/05/2016;09:52:00;109;Acidente com vítima;246;BR-101/ES;Sul;Choque;1;0;0;0;0;0;;;;;0;1;0;1;0
08/05/2016;10:53:00;120;Acidente com vítima;335;BR-101/ES;Norte;Colisão Traseira;1;0;0;1;0;0;;;;;1;1;0;0;0
08/05/2016;11:55:00;137;Acidente sem Vítima;264;BR-101/ES;Sul;Engavetamento;3;0;0;0;0;0;;;;;8;0;0;0;0
08/05/2016;14:03:00;176;Acidente sem Vítima;267;BR-101/ES;Norte;Colisão Traseira;0;0;0;1;0;0;;;;;1;0;0;0;0