data;horario;n_da_ocorrencia;tipo_de_ocorrencia;km;trecho;sentido;tipo_de_acidente;automovel;bicicleta;caminhao;moto;onibus;outros;tracao_animal;transporte_de_cargas_especiais;trator_maquinas;utilitarios;ilesos;levemente_feridos;moderadamente_feridos;gravemente_feridos;mortos
26/05/2016;20:00:00;302;Acidente com vítima;335,7;BR-101/ES;Norte;Queda de ciclista;0;1;0;0;0;0;;;;;0;1;0;0;0
26/05/2016;21:43:00;316;Acidente com vítima;127;BR-101/ES;Norte;Queda de ciclista;0;1;0;0;0;0;;;;;0;1;0;0;0
26/05/2016;22:05:00;322;Acidente com vítima;35;BR-101/ES;Sul;Colisão Lateral;2;0;0;0;0;0;;;;;2;1;0;0;0
26/05/2016;08:18:00;93;Acidente sem Vítima;295;BR-101/ES;Sul - TRECHO CONTORNO;Colisão Traseira;2;0;0;0;0;0;;;;;2;0;0;0;0
27/05/2016;13:31:00;211;Acidente com vítima;146;BR-101/ES;Sul;Colisão Transversal;1;0;0;1;0;0;;;;;2;0;1;0;0
27/05/2016;17:18:00;276;Acidente sem Vítima;29;BR-101/ES;Norte;Saída de Pista;1;0;0;0;0;0;;;;;3;0;0;0;0
27/05/2016;18:12:00;292;Acidente com vítima;267;BR-101/ES;Sul;Colisão Lateral;1;0;0;1;0;0;;;;;3;0;1;0;0
27/05/2016;18:17:00;294;Acidente com vítima;200;BR-101/ES;Sul;Queda de Moto;0;0;0;2;0;0;;;;;1;0;1;0;0
27/05/2016;18:47:00;301;Acidente sem Vítima;457;BR-101/ES;Sul;Saída de Pista;1;0;0;0;0;0;;;;;1;0;0;0;0
28/05/2016;07:24:00;91;Acidente sem Vítima;302;BR-101/ES;Sul;Colisão Traseira;1;0;1;0;0;0;;;;;4;0;0;0;0
28/05/2016;10:51:00;149;Acidente sem Vítima;299;BR-101/ES;Sul;Engavetamento;5;0;0;0;0;0;;;;;5;0;0;0;0
28/05/2016;11:21:00;160;Acidente sem Vítima;298,2;BR-101/ES;Sul;Colisão Traseira;2;0;0;0;0;0;;;;;2;0;0;0;0
28/05/2016;13:17:00;196;Acidente sem Vítima;233;BR-101/ES;Sul;Colisão Traseira;2;0;0;0;0;0;;;;;4;0;0;0;0
28/05/2016;15:50:00;244;Acidente com vítima;297,5;BR-101/ES;Sul;Colisão Traseira;1;0;2;0;0;0;;;;;0;0;2;0;0
28/05/2016;18:52:00;273;Acidente sem Vítima;339;BR-101/ES;Sul;Choque com Objeto Fixo;1;0;0;0;0;0;;;;;4;0;0;0;0
28/05/2016;19:18:00;278;Acidente sem Vítima;945;BR-101/BA;Sul;Saída de Pista;1;0;0;0;0;0;;;;;2;0;0;0;0
28/05/2016;20:05:00;284;Acidente com vítima;301;BR-101/ES;Norte;Colisão Traseira;1;0;0;1;0;0;;;;;3;1;0;0;0
28/05/2016;23:00:00;322;Acidente com vítima;107;BR-101/ES;Sul;Saída de Pista;1;0;0;0;0;0;;;;;0;2;1;0;0
29/05/2016;00:09:00;1;Acidente sem Vítima;265;BR-101/ES;Sul;Colisão Traseira;1;0;0;1;0;0;;;;;2;0;0;0;0
29/05/2016;01:33:00;26;Acidente com vítima;262;BR-101/ES;Norte;Saída de Pista;1;0;0;0;0;0;;;;;0;1;0;0;0
29/05/2016;03:45:00;48;Acidente com vítima;267,8;BR-101/ES;Norte;Choque com Objeto Fixo;1;0;0;0;0;0;;;;;1;0;1;0;0
29/05/2016;10:53:00;115;Acidente sem Vítima;143;BR-101/ES;Sul;Colisão Traseira;2;0;0;0;0;0;;;;;5;0;0;0;0
29/05/2016;16:15:00;219;Acidente sem Vítima;248;BR-101/ES;Sul;Colisão Traseira;2;0;0;0;0;0;;;;;4;0;0;0;0
29/05/2016;17:47:00;241;Acidente com vítima;136;BR-101/ES;Sul;Colisão Traseira;1;0;0;1;0;0;;;;;4;2;0;0;0
29/05/2016;19:07:00;261;Acidente com vítima;251;BR-101/ES;Norte;Saída de Pista;1;0;0;0;0;0;;;;;0;2;1;0;0
29/05/2016;19:24:00;265;Acidente sem Vítima;143;BR-101/ES;Norte;Colisão Traseira;0;0;0;1;1;0;;;;;12;0;0;0;0
29/05/2016;20:34:00;270;Acidente com vítima;262;BR-101/ES;Norte;Colisão Traseira;1;0;0;1;0;0;;;;;1;0;1;0;0
29/05/2016;13:14:00;171;Acidente sem Vítima;291;BR-101/ES;Norte - TRECHO CONTORNO;Saída de Pista;1;0;0;0;0;0;;;;;1;0;0;0;0
30/05/2016;08:05:00;94;Acidente com vítima;65;BR-101/ES;Norte;Engavetamento;5;0;0;0;0;0;;;;;4;1;0;0;0
30/05/2016;08:23:00;99;Acidente com vítima;268;BR-101/ES;Sul;Queda de Moto;0;0;0;1;0;0;;;;;0;0;1;0;0
30/05/2016;10:05:00;133;Acidente sem Vítima;31;BR-101/ES;Sul;Engavetamento;3;0;0;0;0;0;;;;;7;0;0;0;0
30/05/2016;13:10:00;206;Acidente com vítima;298;BR-101/ES;Sul;Colisão Lateral;1;0;0;1;0;0;;;;;1;0;1;0;0
30/05/2016;17:24:00;278;Acidente com vítima;253;BR-101/ES;Sul;Colisão Lateral;1;0;0;1;0;0;;;;;2;1;0;0;0
30/05/2016;18:25:00;292;Acidente com vítima;67;BR-101/ES;Sul;Colisão Traseira;2;0;0;0;0;0;;;;;1;1;0;0;0
30/05/2016;21:40:00;333;Acidente sem Vítima;175;BR-101/ES;Norte;Colisão Traseira;1;0;2;0;0;0;;;;;2;0;0;0;0
31/05/2016;02:26:00;41;Acidente sem Vítima;299;BR-101/ES;Sul;Colisão Traseira;1;0;1;0;0;0;;;;;2;0;0;0;0
31/05/2016;07:44:00;101;Acidente sem Vítima;270;BR-101/ES;Sul;Engavetamento;3;0;0;0;0;0;;;;;3;0;0;0;0
31/05/2016;07:51:00;103;Atropelamento sem Morte;148;BR-101/ES;Sul;Atropelamento;0;0;0;1;0;0;;;;;1;1;0;0;0
31/05/2016;08:56:00;125;Acidente sem Vítima;251;BR-101/ES;Norte;Colisão Traseira;0;0;3;0;0;0;;;;;2;0;0;0;0
31/05/2016;11:06:00;174;Acidente sem Vítima;377;BR-101/ES;Sul;Colisão Transversal;1;0;2;0;0;0;;;;;3;0;0;0;0
31/05/2016;12:21:00;205;Acidente com vítima;126;BR-101/ES;Norte;Queda de Moto;0;0;0;1;0;0;;;;;0;1;0;0;0
31/05/2016;15:00:00;268;Acidente sem Vítima;370;BR-101/ES;Sul;Colisão Lateral;2;0;0;0;0;0;;;;;2;0;0;0;0
31/05/2016;18:29:00;321;Acidente com vítima;209;BR-101/ES;Norte;Colisão Traseira;0;0;1;1;0;0;;;;;0;0;0;1;0
31/05/2016;18:35:00;324;Acidente sem Vítima;266;BR-101/ES;Sul;Colisão Lateral;1;0;0;1;0;0;;;;;2;0;0;0;0
31/05/2016;18:43:00;327;Acidente com vítima;262;BR-101/ES;Sul;Colisão Traseira;1;0;3;0;0;0;;;;;2;0;1;0;0
31/05/2016;14:22:00;254;Acidente sem Vítima;292;BR-101/ES;Norte - TRECHO CONTORNO;Colisão Traseira;0;0;2;0;0;0;;;;;2;0;0;0;0
01/06/2016;07:26:00;97;Acidente sem Vítima;67;BR-101/ES;Sul;Colisão Traseira;1;0;2;0;0;0;;;;;2;0;0;0;0
01/06/2016;07:50:00;111;Acidente com vítima;266;BR-101/ES;Sul;Colisão Traseira;0;0;0;3;0;0;;;;;0;0;3;0;0
01/06/2016;08:12:00;120;Acidente com Morte;236;BR-101/ES;Sul;Colisão Frontal;1;0;1;0;0;0;;;;;1;0;0;0;1
01/06/2016;09:43:00;146;Acidente sem Vítima;63;BR-101/ES;Norte;Choque;2;0;0;0;0;0;;;;;3;0;0;0;0
01/06/2016;10:27:00;156;Acidente sem Vítima;147;BR-101/ES;Norte;Colisão Traseira;2;0;0;0;0;0;;;;;4;0;0;0;0
01/06/2016;15:20:00;256;Acidente sem Vítima;258;BR-101/ES;Sul;Colisão Lateral;0;0;3;0;0;0;;;;;2;0;0;0;0
01/06/2016;15:37:00;261;Acidente com vítima;61,5;BR-101/ES;Norte;Colisão Transversal;1;0;0;1;0;0;;;;;2;2;0;0;0
01/06/2016;19:23:00;302;Acidente com vítima;301;BR-101/ES;Norte;Choque com Objeto Fixo;0;0;1;0;0;0;;;;;0;0;1;0;0
01/06/2016;20:19:00;316;Atropelamento com Morte;100;BR-101/ES;Sul;Atropelamento e Fuga;0;0;1;0;0;0;;;;;1;1;0;0;1
01/06/2016;08:21:00;123;Acidente com vítima;275;BR-101/ES;Norte;Choque com Objeto Fixo;0;0;2;0;0;0;;;;;0;0;1;0;0
02/06/2016;07:47:00;92;Acidente sem Vítima;352;BR-101/ES;Norte;Saída de Pista;1;0;0;0;0;0;;;;;2;0;0;0;0
02/06/2016;11:43:00;181;Acidente sem Vítima;421;BR-101/ES;Sul;Colisão Lateral;1;0;1;0;0;0;;;;;2;0;0;0;0
02/06/2016;12:52:00;204;Acidente sem Vítima;149;BR-101/ES;Sul;Colisão Lateral;1;0;1;0;0;0;;;;;2;0;0;0;0
02/06/2016;15:25:00;253;Acidente com vítima;453;BR-101/ES;Sul;Saída de Pista;0;0;1;0;0;0;;;;;2;0;1;0;0
02/06/2016;17:03:00;281;Acidente sem Vítima;344;BR-101/ES;Sul;Saída de Pista;1;0;0;0;0;0;;;;;1;0;0;0;0
02/06/2016;17:48:00;291;Acidente sem Vítima;253;BR-101/ES;Sul;Engavetamento;3;0;0;0;0;0;;;;;4;0;0;0;0
02/06/2016;20:19:00;328;Acidente sem Vítima;331;BR-101/ES;Sul;Atropelamento - Animal;1;0;0;0;0;0;;;;;1;0;0;0;0
02/06/2016;22:07:00;350;Acidente sem Vítima;240;BR-101/ES;Norte;Colisão Traseira;2;0;0;0;0;0;;;;;2;0;0;0;0
02/06/2016;09:47:00;143;Acidente sem Vítima;277;BR-101/ES;Norte;Saída de Pista;0;0;1;0;0;0;;;;;1;0;0;0;0
02/06/2016;17:49:00;292;Acidente sem Vítima;291;BR-101/ES;Norte;Colisão Lateral;1;0;0;0;1;0;;;;;3;0;0;0;0
03/06/2016;00:17:00;7;Acidente com vítima;249;BR-101/ES;Norte;Colisão Lateral;0;0;3;1;0;0;;;;;1;0;0;1;0
03/06/2016;03:52:00;47;Acidente sem Vítima;130;BR-101/ES;Norte;Atropelamento - Animal;1;0;0;0;0;0;;;;;3;0;0;0;0
03/06/2016;05:50:00;76;Acidente com vítima;227;BR-101/ES;Norte;Colisão Lateral;2;0;1;0;0;0;;;;;3;0;1;0;0
03/06/2016;07:53:00;115;Acidente sem Vítima;428;BR-101/ES;Norte;Saída de Pista;1;0;0;0;0;0;;;;;1;0;0;0;0
03/06/2016;13:15:00;231;Acidente com vítima;233;BR-101/ES;Norte;Colisão Traseira;1;0;2;0;0;0;;;;;4;1;1;0;0
03/06/2016;16:13:00;285;Acidente sem Vítima;104;BR-101/ES;Norte;Saída de Pista;1;0;0;0;0;0;;;;;1;0;0;0;0
03/06/2016;16:36:00;287;Acidente sem Vítima;241;BR-101/ES;Norte;Colisão Traseira;1;0;1;0;0;0;;;;;4;0;0;0;0
03/06/2016;16:59:00;296;Acidente com vítima;268;BR-101/ES;Sul;Queda de ciclista;0;1;0;0;0;0;;;;;0;0;1;0;0
03/06/2016;17:23:00;301;Acidente com vítima;65;BR-101/ES;Sul;Engavetamento;2;0;0;1;0;0;;;;;3;0;1;0;0
03/06/2016;17:45:00;305;Acidente com vítima;299;BR-101/ES;Norte;Engavetamento;3;0;0;0;0;0;;;;;3;1;0;0;0
03/06/2016;18:30:00;315;Acidente com vítima;374;BR-101/ES;Sul;Colisão Transversal;1;0;3;0;0;0;;;;;2;2;0;1;0
03/06/2016;19:00:00;324;Acidente sem Vítima;457;BR-101/ES;Sul;Saída de Pista;1;0;0;0;0;0;;;;;1;0;0;0;0
03/06/2016;19:31:00;338;Acidente com vítima;268;BR-101/ES;Norte;Colisão Lateral;1;1;0;0;0;0;;;;;1;1;0;0;0
03/06/2016;19:53:00;345;Acidente com vítima;145;BR-101/ES;Sul;Saída de Pista;1;0;0;0;0;0;;;;;0;1;1;0;0
03/06/2016;23:24:00;399;Acidente sem Vítima;42;BR-101/ES;Sul;Capotamento;1;0;0;0;0;0;;;;;1;0;0;0;0
03/06/2016;07:38:00;108;Acidente sem Vítima;295;BR-101/ES;Norte;Colisão Traseira;0;0;3;0;0;0;;;;;2;0;0;0;0
04/06/2016;03:39:00;53;Acidente sem Vítima;421,5;BR-101/ES;Sul;Saída de Pista;1;0;0;0;0;0;;;;;1;0;0;0;0
04/06/2016;04:06:00;56;Acidente com vítima;269;BR-101/ES;Sul;Colisão Transversal;2;0;0;0;0;0;;;;;4;2;0;0;0
04/06/2016;05:15:00;66;Acidente com vítima;270;BR-101/ES;Sul;Queda de Moto;0;0;0;1;0;0;;;;;0;0;1;0;0
04/06/2016;10:39:00;146;Acidente sem Vítima;23;BR-101/ES;Sul;Colisão Traseira;1;0;2;0;0;0;;;;;2;0;0;0;0
04/06/2016;10:45:00;149;Acidente sem Vítima;266;BR-101/ES;Sul;Colisão Transversal;1;0;2;0;0;0;;;;;4;0;0;0;0
04/06/2016;11:40:00;166;Acidente com vítima;270;BR-101/ES;Sul;Colisão Lateral;1;1;0;0;0;0;;;;;1;1;0;0;0
04/06/2016;11:46:00;169;Acidente com vítima;258;BR-101/ES;Norte;Colisão Traseira;1;0;2;0;0;0;;;;;1;0;1;0;0
04/06/2016;11:54:00;173;Acidente sem Vítima;67;BR-101/ES;Sul;Engavetamento;3;0;0;0;0;0;;;;;3;0;0;0;0
04/06/2016;12:14:00;179;Acidente sem Vítima;40;BR-101/ES;Norte;Saída de Pista;1;0;1;0;0;0;;;;;2;0;0;0;0
04/06/2016;12:42:00;189;Acidente sem Vítima;85;BR-101/ES;Norte;Colisão Traseira;1;0;1;0;0;0;;;;;5;0;0;0;0
04/06/2016;12:43:00;191;Acidente com vítima;266;BR-101/ES;Sul;Queda de Moto;1;0;0;1;0;0;;;;;1;0;2;0;0
04/06/2016;13:00:00;197;Acidente sem Vítima;266;BR-101/ES;Norte;Colisão Traseira;2;0;0;0;0;0;;;;;3;0;0;0;0
04/06/2016;14:35:00;220;Acidente sem Vítima;355;BR-101/ES;Sul;Colisão Transversal;1;0;0;1;0;0;;;;;3;0;0;0;0
04/06/2016;17:19:00;268;Acidente com vítima;174;BR-101/ES;Norte;Colisão Lateral;1;0;0;1;0;0;;;;;1;1;0;0;0
04/06/2016;18:11:00;286;Acidente sem Vítima;301;BR-101/ES;Norte;Colisão Transversal;1;0;0;0;0;0;;;;;1;0;0;0;0
04/06/2016;18:50:00;290;Acidente com Morte;12;BR-101/ES;Sul;Colisão Frontal;0;0;1;1;0;0;;;;;2;0;0;0;1
04/06/2016;19:44:00;302;Acidente com vítima;247;BR-101/ES;Norte;Queda de Moto;0;0;1;1;0;0;;;;;1;0;1;1;0
04/06/2016;19:53:00;303;Acidente sem Vítima;167;BR-101/ES;Norte;Colisão Transversal;1;0;1;0;0;0;;;;;1;0;0;0;0
04/06/2016;21:19:00;319;Acidente sem Vítima;298;BR-101/ES;Sul;Colisão Traseira;2;0;0;0;0;0;;;;;2;0;0;0;0
04/06/2016;08:10:00;101;Acidente sem Vítima;296;BR-101/ES;Norte;Colisão Traseira;2;0;0;0;0;0;;;;;3;0;0;0;0
04/06/2016;12:11:00;178;Acidente sem Vítima;291;BR-101/ES;Norte;Engavetamento;2;0;4;0;0;0;;;;;5;0;0;0;0
05/06/2016;02:31:00;36;Acidente com vítima;138;BR-101/ES;Norte;Colisão Lateral;1;0;1;0;0;0;;;;;1;1;1;0;0
05/06/2016;03:23:00;45;Acidente com Morte;221;BR-101/ES;Sul;Colisão Transversal;1;0;0;1;0;0;;;;;0;0;0;0;1
05/06/2016;05:29:00;67;Acidente com vítima;66;BR-101/ES;Norte;Colisão Transversal;1;1;0;0;0;0;;;;;1;0;1;0;0
05/06/2016;13:23:00;186;Acidente com vítima;325;BR-101/ES;Norte;Queda de Moto;1;0;0;1;0;0;;;;;2;2;0;0;0
05/06/2016;16:21:00;238;Acidente com vítima;270;BR-101/ES;Sul;Colisão Lateral;2;0;2;0;0;0;;;;;5;0;1;0;0
05/06/2016;17:58:00;274;Acidente sem Vítima;125;BR-101/ES;Norte;Colisão Lateral;2;0;0;0;0;0;;;;;4;0;0;0;0
05/06/2016;19:02:00;284;Acidente com vítima;79;BR-101/ES;Sul;Choque com Objeto Fixo;2;0;2;1;0;0;;;;;3;1;2;1;0
05/06/2016;19:56:00;297;Acidente com Morte;208;BR-101/ES;Sul;Colisão Frontal;1;0;0;1;0;0;;;;;3;0;0;0;1
05/06/2016;16:04:00;233;Acidente sem Vítima;271;BR-101/ES;Sul;Colisão Traseira;2;0;0;0;0;0;;;;;6;0;0;0;0
06/06/2016;06:08:00;75;Acidente com vítima;129;BR-101/ES;Sul;Colisão Lateral;2;0;0;0;0;0;;;;;2;1;0;0;0
06/06/2016;07:24:00;92;Acidente sem Vítima;262;BR-101/ES;Norte;Veículo em Chamas;1;0;0;0;0;0;;;;;1;0;0;0;0
06/06/2016;07:41:00;96;Acidente com vítima;268;BR-101/ES;Sul;Queda de Moto;0;0;0;1;0;0;;;;;0;1;0;0;0
06/06/2016;08:47:00;123;Acidente com vítima;391;BR-101/ES;Sul;Atropelamento - Animal;0;0;0;1;0;0;;;;;0;1;0;0;0
06/06/2016;11:37:00;184;Acidente com vítima;238;BR-101/ES;Norte;Engavetamento;2;0;1;0;0;0;;;;;2;0;2;0;0
06/06/2016;13:29:00;219;Acidente sem Vítima;147;BR-101/ES;Sul;Colisão Transversal;2;0;0;0;0;0;;;;;5;0;0;0;0
06/06/2016;16:02:00;267;Acidente sem Vítima;315;BR-101/ES;Norte;Colisão Traseira;2;0;0;0;0;0;;;;;3;0;0;0;0
06/06/2016;16:04:00;269;Acidente com vítima;401;BR-101/ES;Sul;Queda de Moto;0;0;0;1;0;0;;;;;0;1;0;0;0
06/06/2016;16:29:00;271;Acidente com vítima;18;BR-101/ES;Sul;Engavetamento;3;0;0;0;0;0;;;;;3;1;0;0;0
06/06/2016;16:30:00;275;Acidente com vítima;269;BR-101/ES;Norte;Colisão Lateral;0;0;0;2;0;0;;;;;0;0;2;0;0
06/06/2016;17:04:00;282;Acidente sem Vítima;131;BR-101/ES;Sul;Colisão Traseira;1;0;0;0;1;0;;;;;3;0;0;0;0
06/06/2016;17:45:00;289;Acidente sem Vítima;148;BR-101/ES;Sul;Colisão Traseira;2;0;0;0;0;0;;;;;3;0;0;0;0
06/06/2016;18:07:00;295;Acidente com vítima;270;BR-101/ES;Norte;Colisão Lateral;1;0;2;0;0;0;;;;;3;1;0;0;0
06/06/2016;18:12:00;298;Acidente sem Vítima;265;BR-101/ES;Sul;Colisão Traseira;2;0;0;0;0;0;;;;;3;0;0;0;0
06/06/2016;18:55:00;305;Acidente sem Vítima;358;BR-101/ES;Norte;Saída de Pista;1;0;0;0;0;0;;;;;1;0;0;0;0
06/06/2016;20:01:00;318;Acidente sem Vítima;359,8;BR-101/ES;Norte;Choque com Objeto Fixo;1;0;0;0;0;0;;;;;1;0;0;0;0
06/06/2016;20:16:00;322;Acidente sem Vítima;144;BR-101/ES;Norte;Colisão Traseira;2;0;0;0;0;0;;;;;3;0;0;0;0
07/06/2016;06:43:00;74;Acidente com vítima;142;BR-101/ES;Sul;Colisão Lateral;0;0;0;1;1;0;;;;;2;2;0;0;0
07/06/2016;06:55:00;76;Acidente sem Vítima;117;BR-101/ES;Norte;Queda de Moto;0;0;0;1;0;0;;;;;2;0;0;0;0
07/06/2016;07:24:00;87;Acidente sem Vítima;266;BR-101/ES;Sul;Engavetamento;3;0;0;0;0;0;;;;;6;0;0;0;0
07/06/2016;09:15:00;136;Acidente sem Vítima;185;BR-101/ES;Norte;Tombamento;0;0;1;0;0;0;;;;;2;0;0;0;0
07/06/2016;09:43:00;143;Acidente com vítima;301;BR-101/ES;Sul;Engavetamento;1;0;2;0;0;0;;;;;2;2;0;0;0
07/06/2016;16:34:00;291;Acidente com vítima;145;BR-101/ES;Norte;Queda de Moto;0;0;0;1;0;0;;;;;0;1;0;0;0
07/06/2016;18:12:00;318;Acidente com vítima;93;BR-101/ES;Sul;Colisão Traseira;2;0;0;0;0;0;;;;;5;1;0;0;0
07/06/2016;20:16:00;342;Acidente sem Vítima;441;BR-101/ES;Sul;Saída de Pista;1;0;0;0;0;0;;;;;1;0;0;0;0
07/06/2016;20:52:00;352;Acidente sem Vítima;436;BR-101/ES;Norte;Saída de Pista;1;0;0;0;0;0;;;;;1;0;0;0;0
07/06/2016;22:18:00;372;Acidente com Morte;402,5;BR-101/ES;Sul;Colisão Frontal;1;0;0;0;1;0;;;;;6;0;0;0;1
07/06/2016;11:47:00;193;Acidente sem Vítima;293;BR-101/ES;Sul;Choque com Objeto Fixo;1;0;2;0;0;0;;;;;2;0;0;0;0
07/06/2016;19:02:00;329;Acidente com vítima;283;BR-101/ES;Norte;Colisão Traseira;1;0;2;0;0;0;;;;;2;0;1;0;0
07/06/2016;21:53:00;365;Acidente sem Vítima;272,5;BR-101/ES;Norte;Veículo em Chamas;1;0;0;0;0;0;;;;;1;0;0;0;0
08/06/2016;01:43:00;29;Acidente sem Vítima;317;BR-101/ES;Norte;Colisão Frontal;1;0;1;0;0;0;;;;;2;0;0;0;0
08/06/2016;03:10:00;37;Acidente com vítima;423;BR-101/ES;Sul;Saída de Pista;0;0;2;0;0;0;;;;;0;0;1;0;0
08/06/2016;11:17:00;160;Acidente com vítima;254;BR-101/ES;Sul;Saída de Pista;0;0;2;0;0;0;;;;;0;0;1;0;0
08/06/2016;14:40:00;231;Acidente sem Vítima;264;BR-101/ES;Sul;Colisão Lateral;0;0;3;0;0;0;;;;;3;0;0;0;0
08/06/2016;15:48:00;250;Acidente sem Vítima;331;BR-101/ES;Norte;Colisão Traseira;0;0;2;0;0;0;;;;;5;0;0;0;0
08/06/2016;16:15:00;258;Acidente com vítima;264;BR-101/ES;Norte;Colisão Lateral;0;0;2;1;0;0;;;;;1;0;2;0;0
08/06/2016;18:10:00;287;Acidente sem Vítima;262;BR-101/ES;Sul;Engavetamento;3;0;0;0;0;0;;;;;4;0;0;0;0
08/06/2016;20:14:00;313;Acidente sem Vítima;269;BR-101/ES;Norte;Colisão Traseira;2;0;0;0;0;0;;;;;2;0;0;0;0
08/06/2016;21:53:00;333;Acidente sem Vítima;269;BR-101/ES;Norte;Engavetamento;3;0;0;0;0;0;;;;;3;0;0;0;0
08/06/2016;19:33:00;301;Acidente sem Vítima;295;BR-101/ES;Sul;Engavetamento;2;0;0;0;1;0;;;;;3;0;0;0;0
09/06/2016;02:04:00;33;Acidente sem Vítima;401;BR-101/ES;Norte;Saída de Pista;1;0;0;0;0;0;;;;;1;0;0;0;0
09/06/2016;05:38:00;66;Acidente sem Vítima;401;BR-101/ES;Sul;Saída de Pista;1;0;0;0;0;0;;;;;2;0;0;0;0
09/06/2016;08:05:00;99;Acidente com Morte;438;BR-101/ES;Norte;Colisão Transversal;1;0;1;0;0;0;;;;;1;0;0;2;1
09/06/2016;10:00:00;121;Acidente com vítima;269;BR-101/ES;Norte;Colisão Traseira;0;0;1;1;0;0;;;;;2;0;1;0;0
09/06/2016;13:55:00;197;Acidente sem Vítima;270;BR-101/ES;Sul;Colisão Traseira;2;0;0;0;0;0;;;;;2;0;0;0;0
09/06/2016;17:05:00;246;Acidente sem Vítima;15;BR-101/ES;Sul;Colisão Transversal;2;0;0;0;0;0;;;;;3;0;0;0;0
09/06/2016;17:19:00;251;Atropelamento sem Morte;269;BR-101/ES;Norte;Atropelamento;0;0;0;1;0;0;;;;;0;1;1;0;0
09/06/2016;03:25:00;47;Acidente com vítima;294;BR-101/ES;Sul;Saída de Pista;0;0;1;0;0;0;;;;;1;0;1;0;0
09/06/2016;17:46:00;259;Acidente sem Vítima;294;BR-101/ES;Norte;Colisão Lateral;3;0;2;0;0;0;;;;;6;0;0;0;0
10/06/2016;16:56:00;277;Acidente sem Vítima;47;BR-101/ES;Norte;Saída de Pista;1;0;0;0;0;0;;;;;1;0;0;0;0
10/06/2016;17:44:00;287;Acidente sem Vítima;244;BR-101/ES;Norte;Colisão Traseira;2;0;0;0;0;0;;;;;5;0;0;0;0
10/06/2016;19:38:00;310;Acidente sem Vítima;115;BR-101/ES;Norte;Queda de Moto;0;0;0;1;0;0;;;;;1;0;0;0;0
10/06/2016;19:57:00;316;Acidente sem Vítima;377;BR-101/ES;Sul;Colisão Lateral;1;0;0;0;1;0;;;;;2;0;0;0;0
10/06/2016;20:27:00;322;Acidente com vítima;264;BR-101/ES;Norte;Colisão Traseira;2;0;0;0;0;0;;;;;1;0;1;0;0
10/06/2016;21:50:00;336;Acidente sem Vítima;297;BR-101/ES;Sul;Colisão Lateral;2;0;0;0;0;0;;;;;4;0;0;0;0
10/06/2016;19:07:00;304;Acidente sem Vítima;277;BR-101/ES;Norte;Saída de Pista;1;0;0;0;0;0;;;;;1;0;0;0;0
11/06/2016;02:03:00;39;Acidente sem Vítima;31;BR-101/ES;Norte;Saída de Pista;1;0;0;0;0;0;;;;;2;0;0;0;0
11/06/2016;03:02:00;49;Acidente com vítima;269;BR-101/ES;Norte;Queda de Moto;0;0;0;1;0;0;;;;;0;0;1;0;0
11/06/2016;07:04:00;79;Acidente sem Vítima;391;BR-101/ES;Norte;Choque com Objeto Fixo;1;0;1;0;0;0;;;;;2;0;0;0;0
11/06/2016;08:34:00;105;Acidente com vítima;98;BR-101/ES;Sul;Queda de Moto;0;0;0;1;0;0;;;;;0;0;2;0;0
11/06/2016;12:04:00;191;Acidente sem Vítima;269;BR-101/ES;Sul;Saída de Pista;1;0;0;0;0;0;;;;;3;0;0;0;0
11/06/2016;13:03:00;214;Acidente com vítima;269;BR-101/ES;Sul;Queda de Moto;0;0;0;2;0;0;;;;;1;0;1;0;0
11/06/2016;13:31:00;221;Acidente com vítima;269;BR-101/ES;Sul;Engavetamento;3;0;0;0;0;0;;;;;6;1;0;0;0
11/06/2016;15:39:00;247;Acidente com vítima;335;BR-101/ES;Sul;Queda de Moto;0;0;0;1;0;0;;;;;0;2;0;0;0
11/06/2016;14:00:00;229;Acidente com vítima;283;BR-101/ES;Norte;Queda de Moto;0;0;0;1;0;0;;;;;0;0;2;0;0
11/06/2016;14:58:00;243;Acidente com vítima;291;BR-101/ES;Sul;Colisão Traseira;1;0;0;1;0;0;;;;;1;0;2;0;0
12/06/2016;04:26:00;53;Acidente com vítima;64,5;BR-101/ES;Sul;Colisão Traseira;1;0;0;1;0;0;;;;;2;0;0;1;0
12/06/2016;12:33:00;178;Acidente sem Vítima;394;BR-101/ES;Norte;Tombamento;2;0;0;0;0;0;;;;;6;0;0;0;0
12/06/2016;16:30:00;236;Acidente sem Vítima;254,5;BR-101/ES;Sul;Colisão Traseira;2;0;0;0;0;0;;;;;6;0;0;0;0
12/06/2016;17:04:00;248;Acidente sem Vítima;254,7;BR-101/ES;Sul;Colisão Traseira;1;0;1;1;0;0;;;;;2;0;0;0;0
12/06/2016;17:28:00;260;Acidente sem Vítima;255,3;BR-101/ES;Sul;Colisão Lateral;1;1;0;0;0;0;;;;;2;0;0;0;0
12/06/2016;17:49:00;268;Acidente sem Vítima;265,5;BR-101/ES;Norte;Colisão Traseira;2;0;0;0;0;0;;;;;6;0;0;0;0
12/06/2016;18:22:00;273;Acidente sem Vítima;304;BR-101/ES;Sul;Choque com Objeto Fixo;1;0;0;0;0;0;;;;;1;0;0;0;0
12/06/2016;21:04:00;312;Acidente com vítima;126;BR-101/ES;Norte;Colisão Traseira;1;0;0;1;0;0;;;;;0;1;0;1;0
12/06/2016;23:25:00;352;Acidente com vítima;219;BR-101/ES;Sul;Queda de Moto;0;0;0;1;0;0;;;;;0;0;2;0;0