data;horario;n_da_ocorrencia;tipo_de_ocorrencia;km;trecho;sentido;tipo_de_acidente;automovel;bicicleta;caminhao;moto;onibus;outros;tracao_animal;transporte_de_cargas_especiais;trator_maquinas;utilitarios;ilesos;levemente_feridos;moderadamente_feridos;gravemente_feridos;mortos
12/06/2016;20:06:00;298;Acidente com vítima;294;BR-101/ES;Norte;Queda de Moto;0;0;0;1;0;0;;;;;0;0;2;0;0
13/06/2016;06:51:00;84;Acidente sem Vítima;244;BR-101/ES;Sul;Colisão Traseira;1;0;2;0;0;0;;;;;3;0;0;0;0
13/06/2016;12:26:00;221;Acidente sem Vítima;309,6;BR-101/ES;Norte;Colisão Transversal;2;0;0;0;0;0;;;;;2;0;0;0;0
13/06/2016;13:44:00;248;Acidente com vítima;141;BR-101/ES;Norte;Queda de Moto;0;0;0;1;0;0;;;;;0;1;0;0;0
13/06/2016;14:23:00;255;Acidente sem Vítima;362;BR-101/ES;Sul;Colisão Traseira;0;0;6;0;0;0;;;;;3;0;0;0;0
13/06/2016;18:39:00;315;Acidente com vítima;146;BR-101/ES;Norte;Colisão Traseira;3;0;0;0;0;0;;;;;4;1;0;0;0
13/06/2016;20:05:00;330;Acidente sem Vítima;84;BR-101/ES;Norte;Colisão Traseira;0;0;2;0;0;0;;;;;2;0;0;0;0
13/06/2016;20:09:00;331;Acidente com vítima;352;BR-101/ES;Norte;Choque com Objeto Fixo;0;0;2;0;0;0;;;;;0;1;0;0;0
13/06/2016;20:34:00;337;Acidente com vítima;267;BR-101/ES;Norte;Colisão Transversal;1;0;0;1;0;0;;;;;1;1;1;0;0
13/06/2016;23:19:00;371;Acidente com vítima;332;BR-101/ES;Sul;Saída de Pista;1;0;0;0;0;0;;;;;0;1;0;0;0
13/06/2016;04:11:00;63;Acidente com vítima;290;BR-101/ES;Norte;Queda de Moto;0;0;0;1;0;0;;;;;0;0;1;0;0
13/06/2016;09:17:00;134;Acidente sem Vítima;285;BR-101/ES;Norte;Colisão Lateral;1;0;0;1;0;0;;;;;3;0;0;0;0
13/06/2016;11:58:00;211;Acidente com vítima;293;BR-101/ES;Norte;Colisão Lateral;0;0;2;1;0;0;;;;;1;1;0;0;0
14/06/2016;08:56:00;118;Acidente sem Vítima;267;BR-101/ES;Sul;Queda de Moto;0;0;0;1;0;0;;;;;2;0;0;0;0
14/06/2016;09:33:00;128;Acidente sem Vítima;232;BR-101/ES;Norte;Colisão Traseira;2;0;0;0;0;0;;;;;4;0;0;0;0
14/06/2016;10:23:00;143;Acidente com vítima;162;BR-101/ES;Norte;Colisão Transversal;1;0;0;1;0;0;;;;;1;1;0;0;0
14/06/2016;11:41:00;175;Acidente com vítima;376;BR-101/ES;Norte;Colisão Lateral;1;0;0;1;0;0;;;;;1;1;0;0;0
14/06/2016;16:32:00;251;Acidente sem Vítima;232;BR-101/ES;Sul;Colisão Traseira;0;0;4;0;0;0;;;;;2;0;0;0;0
14/06/2016;17:53:00;273;Acidente sem Vítima;147;BR-101/ES;Sul;Colisão Transversal;2;0;0;0;0;0;;;;;2;0;0;0;0
14/06/2016;20:08:00;291;Acidente sem Vítima;316;BR-101/ES;Norte;Saída de Pista;1;0;0;0;0;0;;;;;1;0;0;0;0
14/06/2016;23:14:00;325;Acidente com vítima;156;BR-101/ES;Norte;Colisão Frontal;2;0;1;0;0;0;;;;;0;0;2;1;0
14/06/2016;12:23:00;189;Acidente sem Vítima;292;BR-101/ES;Sul;Colisão Traseira;1;0;1;0;0;0;;;;;3;0;0;0;0
14/06/2016;16:04:00;245;Acidente com vítima;293;BR-101/ES;Sul;Colisão Traseira;1;0;2;0;0;0;;;;;3;1;0;0;0
15/06/2016;07:16:00;84;Acidente sem Vítima;305;BR-101/ES;Sul;Colisão Transversal;1;0;1;0;0;0;;;;;2;0;0;0;0
15/06/2016;07:36:00;92;Acidente com vítima;269,5;BR-101/ES;Norte;Colisão Lateral;1;0;0;1;0;0;;;;;1;0;1;0;0
15/06/2016;08:32:00;114;Acidente sem Vítima;255;BR-101/ES;Sul;Colisão Traseira;2;0;0;0;0;0;;;;;6;0;0;0;0
15/06/2016;13:24:00;223;Acidente sem Vítima;268;BR-101/ES;Sul;Colisão Lateral;0;0;0;2;0;0;;;;;3;0;0;0;0
15/06/2016;16:55:00;283;Acidente com vítima;303;BR-101/ES;Sul;Queda de Moto;0;0;0;1;0;0;;;;;1;1;0;0;0
15/06/2016;10:19:00;141;Acidente sem Vítima;272;BR-101/ES;Sul;Saída de Pista;1;0;0;0;0;0;;;;;3;0;0;0;0
15/06/2016;11:08:00;166;Acidente sem Vítima;275;BR-101/ES;Sul;Veículo em Chamas;1;0;0;0;0;0;;;;;1;0;0;0;0
15/06/2016;19:11:00;315;Acidente sem Vítima;284;BR-101/ES;Sul;Queda de Moto;1;0;0;0;0;0;;;;;2;0;0;0;0
16/06/2016;12:03:00;194;Acidente com vítima;402;BR-101/ES;Sul;Capotamento;1;0;0;0;0;0;;;;;1;0;1;0;0
16/06/2016;12:09:00;196;Acidente sem Vítima;320;BR-101/ES;Norte;Choque com Objeto Fixo;0;0;2;0;0;0;;;;;1;0;0;0;0
16/06/2016;17:16:00;275;Acidente com vítima;265;BR-101/ES;Norte;Queda de Moto;0;0;0;1;0;0;;;;;0;0;2;0;0
16/06/2016;17:50:00;285;Acidente com vítima;125,5;BR-101/ES;Norte;Colisão Traseira;1;0;0;1;0;0;;;;;2;1;0;0;0
16/06/2016;17:59:00;286;Acidente com vítima;266;BR-101/ES;Sul;Colisão Traseira;2;0;0;0;0;0;;;;;4;1;0;0;0
16/06/2016;18:47:00;291;Acidente com vítima;14;BR-101/ES;Sul;Queda de Moto;0;0;0;1;0;0;;;;;0;0;2;0;0
16/06/2016;18:50:00;292;Acidente sem Vítima;258;BR-101/ES;Norte;Colisão Lateral;0;1;0;1;0;0;;;;;2;0;0;0;0
16/06/2016;19:03:00;295;Acidente com vítima;127;BR-101/ES;Norte;Queda de Moto;0;0;0;1;0;0;;;;;0;1;0;0;0
17/06/2016;04:09:00;55;Acidente sem Vítima;57;BR-101/ES;Norte;Veículo em Chamas;0;0;2;0;0;0;;;;;1;0;0;0;0
17/06/2016;06:05:00;71;Acidente sem Vítima;942;BR-101/BA;Norte;Colisão Lateral;2;0;0;0;0;0;;;;;7;0;0;0;0
17/06/2016;07:48:00;112;Acidente sem Vítima;233;BR-101/ES;Sul;Colisão Traseira;2;0;0;0;0;0;;;;;6;0;0;0;0
17/06/2016;08:28:00;117;Acidente sem Vítima;176;BR-101/ES;Sul;Queda de Moto;0;0;0;1;0;0;;;;;1;0;0;0;0
17/06/2016;08:42:00;120;Acidente sem Vítima;301;BR-101/ES;Norte;Colisão Lateral;1;0;2;0;0;0;;;;;2;0;0;0;0
17/06/2016;09:21:00;135;Acidente sem Vítima;270;BR-101/ES;Sul;Colisão Traseira;2;0;0;0;0;0;;;;;2;0;0;0;0
17/06/2016;10:28:00;157;Acidente com vítima;266;BR-101/ES;Norte;Colisão Lateral;1;0;1;0;0;1;;;;;2;0;1;0;0
17/06/2016;11:13:00;180;Acidente com vítima;266;BR-101/ES;Norte;Engavetamento;3;0;0;0;0;0;;;;;5;0;1;0;0
17/06/2016;13:34:00;235;Acidente sem Vítima;264;BR-101/ES;Norte;Colisão Traseira;0;0;2;0;0;0;;;;;3;0;0;0;0
17/06/2016;13:45:00;240;Acidente sem Vítima;239;BR-101/ES;Sul;Queda de Moto;0;0;0;1;0;0;;;;;2;0;0;0;0
17/06/2016;16:48:00;297;Acidente sem Vítima;255;BR-101/ES;Sul;Colisão Traseira;2;0;0;0;0;0;;;;;4;0;0;0;0
17/06/2016;16:52:00;299;Acidente sem Vítima;254;BR-101/ES;Sul;Colisão Traseira;1;0;1;0;0;0;;;;;1;0;0;0;0
17/06/2016;17:44:00;318;Acidente sem Vítima;212,5;BR-101/ES;Norte;Saída de Pista;1;0;0;0;0;0;;;;;1;0;0;0;0
17/06/2016;18:21:00;326;Acidente com vítima;192;BR-101/ES;Norte;Colisão Lateral;3;0;0;0;0;0;;;;;4;3;0;0;0
17/06/2016;06:50:00;81;Acidente sem Vítima;287;BR-101/ES;Norte;Colisão Traseira;2;0;0;0;0;0;;;;;2;0;0;0;0
17/06/2016;07:41:00;110;Acidente sem Vítima;287,5;BR-101/ES;Norte;Colisão Traseira;2;0;0;0;0;0;;;;;2;0;0;0;0
18/06/2016;00:02:00;1;Acidente sem Vítima;25;BR-101/ES;Sul;Colisão Lateral;1;0;2;0;0;0;;;;;3;0;0;0;0
18/06/2016;09:19:00;126;Acidente sem Vítima;262;BR-101/ES;Norte;Colisão Traseira;2;0;0;0;0;0;;;;;2;0;0;0;0
18/06/2016;09:51:00;142;Acidente com vítima;215;BR-101/ES;Norte;Colisão Lateral;1;0;2;0;0;0;;;;;1;1;1;0;0
18/06/2016;10:13:00;149;Acidente sem Vítima;424;BR-101/ES;Norte;Tombamento;1;0;4;0;0;0;;;;;4;0;0;0;0
18/06/2016;12:59:00;205;Acidente sem Vítima;266;BR-101/ES;Sul;Engavetamento;3;0;0;0;0;0;;;;;7;0;0;0;0
18/06/2016;13:26:00;215;Acidente sem Vítima;233;BR-101/ES;Sul;Saída de Pista;1;0;0;0;0;0;;;;;2;0;0;0;0
18/06/2016;14:03:00;230;Acidente com vítima;61;BR-101/ES;Norte;Queda de Moto;0;0;0;1;0;0;;;;;0;0;2;0;0
18/06/2016;19:19:00;314;Acidente sem Vítima;180;BR-101/ES;Sul;Saída de Pista;1;0;0;0;0;0;;;;;1;0;0;0;0
18/06/2016;19:59:00;322;Acidente com vítima;191;BR-101/ES;Sul;Saída de Pista;1;0;0;0;0;0;;;;;0;1;0;1;0
18/06/2016;20:48:00;334;Acidente com vítima;298;BR-101/ES;Norte;Colisão Lateral;1;0;0;1;0;0;;;;;2;1;1;0;0
18/06/2016;21:29:00;338;Acidente com vítima;110;BR-101/ES;Sul;Colisão Traseira;1;0;4;0;0;0;;;;;1;1;0;0;0
18/06/2016;23:34:00;367;Acidente sem Vítima;171;BR-101/ES;Sul;Queda de Moto;0;0;0;1;0;0;;;;;1;0;0;0;0
18/06/2016;23:43:00;373;Acidente com vítima;125;BR-101/ES;Sul;Colisão Frontal;1;0;1;0;0;0;;;;;1;1;0;0;0
19/06/2016;16:43:00;249;Acidente com vítima;248;BR-101/ES;Norte;Colisão Traseira;1;0;0;1;0;0;;;;;1;1;0;0;0
19/06/2016;19:16:00;284;Acidente com vítima;33;BR-101/ES;Norte;Capotamento;1;0;0;0;0;0;;;;;0;0;2;0;0
19/06/2016;19:38:00;288;Acidente com vítima;150;BR-101/ES;Norte;Colisão Frontal;2;0;0;0;0;0;;;;;3;2;0;0;0
19/06/2016;21:07:00;301;Acidente sem Vítima;320;BR-101/ES;Norte;Colisão Lateral;1;0;1;0;0;0;;;;;3;0;0;0;0
19/06/2016;03:25:00;52;Acidente sem Vítima;273;BR-101/ES;Norte;Saída de Pista;1;0;0;0;0;0;;;;;2;0;0;0;0
20/06/2016;07:31:00;93;Acidente com vítima;67;BR-101/ES;Sul;Colisão Traseira;1;0;0;0;1;0;;;;;2;1;0;0;0
20/06/2016;12:34:00;205;Acidente sem Vítima;320;BR-101/ES;Sul;Colisão Lateral;2;0;0;0;0;0;;;;;4;0;0;0;0
20/06/2016;17:45:00;299;Acidente com vítima;269;BR-101/ES;Norte;Colisão Lateral;1;0;0;1;0;0;;;;;1;0;1;0;0
20/06/2016;18:10:00;302;Acidente com vítima;268;BR-101/ES;Norte;Colisão Traseira;0;0;1;1;0;0;;;;;3;0;1;0;0
20/06/2016;18:19:00;304;Acidente sem Vítima;240;BR-101/ES;Sul;Colisão Traseira;2;0;0;0;0;0;;;;;4;0;0;0;0
20/06/2016;18:33:00;306;Acidente com vítima;82;BR-101/ES;Sul;Colisão Transversal;1;0;3;0;0;0;;;;;2;1;0;0;0
20/06/2016;18:38:00;307;Acidente com vítima;242;BR-101/ES;Norte;Colisão Traseira;0;1;1;0;0;0;;;;;1;0;0;1;0
20/06/2016;19:08:00;314;Acidente sem Vítima;264;BR-101/ES;Norte;Colisão Traseira;2;0;0;0;0;0;;;;;2;0;0;0;0
20/06/2016;19:44:00;320;Acidente sem Vítima;242;BR-101/ES;Norte;Colisão Lateral;1;0;2;0;0;0;;;;;5;0;0;0;0
20/06/2016;19:49:00;322;Acidente com Morte;442,2;BR-101/ES;Norte;Colisão Traseira;0;0;2;1;0;0;;;;;1;0;0;0;1
20/06/2016;20:44:00;337;Acidente sem Vítima;265;BR-101/ES;Sul;Colisão Traseira;1;0;1;0;0;0;;;;;2;0;0;0;0
20/06/2016;21:47:00;349;Acidente sem Vítima;298;BR-101/ES;Sul;Colisão Lateral;2;0;0;0;0;0;;;;;3;0;0;0;0
21/06/2016;00:49:00;16;Acidente com vítima;29;BR-101/ES;Sul;Tombamento;0;0;2;0;0;0;;;;;0;1;0;0;0
21/06/2016;05:40:00;59;Acidente sem Vítima;138;BR-101/ES;Norte;Colisão Traseira;1;0;1;0;0;0;;;;;3;0;0;0;0
21/06/2016;05:50:00;62;Acidente sem Vítima;435;BR-101/ES;Sul;Saída de Pista;1;0;0;0;0;0;;;;;1;0;0;0;0
21/06/2016;08:58:00;132;Acidente sem Vítima;63;BR-101/ES;Norte;Colisão Traseira;2;0;0;0;0;0;;;;;3;0;0;0;0
21/06/2016;10:31:00;165;Acidente com vítima;29;BR-101/ES;Norte;Queda de Moto;0;0;0;1;0;0;;;;;0;1;0;0;0
21/06/2016;19:29:00;304;Acidente com vítima;266;BR-101/ES;Norte;Colisão;0;1;0;1;0;0;;;;;0;0;2;0;0
21/06/2016;21:20:00;319;Acidente com Morte;292;BR-101/ES;Norte;Colisão Transversal;2;0;0;0;0;0;;;;;4;0;1;1;1
22/06/2016;06:08:00;67;Acidente com vítima;147;BR-101/ES;Sul;Queda de Moto;0;0;0;1;0;0;;;;;1;1;0;0;0
22/06/2016;08:37:00;105;Acidente sem Vítima;137;BR-101/ES;Sul;Colisão Traseira;2;0;0;0;0;0;;;;;3;0;0;0;0
22/06/2016;10:14:00;129;Acidente sem Vítima;262;BR-101/ES;Sul;Queda de Moto;0;0;0;1;0;0;;;;;1;0;0;0;0
22/06/2016;12:36:00;180;Acidente com vítima;189;BR-101/ES;Norte;Colisão Transversal;2;0;0;0;0;0;;;;;4;1;0;0;0
22/06/2016;13:43:00;212;Acidente com Morte;338;BR-101/ES;Sul;Saída de Pista;1;0;0;0;0;0;;;;;0;0;0;0;1
22/06/2016;17:43:00;267;Acidente com vítima;270;BR-101/ES;Sul;Colisão Traseira;1;0;0;1;0;0;;;;;1;0;1;0;0
22/06/2016;18:14:00;277;Acidente sem Vítima;948;BR-101/BA;Norte;Colisão Traseira;2;0;0;0;0;0;;;;;2;0;0;0;0
22/06/2016;18:58:00;283;Atropelamento sem Morte;200,8;BR-101/ES;Norte;Atropelamento;1;0;0;0;0;0;;;;;1;0;1;0;0
22/06/2016;19:20:00;288;Acidente com vítima;127;BR-101/ES;Norte;Queda de ciclista;0;1;0;0;0;0;;;;;0;1;0;0;0
22/06/2016;19:53:00;296;Acidente com vítima;148;BR-101/ES;Norte;Colisão Traseira;1;0;0;1;0;0;;;;;1;1;0;0;0
22/06/2016;21:35:00;310;Acidente com vítima;264;BR-101/ES;Sul;Queda de Moto;0;0;0;1;0;0;;;;;0;0;1;0;0
22/06/2016;08:07:00;93;Acidente sem Vítima;284;BR-101/ES;Norte;Saída de Pista;1;0;0;0;0;0;;;;;1;0;0;0;0
22/06/2016;10:39:00;135;Acidente sem Vítima;279,3;BR-101/ES;Sul;Saída de Pista;0;0;2;0;0;0;;;;;1;0;0;0;0
22/06/2016;13:03:00;198;Acidente sem Vítima;276;BR-101/ES;Sul;Saída de Pista;1;0;0;0;0;0;;;;;1;0;0;0;0
22/06/2016;14:00:00;216;Acidente sem Vítima;272;BR-101/ES;Sul;Choque com Objeto Fixo;1;0;0;0;0;0;;;;;1;0;0;0;0
22/06/2016;14:23:00;220;Acidente sem Vítima;289;BR-101/ES;Sul;Colisão Traseira;1;0;1;0;0;0;;;;;3;0;0;0;0
22/06/2016;15:40:00;238;Acidente sem Vítima;272;BR-101/ES;Sul;Saída de Pista;1;0;0;0;0;0;;;;;1;0;0;0;0
23/06/2016;06:59:00;75;Acidente com vítima;401,5;BR-101/ES;Sul;Queda de Moto;0;0;0;1;0;0;;;;;0;0;1;0;0
23/06/2016;11:40:00;189;Acidente sem Vítima;264;BR-101/ES;Norte;Colisão Transversal;2;0;1;0;0;0;;;;;4;0;0;0;0
23/06/2016;17:43:00;307;Acidente sem Vítima;269;BR-101/ES;Sul;Colisão Lateral;1;0;0;1;0;0;;;;;2;0;0;0;0
23/06/2016;19:23:00;327;Acidente com vítima;7;BR-101/ES;Sul;Tombamento;0;0;1;0;0;0;;;;;0;1;0;0;0
23/06/2016;20:02:00;335;Acidente sem Vítima;98;BR-101/ES;Sul;Colisão Traseira;1;0;0;0;0;1;;;;;3;0;0;0;0
23/06/2016;05:58:00;66;Acidente com vítima;283;BR-101/ES;Norte;Queda de Moto;0;0;0;1;0;0;;;;;1;1;0;0;0
23/06/2016;11:30:00;182;Acidente sem Vítima;295;BR-101/ES;Sul;Colisão Traseira;1;0;2;0;0;0;;;;;2;0;0;0;0
23/06/2016;16:23:00;281;Acidente com vítima;278;BR-101/ES;Sul;Queda de Moto;0;0;0;1;0;0;;;;;0;1;0;0;0
23/06/2016;18:13:00;311;Acidente sem Vítima;278;BR-101/ES;Sul;Choque com Objeto Fixo;0;0;1;0;0;0;;;;;2;0;0;0;0
24/06/2016;00:23:00;10;Acidente sem Vítima;451;BR-101/ES;Sul;Saída de Pista;1;0;0;0;0;0;;;;;1;0;0;0;0
24/06/2016;06:40:00;67;Acidente sem Vítima;351;BR-101/ES;Norte;Saída de Pista;1;0;0;0;0;0;;;;;1;0;0;0;0
24/06/2016;14:56:00;250;Acidente com vítima;244;BR-101/ES;Sul;Colisão Traseira;2;0;0;0;0;0;;;;;3;0;1;0;0
24/06/2016;15:56:00;269;Acidente sem Vítima;206;BR-101/ES;Sul;Colisão Traseira;2;0;0;0;0;0;;;;;6;0;0;0;0
24/06/2016;18:19:00;315;Acidente com vítima;65,3;BR-101/ES;Sul;Colisão Traseira;2;0;0;0;0;0;;;;;4;1;0;0;0
24/06/2016;19:22:00;322;Acidente sem Vítima;150;BR-101/ES;Sul;Colisão Traseira;2;0;0;0;0;0;;;;;3;0;0;0;0
24/06/2016;05:47:00;63;Acidente com vítima;273;BR-101/ES;Sul;Queda de Moto;0;0;0;1;0;0;;;;;0;1;0;0;0
25/06/2016;02:21:00;43;Acidente com vítima;449;BR-101/ES;Sul;Tombamento;0;0;1;0;0;0;;;;;0;1;0;0;0
25/06/2016;02:42:00;49;Acidente sem Vítima;264;BR-101/ES;Norte;Choque com Objeto Fixo;1;0;0;0;0;0;;;;;1;0;0;0;0
25/06/2016;03:20:00;57;Acidente com vítima;132;BR-101/ES;Norte;Colisão Traseira;0;0;0;2;0;0;;;;;1;0;1;1;0
25/06/2016;05:25:00;69;Acidente com Morte;298;BR-101/ES;Norte;Colisão Traseira;0;0;0;1;0;0;;;;;0;0;0;0;1
25/06/2016;09:06:00;109;Acidente sem Vítima;269;BR-101/ES;Sul;Colisão Traseira;2;0;0;0;0;0;;;;;2;0;0;0;0
25/06/2016;10:11:00;117;Acidente sem Vítima;263;BR-101/ES;Norte;Colisão Traseira;1;0;0;0;1;0;;;;;4;0;0;0;0
25/06/2016;10:14:00;119;Acidente sem Vítima;371;BR-101/ES;Sul;Colisão Traseira;0;0;0;1;0;0;;;;;1;0;0;0;0
25/06/2016;10:27:00;124;Acidente com vítima;14,1;BR-101/ES;Norte;Tombamento;0;0;2;0;0;0;;;;;0;1;0;0;0
25/06/2016;19:27:00;273;Acidente sem Vítima;209;BR-101/ES;Norte;Atropelamento - Animal;1;0;0;0;0;0;;;;;2;0;0;0;0
25/06/2016;20:35:00;288;Acidente com vítima;265;BR-101/ES;Sul;Colisão Transversal;0;0;0;2;0;0;;;;;0;1;0;1;0
25/06/2016;20:49:00;291;Acidente com Morte;176;BR-101/ES;Norte;Colisão Frontal;1;0;1;1;0;0;;;;;2;0;0;0;1
25/06/2016;20:58:00;292;Acidente com vítima;232;BR-101/ES;Norte;Queda de Moto;0;0;0;1;0;0;;;;;0;0;1;0;0
25/06/2016;22:50:00;317;Acidente sem Vítima;381;BR-101/ES;Norte;Colisão Traseira;2;0;0;0;0;0;;;;;2;0;0;0;0
25/06/2016;10:51:00;131;Acidente sem Vítima;284;BR-101/ES;Norte;Choque com Objeto Fixo;1;0;0;0;0;0;;;;;4;0;0;0;0
25/06/2016;12:32:00;167;Acidente sem Vítima;284;BR-101/ES;Norte;Choque com Objeto Fixo;1;0;0;0;0;0;;;;;4;0;0;0;0
25/06/2016;21:35:00;297;Acidente com vítima;296;BR-101/ES;Norte;Colisão Lateral;0;0;2;1;0;0;;;;;1;1;0;0;0
25/06/2016;22:43:00;316;Acidente com vítima;295,8;BR-101/ES;Sul;Colisão;1;1;0;0;0;0;;;;;1;0;1;0;0
25/06/2016;23:56:00;332;Acidente com vítima;278;BR-101/ES;Norte;Colisão Transversal;0;0;2;1;0;0;;;;;1;0;0;1;0
26/06/2016;03:51:00;50;Acidente com vítima;301;BR-101/ES;Sul;Colisão Transversal;1;0;1;0;0;0;;;;;1;0;1;1;0
26/06/2016;04:21:00;53;Acidente com vítima;952;BR-101/BA;Sul;Queda de Moto;0;0;0;1;0;0;;;;;0;1;0;0;0
26/06/2016;06:22:00;63;Acidente com vítima;384;BR-101/ES;Norte;Saída de Pista;1;0;0;0;0;0;;;;;3;1;0;0;0
26/06/2016;10:13:00;113;Acidente sem Vítima;262;BR-101/ES;Sul;Engavetamento;3;0;0;0;0;0;;;;;4;0;0;0;0
26/06/2016;13:59:00;191;Acidente com vítima;416,5;BR-101/ES;Norte;Saída de Pista;1;0;0;0;0;0;;;;;0;2;0;0;0
26/06/2016;17:56:00;261;Acidente sem Vítima;49;BR-101/ES;Sul;Saída de Pista;1;0;0;0;0;0;;;;;2;0;0;0;0
26/06/2016;19:00:00;273;Acidente com vítima;139;BR-101/ES;Sul;Colisão Transversal;1;0;4;0;0;0;;;;;1;0;1;1;0
26/06/2016;19:15:00;276;Acidente sem Vítima;263;BR-101/ES;Norte;Engavetamento;2;0;0;0;1;0;;;;;6;0;0;0;0
26/06/2016;19:45:00;282;Acidente com vítima;61;BR-101/ES;Norte;Colisão Traseira;2;0;0;0;0;0;;;;;3;2;0;0;0
26/06/2016;19:59:00;286;Acidente com vítima;69;BR-101/ES;Norte;Colisão Lateral;2;0;0;0;0;0;;;;;1;4;0;0;0
26/06/2016;20:16:00;289;Acidente com vítima;257;BR-101/ES;Norte;Colisão;0;1;0;1;0;0;;;;;1;0;1;0;0
27/06/2016;03:25:00;43;Acidente com vítima;370;BR-101/ES;Sul;Choque com Objeto Fixo;0;0;0;1;0;0;;;;;0;0;2;0;0
27/06/2016;03:36:00;45;Acidente sem Vítima;78;BR-101/ES;Norte;Saída de Pista;1;0;0;0;0;0;;;;;5;0;0;0;0
27/06/2016;07:46:00;94;Acidente com vítima;141;BR-101/ES;Norte;Colisão Traseira;0;0;2;1;0;0;;;;;1;0;0;1;0
27/06/2016;09:57:00;135;Acidente com vítima;128;BR-101/ES;Norte;Colisão Lateral;0;0;2;1;0;0;;;;;1;1;0;0;0
27/06/2016;11:23:00;170;Acidente sem Vítima;147;BR-101/ES;Norte;Colisão Traseira;0;0;5;0;0;0;;;;;2;0;0;0;0
27/06/2016;12:03:00;194;Acidente com vítima;148;BR-101/ES;Sul;Colisão Traseira;1;0;0;1;0;0;;;;;2;1;0;0;0
27/06/2016;13:25:00;220;Acidente sem Vítima;259;BR-101/ES;Sul;Colisão Traseira;2;0;0;0;0;0;;;;;2;0;0;0;0
27/06/2016;14:36:00;242;Acidente com Morte;318;BR-101/ES;Norte;Colisão Frontal;3;0;1;0;0;0;;;;;3;5;0;0;2
27/06/2016;17:41:00;285;Acidente com vítima;148;BR-101/ES;Norte;Colisão Lateral;0;1;0;1;0;0;;;;;1;1;0;0;0
27/06/2016;18:42:00;295;Acidente sem Vítima;401;BR-101/ES;Sul;Saída de Pista;0;0;1;0;0;0;;;;;1;0;0;0;0
27/06/2016;22:49:00;361;Acidente sem Vítima;303;BR-101/ES;Sul;Veículo em Chamas;1;0;0;0;0;0;;;;;1;0;0;0;0
27/06/2016;15:24:00;254;Acidente com vítima;289;BR-101/ES;Sul;Capotamento;1;0;0;0;0;0;;;;;2;0;1;0;0
28/06/2016;04:33:00;53;Acidente com Morte;386,6;BR-101/ES;Sul;Saída de Pista;0;0;1;0;0;1;;;;;0;0;0;0;1
28/06/2016;05:11:00;60;Acidente com vítima;217;BR-101/ES;Norte;Colisão Lateral;1;0;2;0;0;0;;;;;1;0;1;0;0
28/06/2016;06:46:00;73;Acidente sem Vítima;219;BR-101/ES;Sul;Engavetamento;3;0;0;0;0;0;;;;;3;0;0;0;0
28/06/2016;07:18:00;80;Acidente com vítima;434;BR-101/ES;Norte;Colisão Traseira;1;0;0;1;0;0;;;;;1;1;0;0;0
28/06/2016;10:19:00;135;Acidente com vítima;74;BR-101/ES;Sul;Saída de Pista;0;0;1;0;0;0;;;;;0;1;1;0;0
28/06/2016;11:08:00;157;Acidente sem Vítima;448;BR-101/ES;Sul;Tombamento;0;0;3;0;0;0;;;;;1;0;0;0;0
28/06/2016;12:09:00;183;Acidente com vítima;125;BR-101/ES;Sul;Queda de Moto;0;0;0;1;0;0;;;;;0;1;0;0;0
28/06/2016;12:36:00;199;Acidente sem Vítima;389;BR-101/ES;Sul;Queda de Moto;0;0;0;1;0;0;;;;;1;0;0;0;0
28/06/2016;12:48:00;210;Acidente sem Vítima;401;BR-101/ES;Sul;Colisão Lateral;1;0;1;0;0;0;;;;;3;0;0;0;0
28/06/2016;13:28:00;226;Acidente sem Vítima;399;BR-101/ES;Sul;Queda de Moto;0;0;0;1;0;0;;;;;1;0;0;0;0
28/06/2016;15:49:00;287;Acidente sem Vítima;213;BR-101/ES;Norte;Colisão Transversal;2;0;0;0;0;0;;;;;18;0;0;0;0
28/06/2016;18:36:00;334;Acidente com vítima;69;BR-101/ES;Sul;Colisão Lateral;1;0;0;1;0;0;;;;;1;1;0;0;0
28/06/2016;22:45:00;380;Acidente sem Vítima;18;BR-101/ES;Sul;Saída de Pista;0;0;1;0;0;0;;;;;1;0;0;0;0
28/06/2016;22:57:00;381;Acidente sem Vítima;293;BR-101/ES;Norte;Colisão Lateral;2;0;0;0;0;0;;;;;2;0;0;0;0
29/06/2016;07:28:00;106;Acidente com vítima;300;BR-101/ES;Norte;Queda de Moto;0;0;0;1;0;0;;;;;0;1;0;0;0
29/06/2016;10:01:00;144;Acidente com vítima;15;BR-101/ES;Sul;Colisão Transversal;1;0;2;0;0;0;;;;;3;1;0;0;0
29/06/2016;13:54:00;230;Acidente sem Vítima;302;BR-101/ES;Norte;Colisão Traseira;1;0;2;0;1;0;;;;;5;0;0;0;0
29/06/2016;15:28:00;252;Acidente sem Vítima;394,8;BR-101/ES;Norte;Queda de Moto;0;0;0;1;0;0;;;;;2;0;0;0;0
29/06/2016;15:38:00;255;Acidente sem Vítima;263;BR-101/ES;Sul;Colisão Traseira;1;0;1;0;0;0;;;;;3;0;0;0;0
29/06/2016;18:01:00;272;Acidente com vítima;131;BR-101/ES;Norte;Queda de Moto;0;0;0;1;0;0;;;;;0;0;0;1;0
29/06/2016;19:09:00;281;Acidente sem Vítima;131;BR-101/ES;Sul;Colisão Traseira;2;0;0;0;0;0;;;;;2;0;0;0;0
29/06/2016;20:56:00;297;Acidente com vítima;238;BR-101/ES;Sul;Tombamento;0;0;3;0;0;0;;;;;0;1;0;0;0