data;horario;n_da_ocorrencia;tipo_de_ocorrencia;km;trecho;sentido;tipo_de_acidente;automovel;bicicleta;caminhao;moto;onibus;outros;tracao_animal;transporte_de_cargas_especiais;trator_maquinas;utilitarios;ilesos;levemente_feridos;moderadamente_feridos;gravemente_feridos;mortos
29/06/2016;08:09:00;113;Acidente com vítima;277;BR-101/ES;Sul;Capotamento;1;0;0;0;0;0;;;;;0;0;1;0;0
29/06/2016;10:47:00;166;Acidente sem Vítima;294;BR-101/ES;Sul;Choque com Objeto Fixo;1;0;0;0;0;0;;;;;3;0;0;0;0
29/06/2016;18:25:00;274;Acidente sem Vítima;294;BR-101/ES;Norte;Colisão Transversal;1;0;0;1;0;0;;;;;3;0;0;0;0
30/06/2016;06:45:00;67;Acidente com vítima;268;BR-101/ES;Sul;Queda de Moto;0;0;0;1;0;0;;;;;0;0;1;0;0
30/06/2016;07:14:00;70;Acidente com vítima;84;BR-101/ES;Norte;Queda de Moto;0;0;0;1;0;0;;;;;0;1;1;0;0
30/06/2016;10:07:00;133;Acidente com vítima;268;BR-101/ES;Norte;Colisão Traseira;0;0;1;1;0;0;;;;;1;0;0;1;0
30/06/2016;11:48:00;164;Acidente sem Vítima;265;BR-101/ES;Sul;Colisão Traseira;2;0;0;0;0;0;;;;;5;0;0;0;0
30/06/2016;12:47:00;187;Atropelamento sem Morte;264;BR-101/ES;Sul;Atropelamento;0;0;0;1;0;0;;;;;0;0;2;0;0
30/06/2016;14:01:00;207;Acidente com vítima;299;BR-101/ES;Sul;Colisão Lateral;0;0;2;1;0;0;;;;;1;1;0;0;0
30/06/2016;17:26:00;269;Acidente sem Vítima;149;BR-101/ES;Sul;Colisão Lateral;1;0;0;0;1;0;;;;;3;0;0;0;0
30/06/2016;21:09:00;313;Acidente sem Vítima;147;BR-101/ES;Norte;Colisão Transversal;1;0;1;0;0;0;;;;;2;0;0;0;0
30/06/2016;21:32:00;319;Acidente com vítima;259;BR-101/ES;Sul;Colisão Lateral;1;0;0;1;0;0;;;;;1;0;1;0;0
30/06/2016;22:57:00;335;Acidente sem Vítima;332;BR-101/ES;Norte;Saída de Pista;1;0;0;0;0;0;;;;;1;0;0;0;0
01/07/2016;02:49:00;35;Acidente sem Vítima;426,5;BR-101/ES;Sul;Saída de Pista;1;0;0;0;0;0;;;;;1;0;0;0;0
01/07/2016;06:04:00;61;Acidente com vítima;300;BR-101/ES;Norte;Colisão Traseira;1;0;0;0;1;0;;;;;1;0;1;0;0
01/07/2016;06:45:00;67;Acidente sem Vítima;368;BR-101/ES;Sul;Choque com Objeto Fixo;1;0;0;0;0;0;;;;;1;0;0;0;0
01/07/2016;09:00:00;117;Acidente sem Vítima;270;BR-101/ES;Sul;Choque com Objeto Fixo;1;0;0;0;0;0;;;;;1;0;0;0;0
01/07/2016;13:11:00;212;Acidente sem Vítima;320;BR-101/ES;Norte;Choque;0;0;1;0;0;0;;;;;2;0;0;0;0
01/07/2016;14:25:00;233;Acidente com vítima;265;BR-101/ES;Sul;Colisão Traseira;0;0;1;1;0;0;;;;;1;0;1;0;0
01/07/2016;15:28:00;255;Acidente sem Vítima;402;BR-101/ES;Sul;Saída de Pista;1;0;0;0;0;0;;;;;1;0;0;0;0
01/07/2016;17:34:00;300;Acidente sem Vítima;264;BR-101/ES;Norte;Colisão Traseira;2;0;0;0;0;0;;;;;2;0;0;0;0
01/07/2016;00:40:00;11;Acidente sem Vítima - TRECHO CONTORNO;287;BR-101/ES;Sul;Choque com Objeto Fixo;1;0;0;0;0;0;;;;;1;0;0;0;0
01/07/2016;13:24:00;213;Acidente sem Vítima - TRECHO CONTORNO;271;BR-101/ES;Sul;Choque;1;0;0;0;0;0;;;;;1;0;0;0;0
02/07/2016;06:39:00;88;Acidente sem Vítima;352;BR-101/ES;Norte;Choque;2;0;0;0;0;0;;;;;6;0;0;0;0
02/07/2016;08:30:00;117;Acidente sem Vítima;321;BR-101/ES;Sul;Colisão Transversal;2;0;0;0;0;0;;;;;3;0;0;0;0
02/07/2016;09:21:00;130;Acidente sem Vítima;76;BR-101/ES;Norte;Colisão Traseira;1;0;1;0;0;0;;;;;4;0;0;0;0
02/07/2016;10:41:00;152;Acidente com vítima;376;BR-101/ES;Sul;Queda de Moto;0;0;0;1;0;0;;;;;1;1;1;0;0
02/07/2016;13:34:00;221;Acidente sem Vítima;210;BR-101/ES;Norte;Colisão Traseira;2;0;0;0;0;0;;;;;3;0;0;0;0
02/07/2016;14:07:00;233;Acidente sem Vítima;255;BR-101/ES;Norte;Colisão Traseira;1;0;1;0;0;0;;;;;2;0;0;0;0
02/07/2016;15:50:00;274;Acidente sem Vítima;73;BR-101/ES;Norte;Colisão Traseira;1;0;1;0;0;0;;;;;5;0;0;0;0
02/07/2016;16:01:00;278;Acidente sem Vítima;125;BR-101/ES;Norte;Colisão Traseira;2;0;0;0;0;0;;;;;5;0;0;0;0
02/07/2016;16:42:00;288;Acidente com vítima;140;BR-101/ES;Sul;Colisão Lateral;1;0;0;1;0;0;;;;;2;1;0;0;0
02/07/2016;18:05:00;308;Acidente com vítima;70;BR-101/ES;Norte;Colisão Transversal;0;0;0;2;0;0;;;;;0;0;1;1;0
02/07/2016;18:32:00;313;Atropelamento sem Morte;265,8;BR-101/ES;Sul;Atropelamento e Fuga;1;0;0;0;0;0;;;;;0;0;1;0;0
02/07/2016;18:51:00;316;Acidente com vítima;74,4;BR-101/ES;Norte;Colisão Frontal;2;0;0;0;0;0;;;;;0;0;4;2;0
02/07/2016;10:45:00;153;Acidente sem Vítima - TRECHO CONTORNO;275;BR-101/ES;Norte;Veículo em Chamas;1;0;0;0;0;0;;;;;1;0;0;0;0
02/07/2016;15:10:00;255;Acidente com Vítima - TRECHO CONTORNO;292,5;BR-101/ES;Sul;Colisão Traseira;0;0;1;1;0;0;;;;;1;0;1;0;0
02/07/2016;16:37:00;286;Acidente sem Vítima - TRECHO CONTORNO;293;BR-101/ES;Sul;Colisão Traseira;1;0;1;0;0;0;;;;;4;0;0;0;0
03/07/2016;00:38:00;7;Acidente com vítima;255;BR-101/ES;Sul;Queda de Moto;0;0;0;1;0;0;;;;;0;0;1;0;0
03/07/2016;02:24:00;46;Acidente sem Vítima;247;BR-101/ES;Norte;Atropelamento - Animal;1;0;0;0;0;0;;;;;2;0;0;0;0
03/07/2016;03:13:00;53;Acidente sem Vítima;263;BR-101/ES;Sul;Choque com Objeto Fixo;1;0;0;0;0;0;;;;;1;0;0;0;0
03/07/2016;19:34:00;295;Acidente sem Vítima;111,5;BR-101/ES;Sul;Colisão Traseira;2;0;0;0;0;0;;;;;2;0;0;0;0
03/07/2016;19:40:00;299;Acidente sem Vítima;246;BR-101/ES;Sul;Colisão Traseira;4;0;0;0;0;0;;;;;8;0;0;0;0
03/07/2016;20:47:00;311;Acidente sem Vítima;246;BR-101/ES;Sul;Engavetamento;3;0;0;0;0;0;;;;;10;0;0;0;0
03/07/2016;22:05:00;324;Acidente com vítima;70;BR-101/ES;Sul;Colisão Traseira;0;0;3;1;0;0;;;;;1;0;0;1;0
03/07/2016;01:25:00;27;Atropelamento sem Morte - TRECHO CONTORNO;296;BR-101/ES;Sul;Atropelamento e Fuga;0;0;0;1;0;0;;;;;0;1;0;0;0
04/07/2016;07:49:00;84;Acidente com vítima;269;BR-101/ES;Sul;Colisão Traseira;1;0;0;1;0;0;;;;;1;0;1;0;0
04/07/2016;10:10:00;124;Acidente sem Vítima;147;BR-101/ES;Sul;Engavetamento;3;0;0;0;0;0;;;;;7;0;0;0;0
04/07/2016;16:52:00;275;Acidente sem Vítima - TRECHO CONTORNO;293;BR-101/ES;Norte;Colisão Traseira;3;0;0;0;0;0;;;;;6;0;0;0;0
05/07/2016;06:48:00;63;Acidente com vítima;74;BR-101/ES;Norte;Queda de Moto;0;0;0;1;0;0;;;;;0;0;2;0;0
05/07/2016;07:28:00;81;Acidente sem Vítima;164;BR-101/ES;Sul;Colisão Transversal;3;0;0;0;0;0;;;;;4;0;0;0;0
05/07/2016;08:36:00;107;Acidente com vítima;263;BR-101/ES;Norte;Queda de ciclista;0;1;0;0;0;0;;;;;0;1;0;0;0
05/07/2016;08:37:00;108;Acidente sem Vítima;162;BR-101/ES;Norte;Colisão Transversal;2;0;0;0;0;0;;;;;2;0;0;0;0
05/07/2016;09:04:00;112;Acidente com vítima;149;BR-101/ES;Sul;Colisão Transversal;1;0;0;1;0;0;;;;;4;0;1;0;0
05/07/2016;10:17:00;130;Acidente sem Vítima;301;BR-101/ES;Norte;Colisão Lateral;1;0;2;0;0;0;;;;;4;0;0;0;0
05/07/2016;12:33:00;187;Acidente sem Vítima;137;BR-101/ES;Sul;Colisão Traseira;2;0;0;0;0;0;;;;;3;0;0;0;0
05/07/2016;13:56:00;226;Acidente sem Vítima;267;BR-101/ES;Sul;Colisão Traseira;2;0;0;0;0;0;;;;;7;0;0;0;0
05/07/2016;14:30:00;238;Acidente sem Vítima;85;BR-101/ES;Sul;Colisão Traseira;0;0;4;0;0;0;;;;;2;0;0;0;0
05/07/2016;15:49:00;272;Acidente sem Vítima;299,5;BR-101/ES;Sul;Colisão Traseira;2;0;0;0;0;0;;;;;2;0;0;0;0
05/07/2016;18:45:00;323;Acidente com vítima;146;BR-101/ES;Sul;Colisão Transversal;1;0;0;1;0;0;;;;;1;1;0;0;0
05/07/2016;18:55:00;327;Acidente com vítima;445;BR-101/ES;Norte;Colisão Lateral;1;0;0;1;0;0;;;;;1;0;1;0;0
05/07/2016;20:33:00;351;Acidente sem Vítima;266;BR-101/ES;Sul;Colisão Traseira;2;0;0;0;0;0;;;;;2;0;0;0;0
05/07/2016;21:48:00;368;Acidente com vítima;135;BR-101/ES;Norte;Colisão Transversal;1;0;2;0;0;0;;;;;1;0;1;0;0
05/07/2016;08:24:00;104;Acidente sem Vítima - TRECHO CONTORNO;295;BR-101/ES;Norte;Colisão Traseira;1;0;0;0;1;0;;;;;3;0;0;0;0
05/07/2016;14:32:00;241;Acidente sem Vítima - TRECHO CONTORNO;272;BR-101/ES;Norte;Colisão Traseira;1;0;1;0;0;0;;;;;2;0;0;0;0
06/07/2016;07:35:00;99;Acidente sem Vítima;297,6;BR-101/ES;Sul;Colisão Traseira;1;0;2;0;0;0;;;;;2;0;0;0;0
06/07/2016;08:29:00;127;Acidente sem Vítima;298;BR-101/ES;Norte;Colisão Traseira;1;0;0;1;0;0;;;;;2;0;0;0;0
06/07/2016;09:22:00;138;Acidente sem Vítima;145;BR-101/ES;Norte;Colisão Traseira;0;0;3;0;0;0;;;;;2;0;0;0;0
06/07/2016;09:23:00;139;Acidente com vítima;149;BR-101/ES;Norte;Colisão Traseira;1;0;0;1;0;0;;;;;1;0;1;0;0
06/07/2016;10:38:00;170;Acidente sem Vítima;117;BR-101/ES;Norte;Saída de Pista;1;0;0;0;0;0;;;;;3;0;0;0;0
06/07/2016;11:52:00;205;Acidente sem Vítima;16;BR-101/ES;Sul;Colisão Traseira;2;0;0;0;0;0;;;;;3;0;0;0;0
06/07/2016;12:50:00;236;Acidente sem Vítima;406;BR-101/ES;Norte;Colisão Traseira;2;0;0;0;0;0;;;;;7;0;0;0;0
06/07/2016;13:24:00;245;Acidente sem Vítima;265;BR-101/ES;Sul;Colisão Traseira;2;0;0;0;0;0;;;;;3;0;0;0;0
06/07/2016;14:47:00;273;Acidente com vítima;146;BR-101/ES;Sul;Colisão Traseira;1;0;0;1;0;0;;;;;2;1;0;0;0
06/07/2016;15:11:00;282;Acidente sem Vítima;398;BR-101/ES;Sul;Colisão Traseira;2;0;0;0;0;0;;;;;3;0;0;0;0
06/07/2016;16:31:00;309;Acidente sem Vítima;241;BR-101/ES;Sul;Engavetamento;3;0;0;0;0;0;;;;;6;0;0;0;0
06/07/2016;17:54:00;342;Acidente com vítima;939;BR-101/BA;Norte;Atropelamento - Equino;1;0;0;0;0;0;;;;;0;0;0;1;0
06/07/2016;18:36:00;349;Acidente com vítima;127;BR-101/ES;Norte;Queda de ciclista;0;1;0;0;0;0;;;;;0;1;0;0;0
07/07/2016;02:11:00;34;Acidente sem Vítima;369;BR-101/ES;Sul;Atropelamento - Bovino;0;0;2;0;0;0;;;;;2;0;0;0;0
07/07/2016;04:31:00;54;Atropelamento com Morte;92;BR-101/ES;Sul;Atropelamento e Fuga;0;0;0;0;0;1;;;;;0;0;0;0;1
07/07/2016;04:56:00;61;Acidente sem Vítima;174;BR-101/ES;Norte;Atropelamento - Equino;0;0;1;0;0;0;;;;;2;0;0;0;0
07/07/2016;08:33:00;126;Acidente sem Vítima;127;BR-101/ES;Sul;Colisão Lateral;2;0;0;0;0;0;;;;;3;0;0;0;0
07/07/2016;09:49:00;141;Acidente sem Vítima;316;BR-101/ES;Sul;Saída de Pista;1;0;2;0;0;0;;;;;3;0;0;0;0
07/07/2016;10:31:00;156;Acidente sem Vítima;269;BR-101/ES;Sul;Colisão Traseira;1;0;1;0;0;0;;;;;2;0;0;0;0
07/07/2016;14:28:00;265;Acidente com vítima;127;BR-101/ES;Sul;Saída de Pista;1;0;0;0;0;0;;;;;0;0;0;1;0
07/07/2016;16:43:00;305;Acidente com vítima;149;BR-101/ES;Sul;Colisão Transversal;1;0;0;1;0;0;;;;;1;2;0;0;0
07/07/2016;16:50:00;307;Acidente sem Vítima;202;BR-101/ES;Norte;Colisão Traseira;1;0;0;1;0;0;;;;;4;0;0;0;0
07/07/2016;17:45:00;323;Acidente com vítima;264;BR-101/ES;Sul;Engavetamento;3;0;0;0;0;0;;;;;1;1;1;0;0
07/07/2016;18:40:00;332;Acidente com vítima;125;BR-101/ES;Norte;Colisão Traseira;1;0;0;1;0;0;;;;;1;1;0;0;0
07/07/2016;23:20:00;389;Acidente sem Vítima;240;BR-101/ES;Norte;Queda de Moto;0;0;0;1;0;0;;;;;2;0;0;0;0
08/07/2016;11:32:00;194;Acidente com vítima;257;BR-101/ES;Sul;Colisão Traseira;1;0;0;1;0;0;;;;;1;0;1;0;0
08/07/2016;11:42:00;199;Atropelamento sem Morte;66,7;BR-101/ES;Norte;Atropelamento;1;0;0;0;0;0;;;;;4;0;1;0;0
08/07/2016;12:06:00;212;Acidente sem Vítima;266;BR-101/ES;Sul;Colisão Traseira;1;0;0;1;0;0;;;;;2;0;0;0;0
08/07/2016;13:37:00;251;Acidente sem Vítima;139;BR-101/ES;Sul;Queda de Moto;0;0;0;2;0;0;;;;;2;0;0;0;0
08/07/2016;17:17:00;301;Acidente com vítima;21,4;BR-101/ES;Norte;Capotamento;1;0;0;0;0;0;;;;;3;2;0;0;0
08/07/2016;17:30:00;306;Acidente com vítima;264;BR-101/ES;Norte;Queda de Moto;0;0;0;1;0;0;;;;;0;1;0;0;0
08/07/2016;17:40:00;312;Atropelamento sem Morte;255,5;BR-101/ES;Sul;Atropelamento;0;0;0;1;0;0;;;;;0;1;1;0;0
08/07/2016;19:12:00;324;Acidente sem Vítima;245,2;BR-101/ES;Sul;Colisão Traseira;2;0;0;0;0;0;;;;;6;0;0;0;0
08/07/2016;14:01:00;256;Acidente sem Vítima - TRECHO CONTORNO;292;BR-101/ES;Sul;Colisão Lateral;2;0;0;0;0;0;;;;;3;0;0;0;0
09/07/2016;01:44:00;29;Acidente sem Vítima;137;BR-101/ES;Norte;Saída de Pista;1;0;0;0;0;0;;;;;1;0;0;0;0
09/07/2016;06:37:00;76;Acidente com vítima;225,5;BR-101/ES;Sul;Saída de Pista;1;0;0;0;0;0;;;;;0;0;1;0;0
09/07/2016;11:00:00;157;Acidente sem Vítima;298;BR-101/ES;Norte;Colisão Traseira;2;0;0;0;0;0;;;;;2;0;0;0;0
09/07/2016;11:21:00;166;Acidente sem Vítima;265;BR-101/ES;Sul;Colisão Traseira;1;0;1;0;0;0;;;;;3;0;0;0;0
09/07/2016;15:55:00;262;Acidente com vítima;352;BR-101/ES;Sul;Queda de Moto;0;0;0;1;0;0;;;;;0;1;0;0;0
09/07/2016;15:56:00;264;Acidente sem Vítima;251;BR-101/ES;Norte;Colisão Lateral;0;0;4;0;0;0;;;;;6;0;0;0;0
09/07/2016;18:03:00;298;Acidente sem Vítima;95;BR-101/ES;Sul;Saída de Pista;1;0;0;0;0;0;;;;;2;0;0;0;0
09/07/2016;18:48:00;313;Acidente com vítima;18;BR-101/ES;Sul;Queda de Moto;0;0;0;1;0;0;;;;;0;0;1;0;0
09/07/2016;19:46:00;325;Acidente sem Vítima;237;BR-101/ES;Norte;Capotamento;1;0;0;0;0;0;;;;;1;0;0;0;0
09/07/2016;23:16:00;376;Acidente sem Vítima;233;BR-101/ES;Sul;Colisão Traseira;0;0;2;0;0;0;;;;;1;0;0;0;0
09/07/2016;02:47:00;43;Acidente sem Vítima - TRECHO CONTORNO;288;BR-101/ES;Sul;Colisão Transversal;1;0;2;0;0;0;;;;;2;0;0;0;0
09/07/2016;09:14:00;118;Acidente sem Vítima - TRECHO CONTORNO;289;BR-101/ES;Sul;Queda de Moto;0;0;0;1;0;0;;;;;1;0;0;0;0
10/07/2016;00:43:00;20;Acidente com vítima;147;BR-101/ES;Sul;Colisão Lateral;2;0;0;0;0;0;;;;;2;0;1;0;0
10/07/2016;01:16:00;27;Acidente com vítima;436;BR-101/ES;Norte;Queda de Moto;0;0;0;1;0;0;;;;;0;0;1;0;0
10/07/2016;01:23:00;28;Acidente com vítima;298;BR-101/ES;Norte;Queda de Moto;0;0;0;1;0;0;;;;;0;1;0;0;0
10/07/2016;03:05:00;53;Acidente com vítima;265;BR-101/ES;Norte;Queda de Moto;0;0;0;1;0;0;;;;;0;0;0;1;0
10/07/2016;04:44:00;63;Acidente sem Vítima;15;BR-101/ES;Sul;Colisão Traseira;1;0;3;0;0;0;;;;;2;0;0;0;0
10/07/2016;05:13:00;66;Acidente sem Vítima;396;BR-101/ES;Sul;Saída de Pista;1;0;0;0;0;0;;;;;1;0;0;0;0
10/07/2016;07:35:00;88;Acidente com Morte;310,9;BR-101/ES;Norte;Saída de Pista;1;0;0;0;0;0;;;;;0;0;0;2;3
10/07/2016;11:33:00;140;Acidente sem Vítima;311;BR-101/ES;Norte;Colisão Traseira;3;0;0;0;0;0;;;;;6;0;0;0;0
10/07/2016;13:36:00;185;Acidente com vítima;179;BR-101/ES;Sul;Colisão Lateral;1;0;0;1;0;0;;;;;2;0;1;0;0
10/07/2016;18:57:00;274;Acidente com vítima;65;BR-101/ES;Norte;Colisão Transversal;0;1;0;1;0;0;;;;;0;0;2;1;0
10/07/2016;19:10:00;277;Atropelamento com Morte;175;BR-101/ES;Sul;Atropelamento;1;0;0;0;0;0;;;;;4;0;1;0;1
10/07/2016;19:13:00;278;Acidente sem Vítima;270,5;BR-101/ES;Sul;Colisão Traseira;2;0;0;0;0;0;;;;;7;0;0;0;0
10/07/2016;15:34:00;221;Acidente sem Vítima - TRECHO CONTORNO;291;BR-101/ES;Sul;Choque com Objeto Fixo;1;0;0;0;0;0;;;;;1;0;0;0;0
11/07/2016;06:54:00;78;Acidente sem Vítima;169;BR-101/ES;Sul;Colisão Lateral;4;0;2;1;0;0;;;;;16;0;0;0;0
11/07/2016;07:12:00;87;Acidente sem Vítima;399;BR-101/ES;Sul;Colisão Traseira;1;0;2;0;0;0;;;;;3;0;0;0;0
11/07/2016;11:24:00;174;Acidente sem Vítima;266;BR-101/ES;Sul;Engavetamento;4;0;0;0;0;0;;;;;6;0;0;0;0
11/07/2016;11:56:00;198;Acidente sem Vítima;266;BR-101/ES;Norte;Colisão Transversal;2;0;0;0;0;0;;;;;3;0;0;0;0
11/07/2016;12:05:00;203;Acidente sem Vítima;268;BR-101/ES;Norte;Colisão Lateral;1;0;2;0;0;0;;;;;3;0;0;0;0
11/07/2016;12:44:00;224;Acidente com vítima;263;BR-101/ES;Sul;Colisão Lateral;1;0;0;2;0;0;;;;;2;0;3;0;0
11/07/2016;13:29:00;239;Acidente sem Vítima;403;BR-101/ES;Norte;Colisão Traseira;2;0;0;0;0;0;;;;;5;0;0;0;0
11/07/2016;23:26:00;408;Acidente com vítima;141;BR-101/ES;Sul;Colisão Traseira;1;0;3;0;0;0;;;;;1;0;1;0;0
11/07/2016;23:39:00;419;Acidente com vítima;393;BR-101/ES;Norte;Tombamento;0;0;1;0;0;0;;;;;0;0;0;1;0
11/07/2016;08:32:00;118;Acidente com Vítima - TRECHO CONTORNO;285;BR-101/ES;Sul;Colisão Traseira;0;0;1;1;0;0;;;;;1;1;0;0;0
11/07/2016;17:08:00;315;Acidente sem Vítima - TRECHO CONTORNO;287,5;BR-101/ES;Norte;Colisão Traseira;3;0;0;0;0;0;;;;;3;0;0;0;0
11/07/2016;19:31:00;355;Acidente sem Vítima - TRECHO CONTORNO;295;BR-101/ES;Sul;Colisão Traseira;2;0;0;0;0;0;;;;;2;0;0;0;0
12/07/2016;07:59:00;97;Acidente com vítima;269;BR-101/ES;Norte;Colisão Lateral;1;0;0;1;0;0;;;;;1;0;1;0;0
12/07/2016;08:18:00;106;Acidente sem Vítima;125;BR-101/ES;Norte;Colisão Traseira;1;0;0;1;0;0;;;;;5;0;0;0;0
12/07/2016;10:34:00;153;Atropelamento sem Morte;267;BR-101/ES;Sul;Atropelamento;0;0;0;1;0;0;;;;;0;0;0;2;0
12/07/2016;11:39:00;183;Acidente com vítima;253;BR-101/ES;Sul;Colisão Traseira;3;0;0;0;0;0;;;;;4;1;0;0;0
12/07/2016;12:17:00;193;Acidente sem Vítima;144;BR-101/ES;Norte;Saída de Pista;1;0;0;0;0;0;;;;;1;0;0;0;0
12/07/2016;13:30:00;223;Acidente com vítima;222;BR-101/ES;Sul;Saída de Pista;0;0;0;1;0;0;;;;;0;2;0;0;0
12/07/2016;14:44:00;255;Acidente sem Vítima;62;BR-101/ES;Norte;Colisão Lateral;1;0;0;1;0;0;;;;;2;0;0;0;0
12/07/2016;15:20:00;267;Acidente com vítima;325;BR-101/ES;Sul;Queda de Moto;1;0;0;0;0;0;;;;;0;2;0;0;0
12/07/2016;15:45:00;277;Acidente com vítima;147,9;BR-101/ES;Sul;Colisão Transversal;0;0;0;1;1;0;;;;;1;1;0;0;0
12/07/2016;16:10:00;282;Acidente sem Vítima;250;BR-101/ES;Norte;Colisão Traseira;2;0;1;0;0;0;;;;;2;0;0;0;0
12/07/2016;17:44:00;312;Acidente sem Vítima;210;BR-101/ES;Norte;Colisão Lateral;2;0;0;0;0;0;;;;;3;0;0;0;0
12/07/2016;18:48:00;323;Acidente com vítima;268;BR-101/ES;Norte;Colisão;0;1;0;1;0;0;;;;;0;0;2;0;0
12/07/2016;22:29:00;362;Acidente sem Vítima;167;BR-101/ES;Sul;Veículo em Chamas;1;0;0;0;0;0;;;;;1;0;0;0;0
12/07/2016;11:34:00;179;Acidente com Vítima - TRECHO CONTORNO;296;BR-101/ES;Norte;Queda de Moto;0;0;0;1;0;0;;;;;0;0;2;0;0
13/07/2016;18:00:00;321;Acidente com vítima;377;BR-101/ES;Sul;Colisão Lateral;1;0;0;1;0;0;;;;;1;1;0;0;0
13/07/2016;18:26:00;327;Acidente com vítima;147;BR-101/ES;Norte;Colisão Traseira;1;0;0;1;0;0;;;;;2;1;0;0;0
13/07/2016;18:46:00;332;Acidente com vítima;1,5;BR-101/ES;Sul;Saída de Pista;1;0;0;0;0;0;;;;;0;1;0;0;0
13/07/2016;19:16:00;338;Acidente sem Vítima;270;BR-101/ES;Sul;Engavetamento;3;0;0;0;0;0;;;;;3;0;0;0;0
14/07/2016;04:32:00;61;Acidente com vítima;264;BR-101/ES;Sul;Colisão Lateral;0;0;0;2;0;0;;;;;2;1;0;0;0
14/07/2016;06:07:00;71;Acidente sem Vítima;210;BR-101/ES;Norte;Saída de Pista;1;0;0;0;0;0;;;;;1;0;0;0;0
14/07/2016;07:13:00;94;Acidente sem Vítima;242;BR-101/ES;Sul;Colisão Traseira;2;0;0;0;0;0;;;;;7;0;0;0;0
14/07/2016;09:44:00;153;Acidente com vítima;297,9;BR-101/ES;Norte;Colisão Frontal;0;1;0;1;0;0;;;;;1;0;1;0;0
14/07/2016;10:23:00;162;Acidente sem Vítima;253;BR-101/ES;Sul;Colisão Traseira;1;0;1;0;0;0;;;;;3;0;0;0;0
14/07/2016;10:42:00;178;Acidente sem Vítima;137;BR-101/ES;Sul;Colisão Traseira;2;0;0;0;0;0;;;;;2;0;0;0;0
14/07/2016;17:02:00;307;Acidente sem Vítima;270;BR-101/ES;Sul;Colisão Traseira;1;0;1;0;0;0;;;;;2;0;0;0;0
14/07/2016;18:14:00;330;Acidente sem Vítima;262;BR-101/ES;Norte;Colisão Traseira;1;0;0;1;0;0;;;;;2;0;0;0;0
14/07/2016;19:01:00;339;Acidente sem Vítima;250;BR-101/ES;Norte;Queda de Moto;0;0;0;1;0;0;;;;;1;0;0;0;0
14/07/2016;20:16:00;358;Acidente com vítima;233;BR-101/ES;Sul;Colisão Lateral;1;0;1;0;0;0;;;;;3;1;0;0;0
14/07/2016;22:36:00;394;Acidente sem Vítima;266;BR-101/ES;Sul;Colisão Traseira;2;0;0;0;0;0;;;;;2;0;0;0;0
14/07/2016;23:39:00;411;Acidente com vítima;222;BR-101/ES;Sul;Saída de Pista;0;0;1;0;0;0;;;;;0;0;0;1;0
14/07/2016;15:57:00;286;Acidente sem Vítima - TRECHO CONTORNO;271;BR-101/ES;Norte;Colisão Lateral;1;0;2;0;0;0;;;;;3;0;0;0;0
15/07/2016;08:14:00;110;Acidente sem Vítima;365;BR-101/ES;Norte;Engavetamento;3;0;0;0;0;0;;;;;5;0;0;0;0
15/07/2016;08:16:00;111;Acidente com vítima;265;BR-101/ES;Sul;Colisão Traseira;1;0;0;1;0;0;;;;;1;2;0;0;0
15/07/2016;11:28:00;185;Acidente sem Vítima;242;BR-101/ES;Sul;Colisão Lateral;1;0;1;0;0;0;;;;;3;0;0;0;0
15/07/2016;11:39:00;196;Acidente com vítima;107;BR-101/ES;Norte;Colisão Traseira;2;0;0;0;0;0;;;;;2;2;0;0;0
15/07/2016;13:53:00;245;Acidente sem Vítima;243;BR-101/ES;Norte;Colisão Traseira;2;0;0;0;0;0;;;;;4;0;0;0;0
15/07/2016;15:20:00;267;Acidente sem Vítima;298;BR-101/ES;Sul;Colisão Traseira;2;0;0;0;0;0;;;;;6;0;0;0;0
15/07/2016;15:37:00;272;Acidente sem Vítima;269;BR-101/ES;Sul;Engavetamento;4;0;0;0;0;0;;;;;6;0;0;0;0
15/07/2016;18:55:00;346;Acidente sem Vítima;302;BR-101/ES;Norte;Colisão Traseira;2;0;0;0;0;0;;;;;3;0;0;0;0
15/07/2016;20:41:00;374;Acidente sem Vítima;259;BR-101/ES;Norte;Colisão Lateral;0;0;0;2;0;0;;;;;2;0;0;0;0
15/07/2016;06:05:00;75;Acidente sem Vítima - TRECHO CONTORNO;281,5;BR-101/ES;Norte;Saída de Pista;1;0;0;0;0;0;;;;;1;0;0;0;0
15/07/2016;17:40:00;315;Acidente com Vítima - TRECHO CONTORNO;288;BR-101/ES;Sul;Colisão Traseira;0;0;0;2;0;0;;;;;2;0;1;0;0
15/07/2016;18:40:00;344;Acidente sem Vítima - TRECHO CONTORNO;287;BR-101/ES;Sul;Engavetamento;3;0;0;0;0;0;;;;;5;0;0;0;0
15/07/2016;20:36:00;372;Acidente com Vítima - TRECHO CONTORNO;296;BR-101/ES;Norte;Queda de ciclista;0;1;0;0;0;0;;;;;0;0;1;0;0
16/07/2016;05:47:00;76;Acidente sem Vítima;126;BR-101/ES;Norte;Colisão Traseira;2;0;0;0;0;0;;;;;2;0;0;0;0
16/07/2016;07:01:00;91;Acidente sem Vítima;208;BR-101/ES;Norte;Colisão Traseira;2;0;0;0;0;0;;;;;6;0;0;0;0
16/07/2016;07:22:00;98;Acidente com vítima;207;BR-101/ES;Sul;Queda de Moto;0;0;0;1;0;0;;;;;0;2;0;0;0