data;horario;n_da_ocorrencia;tipo_de_ocorrencia;km;trecho;sentido;tipo_de_acidente;automovel;bicicleta;caminhao;moto;onibus;outros;tracao_animal;transporte_de_cargas_especiais;trator_maquinas;utilitarios;ilesos;levemente_feridos;moderadamente_feridos;gravemente_feridos;mortos
16/07/2016;07:58:00;107;Acidente sem Vítima;205;BR-101/ES;Sul;Colisão Traseira;2;0;0;0;0;0;;;;;6;0;0;0;0
16/07/2016;08:42:00;117;Acidente sem Vítima;242,6;BR-101/ES;Sul;Engavetamento;3;0;0;0;0;0;;;;;10;0;0;0;0
16/07/2016;09:16:00;127;Acidente com vítima;142;BR-101/ES;Norte;Colisão Traseira;1;0;0;1;0;0;;;;;1;1;0;0;0
16/07/2016;09:44:00;134;Acidente com vítima;387;BR-101/ES;Norte;Colisão Lateral;2;0;3;0;0;0;;;;;4;1;0;0;0
16/07/2016;12:04:00;186;Acidente sem Vítima;34;BR-101/ES;Norte;Veículo em Chamas;1;0;0;0;0;0;;;;;1;0;0;0;0
16/07/2016;12:17:00;190;Acidente com vítima;370;BR-101/ES;Norte;Queda de Moto;0;0;0;1;0;0;;;;;0;1;0;0;0
16/07/2016;15:05:00;247;Acidente sem Vítima;174;BR-101/ES;Norte;Queda de Moto;0;0;0;1;0;0;;;;;2;0;0;0;0
16/07/2016;15:12:00;250;Acidente sem Vítima;265;BR-101/ES;Sul;Veículo em Chamas;1;0;0;0;0;0;;;;;3;0;0;0;0
16/07/2016;20:10:00;338;Acidente com vítima;424;BR-101/ES;Norte;Colisão Traseira;1;0;0;1;0;0;;;;;4;0;0;1;0
16/07/2016;20:10:00;339;Acidente sem Vítima;213;BR-101/ES;Norte;Colisão Traseira;1;0;0;1;0;0;;;;;2;0;0;0;0
16/07/2016;20:52:00;346;Acidente sem Vítima;424;BR-101/ES;Norte;Colisão Lateral;1;0;0;1;0;0;;;;;3;0;0;0;0
16/07/2016;22:29:00;368;Acidente com vítima;93;BR-101/ES;Sul;Colisão Traseira;1;0;2;0;0;0;;;;;1;0;0;1;0
16/07/2016;10:01:00;140;Acidente sem Vítima - TRECHO CONTORNO;296;BR-101/ES;Sul;Colisão Traseira;1;0;4;1;0;0;;;;;6;0;0;0;0
17/07/2016;01:34:00;26;Acidente com vítima;151;BR-101/ES;Sul;Atropelamento - Bovino;1;0;0;0;0;0;;;;;0;1;0;0;0
17/07/2016;12:30:00;193;Acidente sem Vítima;257;BR-101/ES;Sul;Colisão Transversal;2;0;0;0;0;0;;;;;5;0;0;0;0
17/07/2016;13:37:00;215;Acidente sem Vítima;378;BR-101/ES;Norte;Colisão Transversal;2;0;0;0;0;0;;;;;3;0;0;0;0
17/07/2016;13:46:00;218;Acidente sem Vítima;298;BR-101/ES;Sul;Colisão Traseira;1;0;1;0;0;0;;;;;4;0;0;0;0
17/07/2016;17:27:00;277;Acidente sem Vítima;298;BR-101/ES;Norte;Colisão Lateral;1;0;0;1;0;0;;;;;5;0;0;0;0
17/07/2016;22:16:00;358;Acidente sem Vítima;242;BR-101/ES;Sul;Colisão Traseira;2;0;0;0;0;0;;;;;3;0;0;0;0
17/07/2016;03:35:00;45;Acidente com Morte - TRECHO CONTORNO;274;BR-101/ES;Sul;Saída de Pista;1;0;0;0;0;0;;;;;0;0;2;0;1
17/07/2016;22:14:00;357;Acidente sem Vítima - TRECHO CONTORNO;290,5;BR-101/ES;Norte;Saída de Pista;1;0;0;0;0;0;;;;;1;0;0;0;0
18/07/2016;07:22:00;76;Acidente com vítima;266;BR-101/ES;Sul;Engavetamento;3;0;0;0;0;0;;;;;6;2;0;0;0
18/07/2016;19:42:00;308;Acidente sem Vítima;306;BR-101/ES;Sul;Colisão Traseira;2;0;0;0;0;0;;;;;5;0;0;0;0
18/07/2016;00:29:00;3;Acidente sem Vítima - TRECHO CONTORNO;281,3;BR-101/ES;Norte;Saída de Pista;0;0;2;0;0;0;;;;;1;0;0;0;0
19/07/2016;07:37:00;100;Acidente com vítima;135;BR-101/ES;Sul;Engavetamento;3;0;0;0;0;0;;;;;4;2;0;0;0
19/07/2016;11:12:00;188;Acidente com vítima;301,5;BR-101/ES;Norte;Colisão Traseira;2;0;0;0;0;0;;;;;2;1;0;0;0
19/07/2016;17:08:00;309;Acidente sem Vítima;179;BR-101/ES;Norte;Engavetamento;1;0;7;0;0;0;;;;;13;0;0;0;0
19/07/2016;17:17:00;311;Acidente sem Vítima;267;BR-101/ES;Sul;Engavetamento;3;0;0;0;0;0;;;;;3;0;0;0;0
19/07/2016;17:24:00;319;Acidente sem Vítima;84;BR-101/ES;Sul;Colisão Transversal;1;0;0;1;0;0;;;;;2;0;0;0;0
19/07/2016;19:52:00;351;Acidente com vítima;215;BR-101/ES;Sul;Colisão Traseira;1;0;0;1;0;0;;;;;2;1;0;0;0
19/07/2016;20:08:00;355;Acidente com vítima;161;BR-101/ES;Norte;Colisão Traseira;1;0;2;0;0;0;;;;;1;0;1;0;0
19/07/2016;20:45:00;359;Acidente com vítima;424;BR-101/ES;Norte;Queda de Moto;0;0;0;1;0;0;;;;;0;0;1;0;0
19/07/2016;18:41:00;336;Acidente sem Vítima - TRECHO CONTORNO;281;BR-101/ES;Norte;Capotamento;1;0;0;0;0;0;;;;;1;0;0;0;0
20/07/2016;09:37:00;140;Acidente com vítima;65;BR-101/ES;Sul;Colisão Transversal;1;0;0;1;0;0;;;;;0;3;0;0;0
20/07/2016;10:13:00;150;Acidente com vítima;136;BR-101/ES;Sul;Colisão Lateral;1;0;1;0;0;0;;;;;6;1;0;0;0
20/07/2016;10:35:00;158;Acidente sem Vítima;384;BR-101/ES;Sul;Saída de Pista;1;0;0;0;0;0;;;;;2;0;0;0;0
20/07/2016;15:12:00;286;Acidente sem Vítima;327;BR-101/ES;Sul;Colisão Traseira;2;0;0;0;0;0;;;;;5;0;0;0;0
20/07/2016;16:09:00;303;Acidente sem Vítima;298;BR-101/ES;Norte;Colisão Traseira;2;0;0;0;0;0;;;;;2;0;0;0;0
21/07/2016;01:23:00;28;Acidente com vítima;268;BR-101/ES;Norte;Colisão Transversal;1;0;0;1;0;0;;;;;1;0;1;0;0
21/07/2016;07:03:00;78;Acidente com vítima;264;BR-101/ES;Sul;Colisão Transversal;0;0;0;3;0;0;;;;;1;0;2;0;0
21/07/2016;07:36:00;94;Acidente sem Vítima;64;BR-101/ES;Sul;Queda de Moto;0;0;0;1;0;0;;;;;2;0;0;0;0
21/07/2016;08:27:00;111;Acidente sem Vítima;130;BR-101/ES;Norte;Engavetamento;3;0;0;0;0;0;;;;;7;0;0;0;0
21/07/2016;09:18:00;131;Acidente sem Vítima;348;BR-101/ES;Sul;Atropelamento - Animal;1;0;0;0;0;0;;;;;3;0;0;0;0
21/07/2016;12:10:00;217;Acidente com vítima;266;BR-101/ES;Sul;Queda de Moto;0;0;0;1;0;0;;;;;1;1;0;0;0
21/07/2016;13:48:00;254;Atropelamento com Morte;268;BR-101/ES;Sul;Atropelamento;1;0;0;0;0;0;;;;;1;0;0;0;1
21/07/2016;18:28:00;316;Acidente com vítima;65;BR-101/ES;Norte;Queda de Moto;0;0;0;1;0;0;;;;;0;2;0;0;0
21/07/2016;19:17:00;329;Acidente sem Vítima;269,5;BR-101/ES;Sul;Colisão Traseira;2;0;0;0;0;0;;;;;2;0;0;0;0
21/07/2016;20:16:00;354;Atropelamento sem Morte;230;BR-101/ES;Sul;Atropelamento;1;0;0;0;0;0;;;;;1;0;0;1;0
21/07/2016;17:41:00;310;Acidente com Vítima - TRECHO CONTORNO;290;BR-101/ES;Sul;Colisão Traseira;1;0;0;1;0;0;;;;;1;0;1;0;0
22/07/2016;05:38:00;67;Acidente com vítima;188,5;BR-101/ES;Sul;Saída de Pista;1;0;0;0;0;0;;;;;0;3;0;0;0
22/07/2016;09:57:00;142;Acidente com vítima;445;BR-101/ES;Sul;Saída de Pista;1;0;0;0;0;0;;;;;0;1;0;0;0
22/07/2016;11:00:00;165;Acidente sem Vítima;260;BR-101/ES;Sul;Choque;1;0;4;0;0;0;;;;;3;0;0;0;0
22/07/2016;15:25:00;275;Acidente sem Vítima;438;BR-101/ES;Sul;Saída de Pista;0;0;1;0;0;0;;;;;1;0;0;0;0
22/07/2016;15:38:00;276;Acidente com vítima;380;BR-101/ES;Sul;Saída de Pista;1;0;0;0;0;0;;;;;0;1;0;0;0
22/07/2016;20:06:00;350;Acidente sem Vítima;267,5;BR-101/ES;Sul;Colisão Traseira;2;0;0;0;0;0;;;;;6;0;0;0;0
22/07/2016;20:27:00;355;Acidente sem Vítima;266,5;BR-101/ES;Norte;Colisão Transversal;1;0;0;0;1;0;;;;;1;0;0;0;0
22/07/2016;20:37:00;358;Acidente sem Vítima;340,5;BR-101/ES;Norte;Saída de Pista;1;0;0;0;0;0;;;;;2;0;0;0;0
22/07/2016;18:49:00;332;Acidente sem Vítima - TRECHO CONTORNO;293;BR-101/ES;Sul;Colisão Traseira;1;0;2;0;0;0;;;;;2;0;0;0;0
23/07/2016;03:49:00;55;Acidente sem Vítima;371;BR-101/ES;Sul;Colisão Traseira;0;0;2;0;0;0;;;;;2;0;0;0;0
23/07/2016;04:07:00;58;Acidente com vítima;18;BR-101/ES;Norte;Queda de Moto;0;0;0;1;0;0;;;;;0;0;1;0;0
23/07/2016;04:42:00;62;Acidente com vítima;147;BR-101/ES;Norte;Colisão Lateral;2;0;0;0;0;0;;;;;2;1;0;0;0
23/07/2016;10:06:00;139;Acidente sem Vítima;127;BR-101/ES;Norte;Colisão Lateral;2;0;0;0;0;0;;;;;3;0;0;0;0
23/07/2016;10:10:00;140;Acidente sem Vítima;458;BR-101/ES;Sul;Saída de Pista;1;0;0;0;0;0;;;;;5;0;0;0;0
23/07/2016;11:21:00;160;Acidente sem Vítima;298;BR-101/ES;Norte;Colisão Traseira;2;0;0;0;0;0;;;;;2;0;0;0;0
23/07/2016;12:05:00;187;Acidente com vítima;440;BR-101/ES;Norte;Saída de Pista;0;0;1;0;0;0;;;;;0;1;0;0;0
23/07/2016;13:37:00;236;Acidente sem Vítima;445;BR-101/ES;Sul;Colisão Traseira;1;0;0;1;0;0;;;;;3;0;0;0;0
23/07/2016;15:16:00;256;Acidente sem Vítima;264;BR-101/ES;Sul;Colisão Transversal;2;0;0;0;0;0;;;;;2;0;0;0;0
23/07/2016;16:44:00;287;Acidente sem Vítima;143;BR-101/ES;Norte;Colisão Lateral;2;0;0;0;0;0;;;;;2;0;0;0;0
23/07/2016;17:51:00;302;Acidente sem Vítima;301;BR-101/ES;Norte;Colisão Traseira;2;0;0;0;0;0;;;;;3;0;0;0;0
23/07/2016;18:04:00;308;Acidente com Morte;178,2;BR-101/ES;Sul;Colisão Frontal;4;0;0;0;0;0;;;;;3;2;1;0;1
23/07/2016;20:04:00;326;Acidente sem Vítima;109;BR-101/ES;Sul;Colisão Traseira;1;0;0;1;0;0;;;;;2;0;0;0;0
23/07/2016;20:35:00;330;Acidente com vítima;166;BR-101/ES;Sul;Colisão Traseira;0;0;4;0;0;0;;;;;1;0;0;1;0
23/07/2016;21:31:00;344;Acidente sem Vítima;398;BR-101/ES;Norte;Colisão Lateral;1;0;1;0;0;0;;;;;2;0;0;0;0
23/07/2016;21:55:00;348;Acidente com vítima;266;BR-101/ES;Sul;Colisão Lateral;1;0;0;1;0;0;;;;;1;1;0;0;0
23/07/2016;09:26:00;120;Acidente sem Vítima - TRECHO CONTORNO;284;BR-101/ES;Norte;Saída de Pista;1;0;2;0;0;0;;;;;2;0;0;0;0
23/07/2016;13:44:00;240;Acidente sem Vítima - TRECHO CONTORNO;287,1;BR-101/ES;Sul;Veículo em Chamas;1;0;0;0;0;0;;;;;1;0;0;0;0
24/07/2016;00:31:00;11;Acidente sem Vítima;179;BR-101/ES;Sul;Colisão Traseira;0;0;3;0;0;0;;;;;2;0;0;0;0
24/07/2016;03:47:00;51;Acidente com vítima;263;BR-101/ES;Norte;Colisão Lateral;2;0;0;0;0;0;;;;;0;0;2;0;0
24/07/2016;06:16:00;69;Acidente sem Vítima;270;BR-101/ES;Norte;Colisão Lateral;1;0;0;0;1;0;;;;;3;0;0;0;0
24/07/2016;09:00:00;93;Acidente sem Vítima;414;BR-101/ES;Sul;Colisão Traseira;2;0;0;0;0;0;;;;;2;0;0;0;0
24/07/2016;16:04:00;234;Acidente com vítima;153;BR-101/ES;Norte;Engavetamento;3;0;0;0;0;0;;;;;5;3;0;0;0
24/07/2016;17:11:00;255;Acidente sem Vítima;264;BR-101/ES;Sul;Colisão Lateral;1;0;1;0;0;0;;;;;3;0;0;0;0
24/07/2016;18:37:00;273;Acidente sem Vítima;222;BR-101/ES;Sul;Colisão Traseira;2;0;0;0;0;0;;;;;2;0;0;0;0
24/07/2016;18:43:00;275;Acidente com vítima;945;BR-101/BA;Sul;Queda de Moto;1;0;0;0;0;0;;;;;0;1;0;0;0
25/07/2016;00:19:00;4;Acidente sem Vítima;264;BR-101/ES;Sul;Colisão Transversal;2;0;0;0;0;0;;;;;2;0;0;0;0
25/07/2016;03:48:00;40;Acidente sem Vítima;422;BR-101/ES;Sul;Saída de Pista;0;0;3;0;0;0;;;;;1;0;0;0;0
25/07/2016;07:28:00;69;Acidente sem Vítima;334;BR-101/ES;Norte;Saída de Pista;1;0;1;0;0;0;;;;;4;0;0;0;0
25/07/2016;07:43:00;76;Acidente sem Vítima;268,5;BR-101/ES;Sul;Colisão Traseira;1;0;0;0;1;0;;;;;3;0;0;0;0
25/07/2016;09:38:00;103;Acidente sem Vítima;220;BR-101/ES;Norte;Colisão Traseira;2;0;0;0;0;0;;;;;2;0;0;0;0
25/07/2016;10:19:00;115;Acidente sem Vítima;254;BR-101/ES;Sul;Colisão Traseira;2;0;0;0;0;0;;;;;3;0;0;0;0
25/07/2016;11:57:00;167;Acidente sem Vítima;145;BR-101/ES;Norte;Colisão Lateral;1;0;2;0;0;0;;;;;4;0;0;0;0
25/07/2016;13:41:00;210;Acidente sem Vítima;402;BR-101/ES;Sul;Colisão Traseira;1;0;0;0;1;0;;;;;2;0;0;0;0
25/07/2016;13:54:00;216;Acidente com vítima;256;BR-101/ES;Sul;Queda de Moto;0;0;0;1;0;0;;;;;0;0;1;0;0
25/07/2016;17:51:00;288;Acidente com Morte;266;BR-101/ES;Norte;Colisão Lateral;1;0;0;1;0;0;;;;;1;0;0;0;2
25/07/2016;18:50:00;299;Acidente com vítima;328;BR-101/ES;Sul;Colisão Transversal;1;1;0;0;0;0;;;;;1;0;0;1;0
25/07/2016;19:25:00;309;Acidente com vítima;158;BR-101/ES;Sul;Colisão Traseira;1;0;0;1;0;0;;;;;1;0;2;0;0
25/07/2016;20:09:00;321;Acidente com vítima;268;BR-101/ES;Sul;Colisão Traseira;1;0;0;1;0;0;;;;;1;1;0;0;0
25/07/2016;20:19:00;325;Acidente sem Vítima;268;BR-101/ES;Sul;Queda de Moto;0;0;0;1;0;0;;;;;1;0;0;0;0
25/07/2016;00:32:00;9;Acidente sem Vítima - TRECHO CONTORNO;271;BR-101/ES;Norte;Saída de Pista;1;0;0;0;0;0;;;;;2;0;0;0;0
25/07/2016;22:31:00;357;Acidente com Vítima - TRECHO CONTORNO;293;BR-101/ES;Norte;Colisão Traseira;1;0;2;1;0;0;;;;;2;0;0;1;0
25/07/2016;22:35:00;361;Acidente com Vítima - TRECHO CONTORNO;291,5;BR-101/ES;Norte;Queda de Moto;0;0;0;1;0;0;;;;;0;0;2;0;0
26/07/2016;03:59:00;54;Acidente sem Vítima;216;BR-101/ES;Sul;Choque;1;0;0;0;0;0;;;;;1;0;0;0;0
26/07/2016;09:00:00;140;Acidente com vítima;148;BR-101/ES;Sul;Colisão Lateral;0;0;0;2;0;0;;;;;2;1;0;0;0
26/07/2016;09:43:00;154;Acidente sem Vítima;69;BR-101/ES;Norte;Colisão Traseira;2;0;0;0;0;0;;;;;4;0;0;0;0
26/07/2016;10:25:00;165;Acidente com vítima;264;BR-101/ES;Norte;Colisão Lateral;1;0;0;1;0;0;;;;;1;2;0;0;0
26/07/2016;10:38:00;175;Acidente com vítima;270;BR-101/ES;Norte;Colisão Traseira;1;0;0;1;0;0;;;;;1;0;1;0;0
26/07/2016;17:17:00;317;Acidente com vítima;135;BR-101/ES;Sul;Colisão Transversal;2;0;0;0;0;0;;;;;1;5;0;0;0
26/07/2016;17:23:00;321;Atropelamento sem Morte;66;BR-101/ES;Norte;Atropelamento;0;0;0;1;0;0;;;;;1;0;1;0;0
26/07/2016;19:55:00;360;Acidente com Morte;436;BR-101/ES;Sul;Colisão Frontal;0;0;5;0;0;0;;;;;1;0;1;0;1
27/07/2016;04:23:00;56;Acidente sem Vítima;953;BR-101/BA;Sul;Atropelamento - Animal;1;0;0;0;0;0;;;;;3;0;0;0;0
27/07/2016;05:14:00;61;Acidente com vítima;340;BR-101/ES;Norte;Capotamento;1;0;0;0;0;0;;;;;0;2;0;0;0
27/07/2016;08:38:00;121;Acidente sem Vítima;321;BR-101/ES;Norte;Colisão Traseira;0;0;3;0;0;0;;;;;4;0;0;0;0
27/07/2016;13:48:00;238;Acidente sem Vítima;298;BR-101/ES;Norte;Colisão Traseira;2;0;0;0;0;0;;;;;3;0;0;0;0
27/07/2016;17:00:00;304;Acidente sem Vítima;172;BR-101/ES;Sul;Choque com Objeto Fixo;0;0;1;0;0;0;;;;;1;0;0;0;0
27/07/2016;17:39:00;311;Acidente com vítima;298;BR-101/ES;Norte;Colisão Traseira;1;0;0;1;0;0;;;;;4;1;0;0;0
27/07/2016;21:47:00;356;Acidente sem Vítima;267;BR-101/ES;Sul;Saída de Pista;1;0;0;0;0;0;;;;;1;0;0;0;0
27/07/2016;08:24:00;119;Acidente com Vítima - TRECHO CONTORNO;292;BR-101/ES;Norte;Queda de Moto;0;0;0;1;0;0;;;;;0;1;0;0;0
28/07/2016;07:36:00;85;Acidente sem Vítima;86;BR-101/ES;Norte;Colisão Lateral;3;0;0;0;0;0;;;;;3;0;0;0;0
28/07/2016;09:13:00;129;Acidente sem Vítima;242;BR-101/ES;Norte;Colisão Lateral;1;0;2;0;0;0;;;;;3;0;0;0;0
28/07/2016;14:42:00;258;Acidente sem Vítima;145;BR-101/ES;Norte;Colisão Traseira;1;0;1;0;0;0;;;;;2;0;0;0;0
28/07/2016;15:30:00;271;Acidente sem Vítima;136;BR-101/ES;Norte;Colisão Traseira;0;0;3;0;0;0;;;;;3;0;0;0;0
28/07/2016;16:08:00;278;Acidente sem Vítima;254;BR-101/ES;Sul;Colisão Traseira;1;0;1;0;0;0;;;;;8;0;0;0;0
29/07/2016;06:02:00;62;Acidente sem Vítima;123;BR-101/ES;Sul;Colisão Lateral;1;0;1;0;0;0;;;;;4;0;0;0;0
29/07/2016;07:44:00;95;Acidente com Morte;297;BR-101/ES;Sul;Choque com Objeto Fixo;1;0;0;3;0;0;;;;;2;1;1;0;1
29/07/2016;09:01:00;122;Atropelamento sem Morte;297;BR-101/ES;Norte;Atropelamento;0;0;0;1;0;0;;;;;1;2;0;0;0
29/07/2016;11:02:00;166;Acidente com vítima;164;BR-101/ES;Sul;Queda de Moto;0;0;0;1;0;0;;;;;0;0;1;0;0
29/07/2016;12:43:00;209;Acidente com vítima;204;BR-101/ES;Norte;Colisão Transversal;1;0;0;1;0;0;;;;;1;0;2;0;0
29/07/2016;14:48:00;262;Acidente com vítima;229,7;BR-101/ES;Sul;Queda de Moto;0;0;0;1;0;0;;;;;0;0;1;0;0
29/07/2016;14:57:00;265;Acidente sem Vítima;146;BR-101/ES;Sul;Colisão Traseira;2;0;0;0;0;0;;;;;2;0;0;0;0
29/07/2016;15:18:00;271;Acidente com vítima;225;BR-101/ES;Sul;Colisão Traseira;1;0;1;0;0;0;;;;;5;1;0;0;0
29/07/2016;15:21:00;273;Acidente sem Vítima;326;BR-101/ES;Sul;Saída de Pista;1;0;0;0;0;0;;;;;3;0;0;0;0
29/07/2016;16:08:00;284;Acidente sem Vítima;269;BR-101/ES;Sul;Engavetamento;3;0;0;0;0;0;;;;;4;0;0;0;0
29/07/2016;16:49:00;297;Atropelamento sem Morte;126;BR-101/ES;Sul;Atropelamento;1;0;0;0;0;0;;;;;1;0;0;1;0
29/07/2016;18:32:00;320;Atropelamento sem Morte;125;BR-101/ES;Norte;Atropelamento e Fuga;1;0;0;0;0;0;;;;;0;1;0;0;0
29/07/2016;19:00:00;323;Atropelamento sem Morte;257;BR-101/ES;Norte;Atropelamento;1;0;0;0;0;0;;;;;2;0;0;1;0
29/07/2016;19:45:00;338;Acidente sem Vítima;268;BR-101/ES;Sul;Colisão Traseira;2;0;0;0;0;0;;;;;2;0;0;0;0
29/07/2016;21:55:00;375;Acidente sem Vítima;262;BR-101/ES;Sul;Colisão Traseira;2;0;0;0;0;0;;;;;8;0;0;0;0
29/07/2016;22:48:00;389;Acidente com vítima;148;BR-101/ES;Sul;Queda de Moto;0;0;0;1;0;0;;;;;0;1;0;0;0
29/07/2016;22:50:00;390;Acidente sem Vítima;36;BR-101/ES;Norte;Saída de Pista;0;0;1;0;0;0;;;;;3;0;0;0;0
29/07/2016;23:17:00;396;Acidente com vítima;189;BR-101/ES;Norte;Queda de Moto;0;0;0;1;0;0;;;;;0;0;1;0;0
29/07/2016;23:28:00;401;Acidente sem Vítima;103;BR-101/ES;Sul;Colisão Traseira;0;0;5;0;0;0;;;;;2;0;0;0;0
30/07/2016;03:03:00;39;Acidente sem Vítima;148,5;BR-101/ES;Norte;Choque com Objeto Fixo;1;0;0;0;0;0;;;;;1;0;0;0;0
30/07/2016;03:32:00;44;Acidente sem Vítima;194;BR-101/ES;Sul;Colisão Lateral;1;0;1;0;0;0;;;;;3;0;0;0;0
30/07/2016;05:41:00;67;Acidente sem Vítima;265;BR-101/ES;Norte;Colisão Traseira;2;0;0;0;0;0;;;;;2;0;0;0;0
30/07/2016;07:00:00;81;Acidente com vítima;401;BR-101/ES;Sul;Saída de Pista;1;0;0;0;0;0;;;;;0;3;0;0;0
30/07/2016;07:17:00;85;Acidente com vítima;341;BR-101/ES;Norte;Saída de Pista;1;0;0;0;0;0;;;;;0;1;0;0;0
30/07/2016;08:09:00;98;Acidente sem Vítima;210;BR-101/ES;Norte;Saída de Pista;0;0;1;0;0;0;;;;;1;0;0;0;0
30/07/2016;08:57:00;111;Acidente sem Vítima;264;BR-101/ES;Norte;Colisão Traseira;2;0;0;0;0;0;;;;;5;0;0;0;0
30/07/2016;09:15:00;115;Acidente com vítima;447;BR-101/ES;Sul;Queda de Moto;0;0;0;1;0;0;;;;;0;2;0;0;0
30/07/2016;09:37:00;120;Acidente sem Vítima;297;BR-101/ES;Norte;Saída de Pista;1;0;0;0;0;0;;;;;2;0;0;0;0
30/07/2016;09:44:00;123;Acidente com vítima;431;BR-101/ES;Sul;Colisão Lateral;1;0;2;0;0;0;;;;;2;4;0;0;0
30/07/2016;11:50:00;157;Acidente com vítima;448;BR-101/ES;Sul;Saída de Pista;1;0;0;0;0;0;;;;;0;3;0;0;0
30/07/2016;11:59:00;159;Acidente sem Vítima;254;BR-101/ES;Sul;Engavetamento;4;0;0;0;0;0;;;;;7;0;0;0;0
30/07/2016;12:07:00;161;Acidente sem Vítima;203;BR-101/ES;Norte;Colisão Lateral;2;0;0;0;0;0;;;;;2;0;0;0;0
30/07/2016;12:58:00;179;Acidente sem Vítima;409;BR-101/ES;Norte;Saída de Pista;0;0;1;0;0;0;;;;;1;0;0;0;0
30/07/2016;13:31:00;192;Acidente com vítima;370;BR-101/ES;Sul;Saída de Pista;1;0;0;0;0;0;;;;;2;1;0;0;0
30/07/2016;13:52:00;200;Acidente com vítima;145;BR-101/ES;Sul;Colisão Transversal;1;0;0;1;0;0;;;;;2;0;1;0;0
30/07/2016;14:32:00;208;Acidente sem Vítima;265;BR-101/ES;Norte;Colisão Lateral;1;0;3;0;0;0;;;;;3;0;0;0;0
30/07/2016;14:35:00;210;Acidente sem Vítima;102;BR-101/ES;Sul;Queda de Moto;0;0;0;1;0;0;;;;;1;0;0;0;0
30/07/2016;14:58:00;218;Acidente com vítima;236;BR-101/ES;Norte;Saída de Pista;1;0;0;0;0;0;;;;;0;2;0;0;0
30/07/2016;17:42:00;263;Acidente sem Vítima;398;BR-101/ES;Sul;Atropelamento - Bovino;1;0;0;0;0;0;;;;;5;0;0;0;0
30/07/2016;18:46:00;271;Acidente sem Vítima;265;BR-101/ES;Sul;Colisão Lateral;2;0;0;0;0;0;;;;;6;0;0;0;0
30/07/2016;06:40:00;74;Acidente sem Vítima - TRECHO CONTORNO;295;BR-101/ES;Sul;Colisão Traseira;2;0;0;0;0;0;;;;;5;0;0;0;0
30/07/2016;07:54:00;97;Acidente sem Vítima - TRECHO CONTORNO;294;BR-101/ES;Sul;Saída de Pista;1;0;0;0;0;0;;;;;2;0;0;0;0
30/07/2016;11:14:00;142;Acidente com Vítima - TRECHO CONTORNO;283;BR-101/ES;Norte;Saída de Pista;1;0;0;0;0;0;;;;;0;0;1;0;0
30/07/2016;11:14:00;144;Acidente sem Vítima - TRECHO CONTORNO;287;BR-101/ES;Norte;Colisão Lateral;1;0;1;0;0;0;;;;;2;0;0;0;0
30/07/2016;14:13:00;204;Acidente sem Vítima - TRECHO CONTORNO;283;BR-101/ES;Norte;Saída de Pista;1;0;0;0;0;0;;;;;1;0;0;0;0
31/07/2016;00:51:00;18;Acidente com vítima;148;BR-101/ES;Norte;Choque com Objeto Fixo;1;0;0;0;0;0;;;;;0;1;0;0;0
31/07/2016;01:42:00;37;Atropelamento com Morte;381;BR-101/ES;Sul;Atropelamento;0;0;0;0;1;0;;;;;6;0;0;0;1
31/07/2016;07:39:00;87;Acidente com vítima;270,5;BR-101/ES;Sul;Colisão Lateral;0;0;0;2;0;0;;;;;0;2;1;0;0
31/07/2016;13:32:00;198;Acidente sem Vítima;241;BR-101/ES;Norte;Colisão Lateral;2;0;0;0;0;0;;;;;4;0;0;0;0
31/07/2016;13:56:00;203;Acidente com vítima;182;BR-101/ES;Norte;Saída de Pista;1;0;0;0;0;0;;;;;0;2;0;0;0
31/07/2016;15:42:00;235;Acidente com vítima;311;BR-101/ES;Sul;Queda de Moto;0;0;0;1;0;0;;;;;1;1;0;0;0
31/07/2016;20:44:00;325;Acidente com vítima;126;BR-101/ES;Sul;Queda de Moto;0;0;0;1;0;0;;;;;0;1;0;0;0
31/07/2016;21:45:00;336;Atropelamento sem Morte;66;BR-101/ES;Norte;Atropelamento;0;0;0;1;0;0;;;;;0;0;3;0;0
31/07/2016;22:14:00;342;Acidente sem Vítima;223;BR-101/ES;Norte;Saída de Pista;1;0;0;0;0;0;;;;;1;0;0;0;0
31/07/2016;06:07:00;75;Acidente sem Vítima - TRECHO CONTORNO;289;BR-101/ES;Sul;Saída de Pista;1;0;0;0;0;0;;;;;2;0;0;0;0
01/08/2016;06:59:00;84;Acidente sem vítima;146;BR-101/ES;Sul;Colisão Lateral;1;0;0;0;1;0;;;;;2;0;0;0;0
01/08/2016;07:19:00;88;Acidente sem vítima;219,8;BR-101/ES;Norte;Colisão Transversal;1;0;2;0;0;0;;;;;2;0;0;0;0
01/08/2016;07:30:00;94;Acidente sem vítima;269;BR-101/ES;Norte;Engavetamento;3;0;0;0;0;0;;;;;3;0;0;0;0
01/08/2016;08:24:00;112;Atropelamento sem morte;266;BR-101/ES;Sul;Atropelamento;1;0;0;0;0;0;;;;;1;1;0;0;0
01/08/2016;14:50:00;277;Acidente sem vítima;323;BR-101/ES;Sul;Colisão Traseira;2;0;0;0;0;0;;;;;2;0;0;0;0
01/08/2016;19:11:00;338;Acidente sem vítima;260;BR-101/ES;Norte;Choque;4;0;0;0;0;0;;;;;6;0;0;0;0
01/08/2016;19:17:00;339;Acidente com vítima;203,5;BR-101/ES;Norte;Queda de ciclista;0;1;0;0;0;0;;;;;0;1;0;0;0
01/08/2016;23:21:00;397;Acidente sem vítima;333;BR-101/ES;Sul;Colisão Traseira;2;0;0;0;0;0;;;;;3;0;0;0;0