data;horario;n_da_ocorrencia;tipo_de_ocorrencia;km;trecho;sentido;tipo_de_acidente;automovel;bicicleta;caminhao;moto;onibus;outros;tracao_animal;transporte_de_cargas_especiais;trator_maquinas;utilitarios;ilesos;levemente_feridos;moderadamente_feridos;gravemente_feridos;mortos
19/08/2016;21:58:00;380;Acidente sem vítima;147;BR-101/ES;Norte;Queda de Moto;0;0;0;1;0;0;;;;;1;0;0;0;0
19/08/2016;17:15:00;312;Acidente sem vítima - TRECHO CONTORNO;283;BR-101/ES;Norte;Saída de Pista;1;0;0;0;0;0;;;;;1;0;0;0;0
20/08/2016;00:50:00;18;Acidente sem vítima;215;BR-101/ES;Sul;Capotamento;1;0;0;0;0;0;;;;;1;0;0;0;0
20/08/2016;04:35:00;51;Acidente sem vítima;264;BR-101/ES;Norte;Colisão Transversal;1;0;1;0;0;0;;;;;1;0;0;0;0
20/08/2016;05:05:00;55;Acidente sem vítima;259;BR-101/ES;Norte;Saída de Pista;1;0;0;0;0;0;;;;;2;0;0;0;0
20/08/2016;05:39:00;64;Acidente sem vítima;332;BR-101/ES;Sul;Saída de Pista;1;0;0;0;0;0;;;;;1;0;0;0;0
20/08/2016;07:39:00;87;Acidente sem vítima;94;BR-101/ES;Sul;Veículo em Chamas;1;0;0;0;0;0;;;;;2;0;0;0;0
20/08/2016;08:59:00;111;Acidente com vítima;270;BR-101/ES;Sul;Queda de Moto;0;0;0;1;0;0;;;;;1;0;1;0;0
20/08/2016;09:22:00;119;Acidente com vítima;340;BR-101/ES;Norte;Choque com Objeto Fixo;1;0;0;0;0;0;;;;;2;2;1;0;0
20/08/2016;09:55:00;128;Acidente sem vítima;259;BR-101/ES;Sul;Colisão Traseira;1;0;0;1;0;0;;;;;3;0;0;0;0
20/08/2016;14:00:00;238;Acidente com vítima;269;BR-101/ES;Sul;Colisão Transversal;1;0;0;1;0;0;;;;;1;0;1;0;0
20/08/2016;16:33:00;286;Acidente sem vítima;255;BR-101/ES;Sul;Colisão Traseira;2;0;0;0;0;0;;;;;5;0;0;0;0
20/08/2016;17:21:00;300;Acidente com vítima;386;BR-101/ES;Norte;Saída de Pista;0;0;0;1;0;0;;;;;0;0;1;0;0
20/08/2016;23:34:00;377;Acidente com morte;41;BR-101/ES;Sul;Colisão Frontal;1;0;0;1;0;0;;;;;1;1;2;0;1
20/08/2016;00:18:00;4;Acidente sem vítima - TRECHO CONTORNO;286;BR-101/ES;Norte;Atropelamento Animal;0;0;1;0;0;0;;;;;1;0;0;0;0
21/08/2016;01:00:00;16;Acidente sem vítima;145;BR-101/ES;Norte;Colisão Traseira;1;0;0;1;0;0;;;;;2;0;0;0;0
21/08/2016;01:21:00;18;Acidente com vítima;240;BR-101/ES;Norte;Choque com Objeto Fixo;1;0;0;0;0;0;;;;;1;1;0;0;0
21/08/2016;01:39:00;19;Acidente com vítima;162,5;BR-101/ES;Sul;Colisão Frontal;1;0;0;1;0;0;;;;;0;2;0;2;0
21/08/2016;01:40:00;20;Acidente sem vítima;397;BR-101/ES;Sul;Saída de Pista;1;0;0;0;0;0;;;;;2;0;0;0;0
21/08/2016;02:24:00;26;Acidente sem vítima;212;BR-101/ES;Norte;Saída de Pista;1;0;0;0;0;0;;;;;1;0;0;0;0
21/08/2016;15:20:00;197;Acidente sem vítima;297;BR-101/ES;Norte;Colisão Traseira;2;0;0;0;0;0;;;;;5;0;0;0;0
21/08/2016;16:35:00;218;Acidente sem vítima;266;BR-101/ES;Norte;Colisão Traseira;2;0;0;0;0;0;;;;;4;0;0;0;0
21/08/2016;17:44:00;244;Atropelamento com morte;331;BR-101/ES;Sul;Atropelamento;1;0;0;0;0;0;;;;;0;1;2;0;1
21/08/2016;21:35:00;291;Acidente sem vítima;242;BR-101/ES;Sul;Colisão Traseira;2;0;2;0;0;0;;;;;5;0;0;0;0
21/08/2016;03:19:00;30;Acidente com vítima - TRECHO CONTORNO;289;BR-101/ES;Sul;Queda de Moto;0;0;0;1;0;0;;;;;1;1;0;0;0
21/08/2016;19:05:00;258;Acidente sem vítima - TRECHO CONTORNO;294;BR-101/ES;Sul;Capotamento;1;0;0;0;0;0;;;;;1;0;0;0;0
22/08/2016;06:14:00;42;Acidente sem vítima;263;BR-101/ES;Sul;Colisão Traseira;0;0;2;0;0;0;;;;;2;0;0;0;0
22/08/2016;06:18:00;43;Acidente com morte;306;BR-101/ES;Norte;Colisão Frontal;1;0;0;2;0;0;;;;;1;1;0;1;1
22/08/2016;15:02:00;214;Acidente sem vítima;42;BR-101/ES;Norte;Veículo em Chamas;0;0;1;0;0;0;;;;;2;0;0;0;0
22/08/2016;15:39:00;226;Acidente sem vítima;217;BR-101/ES;Sul;Queda de Moto;0;0;0;1;0;0;;;;;2;0;0;0;0
22/08/2016;17:04:00;252;Acidente sem vítima;230;BR-101/ES;Norte;Colisão Traseira;2;0;0;0;0;0;;;;;5;0;0;0;0
22/08/2016;21:12:00;299;Acidente sem vítima;376,5;BR-101/ES;Sul;Colisão Traseira;0;0;3;0;0;0;;;;;2;0;0;0;0
22/08/2016;10:21:00;107;Acidente com vítima - TRECHO CONTORNO;296;BR-101/ES;Sul;Queda de Moto;0;0;0;1;0;0;;;;;0;1;0;0;0
23/08/2016;04:48:00;46;Acidente sem vítima;238;BR-101/ES;Norte;Colisão Traseira;1;0;0;0;0;1;;;;;4;0;0;0;0
23/08/2016;10:26:00;158;Acidente sem vítima;68;BR-101/ES;Sul;Choque com Objeto Fixo;1;0;0;0;0;0;;;;;2;0;0;0;0
23/08/2016;13:34:00;251;Acidente com vítima;266;BR-101/ES;Sul;Colisão Transversal;0;0;0;1;1;0;;;;;2;0;1;0;0
23/08/2016;18:14:00;315;Acidente com vítima;146;BR-101/ES;Norte;Colisão Transversal;1;0;0;1;0;0;;;;;2;1;0;0;0
23/08/2016;18:30:00;319;Acidente com vítima;117;BR-101/ES;Sul;Queda de Moto;1;0;0;0;0;0;;;;;0;0;1;0;0
23/08/2016;07:23:00;80;Acidente sem vítima - TRECHO CONTORNO;285;BR-101/ES;Norte;Queda de Moto;0;0;0;1;0;0;;;;;1;0;0;0;0
23/08/2016;16:11:00;280;Acidente sem vítima - TRECHO CONTORNO;296;BR-101/ES;Norte;Colisão Lateral;2;0;0;0;0;0;;;;;4;0;0;0;0
24/08/2016;06:50:00;55;Acidente sem vítima;266;BR-101/ES;Sul;Colisão Traseira;2;0;0;0;0;0;;;;;2;0;0;0;0
24/08/2016;11:02:00;163;Acidente com vítima;254;BR-101/ES;Norte;Queda de Moto;0;0;0;1;0;0;;;;;0;2;0;0;0
24/08/2016;14:43:00;250;Acidente com vítima;264;BR-101/ES;Sul;Colisão Transversal;1;0;0;1;0;0;;;;;0;0;1;0;0
24/08/2016;14:56:00;256;Acidente com vítima;236;BR-101/ES;Norte;Colisão Lateral;2;0;2;0;0;0;;;;;4;1;0;0;0
24/08/2016;18:47:00;312;Acidente sem vítima;269;BR-101/ES;Sul;Colisão Traseira;0;0;4;0;0;0;;;;;2;0;0;0;0
24/08/2016;18:51:00;313;Acidente sem vítima;214;BR-101/ES;Norte;Colisão Transversal;1;0;0;1;0;0;;;;;3;0;0;0;0
24/08/2016;10:59:00;161;Acidente com vítima - TRECHO CONTORNO;289;BR-101/ES;Norte;Queda de Moto;0;0;0;1;0;0;;;;;0;0;1;0;0
25/08/2016;01:26:00;22;Acidente sem vítima;458;BR-101/ES;Sul;Saída de Pista;1;0;0;0;0;0;;;;;2;0;0;0;0
25/08/2016;08:00:00;103;Acidente sem vítima;270;BR-101/ES;Sul;Colisão Lateral;0;0;0;1;1;0;;;;;3;0;0;0;0
25/08/2016;08:54:00;124;Acidente com vítima;270;BR-101/ES;Sul;Colisão Lateral;1;0;0;1;0;0;;;;;4;0;1;0;0
25/08/2016;10:41:00;158;Acidente sem vítima;266;BR-101/ES;Sul;Engavetamento;2;0;1;0;0;0;;;;;4;0;0;0;0
25/08/2016;13:28:00;246;Acidente sem vítima;6,5;BR-101/ES;Sul;Saída de Pista;1;0;0;0;0;0;;;;;1;0;0;0;0
25/08/2016;17:00:00;323;Acidente com vítima;67;BR-101/ES;Sul;Colisão Traseira;1;0;0;1;0;0;;;;;1;0;1;0;0
25/08/2016;18:09:00;349;Acidente com vítima;267;BR-101/ES;Sul;Colisão;0;1;0;1;0;0;;;;;0;0;0;2;0
25/08/2016;20:40:00;372;Acidente sem vítima;243;BR-101/ES;Sul;Saída de Pista;1;0;0;0;0;0;;;;;1;0;0;0;0
26/08/2016;05:44:00;46;Acidente sem vítima;255;BR-101/ES;Sul;Colisão Traseira;1;0;1;0;0;0;;;;;2;0;0;0;0
26/08/2016;10:20:00;142;Acidente com vítima;149;BR-101/ES;Sul;Queda de Moto;0;0;0;1;0;0;;;;;0;0;1;0;0
26/08/2016;12:04:00;203;Atropelamento sem morte;270;BR-101/ES;Sul;Atropelamento;1;0;0;0;0;0;;;;;2;1;0;0;0
26/08/2016;13:01:00;228;Acidente sem vítima;270,8;BR-101/ES;Norte;Colisão Traseira;1;0;2;0;0;0;;;;;3;0;0;0;0
26/08/2016;13:04:00;230;Acidente com vítima;66;BR-101/ES;Norte;Queda de Moto;0;0;0;1;0;0;;;;;0;2;0;0;0
26/08/2016;13:58:00;255;Acidente sem vítima;338;BR-101/ES;Norte;Colisão Traseira;2;0;0;0;0;0;;;;;3;0;0;0;0
26/08/2016;14:50:00;275;Acidente sem vítima;263;BR-101/ES;Norte;Colisão Traseira;0;0;1;0;1;0;;;;;3;0;0;0;0
26/08/2016;17:06:00;326;Acidente com vítima;451;BR-101/ES;Sul;Colisão Lateral;1;0;1;0;0;0;;;;;1;2;0;0;0
26/08/2016;17:24:00;337;Acidente sem vítima;230;BR-101/ES;Sul;Colisão Traseira;2;0;0;0;0;0;;;;;3;0;0;0;0
26/08/2016;18:02:00;351;Atropelamento com morte;323;BR-101/ES;Norte;Atropelamento;0;0;0;1;0;0;;;;;0;0;1;0;1
26/08/2016;18:14:00;354;Acidente sem vítima;267,5;BR-101/ES;Norte;Colisão Lateral;1;0;0;1;0;0;;;;;3;0;0;0;0
26/08/2016;18:51:00;360;Acidente sem vítima;160;BR-101/ES;Norte;Saída de Pista;1;0;0;0;0;0;;;;;1;0;0;0;0
26/08/2016;20:21:00;371;Acidente sem vítima;128;BR-101/ES;Norte;Colisão Lateral;2;0;0;0;0;0;;;;;2;0;0;0;0
26/08/2016;22:02:00;395;Atropelamento sem morte;358;BR-101/ES;Sul;Atropelamento e Fuga;1;0;0;0;0;0;;;;;0;0;0;1;0
27/08/2016;03:24:00;33;Acidente com morte;265,4;BR-101/ES;Norte;Colisão Transversal;1;1;0;0;0;0;;;;;1;0;0;0;1
27/08/2016;04:55:00;41;Acidente sem vítima;269;BR-101/ES;Norte;Colisão Transversal;2;0;0;0;0;0;;;;;2;0;0;0;0
27/08/2016;05:01:00;42;Acidente com vítima;233;BR-101/ES;Sul;Colisão Traseira;1;0;2;0;0;0;;;;;1;0;1;0;0
27/08/2016;10:42:00;142;Acidente com vítima;4,5;BR-101/ES;Sul;Queda de Moto;0;0;0;1;0;0;;;;;0;1;0;0;0
27/08/2016;10:51:00;146;Acidente sem vítima;16;BR-101/ES;Norte;Colisão Lateral;1;0;0;0;1;0;;;;;2;0;0;0;0
27/08/2016;12:00:00;184;Acidente com vítima;163;BR-101/ES;Sul;Queda de ciclista;0;1;0;0;0;0;;;;;0;1;0;0;0
27/08/2016;12:55:00;215;Acidente sem vítima;363;BR-101/ES;Norte;Colisão Transversal;1;0;2;0;0;0;;;;;3;0;0;0;0
27/08/2016;14:21:00;244;Acidente com vítima;325;BR-101/ES;Sul;Colisão Traseira;1;0;0;1;0;0;;;;;3;0;1;0;0
27/08/2016;16:35:00;275;Acidente com vítima;144,5;BR-101/ES;Norte;Colisão Lateral;1;0;0;1;0;0;;;;;1;0;1;0;0
27/08/2016;16:40:00;277;Acidente com vítima;362;BR-101/ES;Norte;Colisão Frontal;1;0;2;0;0;0;;;;;2;0;0;1;0
27/08/2016;16:49:00;281;Acidente com vítima;232;BR-101/ES;Sul;Colisão Transversal;0;0;0;2;0;0;;;;;1;0;1;0;0
27/08/2016;17:42:00;296;Acidente com vítima;69;BR-101/ES;Norte;Colisão Transversal;1;0;0;2;0;0;;;;;4;0;0;1;0
27/08/2016;19:26:00;314;Acidente sem vítima;206;BR-101/ES;Sul;Atropelamento Animal;1;0;0;0;0;0;;;;;3;0;0;0;0
27/08/2016;21:52:00;343;Acidente sem vítima;149;BR-101/ES;Sul;Colisão Lateral;1;0;0;1;0;0;;;;;2;0;0;0;0
27/08/2016;21:54:00;344;Acidente sem vítima;14;BR-101/ES;Sul;Colisão Traseira;2;0;0;0;0;0;;;;;2;0;0;0;0
27/08/2016;08:07:00;85;Acidente com vítima - TRECHO CONTORNO;292;BR-101/ES;Norte;Colisão Transversal;1;0;0;1;0;0;;;;;1;0;1;0;0
28/08/2016;00:02:00;1;Acidente sem vítima;265;BR-101/ES;Norte;Choque com Objeto Fixo;1;0;0;0;0;0;;;;;1;0;0;0;0
28/08/2016;05:18:00;51;Acidente com vítima;147;BR-101/ES;Sul;Colisão Traseira;2;0;0;0;0;0;;;;;0;3;0;0;0
28/08/2016;06:16:00;56;Acidente sem vítima;145;BR-101/ES;Norte;Colisão Lateral;1;0;0;0;1;0;;;;;3;0;0;0;0
28/08/2016;08:28:00;85;Acidente sem vítima;264;BR-101/ES;Norte;Saída de Pista;1;0;0;0;0;0;;;;;1;0;0;0;0
28/08/2016;11:25:00;139;Acidente com vítima;376;BR-101/ES;Norte;Queda de Moto;0;0;0;1;0;0;;;;;0;0;1;0;0
28/08/2016;13:46:00;194;Acidente com vítima;104,5;BR-101/ES;Norte;Saída de Pista;1;0;0;0;0;0;;;;;0;0;1;0;0
28/08/2016;16:08:00;237;Acidente com vítima;31,5;BR-101/ES;Norte;Saída de Pista;1;0;0;0;0;0;;;;;0;0;1;0;0
28/08/2016;16:38:00;250;Acidente sem vítima;307;BR-101/ES;Sul;Queda de Moto;0;0;0;1;0;0;;;;;1;0;0;0;0
28/08/2016;17:51:00;270;Acidente sem vítima;261;BR-101/ES;Norte;Colisão Traseira;2;0;0;0;0;0;;;;;8;0;0;0;0
28/08/2016;14:22:00;210;Acidente sem vítima - TRECHO CONTORNO;287;BR-101/ES;Norte;Colisão Traseira;1;0;3;0;0;0;;;;;4;0;0;0;0
29/08/2016;07:35:00;88;Acidente sem vítima;264,8;BR-101/ES;Sul;Engavetamento;2;0;0;0;0;1;;;;;3;0;0;0;0
29/08/2016;10:39:00;154;Acidente sem vítima;4,5;BR-101/ES;Norte;Saída de Pista;1;0;0;0;0;0;;;;;1;0;0;0;0
29/08/2016;11:08:00;170;Acidente com vítima;220;BR-101/ES;Sul;Queda de Moto;0;0;0;1;0;0;;;;;0;1;0;0;0
29/08/2016;13:00:00;233;Acidente sem vítima;270;BR-101/ES;Norte;Queda de Moto;1;0;0;1;0;0;;;;;2;0;0;0;0
29/08/2016;13:01:00;234;Acidente com morte;376;BR-101/ES;Norte;Queda de ciclista;0;1;2;0;0;0;;;;;0;1;0;0;1
29/08/2016;13:50:00;253;Acidente sem vítima;270;BR-101/ES;Norte;Colisão Traseira;1;0;2;0;0;0;;;;;2;0;0;0;0
29/08/2016;14:30:00;266;Acidente sem vítima;262;BR-101/ES;Norte;Colisão Traseira;2;0;0;0;0;0;;;;;2;0;0;0;0
29/08/2016;19:30:00;339;Acidente sem vítima;230;BR-101/ES;Sul;Colisão Traseira;1;0;2;0;0;0;;;;;2;0;0;0;0
29/08/2016;19:49:00;344;Acidente sem vítima;461;BR-101/ES;Sul;Saída de Pista;1;0;0;0;0;0;;;;;1;0;0;0;0
29/08/2016;20:14:00;348;Acidente com vítima;125;BR-101/ES;Norte;Queda de Moto;0;0;0;1;0;0;;;;;0;0;1;0;0
29/08/2016;07:43:00;91;Acidente com vítima - TRECHO CONTORNO;287;BR-101/ES;Norte;Colisão Lateral;0;0;1;1;0;0;;;;;0;0;1;0;0
29/08/2016;08:11:00;106;Acidente sem vítima - TRECHO CONTORNO;287;BR-101/ES;Norte;Colisão Traseira;2;0;0;0;0;0;;;;;2;0;0;0;0
29/08/2016;13:25:00;239;Acidente com vítima - TRECHO CONTORNO;277;BR-101/ES;Norte;Queda de Moto;0;0;0;1;0;0;;;;;0;0;1;0;0
30/08/2016;10:10:00;132;Acidente sem vítima;265;BR-101/ES;Norte;Colisão Lateral;1;0;2;0;0;0;;;;;3;0;0;0;0
30/08/2016;11:23:00;169;Acidente com vítima;345,5;BR-101/ES;Norte;Saída de Pista;0;0;0;1;0;0;;;;;0;1;0;0;0
30/08/2016;13:57:00;230;Acidente com vítima;98,2;BR-101/ES;Norte;Colisão Lateral;1;0;4;0;0;0;;;;;1;0;1;0;0
30/08/2016;14:57:00;244;Acidente sem vítima;297,5;BR-101/ES;Norte;Choque;4;0;0;0;0;0;;;;;6;0;0;0;0
30/08/2016;18:18:00;302;Acidente sem vítima;146;BR-101/ES;Norte;Colisão Transversal;0;0;0;2;0;0;;;;;2;0;0;0;0
30/08/2016;18:40:00;306;Acidente com vítima;146;BR-101/ES;Sul;Queda de Moto;0;0;0;1;0;0;;;;;0;1;0;0;0
30/08/2016;19:38:00;317;Acidente com vítima;266;BR-101/ES;Norte;Colisão Transversal;0;1;0;1;0;0;;;;;0;0;2;0;0
30/08/2016;22:02:00;348;Acidente sem vítima;452;BR-101/ES;Norte;Colisão Traseira;0;0;4;0;0;0;;;;;2;0;0;0;0
30/08/2016;22:16:00;349;Acidente com vítima;147;BR-101/ES;Norte;Colisão Transversal;1;0;0;1;0;0;;;;;1;2;0;0;0
30/08/2016;23:08:00;360;Acidente sem vítima;270;BR-101/ES;Norte;Choque com Objeto Fixo;1;0;0;0;0;0;;;;;1;0;0;0;0
30/08/2016;00:34:00;10;Acidente com vítima - TRECHO CONTORNO;286;BR-101/ES;Sul;Queda de Moto;0;0;0;1;0;0;;;;;0;2;0;0;0
30/08/2016;08:08:00;90;Acidente sem vítima - TRECHO CONTORNO;295,5;BR-101/ES;Norte;Capotamento;1;0;0;0;0;0;;;;;1;0;0;0;0
30/08/2016;16:18:00;269;Acidente sem vítima - TRECHO CONTORNO;290;BR-101/ES;Norte;Colisão Traseira;1;0;0;1;0;0;;;;;3;0;0;0;0
31/08/2016;06:46:00;62;Acidente com vítima;243,5;BR-101/ES;Sul;Colisão Traseira;2;0;0;0;0;0;;;;;3;0;1;0;0
31/08/2016;07:03:00;64;Acidente com vítima;140;BR-101/ES;Sul;Queda de Moto;0;0;0;1;0;0;;;;;0;1;0;0;0
31/08/2016;10:35:00;145;Acidente sem vítima;184;BR-101/ES;Norte;Saída de Pista;1;0;1;0;0;0;;;;;3;0;0;0;0
31/08/2016;12:25:00;213;Acidente sem vítima;939;BR-101/BA;Norte;Colisão Traseira;2;0;0;0;0;0;;;;;4;0;0;0;0
31/08/2016;12:37:00;219;Acidente sem vítima;184;BR-101/ES;Norte;Colisão Lateral;1;0;2;0;0;0;;;;;2;0;0;0;0
31/08/2016;17:40:00;319;Acidente com vítima;142;BR-101/ES;Norte;Queda de Moto;0;0;0;1;0;0;;;;;0;1;0;0;0
31/08/2016;18:12:00;325;Acidente com vítima;299;BR-101/ES;Norte;Choque com Objeto Fixo;0;0;0;1;0;0;;;;;0;0;0;1;0
31/08/2016;19:14:00;331;Acidente com vítima;149,5;BR-101/ES;Sul;Colisão Transversal;0;0;0;2;0;0;;;;;1;2;0;0;0
31/08/2016;19:43:00;336;Acidente sem vítima;69;BR-101/ES;Sul;Colisão Transversal;2;0;2;0;0;0;;;;;3;0;0;0;0
31/08/2016;20:14:00;342;Acidente sem vítima;346;BR-101/ES;Sul;Saída de Pista;1;0;0;0;0;0;;;;;1;0;0;0;0
31/08/2016;22:19:00;364;Acidente com vítima;316;BR-101/ES;Sul;Saída de Pista;1;0;0;0;0;0;;;;;0;2;0;0;0
31/08/2016;22:23:00;365;Acidente com vítima;266;BR-101/ES;Sul;Colisão Transversal;2;0;0;0;0;0;;;;;3;1;0;0;0
31/08/2016;09:18:00;117;Acidente com vítima - TRECHO CONTORNO;285;BR-101/ES;Norte;Capotamento;1;0;0;0;0;0;;;;;4;0;1;0;0
01/09/2016;05:09:00;46;Acidente sem vítima;55;BR-101/ES;Sul;Colisão Traseira;0;0;5;0;0;0;;;;;2;0;0;0;0
01/09/2016;08:16:00;94;Acidente sem vítima;260;BR-101/ES;Norte;Colisão Traseira;2;0;0;0;0;0;;;;;3;0;0;0;0
01/09/2016;09:01:00;107;Acidente sem vítima;448;BR-101/ES;Norte;Saída de Pista;1;0;0;0;0;0;;;;;2;0;0;0;0
01/09/2016;09:12:00;112;Acidente sem vítima;434;BR-101/ES;Norte;Colisão Lateral;2;0;0;0;0;0;;;;;3;0;0;0;0
01/09/2016;09:43:00;123;Acidente sem vítima;458;BR-101/ES;Norte;Saída de Pista;0;0;2;0;0;0;;;;;1;0;0;0;0
01/09/2016;13:25:00;214;Acidente sem vítima;264;BR-101/ES;Sul;Engavetamento;3;0;0;0;0;0;;;;;4;0;0;0;0
01/09/2016;14:28:00;237;Acidente sem vítima;371;BR-101/ES;Norte;Colisão Transversal;2;0;0;0;0;0;;;;;3;0;0;0;0
01/09/2016;16:37:00;280;Acidente sem vítima;66;BR-101/ES;Norte;Colisão Transversal;1;0;1;0;0;0;;;;;2;0;0;0;0
01/09/2016;17:30:00;297;Acidente sem vítima;75;BR-101/ES;Sul;Saída de Pista;1;0;0;0;0;0;;;;;2;0;0;0;0
01/09/2016;17:36:00;300;Acidente com vítima;153,8;BR-101/ES;Norte;Colisão Traseira;1;0;0;1;0;0;;;;;1;0;2;0;0
01/09/2016;18:23:00;310;Acidente com vítima;268;BR-101/ES;Norte;Colisão;0;1;0;1;0;0;;;;;0;0;2;0;0
01/09/2016;18:55:00;321;Acidente com vítima;395;BR-101/ES;Sul;Colisão Transversal;1;0;0;1;0;0;;;;;1;0;1;1;0
01/09/2016;17:23:00;291;Acidente com vítima;279;BR-101/ES;Norte;Queda de Moto;0;0;0;1;0;0;;;;;0;0;1;0;0
02/09/2016;00:42:00;13;Acidente sem vítima;194;BR-101/ES;Norte;Veículo em Chamas;0;0;2;0;0;0;;;;;1;0;0;0;0
02/09/2016;13:26:00;236;Acidente sem vítima;213;BR-101/ES;Sul;Colisão Lateral;2;0;0;0;0;0;;;;;2;0;0;0;0
02/09/2016;14:12:00;252;Acidente com vítima;181;BR-101/ES;Norte;Colisão Transversal;0;0;0;2;0;0;;;;;0;2;0;0;0
02/09/2016;17:13:00;334;Acidente com vítima;253;BR-101/ES;Sul;Colisão Transversal;1;0;0;1;0;0;;;;;4;0;1;0;0
02/09/2016;18:01:00;351;Acidente com vítima;299;BR-101/ES;Sul;Colisão Traseira;1;0;0;2;0;0;;;;;3;0;1;0;0
02/09/2016;18:09:00;353;Acidente sem vítima;371;BR-101/ES;Sul;Saída de Pista;1;0;0;0;0;0;;;;;1;0;0;0;0
02/09/2016;18:36:00;357;Acidente sem vítima;266;BR-101/ES;Sul;Colisão Lateral;1;0;0;1;0;0;;;;;4;0;0;0;0
02/09/2016;22:56:00;418;Acidente sem vítima;270;BR-101/ES;Sul;Choque com Objeto Fixo;1;0;0;0;0;0;;;;;3;0;0;0;0
02/09/2016;06:01:00;60;Acidente sem vítima;271;BR-101/ES;Sul;Colisão;0;1;0;0;1;0;;;;;3;0;0;0;0
03/09/2016;00:52:00;23;Acidente sem vítima;92;BR-101/ES;Sul;Colisão Frontal;2;0;0;0;0;0;;;;;2;0;0;0;0
03/09/2016;01:21:00;27;Acidente com vítima;20;BR-101/ES;Sul;Queda de Moto;0;0;0;1;0;0;;;;;0;1;0;0;0
03/09/2016;04:10:00;49;Acidente sem vítima;238;BR-101/ES;Sul;Saída de Pista;1;0;0;0;0;0;;;;;1;0;0;0;0
03/09/2016;05:07:00;55;Acidente com vítima;265;BR-101/ES;Sul;Engavetamento;3;0;0;0;0;0;;;;;8;0;1;0;0
03/09/2016;05:41:00;60;Acidente sem vítima;213;BR-101/ES;Sul;Colisão Transversal;2;0;0;0;0;0;;;;;7;0;0;0;0
03/09/2016;06:17:00;62;Acidente sem vítima;342,5;BR-101/ES;Sul;Saída de Pista;1;0;0;0;0;0;;;;;1;0;0;0;0
03/09/2016;11:16:00;147;Acidente sem vítima;298,5;BR-101/ES;Sul;Colisão Traseira;2;0;0;0;0;0;;;;;7;0;0;0;0
03/09/2016;11:53:00;173;Acidente sem vítima;301;BR-101/ES;Sul;Colisão Traseira;2;0;0;0;0;0;;;;;2;0;0;0;0
03/09/2016;13:24:00;221;Acidente com vítima;265,5;BR-101/ES;Sul;Colisão Traseira;1;0;0;1;0;0;;;;;1;0;1;0;0
03/09/2016;14:23:00;244;Acidente com vítima;299;BR-101/ES;Sul;Colisão Traseira;0;0;0;2;0;0;;;;;1;0;1;0;0
03/09/2016;18:17:00;310;Acidente com vítima;269;BR-101/ES;Norte;Colisão Transversal;1;0;0;1;0;0;;;;;3;1;1;0;0
03/09/2016;18:34:00;312;Acidente com vítima;148;BR-101/ES;Norte;Colisão Traseira;2;0;0;0;0;0;;;;;0;1;1;0;0
03/09/2016;19:39:00;321;Acidente com vítima;62;BR-101/ES;Sul;Colisão;0;1;1;0;0;0;;;;;1;0;0;1;0
03/09/2016;19:59:00;325;Acidente sem vítima;62;BR-101/ES;Sul;Colisão Lateral;1;0;3;0;0;0;;;;;2;0;0;0;0
03/09/2016;21:45:00;342;Acidente sem vítima;0,1;BR-101/ES;Sul;Colisão Transversal;1;0;4;0;0;0;;;;;2;0;0;0;0
03/09/2016;22:48:00;357;Acidente sem vítima;125;BR-101/ES;Norte;Queda de Moto;1;0;0;0;0;0;;;;;1;0;0;0;0
03/09/2016;07:11:00;68;Acidente sem vítima;271;BR-101/ES;Norte;Colisão Traseira;2;0;0;0;0;0;;;;;3;0;0;0;0
04/09/2016;00:22:00;5;Acidente com vítima;300;BR-101/ES;Norte;Queda de Moto;0;0;0;1;0;0;;;;;0;1;0;0;0
04/09/2016;00:34:00;14;Acidente com morte;299;BR-101/ES;Norte;Choque com Objeto Fixo;1;0;0;0;0;0;;;;;0;0;1;0;1
04/09/2016;09:21:00;89;Acidente com morte;446;BR-101/ES;Norte;Colisão Frontal;1;0;1;0;0;0;;;;;1;0;0;0;1
04/09/2016;13:08:00;163;Atropelamento com morte;258;BR-101/ES;Norte;Atropelamento;1;0;0;0;0;0;;;;;1;0;0;0;1
04/09/2016;15:03:00;198;Acidente com vítima;34;BR-101/ES;Norte;Saída de Pista;1;0;0;0;0;0;;;;;0;0;0;1;0
04/09/2016;15:51:00;211;Acidente sem vítima;139;BR-101/ES;Norte;Saída de Pista;1;0;0;0;0;0;;;;;2;0;0;0;0
04/09/2016;19:48:00;264;Acidente com vítima;214;BR-101/ES;Norte;Queda de Moto;0;0;0;1;0;0;;;;;0;0;1;0;0
04/09/2016;20:26:00;270;Acidente sem vítima;315;BR-101/ES;Norte;Colisão Lateral;2;0;0;0;0;0;;;;;8;0;0;0;0
04/09/2016;22:51:00;294;Acidente com vítima;144;BR-101/ES;Norte;Queda de Moto;0;0;0;1;0;0;;;;;0;1;0;0;0
04/09/2016;23:40:00;304;Acidente com vítima;258;BR-101/ES;Norte;Atropelamento de Equino;1;0;0;0;0;0;;;;;2;1;0;0;0
04/09/2016;09:24:00;90;Acidente sem vítima;271;BR-101/ES;Norte;Colisão Traseira;2;0;0;0;0;0;;;;;3;0;0;0;0