data;horario;n_da_ocorrencia;tipo_de_ocorrencia;km;trecho;sentido;tipo_de_acidente;automovel;bicicleta;caminhao;moto;onibus;outros;tracao_animal;transporte_de_cargas_especiais;trator_maquinas;utilitarios;ilesos;levemente_feridos;moderadamente_feridos;gravemente_feridos;mortos
04/09/2016;09:34:00;91;Acidente sem vítima;286;BR-101/ES;Norte;Choque com Objeto Fixo;1;0;0;0;1;0;;;;;2;0;0;0;0
04/09/2016;10:01:00;93;Acidente sem vítima;289;BR-101/ES;Sul;Choque com Objeto Fixo;1;0;0;0;0;0;;;;;1;0;0;0;0
05/09/2016;08:16:00;99;Acidente sem vítima;377;BR-101/ES;Norte;Saída de Pista;1;0;0;0;0;0;;;;;1;0;0;0;0
05/09/2016;10:06:00;134;Acidente sem vítima;299;BR-101/ES;Norte;Colisão Traseira;2;0;0;0;0;0;;;;;6;0;0;0;0
05/09/2016;11:42:00;188;Acidente com vítima;425;BR-101/ES;Sul;Queda de Moto;0;0;0;1;0;0;;;;;0;0;1;0;0
05/09/2016;13:24:00;231;Acidente com vítima;269;BR-101/ES;Sul;Colisão;1;1;1;1;0;0;;;;;2;0;2;0;0
05/09/2016;18:32:00;317;Acidente com vítima;169;BR-101/ES;Sul;Atropelamento Animal;1;0;0;0;0;0;;;;;0;1;0;0;0
05/09/2016;20:47:00;350;Acidente com vítima;264;BR-101/ES;Sul;Colisão Transversal;1;0;0;1;0;0;;;;;2;0;1;0;0
05/09/2016;07:56:00;90;Acidente com vítima;296;BR-101/ES;Sul;Colisão Traseira;1;0;0;1;0;0;;;;;2;0;1;0;0
05/09/2016;12:04:00;196;Acidente com vítima;288;BR-101/ES;Norte;Queda de Moto;0;0;0;1;0;0;;;;;0;0;1;0;0
05/09/2016;14:35:00;251;Acidente com vítima;293;BR-101/ES;Norte;Choque com Objeto Fixo;1;0;0;0;0;0;;;;;0;0;1;0;0
05/09/2016;21:53:00;357;Acidente com vítima;293;BR-101/ES;Sul;Queda de ciclista;0;1;0;0;0;0;;;;;0;0;1;0;0
06/09/2016;08:16:00;127;Acidente com vítima;313,4;BR-101/ES;Sul;Queda de Moto;0;0;0;1;0;0;;;;;0;0;2;0;0
06/09/2016;12:05:00;233;Acidente sem vítima;229;BR-101/ES;Norte;Queda de Moto;0;0;0;1;0;0;;;;;1;0;0;0;0
06/09/2016;13:30:00;281;Acidente sem vítima;399;BR-101/ES;Norte;Colisão Traseira;2;0;0;0;0;0;;;;;4;0;0;0;0
06/09/2016;15:26:00;334;Acidente sem vítima;69;BR-101/ES;Norte;Colisão Traseira;2;0;0;0;0;0;;;;;6;0;0;0;0
06/09/2016;19:13:00;411;Acidente com vítima;69;BR-101/ES;Norte;Colisão;0;2;0;0;0;0;;;;;1;0;1;0;0
06/09/2016;19:15:00;412;Acidente com vítima;120;BR-101/ES;Norte;Colisão Lateral;3;0;1;0;0;0;;;;;7;1;0;0;0
06/09/2016;19:50:00;421;Acidente com vítima;147;BR-101/ES;Sul;Colisão Transversal;0;0;1;1;0;0;;;;;0;2;1;0;0
06/09/2016;15:35:00;340;Acidente com vítima;290;BR-101/ES;Sul;Colisão Traseira;1;0;0;1;0;0;;;;;0;0;1;0;0
07/09/2016;08:49:00;111;Acidente sem vítima;68;BR-101/ES;Norte;Engavetamento;2;0;1;0;0;0;;;;;8;0;0;0;0
07/09/2016;10:45:00;146;Acidente com vítima;203;BR-101/ES;Sul;Colisão Traseira;1;0;0;1;0;0;;;;;1;0;1;0;0
07/09/2016;11:55:00;178;Acidente sem vítima;195,5;BR-101/ES;Norte;Queda de Moto;0;0;0;1;0;0;;;;;1;0;0;0;0
07/09/2016;17:39:00;291;Acidente com vítima;187;BR-101/ES;Sul;Colisão Traseira;1;0;0;1;0;0;;;;;0;0;1;0;0
07/09/2016;18:42:00;305;Acidente sem vítima;206;BR-101/ES;Norte;Colisão Transversal;1;0;1;0;0;0;;;;;3;0;0;0;0
07/09/2016;10:54:00;149;Acidente sem vítima;271;BR-101/ES;Sul;Queda de Moto;0;0;0;1;0;0;;;;;1;0;0;0;0
08/09/2016;08:32:00;110;Acidente com vítima;414;BR-101/ES;Sul;Colisão Frontal;1;0;1;0;0;0;;;;;2;0;1;0;0
08/09/2016;09:25:00;127;Acidente sem vítima;230;BR-101/ES;Norte;Colisão Lateral;2;0;0;0;0;0;;;;;6;0;0;0;0
08/09/2016;10:48:00;176;Acidente sem vítima;377;BR-101/ES;Sul;Colisão Traseira;1;0;1;0;0;0;;;;;3;0;0;0;0
08/09/2016;11:54:00;208;Acidente sem vítima;264;BR-101/ES;Sul;Saída de Pista;0;0;1;0;0;0;;;;;1;0;0;0;0
08/09/2016;12:55:00;246;Acidente com vítima;953;BR-101/BA;Norte;Colisão Traseira;0;0;0;1;1;0;;;;;1;0;0;1;0
08/09/2016;16:25:00;313;Acidente com vítima;380;BR-101/ES;Sul;Colisão Traseira;0;0;6;0;0;0;;;;;3;1;0;0;0
08/09/2016;19:32:00;371;Atropelamento sem morte;270;BR-101/ES;Norte;Atropelamento;0;0;0;1;0;0;;;;;1;0;1;0;0
08/09/2016;21:40:00;389;Acidente sem vítima;259;BR-101/ES;Sul;Saída de Pista;1;0;0;0;0;0;;;;;1;0;0;0;0
08/09/2016;18:15:00;351;Acidente sem vítima;292;BR-101/ES;Norte;Choque com Objeto Fixo;1;0;0;0;0;0;;;;;1;0;0;0;0
08/09/2016;19:13:00;363;Acidente sem vítima;292;BR-101/ES;Norte;Queda de Moto;0;0;0;1;0;0;;;;;2;0;0;0;0
08/09/2016;19:17:00;365;Acidente sem vítima;292;BR-101/ES;Norte;Queda de Moto;1;0;0;0;0;0;;;;;2;0;0;0;0
09/09/2016;02:20:00;35;Acidente sem vítima;105;BR-101/ES;Norte;Saída de Pista;0;0;1;0;0;0;;;;;1;0;0;0;0
09/09/2016;07:09:00;80;Acidente sem vítima;118;BR-101/ES;Sul;Queda de Moto;0;0;0;1;0;0;;;;;2;0;0;0;0
09/09/2016;07:55:00;99;Acidente sem vítima;113;BR-101/ES;Norte;Colisão Traseira;2;0;0;0;0;0;;;;;3;0;0;0;0
09/09/2016;10:12:00;161;Acidente com vítima;145;BR-101/ES;Sul;Queda de Moto;0;0;0;1;0;0;;;;;0;1;0;0;0
09/09/2016;10:37:00;176;Acidente sem vítima;145;BR-101/ES;Sul;Colisão Traseira;2;0;0;0;0;0;;;;;6;0;0;0;0
09/09/2016;11:42:00;202;Acidente com vítima;65;BR-101/ES;Norte;Colisão Transversal;1;0;0;1;0;0;;;;;1;2;0;0;0
09/09/2016;16:07:00;322;Acidente com vítima;146;BR-101/ES;Norte;Colisão Transversal;1;0;1;0;0;0;;;;;1;2;0;0;0
09/09/2016;17:32:00;347;Acidente sem vítima;269;BR-101/ES;Norte;Colisão Lateral;1;0;3;0;0;0;;;;;3;0;0;0;0
09/09/2016;18:20:00;359;Acidente sem vítima;146;BR-101/ES;Norte;Colisão Traseira;2;0;0;0;0;0;;;;;2;0;0;0;0
09/09/2016;18:34:00;363;Acidente com vítima;90;BR-101/ES;Norte;Colisão Frontal;1;0;0;1;0;0;;;;;2;0;1;0;0
09/09/2016;19:26:00;377;Acidente com vítima;341;BR-101/ES;Norte;Queda de Moto;1;0;0;0;0;0;;;;;0;1;0;0;0
09/09/2016;19:35:00;380;Acidente com vítima;451;BR-101/ES;Sul;Queda de Moto;0;0;0;1;0;0;;;;;0;1;0;0;0
09/09/2016;19:51:00;382;Acidente sem vítima;212;BR-101/ES;Sul;Colisão Traseira;1;0;2;0;0;0;;;;;2;0;0;0;0
09/09/2016;16:16:00;328;Acidente com vítima;277;BR-101/ES;Norte;Queda de Moto;0;0;0;1;0;0;;;;;0;1;0;0;0
10/09/2016;01:57:00;31;Acidente sem vítima;140;BR-101/ES;Sul;Choque com Objeto Fixo;1;0;0;0;0;0;;;;;1;0;0;0;0
10/09/2016;06:46:00;67;Acidente com vítima;363,7;BR-101/ES;Sul;Saída de Pista;1;0;0;0;0;0;;;;;1;3;0;0;0
10/09/2016;10:06:00;138;Acidente sem vítima;80;BR-101/ES;Norte;Queda de Moto;0;0;0;1;0;0;;;;;2;0;0;0;0
10/09/2016;10:57:00;155;Acidente sem vítima;147;BR-101/ES;Norte;Colisão Lateral;1;0;0;0;1;0;;;;;2;0;0;0;0
10/09/2016;11:16:00;168;Acidente sem vítima;264;BR-101/ES;Norte;Colisão Lateral;2;0;0;0;0;0;;;;;2;0;0;0;0
10/09/2016;11:24:00;171;Acidente sem vítima;146;BR-101/ES;Norte;Colisão;1;1;0;0;0;0;;;;;2;0;0;0;0
10/09/2016;11:48:00;187;Acidente sem vítima;147;BR-101/ES;Sul;Colisão Traseira;0;0;0;0;2;0;;;;;8;0;0;0;0
10/09/2016;14:16:00;244;Acidente sem vítima;264;BR-101/ES;Norte;Colisão Traseira;1;0;1;0;0;0;;;;;4;0;0;0;0
10/09/2016;14:16:00;245;Acidente sem vítima;66;BR-101/ES;Sul;Colisão Traseira;2;0;0;0;0;0;;;;;4;0;0;0;0
10/09/2016;19:32:00;324;Acidente com vítima;329;BR-101/ES;Sul;Colisão Lateral;2;0;0;0;0;0;;;;;1;5;1;0;0
10/09/2016;22:22:00;359;Acidente com vítima;208;BR-101/ES;Sul;Saída de Pista;1;0;0;0;0;0;;;;;0;0;1;0;0
11/09/2016;01:17:00;24;Acidente sem vítima;254;BR-101/ES;Norte;Queda de Moto;0;0;0;1;0;0;;;;;1;0;0;0;0
11/09/2016;09:31:00;97;Acidente sem vítima;150;BR-101/ES;Sul;Saída de Pista;1;0;0;0;0;0;;;;;2;0;0;0;0
11/09/2016;10:23:00;111;Acidente sem vítima;385;BR-101/ES;Sul;Saída de Pista;1;0;0;0;0;0;;;;;1;0;0;0;0
11/09/2016;11:22:00;141;Acidente com vítima;23,3;BR-101/ES;Sul;Queda de Moto;0;0;0;1;0;0;;;;;0;0;2;0;0
11/09/2016;12:49:00;183;Acidente com vítima;270;BR-101/ES;Sul;Queda de Moto;0;0;0;1;0;0;;;;;0;0;1;0;0
11/09/2016;14:19:00;216;Acidente com vítima;316;BR-101/ES;Norte;Saída de Pista;1;0;0;0;0;0;;;;;1;2;0;0;0
11/09/2016;15:55:00;244;Acidente sem vítima;249;BR-101/ES;Norte;Engavetamento;3;0;0;0;0;0;;;;;9;0;0;0;0
11/09/2016;16:40:00;261;Acidente sem vítima;237;BR-101/ES;Norte;Saída de Pista;1;0;0;0;0;0;;;;;3;0;0;0;0
11/09/2016;17:03:00;270;Acidente sem vítima;210;BR-101/ES;Sul;Colisão Traseira;2;0;0;0;0;0;;;;;5;0;0;0;0
11/09/2016;18:06:00;286;Acidente sem vítima;247;BR-101/ES;Sul;Colisão Traseira;2;0;0;0;0;0;;;;;4;0;0;0;0
11/09/2016;19:50:00;312;Acidente sem vítima;262;BR-101/ES;Norte;Engavetamento;3;0;0;0;0;0;;;;;8;0;0;0;0
11/09/2016;20:32:00;320;Acidente sem vítima;247;BR-101/ES;Sul;Colisão Traseira;2;0;0;0;0;0;;;;;6;0;0;0;0
11/09/2016;21:28:00;331;Acidente sem vítima;266;BR-101/ES;Norte;Colisão Traseira;2;0;0;0;0;0;;;;;4;0;0;0;0
12/09/2016;02:50:00;37;Acidente com vítima;359;BR-101/ES;Sul;Saída de Pista;1;0;0;0;0;0;;;;;4;0;1;0;0
12/09/2016;07:52:00;96;Acidente com vítima;66;BR-101/ES;Sul;Colisão Lateral;0;0;0;2;0;0;;;;;1;0;2;0;0
12/09/2016;11:05:00;164;Acidente sem vítima;256,5;BR-101/ES;Norte;Colisão Lateral;1;0;2;0;0;0;;;;;2;0;0;0;0
12/09/2016;13:54:00;254;Acidente sem vítima;262;BR-101/ES;Sul;Colisão Traseira;2;0;0;0;0;0;;;;;2;0;0;0;0
13/09/2016;03:40:00;40;Acidente sem vítima;267;BR-101/ES;Sul;Colisão Traseira;0;0;7;0;0;0;;;;;4;0;0;0;0
13/09/2016;03:49:00;42;Acidente com vítima;136;BR-101/ES;Norte;Tombamento;0;0;1;0;0;0;;;;;1;1;1;0;0
13/09/2016;06:06:00;51;Acidente com vítima;363;BR-101/ES;Sul;Queda de Moto;0;0;0;1;0;0;;;;;0;2;0;0;0
13/09/2016;08:25:00;106;Acidente sem vítima;84;BR-101/ES;Sul;Colisão Traseira;0;0;3;0;0;0;;;;;2;0;0;0;0
13/09/2016;08:43:00;109;Acidente com vítima;387;BR-101/ES;Sul;Saída de Pista;1;0;0;0;0;0;;;;;0;1;0;0;0
13/09/2016;10:42:00;173;Acidente sem vítima;247,5;BR-101/ES;Sul;Engavetamento;4;0;0;0;0;0;;;;;11;0;0;0;0
13/09/2016;12:57:00;231;Acidente sem vítima;249;BR-101/ES;Norte;Colisão Lateral;1;0;2;0;0;0;;;;;4;0;0;0;0
13/09/2016;13:11:00;240;Acidente com vítima;219;BR-101/ES;Norte;Capotamento;1;0;0;0;0;0;;;;;0;0;1;0;0
13/09/2016;14:34:00;273;Acidente sem vítima;136;BR-101/ES;Norte;Colisão Traseira;0;0;2;0;0;0;;;;;4;0;0;0;0
13/09/2016;15:58:00;299;Acidente sem vítima;269;BR-101/ES;Norte;Colisão Traseira;1;0;0;1;0;0;;;;;2;0;0;0;0
13/09/2016;17:33:00;334;Acidente com vítima;439;BR-101/ES;Sul;Colisão Transversal;1;0;0;1;0;0;;;;;1;0;1;0;0
13/09/2016;18:28:00;347;Acidente com vítima;397;BR-101/ES;Norte;Colisão Transversal;2;0;0;0;0;0;;;;;3;1;0;0;0
14/09/2016;07:25:00;90;Acidente com vítima;261;BR-101/ES;Sul;Colisão Lateral;2;0;0;1;0;0;;;;;1;1;0;0;0
14/09/2016;07:53:00;107;Acidente com vítima;265;BR-101/ES;Sul;Colisão Lateral;1;0;1;1;0;0;;;;;3;0;1;0;0
14/09/2016;08:40:00;128;Acidente sem vítima;378;BR-101/ES;Sul;Colisão Lateral;1;0;1;0;0;0;;;;;2;0;0;0;0
14/09/2016;11:48:00;212;Acidente sem vítima;134;BR-101/ES;Sul;Colisão Traseira;2;0;0;0;0;0;;;;;2;0;0;0;0
14/09/2016;15:17:00;289;Acidente sem vítima;141;BR-101/ES;Sul;Choque com Objeto Fixo;0;0;0;0;1;0;;;;;2;0;0;0;0
14/09/2016;15:48:00;300;Acidente sem vítima;348;BR-101/ES;Norte;Colisão Traseira;1;0;1;0;0;0;;;;;3;0;0;0;0
14/09/2016;16:00:00;305;Acidente sem vítima;80,5;BR-101/ES;Norte;Colisão Transversal;1;0;1;0;0;0;;;;;3;0;0;0;0
15/09/2016;06:37:00;58;Acidente sem vítima;310,8;BR-101/ES;Sul;Choque com Objeto Fixo;1;0;0;0;0;0;;;;;2;0;0;0;0
15/09/2016;07:33:00;82;Acidente sem vítima;269;BR-101/ES;Sul;Colisão Traseira;0;0;4;0;0;0;;;;;2;0;0;0;0
15/09/2016;11:14:00;163;Acidente com vítima;214;BR-101/ES;Norte;Colisão Lateral;1;0;2;0;0;0;;;;;1;1;0;0;0
15/09/2016;11:41:00;182;Acidente sem vítima;135;BR-101/ES;Norte;Engavetamento;3;0;0;0;0;0;;;;;3;0;0;0;0
15/09/2016;20:27:00;349;Acidente sem vítima;149;BR-101/ES;Norte;Colisão Traseira;2;0;0;0;0;0;;;;;2;0;0;0;0
15/09/2016;21:54:00;364;Acidente sem vítima;270;BR-101/ES;Norte;Colisão Lateral;1;0;0;1;0;0;;;;;2;0;0;0;0
15/09/2016;11:22:00;166;Acidente com morte;291;BR-101/ES;Norte;Choque com Objeto Fixo;0;0;0;1;0;0;;;;;0;0;0;0;1
16/09/2016;04:57:00;45;Acidente sem vítima;60;BR-101/ES;Sul;Saída de Pista;1;0;0;0;0;0;;;;;1;0;0;0;0
16/09/2016;07:02:00;64;Acidente com vítima;377;BR-101/ES;Norte;Queda de Moto;0;0;0;1;0;0;;;;;0;0;1;0;0
16/09/2016;10:49:00;161;Acidente sem vítima;262;BR-101/ES;Norte;Colisão Traseira;1;0;1;0;0;0;;;;;2;0;0;0;0
16/09/2016;10:51:00;163;Acidente sem vítima;351;BR-101/ES;Norte;Saída de Pista;1;0;0;0;0;0;;;;;1;0;0;0;0
16/09/2016;13:58:00;249;Acidente com vítima;297,3;BR-101/ES;Norte;Queda de Moto;0;0;0;1;0;0;;;;;1;0;1;0;0
16/09/2016;14:25:00;257;Acidente sem vítima;254;BR-101/ES;Norte;Colisão Traseira;2;0;0;0;0;0;;;;;4;0;0;0;0
16/09/2016;16:01:00;280;Acidente sem vítima;264;BR-101/ES;Sul;Colisão Lateral;1;0;1;0;0;0;;;;;3;0;0;0;0
16/09/2016;17:35:00;315;Acidente com vítima;115;BR-101/ES;Sul;Saída de Pista;0;0;1;0;0;0;;;;;0;1;2;0;0
16/09/2016;17:53:00;318;Acidente com vítima;40;BR-101/ES;Sul;Saída de Pista;1;0;0;0;0;0;;;;;0;1;0;0;0
16/09/2016;18:28:00;330;Acidente sem vítima;227;BR-101/ES;Sul;Colisão Traseira;2;0;0;0;0;0;;;;;5;0;0;0;0
16/09/2016;19:12:00;338;Acidente com vítima;393;BR-101/ES;Norte;Capotamento;1;0;0;0;0;0;;;;;0;0;1;0;0
16/09/2016;19:30:00;343;Acidente com vítima;298;BR-101/ES;Norte;Colisão Traseira;2;0;0;0;0;0;;;;;4;0;1;0;0
16/09/2016;19:46:00;348;Acidente com vítima;144;BR-101/ES;Sul;Colisão Transversal;1;0;0;1;0;0;;;;;4;1;0;0;0
16/09/2016;06:44:00;57;Acidente com vítima;285;BR-101/ES;Sul;Queda de Moto;0;0;0;1;0;0;;;;;1;0;1;0;0
16/09/2016;12:02:00;201;Acidente sem vítima;287;BR-101/ES;Sul;Colisão Traseira;1;0;0;0;1;0;;;;;3;0;0;0;0
16/09/2016;12:34:00;216;Acidente sem vítima;279;BR-101/ES;Sul;Colisão Traseira;0;0;2;0;0;0;;;;;4;0;0;0;0
17/09/2016;00:00:00;2;Acidente sem vítima;65;BR-101/ES;Norte;Colisão Traseira;0;0;3;0;0;0;;;;;2;0;0;0;0
17/09/2016;02:12:00;41;Acidente sem vítima;270;BR-101/ES;Norte;Choque com Objeto Fixo;1;0;0;0;0;0;;;;;2;0;0;0;0
17/09/2016;02:41:00;47;Acidente sem vítima;32;BR-101/ES;Norte;Saída de Pista;1;0;0;0;0;0;;;;;1;0;0;0;0
17/09/2016;05:23:00;61;Acidente sem vítima;168;BR-101/ES;Norte;Colisão Traseira;1;0;0;1;0;0;;;;;3;0;0;0;0
17/09/2016;06:43:00;75;Acidente com vítima;143;BR-101/ES;Norte;Colisão Traseira;1;0;0;1;0;0;;;;;1;1;0;0;0
17/09/2016;08:44:00;110;Acidente com vítima;413;BR-101/ES;Norte;Choque com Objeto Fixo;1;0;1;0;0;0;;;;;0;1;0;0;0
17/09/2016;08:48:00;112;Acidente sem vítima;267,5;BR-101/ES;Sul;Colisão Traseira;2;0;0;0;0;0;;;;;2;0;0;0;0
17/09/2016;17:10:00;279;Acidente sem vítima;238;BR-101/ES;Norte;Queda de Moto;1;0;0;1;0;0;;;;;2;0;0;0;0
17/09/2016;18:08:00;294;Acidente sem vítima;321;BR-101/ES;Norte;Queda de Moto;0;0;0;1;0;0;;;;;2;0;0;0;0
17/09/2016;19:34:00;310;Acidente com vítima;385;BR-101/ES;Sul;Colisão Transversal;1;0;0;1;0;0;;;;;2;0;0;1;0
17/09/2016;19:40:00;311;Acidente sem vítima;942;BR-101/BA;Norte;Colisão Lateral;2;0;0;0;0;0;;;;;5;0;0;0;0
18/09/2016;02:43:00;38;Acidente sem vítima;219;BR-101/ES;Sul;Choque com Objeto Fixo;1;0;0;0;0;0;;;;;2;0;0;0;0
18/09/2016;03:31:00;47;Acidente sem vítima;949;BR-101/BA;Norte;Colisão Traseira;0;0;4;0;0;0;;;;;2;0;0;0;0
18/09/2016;04:57:00;56;Acidente sem vítima;225;BR-101/ES;Sul;Saída de Pista;1;0;0;0;0;0;;;;;3;0;0;0;0
18/09/2016;06:57:00;69;Acidente sem vítima;359;BR-101/ES;Norte;Colisão Lateral;4;0;0;0;0;0;;;;;6;0;0;0;0
18/09/2016;08:46:00;102;Acidente sem vítima;100;BR-101/ES;Norte;Queda de Moto;0;0;0;1;0;0;;;;;1;0;0;0;0
18/09/2016;09:10:00;110;Acidente com vítima;253;BR-101/ES;Norte;Atropelamento Animal;0;0;0;1;0;0;;;;;0;0;2;0;0
18/09/2016;09:57:00;121;Acidente sem vítima;147;BR-101/ES;Sul;Colisão Traseira;2;0;0;0;0;0;;;;;8;0;0;0;0
18/09/2016;14:33:00;230;Acidente com vítima;90,5;BR-101/ES;Norte;Colisão Transversal;0;0;0;2;0;0;;;;;0;0;2;0;0
18/09/2016;16:40:00;259;Acidente com vítima;146;BR-101/ES;Norte;Colisão Transversal;0;0;0;2;0;0;;;;;2;1;0;0;0
18/09/2016;18:26:00;282;Acidente com vítima;83;BR-101/ES;Sul;Queda de Moto;0;0;0;1;0;0;;;;;1;1;0;0;0
18/09/2016;18:29:00;284;Acidente sem vítima;200;BR-101/ES;Norte;Atropelamento de Bovino;0;0;0;0;1;0;;;;;21;0;0;0;0
18/09/2016;18:33:00;285;Acidente sem vítima;44;BR-101/ES;Norte;Capotamento;1;0;1;0;0;0;;;;;1;0;0;0;0
18/09/2016;21:23:00;313;Acidente com vítima;128;BR-101/ES;Sul;Colisão Traseira;0;0;0;1;1;0;;;;;1;0;0;1;0
19/09/2016;14:50:00;294;Acidente com vítima;265;BR-101/ES;Norte;Queda de Moto;0;0;0;1;0;0;;;;;0;1;0;0;0
19/09/2016;19:15:00;369;Acidente sem vítima;255;BR-101/ES;Norte;Colisão Transversal;1;0;2;0;0;0;;;;;2;0;0;0;0
19/09/2016;19:21:00;372;Acidente sem vítima;265;BR-101/ES;Norte;Engavetamento;3;0;0;0;0;0;;;;;4;0;0;0;0
19/09/2016;23:16:00;413;Acidente com vítima;300;BR-101/ES;Norte;Choque com Objeto Fixo;1;0;0;0;0;0;;;;;0;1;0;0;0
20/09/2016;01:17:00;19;Acidente com vítima;431;BR-101/ES;Norte;Tombamento;0;0;1;0;0;0;;;;;1;0;1;0;0
20/09/2016;02:35:00;38;Acidente sem vítima;423;BR-101/ES;Norte;Saída de Pista;1;0;0;0;0;0;;;;;1;0;0;0;0
20/09/2016;04:57:00;55;Acidente com vítima;949;BR-101/BA;Norte;Saída de Pista;0;0;1;0;0;0;;;;;0;0;1;0;0
20/09/2016;07:20:00;76;Acidente com vítima;386;BR-101/ES;Norte;Capotamento;0;0;2;0;0;0;;;;;0;1;0;0;0
20/09/2016;07:40:00;87;Acidente sem vítima;139;BR-101/ES;Norte;Engavetamento;0;0;4;0;0;0;;;;;8;0;0;0;0
20/09/2016;07:46:00;90;Acidente sem vítima;262,5;BR-101/ES;Norte;Colisão Traseira;1;0;1;0;0;0;;;;;3;0;0;0;0
20/09/2016;11:27:00;176;Acidente sem vítima;384,5;BR-101/ES;Sul;Colisão Lateral;1;0;2;0;0;0;;;;;2;0;0;0;0
20/09/2016;14:55:00;264;Acidente com vítima;51;BR-101/ES;Norte;Queda de Moto;0;0;0;1;0;0;;;;;0;0;2;0;0
20/09/2016;15:46:00;275;Acidente sem vítima;266;BR-101/ES;Norte;Colisão Lateral;1;0;1;0;0;0;;;;;2;0;0;0;0
20/09/2016;16:22:00;287;Acidente com vítima;17;BR-101/ES;Sul;Tombamento;0;0;1;0;0;0;;;;;1;0;1;0;0
20/09/2016;19:48:00;344;Acidente com vítima;141;BR-101/ES;Sul;Queda de Moto;0;0;0;1;0;0;;;;;0;1;0;0;0
20/09/2016;21:48:00;358;Acidente com morte;412,5;BR-101/ES;Norte;Colisão Frontal;0;0;2;1;0;0;;;;;1;0;0;0;1
20/09/2016;09:00:00;123;Acidente sem vítima;275;BR-101/ES;Sul;Choque;1;0;0;0;0;0;;;;;1;0;0;0;0
20/09/2016;12:25:00;208;Acidente sem vítima;294;BR-101/ES;Sul;Colisão Lateral;1;0;1;0;0;0;;;;;2;0;0;0;0
20/09/2016;22:16:00;362;Acidente sem vítima;285,5;BR-101/ES;Norte;Saída de Pista;1;0;0;0;0;0;;;;;1;0;0;0;0
21/09/2016;08:30:00;124;Acidente sem vítima;264;BR-101/ES;Norte;Colisão Traseira;3;0;0;0;0;0;;;;;3;0;0;0;0
21/09/2016;12:17:00;236;Acidente com vítima;264;BR-101/ES;Norte;Colisão Traseira;1;0;2;0;0;0;;;;;2;0;1;0;0
21/09/2016;16:28:00;326;Acidente com vítima;257;BR-101/ES;Norte;Colisão Traseira;2;0;0;0;0;0;;;;;1;1;0;0;0
21/09/2016;10:58:00;193;Acidente sem vítima;295;BR-101/ES;Norte;Colisão Traseira;1;0;1;0;0;0;;;;;3;0;0;0;0
22/09/2016;06:06:00;50;Acidente sem vítima;166;BR-101/ES;Norte;Colisão Lateral;1;0;3;0;0;0;;;;;3;0;0;0;0
22/09/2016;07:07:00;76;Acidente com vítima;66;BR-101/ES;Sul;Colisão Lateral;1;0;0;1;0;0;;;;;2;1;0;0;0
22/09/2016;10:14:00;153;Acidente sem vítima;140;BR-101/ES;Sul;Colisão Traseira;2;0;0;0;0;0;;;;;3;0;0;0;0
22/09/2016;11:41:00;201;Acidente com vítima;258;BR-101/ES;Norte;Colisão Traseira;1;0;0;1;0;0;;;;;1;0;1;0;0
22/09/2016;11:55:00;211;Acidente sem vítima;257;BR-101/ES;Norte;Colisão Traseira;2;0;0;0;0;0;;;;;3;0;0;0;0
22/09/2016;18:10:00;349;Acidente sem vítima;358;BR-101/ES;Sul;Colisão Transversal;2;0;0;0;0;0;;;;;3;0;0;0;0
22/09/2016;18:31:00;356;Acidente sem vítima;298;BR-101/ES;Norte;Engavetamento;3;0;0;0;0;0;;;;;3;0;0;0;0
22/09/2016;09:22:00;137;Acidente sem vítima;289;BR-101/ES;Norte;Queda de Moto;1;0;0;0;0;0;;;;;2;0;0;0;0
22/09/2016;18:22:00;353;Acidente sem vítima;283;BR-101/ES;Sul;Choque com Objeto Fixo;2;0;0;0;0;0;;;;;2;0;0;0;0
23/09/2016;06:31:00;63;Acidente com vítima;55;BR-101/ES;Sul;Colisão Lateral;0;0;1;1;1;0;;;;;2;0;1;0;0
23/09/2016;07:23:00;78;Acidente sem vítima;269,5;BR-101/ES;Sul;Colisão Traseira;2;0;0;0;0;0;;;;;6;0;0;0;0
23/09/2016;08:41:00;116;Acidente com vítima;268;BR-101/ES;Sul;Colisão Lateral;1;0;0;1;1;0;;;;;2;0;1;0;0
23/09/2016;11:07:00;178;Acidente com vítima;346,8;BR-101/ES;Sul;Colisão Lateral;1;0;2;0;0;0;;;;;2;0;1;0;0
23/09/2016;13:20:00;230;Acidente sem vítima;386;BR-101/ES;Sul;Saída de Pista;0;0;0;1;0;0;;;;;1;0;0;0;0
23/09/2016;13:22:00;231;Acidente sem vítima;362;BR-101/ES;Norte;Colisão Traseira;1;0;0;1;0;0;;;;;2;0;0;0;0
23/09/2016;16:05:00;286;Acidente sem vítima;143;BR-101/ES;Sul;Colisão Traseira;2;0;0;0;0;0;;;;;5;0;0;0;0
23/09/2016;17:54:00;324;Acidente sem vítima;212;BR-101/ES;Sul;Colisão Transversal;1;0;0;1;0;0;;;;;2;0;0;0;0
23/09/2016;18:53:00;340;Acidente com vítima;65;BR-101/ES;Sul;Colisão Lateral;2;0;1;1;0;0;;;;;3;0;1;0;0
23/09/2016;19:29:00;351;Acidente com vítima;270;BR-101/ES;Norte;Colisão Lateral;0;0;3;1;0;0;;;;;1;0;1;0;0
23/09/2016;20:00:00;355;Acidente sem vítima;374;BR-101/ES;Norte;Colisão Traseira;2;0;0;0;0;0;;;;;3;0;0;0;0