data;horario;n_da_ocorrencia;tipo_de_ocorrencia;km;trecho;sentido;tipo_de_acidente;automovel;bicicleta;caminhao;moto;onibus;outros;tracao_animal;transporte_de_cargas_especiais;trator_maquinas;utilitarios;ilesos;levemente_feridos;moderadamente_feridos;gravemente_feridos;mortos
23/09/2016;21:39:00;378;Acidente sem vítima;242;BR-101/ES;Norte;Choque com Objeto Fixo;1;0;1;0;0;0;;;;;1;0;0;0;0
24/09/2016;02:50:00;50;Acidente com vítima;62;BR-101/ES;Norte;Queda de ciclista;0;1;0;0;0;0;;;;;0;1;0;0;0
24/09/2016;02:55:00;51;Acidente com vítima;297;BR-101/ES;Sul;Saída de Pista;0;0;2;0;0;0;;;;;0;1;0;0;0
24/09/2016;10:08:00;140;Acidente com vítima;101;BR-101/ES;Norte;Colisão Transversal;1;0;0;1;0;0;;;;;1;0;0;1;0
24/09/2016;11:30:00;169;Acidente sem vítima;377;BR-101/ES;Norte;Colisão Traseira;2;0;0;0;0;0;;;;;2;0;0;0;0
24/09/2016;13:02:00;222;Acidente sem vítima;397;BR-101/ES;Sul;Colisão Lateral;1;0;3;0;0;0;;;;;7;0;0;0;0
24/09/2016;18:35:00;338;Acidente com vítima;19;BR-101/ES;Norte;Saída de Pista;1;0;0;0;0;0;;;;;3;1;0;0;0
24/09/2016;18:45:00;340;Acidente sem vítima;170;BR-101/ES;Sul;Queda de ciclista;0;1;0;0;0;0;;;;;1;0;0;0;0
24/09/2016;19:31:00;350;Atropelamento sem morte;299;BR-101/ES;Sul;Atropelamento e Fuga;1;0;0;0;0;0;;;;;0;1;0;0;0
24/09/2016;21:22:00;369;Acidente com vítima;226;BR-101/ES;Norte;Colisão Traseira;4;0;0;0;0;0;;;;;1;2;3;0;0
24/09/2016;22:14:00;379;Acidente com vítima;203;BR-101/ES;Sul;Colisão Traseira;1;0;0;1;0;0;;;;;1;0;0;1;0
25/09/2016;05:55:00;65;Acidente sem vítima;219;BR-101/ES;Sul;Colisão Traseira;2;0;1;0;0;0;;;;;4;0;0;0;0
25/09/2016;13:43:00;232;Acidente com vítima;145;BR-101/ES;Sul;Colisão Transversal;1;0;0;1;0;0;;;;;2;0;1;0;0
25/09/2016;15:58:00;276;Acidente com vítima;269;BR-101/ES;Norte;Colisão Transversal;2;0;0;0;0;0;;;;;7;2;0;0;0
25/09/2016;19:32:00;335;Acidente sem vítima;257;BR-101/ES;Norte;Colisão Transversal;2;0;0;0;0;0;;;;;3;0;0;0;0
25/09/2016;19:42:00;338;Acidente sem vítima;335,5;BR-101/ES;Norte;Saída de Pista;1;0;0;0;0;0;;;;;1;0;0;0;0
25/09/2016;19:59:00;341;Acidente com vítima;215;BR-101/ES;Sul;Colisão Frontal;2;0;0;0;0;0;;;;;0;2;1;0;0
25/09/2016;20:08:00;342;Acidente com vítima;401;BR-101/ES;Sul;Colisão Lateral;0;0;3;0;0;0;;;;;0;2;0;0;0
25/09/2016;20:57:00;350;Acidente com vítima;461;BR-101/ES;Sul;Saída de Pista;1;0;0;0;0;0;;;;;0;0;1;0;0
25/09/2016;21:13:00;354;Acidente sem vítima;249;BR-101/ES;Norte;Saída de Pista;1;0;0;0;0;0;;;;;2;0;0;0;0
25/09/2016;21:53:00;357;Acidente com vítima;242;BR-101/ES;Sul;Queda de Moto;0;0;0;1;0;0;;;;;0;1;0;0;0
25/09/2016;20:36:00;348;Acidente sem vítima;294;BR-101/ES;Sul;Saída de Pista;0;0;1;0;0;0;;;;;1;0;0;0;0
26/09/2016;00:47:00;13;Acidente com vítima;321;BR-101/ES;Norte;Choque com Objeto Fixo;1;0;0;0;0;0;;;;;1;0;0;1;0
26/09/2016;02:22:00;30;Atropelamento com morte;331,5;BR-101/ES;Norte;Atropelamento e Fuga;1;0;0;0;0;0;;;;;0;0;0;0;1
26/09/2016;06:48:00;53;Acidente com vítima;262,8;BR-101/ES;Sul;Saída de Pista;1;0;0;0;0;0;;;;;0;0;1;0;0
26/09/2016;09:26:00;111;Acidente sem vítima;20;BR-101/ES;Sul;Saída de Pista;1;0;0;0;0;0;;;;;2;0;0;0;0
26/09/2016;13:10:00;217;Acidente com vítima;148;BR-101/ES;Norte;Colisão Lateral;1;0;0;1;0;0;;;;;1;1;0;0;0
26/09/2016;16:09:00;280;Acidente com vítima;17;BR-101/ES;Norte;Colisão Lateral;1;0;2;0;0;0;;;;;2;0;1;0;0
26/09/2016;22:30:00;368;Acidente com vítima;308;BR-101/ES;Sul;Queda de Moto;0;0;0;1;0;0;;;;;0;0;1;0;0
27/09/2016;07:30:00;90;Acidente sem vítima;255;BR-101/ES;Norte;Colisão Lateral;2;0;0;0;0;0;;;;;2;0;0;0;0
27/09/2016;09:27:00;140;Acidente sem vítima;452;BR-101/ES;Sul;Colisão Traseira;0;0;2;0;0;0;;;;;3;0;0;0;0
27/09/2016;10:12:00;158;Acidente com vítima;297,5;BR-101/ES;Sul;Engavetamento;3;0;0;0;0;0;;;;;7;1;0;0;0
27/09/2016;12:30:00;229;Acidente sem vítima;134;BR-101/ES;Norte;Queda de Moto;0;0;0;1;0;0;;;;;2;0;0;0;0
27/09/2016;13:29:00;246;Acidente sem vítima;351;BR-101/ES;Sul;Choque;0;0;4;0;0;0;;;;;2;0;0;0;0
27/09/2016;16:03:00;301;Acidente sem vítima;269;BR-101/ES;Sul;Colisão Transversal;2;0;0;0;0;0;;;;;2;0;0;0;0
27/09/2016;16:30:00;311;Acidente sem vítima;221;BR-101/ES;Norte;Saída de Pista;1;0;0;0;0;0;;;;;1;0;0;0;0
27/09/2016;17:11:00;324;Acidente sem vítima;301,5;BR-101/ES;Sul;Colisão Traseira;1;0;1;0;0;0;;;;;6;0;0;0;0
27/09/2016;17:45:00;332;Acidente com vítima;208;BR-101/ES;Sul;Colisão Frontal;2;0;0;0;0;0;;;;;0;4;0;0;0
28/09/2016;01:22:00;20;Acidente com vítima;269;BR-101/ES;Sul;Saída de Pista;1;0;0;0;0;0;;;;;1;0;1;0;0
28/09/2016;01:39:00;24;Acidente com vítima;251,9;BR-101/ES;Sul;Colisão Traseira;1;0;0;0;0;0;;;;;1;0;1;0;0
28/09/2016;05:13:00;52;Acidente com vítima;352,5;BR-101/ES;Norte;Queda de Moto;0;0;0;1;0;0;;;;;0;0;1;0;0
28/09/2016;05:26:00;55;Acidente com vítima;203;BR-101/ES;Norte;Saída de Pista;1;0;0;0;0;0;;;;;0;1;0;0;0
28/09/2016;07:49:00;86;Acidente sem vítima;269;BR-101/ES;Norte;Colisão Lateral;1;0;3;0;0;0;;;;;3;0;0;0;0
28/09/2016;13:12:00;237;Acidente com vítima;396;BR-101/ES;Sul;Queda de Moto;0;0;0;1;0;0;;;;;1;1;0;0;0
28/09/2016;17:50:00;329;Acidente sem vítima;432;BR-101/ES;Sul;Colisão Lateral;2;0;0;0;0;0;;;;;2;0;0;0;0
28/09/2016;19:20:00;348;Acidente sem vítima;217;BR-101/ES;Norte;Colisão Traseira;0;0;3;0;0;0;;;;;2;0;0;0;0
28/09/2016;06:11:00;60;Acidente sem vítima;288;BR-101/ES;Sul;Colisão Traseira;1;0;0;1;0;0;;;;;2;0;0;0;0
28/09/2016;16:15:00;292;Acidente sem vítima;293;BR-101/ES;Norte;Colisão Lateral;0;0;3;0;0;0;;;;;2;0;0;0;0
29/09/2016;01:05:00;23;Acidente sem vítima;149;BR-101/ES;Sul;Colisão Traseira;0;0;2;0;0;0;;;;;2;0;0;0;0
29/09/2016;13:18:00;268;Acidente sem vítima;320,8;BR-101/ES;Norte;Colisão Traseira;0;0;3;0;0;0;;;;;3;0;0;0;0
30/09/2016;02:49:00;41;Acidente sem vítima;423;BR-101/ES;Sul;Veículo em Chamas;0;0;2;0;0;0;;;;;1;0;0;0;0
30/09/2016;05:58:00;60;Acidente com vítima;268;BR-101/ES;Sul;Colisão;1;1;0;0;0;0;;;;;1;0;1;0;0
30/09/2016;07:18:00;89;Acidente sem vítima;304;BR-101/ES;Sul;Colisão Traseira;0;0;3;0;0;0;;;;;2;0;0;0;0
30/09/2016;10:16:00;160;Acidente com vítima;160;BR-101/ES;Sul;Colisão Transversal;1;0;0;1;0;0;;;;;1;0;1;0;0
30/09/2016;12:02:00;205;Acidente sem vítima;266;BR-101/ES;Norte;Colisão Traseira;2;0;0;0;0;0;;;;;2;0;0;0;0
30/09/2016;13:04:00;228;Acidente sem vítima;146;BR-101/ES;Norte;Colisão;0;1;0;1;0;0;;;;;3;0;0;0;0
30/09/2016;13:28:00;237;Acidente sem vítima;270;BR-101/ES;Sul;Colisão Lateral;1;0;1;0;0;0;;;;;2;0;0;0;0
30/09/2016;14:34:00;262;Acidente sem vítima;159;BR-101/ES;Sul;Colisão Lateral;2;0;0;0;0;0;;;;;4;0;0;0;0
30/09/2016;15:30:00;280;Acidente com vítima;396;BR-101/ES;Norte;Saída de Pista;1;0;0;0;0;0;;;;;0;2;0;0;0
30/09/2016;17:18:00;317;Acidente sem vítima;386;BR-101/ES;Norte;Choque;1;0;3;0;0;0;;;;;6;0;0;0;0
30/09/2016;17:34:00;324;Acidente com vítima;459,5;BR-101/ES;Sul;Saída de Pista;1;0;0;0;0;0;;;;;1;0;1;0;0
30/09/2016;18:02:00;334;Acidente com vítima;298,5;BR-101/ES;Sul;Colisão Transversal;0;0;1;0;1;0;;;;;6;1;0;0;0
30/09/2016;19:05:00;347;Acidente sem vítima;325;BR-101/ES;Sul;Colisão Lateral;2;0;0;0;0;0;;;;;6;0;0;0;0
30/09/2016;19:12:00;349;Acidente com vítima;268;BR-101/ES;Sul;Choque com Objeto Fixo;1;0;0;0;0;0;;;;;0;2;0;0;0
30/09/2016;19:13:00;350;Acidente sem vítima;64,8;BR-101/ES;Sul;Colisão Traseira;2;0;0;0;0;0;;;;;6;0;0;0;0
30/09/2016;19:51:00;359;Acidente com vítima;129;BR-101/ES;Norte;Colisão Lateral;1;0;4;0;0;0;;;;;0;5;0;2;0
30/09/2016;23:26:00;395;Acidente sem vítima;458;BR-101/ES;Sul;Saída de Pista;1;0;0;0;0;0;;;;;1;0;0;0;0
30/09/2016;23:30:00;400;Acidente sem vítima;126;BR-101/ES;Norte;Capotamento;1;0;0;0;0;0;;;;;3;0;0;0;0
30/09/2016;15:08:00;271;Acidente sem vítima;293;BR-101/ES;Sul;Colisão Traseira;0;0;3;0;0;0;;;;;3;0;0;0;0
01/10/2016;03:55:00;47;Acidente sem vítima;458;BR-101/ES;Sul;Saída de Pista;1;0;0;0;0;0;0;;;;2;0;0;0;0
01/10/2016;06:50:00;72;Acidente sem vítima;321;BR-101/ES;Norte;Colisão Traseira;1;0;2;0;0;0;0;;;;2;0;0;0;0
01/10/2016;10:01:00;135;Acidente sem vítima;448;BR-101/ES;Sul;Saída de Pista;1;0;0;0;0;0;0;;;;1;0;0;0;0
01/10/2016;10:40:00;157;Acidente com vítima;166;BR-101/ES;Sul;Colisão Lateral;1;0;0;0;1;0;0;;;;2;1;0;0;0
01/10/2016;10:40:00;158;Acidente sem vítima;377;BR-101/ES;Sul;Choque;0;0;2;0;0;0;0;;;;1;0;0;0;0
01/10/2016;12:18:00;210;Acidente sem vítima;127,8;BR-101/ES;Sul;Saída de Pista;1;0;0;0;0;0;0;;;;1;0;0;0;0
01/10/2016;13:11:00;234;Acidente com morte;222;BR-101/ES;Sul;Colisão Transversal;1;0;0;0;1;0;0;;;;0;2;0;0;1
01/10/2016;13:14:00;236;Acidente com vítima;127;BR-101/ES;Norte;Colisão;0;0;0;0;1;1;0;;;;2;1;0;0;0
01/10/2016;13:43:00;255;Acidente com vítima;271;BR-101/ES;Sul;Queda de Moto;0;0;0;0;1;0;0;;;;1;1;0;0;0
01/10/2016;16:51:00;307;Acidente sem vítima;269;BR-101/ES;Sul;Colisão Lateral;2;0;0;0;0;0;0;;;;4;0;0;0;0
01/10/2016;17:19:00;317;Acidente com vítima;429;BR-101/ES;Norte;Saída de Pista;1;0;0;0;0;0;0;;;;0;2;2;0;0
01/10/2016;17:58:00;330;Acidente sem vítima;332;BR-101/ES;Sul;Saída de Pista;0;1;0;0;0;0;0;;;;1;0;0;0;0
01/10/2016;18:25:00;334;Acidente sem vítima;29;BR-101/ES;Norte;Saída de Pista;1;0;0;0;0;0;0;;;;1;0;0;0;0
01/10/2016;18:31:00;336;Acidente sem vítima;457,5;BR-101/ES;Norte;Saída de Pista;1;0;0;0;0;0;0;;;;3;0;0;0;0
01/10/2016;18:42:00;339;Acidente sem vítima;277;BR-101/ES;Sul;Queda de Moto;0;0;0;0;1;0;0;;;;1;0;0;0;0
01/10/2016;19:04:00;343;Acidente sem vítima;273;BR-101/ES;Sul;Saída de Pista;1;0;0;0;0;0;0;;;;1;0;0;0;0
01/10/2016;20:08:00;361;Acidente sem vítima;287;BR-101/ES;Sul;Choque com Objeto Fixo;1;0;0;0;0;0;0;;;;3;0;0;0;0
01/10/2016;22:00:00;382;Acidente com vítima;147;BR-101/ES;Sul;Queda de ciclista;0;0;0;0;0;1;0;;;;0;1;0;0;0
01/10/2016;22:15:00;384;Acidente sem vítima;296;BR-101/ES;Norte;Choque com Objeto Fixo;1;0;0;0;0;0;0;;;;1;0;0;0;0
01/10/2016;23:38:00;391;Acidente com vítima;257;BR-101/ES;Sul;Colisão Traseira;1;0;0;0;1;0;0;;;;0;0;1;0;0
02/10/2016;00:56:00;12;Acidente com vítima;393;BR-101/ES;Norte;Colisão Frontal;2;0;0;1;0;0;0;;;;2;0;1;0;0
02/10/2016;06:28:00;73;Acidente sem vítima;457;BR-101/ES;Sul;Capotamento;1;0;0;0;0;0;0;;;;1;0;0;0;0
02/10/2016;08:26:00;87;Acidente sem vítima;266;BR-101/ES;Sul;Colisão Traseira;0;1;0;1;0;0;0;;;;2;0;0;0;0
02/10/2016;11:24:00;133;Acidente sem vítima;221;BR-101/ES;Norte;Saída de Pista;1;0;0;0;0;0;0;;;;4;0;0;0;0
02/10/2016;11:51:00;146;Acidente sem vítima;221;BR-101/ES;Sul;Saída de Pista;1;0;0;0;0;0;0;;;;3;0;0;0;0
02/10/2016;12:28:00;153;Acidente sem vítima;456;BR-101/ES;Sul;Saída de Pista;1;0;0;0;0;0;0;;;;1;0;0;0;0
02/10/2016;12:50:00;164;Acidente sem vítima;458;BR-101/ES;Norte;Saída de Pista;1;0;0;0;0;0;0;;;;2;0;0;0;0
02/10/2016;14:24:00;203;Acidente com morte;190;BR-101/ES;Sul;Colisão Transversal;2;0;0;0;0;0;0;;;;4;0;1;0;1
02/10/2016;19:55:00;281;Acidente sem vítima;293;BR-101/ES;Sul;Saída de Pista;1;0;0;0;0;0;0;;;;1;0;0;0;0
02/10/2016;20:15:00;283;Acidente sem vítima;378;BR-101/ES;Sul;Colisão Traseira;2;0;0;0;0;0;0;;;;2;0;0;0;0
02/10/2016;21:26:00;297;Acidente sem vítima;245;BR-101/ES;Norte;Choque com Objeto Fixo;1;0;0;0;0;0;0;;;;1;0;0;0;0
02/10/2016;21:29:00;298;Acidente sem vítima;296;BR-101/ES;Norte;Saída de Pista;1;0;0;0;0;0;0;;;;1;0;0;0;0
02/10/2016;23:35:00;315;Acidente sem vítima;267;BR-101/ES;Norte;Colisão Traseira;3;0;0;0;0;0;0;;;;5;0;0;0;0
03/10/2016;01:19:00;21;Acidente sem vítima;31,5;BR-101/ES;Sul;Saída de Pista;0;0;2;0;0;0;0;;;;1;0;0;0;0
03/10/2016;06:19:00;66;Acidente sem vítima;147;BR-101/ES;Sul;Colisão Lateral;1;1;0;0;0;0;0;;;;2;0;0;0;0
03/10/2016;07:23:00;84;Acidente sem vítima;268;BR-101/ES;Sul;Colisão Traseira;1;0;0;1;0;0;0;;;;2;0;0;0;0
03/10/2016;09:48:00;156;Acidente sem vítima;147;BR-101/ES;Norte;Colisão Traseira;0;0;0;0;1;0;0;;;;1;0;0;0;0
03/10/2016;10:59:00;186;Acidente sem vítima;270;BR-101/ES;Sul;Colisão Lateral;1;0;0;1;0;0;0;;;;2;0;0;0;0
03/10/2016;17:43:00;348;Acidente sem vítima;269;BR-101/ES;Sul;Engavetamento;4;0;0;0;0;0;0;;;;5;0;0;0;0
03/10/2016;18:49:00;361;Acidente com vítima;114,5;BR-101/ES;Norte;Tombamento;0;1;0;0;0;0;0;;;;0;1;0;0;0
03/10/2016;19:08:00;364;Acidente sem vítima;113;BR-101/ES;Norte;Saída de Pista;1;0;0;0;0;0;0;;;;2;0;0;0;0
04/10/2016;07:41:00;112;Acidente com vítima;67;BR-101/ES;Sul;Colisão Traseira;1;0;0;0;1;0;0;;;;1;1;0;0;0
04/10/2016;09:29:00;151;Acidente com vítima;257;BR-101/ES;Sul;Colisão Traseira;1;0;0;0;1;0;0;;;;2;0;1;0;0
04/10/2016;09:54:00;161;Acidente sem vítima;280;BR-101/ES;Sul;Choque com Objeto Fixo;0;0;2;0;0;0;0;;;;1;0;0;0;0
04/10/2016;14:19:00;283;Acidente com vítima;142;BR-101/ES;Sul;Colisão Transversal;2;0;1;0;0;0;0;;;;3;1;0;0;0
04/10/2016;16:17:00;324;Acidente sem vítima;151;BR-101/ES;Norte;Colisão Lateral;1;1;0;0;0;0;0;;;;2;0;0;0;0
04/10/2016;19:02:00;371;Acidente com vítima;296;BR-101/ES;Norte;Choque com Objeto Fixo;1;0;0;0;0;0;0;;;;0;1;0;0;0
04/10/2016;20:04:00;382;Acidente com vítima;329;BR-101/ES;Sul;Queda de Moto;0;0;0;0;1;0;0;;;;0;2;0;0;0
04/10/2016;21:02:00;389;Acidente com vítima;321;BR-101/ES;Sul;Colisão Transversal;2;0;0;0;0;0;0;;;;0;2;0;0;0
05/10/2016;07:26:00;95;Acidente com vítima;257,5;BR-101/ES;Sul;Queda de Moto;1;1;0;0;1;0;0;;;;2;0;1;0;0
05/10/2016;07:50:00;113;Atropelamento sem morte;270,2;BR-101/ES;Sul;Atropelamento;1;0;0;0;1;0;0;;;;2;2;0;0;0
05/10/2016;08:50:00;142;Acidente sem vítima;278,8;BR-101/ES;Norte;Colisão Lateral;1;0;1;0;0;0;0;;;;2;0;0;0;0
05/10/2016;08:59:00;145;Acidente com vítima;67;BR-101/ES;Norte;Colisão Lateral;1;0;0;0;1;0;0;;;;1;1;0;0;0
05/10/2016;17:30:00;353;Acidente sem vítima;448;BR-101/ES;Sul;Saída de Pista;1;0;0;0;0;0;0;;;;1;0;0;0;0
05/10/2016;18:24:00;367;Acidente com vítima;67;BR-101/ES;Norte;Colisão Transversal;0;0;0;0;2;0;0;;;;0;0;1;1;0
06/10/2016;07:32:00;108;Acidente sem vítima;264;BR-101/ES;Sul;Colisão Traseira;2;0;0;0;0;0;0;;;;4;0;0;0;0
06/10/2016;09:27:00;150;Acidente sem vítima;292;BR-101/ES;Sul;Colisão Traseira;2;0;0;0;0;0;0;;;;3;0;0;0;0
06/10/2016;09:59:00;159;Acidente sem vítima;265;BR-101/ES;Sul;Colisão Traseira;2;0;0;0;0;0;0;;;;4;0;0;0;0
06/10/2016;10:48:00;184;Acidente sem vítima;297,5;BR-101/ES;Norte;Colisão Traseira;2;0;0;0;0;0;0;;;;3;0;0;0;0
06/10/2016;11:39:00;210;Acidente sem vítima;297,5;BR-101/ES;Norte;Colisão Traseira;2;0;0;0;0;0;0;;;;2;0;0;0;0
06/10/2016;11:49:00;217;Acidente sem vítima;285;BR-101/ES;Norte;Saída de Pista;0;0;2;0;0;0;0;;;;1;0;0;0;0
06/10/2016;12:11:00;223;Acidente sem vítima;266;BR-101/ES;Sul;Colisão Traseira;2;0;0;0;0;0;0;;;;2;0;0;0;0
06/10/2016;12:36:00;235;Acidente sem vítima;289;BR-101/ES;Norte;Choque com Objeto Fixo;1;0;0;0;0;0;0;;;;2;0;0;0;0
06/10/2016;13:29:00;253;Acidente sem vítima;270;BR-101/ES;Norte;Colisão Lateral;1;0;2;0;0;0;0;;;;2;0;0;0;0
06/10/2016;16:42:00;314;Acidente sem vítima;262;BR-101/ES;Norte;Colisão Lateral;0;1;0;0;1;0;0;;;;2;0;0;0;0
06/10/2016;20:09:00;358;Acidente sem vítima;213;BR-101/ES;Norte;Colisão Traseira;2;0;2;0;0;0;0;;;;1;0;0;0;0
06/10/2016;22:23:00;385;Acidente com vítima;212,7;BR-101/ES;Sul;Saída de Pista;1;0;0;0;0;0;0;;;;0;0;1;0;0
06/10/2016;23:57:00;404;Acidente sem vítima;219,9;BR-101/ES;Sul;Saída de Pista;1;0;0;0;0;0;0;;;;3;0;0;0;0
07/10/2016;00:04:00;1;Acidente com vítima;147;BR-101/ES;Sul;Queda de Moto;0;0;0;0;1;0;0;;;;0;1;0;0;0
07/10/2016;02:28:00;37;Acidente sem vítima;161;BR-101/ES;Sul;Saída de Pista;1;0;0;0;0;0;0;;;;1;0;0;0;0
07/10/2016;03:25:00;49;Acidente com vítima;414;BR-101/ES;Norte;Capotamento;0;1;0;0;0;0;0;;;;0;2;0;0;0
07/10/2016;10:44:00;191;Acidente sem vítima;140;BR-101/ES;Norte;Colisão Lateral;1;1;0;0;0;0;0;;;;5;0;0;0;0
07/10/2016;11:41:00;225;Acidente sem vítima;267;BR-101/ES;Sul;Colisão Traseira;1;1;0;0;0;0;0;;;;3;0;0;0;0
07/10/2016;12:26:00;242;Acidente sem vítima;240,5;BR-101/ES;Norte;Colisão Traseira;1;0;0;0;1;0;0;;;;2;0;0;0;0
07/10/2016;12:48:00;258;Acidente sem vítima;240,5;BR-101/ES;Sul;Engavetamento;3;0;0;0;0;0;0;;;;3;0;0;0;0
07/10/2016;15:39:00;329;Acidente sem vítima;60;BR-101/ES;Norte;Colisão Transversal;2;0;0;0;0;0;0;;;;3;0;0;0;0
07/10/2016;17:30:00;375;Acidente com vítima;441,9;BR-101/ES;Norte;Queda de Moto;0;0;0;0;1;0;0;;;;0;0;1;0;0
07/10/2016;18:36:00;393;Acidente sem vítima;146;BR-101/ES;Norte;Colisão Traseira;2;0;0;0;0;0;0;;;;2;0;0;0;0
07/10/2016;23:11:00;447;Acidente sem vítima;190;BR-101/ES;Sul;Colisão Lateral;1;1;0;0;0;0;0;;;;2;0;0;0;0
08/10/2016;01:54:00;36;Acidente sem vítima;955;BR-101/BA;Sul;Saída de Pista;1;0;0;0;0;0;0;;;;1;0;0;0;0
08/10/2016;03:40:00;59;Acidente sem vítima;360,5;BR-101/ES;Sul;Choque com Objeto Fixo;0;1;0;0;0;0;0;;;;3;0;0;0;0
08/10/2016;05:38:00;77;Acidente com vítima;293;BR-101/ES;Sul;Queda de Moto;0;0;0;0;1;0;0;;;;0;0;1;0;0
08/10/2016;06:51:00;83;Acidente sem vítima;213;BR-101/ES;Norte;Colisão Traseira;1;1;0;0;0;0;0;;;;2;0;0;0;0
08/10/2016;08:25:00;120;Acidente com morte;332,5;BR-101/ES;Norte;Colisão Transversal;2;0;3;0;0;0;0;;;;3;1;0;1;1
08/10/2016;08:48:00;133;Acidente com vítima;298;BR-101/ES;Norte;Engavetamento;4;0;0;0;0;0;0;;;;7;1;0;0;0
08/10/2016;08:52:00;134;Acidente sem vítima;376;BR-101/ES;Norte;Colisão Lateral;2;0;0;0;0;0;0;;;;2;0;0;0;0
08/10/2016;10:29:00;164;Acidente sem vítima;298,5;BR-101/ES;Norte;Colisão;1;0;2;0;0;0;0;;;;2;0;0;0;0
08/10/2016;11:22:00;187;Acidente sem vítima;127;BR-101/ES;Norte;Queda de Moto;0;0;0;0;1;0;0;;;;1;0;0;0;0
08/10/2016;15:20:00;285;Acidente sem vítima;388;BR-101/ES;Norte;Colisão Lateral;1;1;0;0;0;0;0;;;;2;0;0;0;0
08/10/2016;15:35:00;291;Acidente sem vítima;298;BR-101/ES;Norte;Colisão Traseira;2;1;0;0;0;0;0;;;;7;0;0;0;0
08/10/2016;16:00:00;298;Acidente sem vítima;380;BR-101/ES;Sul;Colisão Lateral;2;0;0;0;0;0;0;;;;5;0;0;0;0
08/10/2016;16:34:00;306;Acidente com vítima;451;BR-101/ES;Norte;Saída de Pista;1;0;0;0;0;0;0;;;;0;1;0;0;0
08/10/2016;18:25:00;340;Acidente com vítima;223,6;BR-101/ES;Sul;Saída de Pista;0;0;3;0;0;0;0;;;;0;1;0;0;0
08/10/2016;18:42:00;341;Acidente com vítima;947,5;BR-101/BA;Sul;Saída de Pista;1;0;0;0;0;0;0;;;;1;0;3;0;0
08/10/2016;19:19:00;350;Acidente com vítima;260,5;BR-101/ES;Sul;Colisão Transversal;2;0;0;0;0;0;0;;;;1;1;0;0;0
08/10/2016;20:46:00;371;Acidente com vítima;393;BR-101/ES;Norte;Colisão Lateral;1;1;0;0;0;0;0;;;;0;3;0;0;0
08/10/2016;22:19:00;388;Acidente sem vítima;294;BR-101/ES;Sul;Colisão Traseira;2;0;0;0;0;0;0;;;;2;0;0;0;0
09/10/2016;03:30:00;48;Acidente sem vítima;145;BR-101/ES;Sul;Queda de Moto;0;0;0;0;1;0;0;;;;1;0;0;0;0
09/10/2016;03:54:00;57;Acidente com vítima;233;BR-101/ES;Norte;Queda de Moto;0;0;0;0;1;0;0;;;;0;1;0;0;0
09/10/2016;04:29:00;64;Acidente sem vítima;340;BR-101/ES;Norte;Choque com Objeto Fixo;1;0;0;0;0;0;0;;;;1;0;0;0;0
09/10/2016;08:51:00;123;Acidente sem vítima;266;BR-101/ES;Norte;Colisão Traseira;1;1;0;0;0;0;0;;;;3;0;0;0;0
09/10/2016;13:24:00;231;Acidente sem vítima;292;BR-101/ES;Norte;Tombamento;0;1;0;0;0;0;0;;;;1;0;0;0;0
09/10/2016;15:02:00;263;Acidente sem vítima;266;BR-101/ES;Sul;Colisão Traseira;2;0;0;0;0;0;0;;;;2;0;0;0;0
09/10/2016;17:10:00;308;Acidente com vítima;270;BR-101/ES;Norte;Choque com Objeto Fixo;0;0;0;0;2;0;0;;;;0;2;0;0;0
09/10/2016;17:38:00;318;Acidente com vítima;138;BR-101/ES;Sul;Queda de Moto;0;0;0;0;1;0;0;;;;0;2;0;0;0
09/10/2016;17:51:00;326;Acidente sem vítima;254;BR-101/ES;Norte;Colisão Traseira;2;0;0;0;0;0;0;;;;2;0;0;0;0
09/10/2016;18:41:00;336;Acidente sem vítima;270;BR-101/ES;Sul;Colisão Traseira;2;0;0;0;0;0;0;;;;3;0;0;0;0
09/10/2016;19:55:00;349;Acidente com vítima;301;BR-101/ES;Sul;Queda de Moto;0;0;0;0;1;0;0;;;;0;0;1;0;0
09/10/2016;20:26:00;358;Acidente com vítima;268,5;BR-101/ES;Sul;Choque com Objeto Fixo;1;0;0;0;0;0;0;;;;0;0;1;0;0
09/10/2016;22:48:00;385;Acidente sem vítima;133,2;BR-101/ES;Sul;Atropelamento Animal;1;0;0;0;0;0;0;;;;1;0;0;0;0
09/10/2016;23:17:00;393;Acidente sem vítima;264;BR-101/ES;Sul;Colisão Transversal;2;0;0;0;0;0;0;;;;2;0;0;0;0
10/10/2016;00:42:00;9;Acidente sem vítima;296;BR-101/ES;Sul;Choque com Objeto Fixo;1;0;0;0;0;0;0;;;;2;0;0;0;0
10/10/2016;00:50:00;10;Acidente sem vítima;275;BR-101/ES;Sul;Saída de Pista;1;0;0;0;0;0;0;;;;1;0;0;0;0
10/10/2016;06:12:00;79;Acidente com morte;295,1;BR-101/ES;Norte;Colisão Traseira;1;1;0;0;0;0;0;;;;1;0;0;0;2
10/10/2016;06:17:00;80;Acidente sem vítima;278,5;BR-101/ES;Norte;Choque com Objeto Fixo;0;0;3;0;0;0;0;;;;1;0;0;0;0
10/10/2016;07:38:00;99;Acidente sem vítima;298;BR-101/ES;Norte;Colisão Traseira;1;1;0;0;0;0;0;;;;2;0;0;0;0
10/10/2016;09:01:00;132;Acidente com vítima;279,8;BR-101/ES;Norte;Colisão Transversal;0;1;0;0;1;0;0;;;;1;0;2;0;0