data;horario;n_da_ocorrencia;tipo_de_ocorrencia;km;trecho;sentido;tipo_de_acidente;automovel;bicicleta;caminhao;moto;onibus;outros;tracao_animal;transporte_de_cargas_especiais;trator_maquinas;utilitarios;ilesos;levemente_feridos;moderadamente_feridos;gravemente_feridos;mortos
10/10/2016;09:04:00;134;Acidente sem vítima;221;BR-101/ES;Sul;Colisão Transversal;2;0;0;0;0;0;0;;;;3;0;0;0;0
10/10/2016;11:20:00;185;Acidente com vítima;285;BR-101/ES;Norte;Colisão Traseira;3;0;0;0;0;0;0;;;;2;1;0;0;0
10/10/2016;12:28:00;218;Acidente sem vítima;256;BR-101/ES;Sul;Engavetamento;2;1;0;0;0;0;0;;;;6;0;0;0;0
10/10/2016;14:01:00;252;Acidente com morte;51;BR-101/ES;Sul;Colisão Frontal;2;0;0;0;0;0;0;;;;0;0;0;3;3
10/10/2016;14:23:00;262;Acidente com vítima;283;BR-101/ES;Norte;Saída de Pista;1;0;0;0;0;0;0;;;;0;4;0;0;0
10/10/2016;16:14:00;295;Acidente sem vítima;404;BR-101/ES;Sul;Colisão Lateral;0;1;0;1;0;0;0;;;;5;0;0;0;0
10/10/2016;16:42:00;302;Acidente sem vítima;247;BR-101/ES;Norte;Colisão Traseira;2;0;0;0;0;0;0;;;;4;0;0;0;0
10/10/2016;17:01:00;310;Acidente com vítima;174;BR-101/ES;Sul;Colisão Transversal;1;0;0;0;1;0;0;;;;1;0;0;1;0
10/10/2016;17:03:00;311;Acidente sem vítima;264;BR-101/ES;Norte;Engavetamento;2;1;0;0;0;0;0;;;;5;0;0;0;0
10/10/2016;17:30:00;322;Acidente sem vítima;298;BR-101/ES;Sul;Colisão Traseira;1;1;0;0;0;0;0;;;;2;0;0;0;0
10/10/2016;17:49:00;328;Acidente sem vítima;269;BR-101/ES;Sul;Colisão Traseira;2;0;0;0;0;0;0;;;;5;0;0;0;0
10/10/2016;18:21:00;337;Acidente com vítima;151;BR-101/ES;Norte;Colisão Transversal;1;1;0;0;0;0;0;;;;2;4;1;0;0
10/10/2016;19:55:00;356;Acidente com vítima;385;BR-101/ES;Sul;Colisão Traseira;0;0;1;0;1;0;0;;;;0;0;1;0;0
11/10/2016;07:23:00;98;Acidente com vítima;270;BR-101/ES;Norte;Queda de Moto;0;0;0;0;1;0;0;;;;0;0;1;0;0
11/10/2016;07:55:00;104;Acidente com vítima;166;BR-101/ES;Norte;Queda de Moto;0;0;0;0;1;0;0;;;;0;2;0;0;0
11/10/2016;08:18:00;111;Acidente sem vítima;271;BR-101/ES;Norte;Engavetamento;3;0;0;0;0;0;0;;;;6;0;0;0;0
11/10/2016;08:36:00;118;Acidente sem vítima;219;BR-101/ES;Norte;Saída de Pista;1;0;0;0;0;0;0;;;;2;0;0;0;0
11/10/2016;10:19:00;174;Acidente sem vítima;298,9;BR-101/ES;Norte;Colisão Traseira;1;0;4;0;0;0;0;;;;3;0;0;0;0
11/10/2016;10:24:00;177;Acidente sem vítima;147;BR-101/ES;Norte;Colisão Traseira;2;0;0;0;0;0;0;;;;2;0;0;0;0
11/10/2016;15:12:00;321;Acidente com vítima;211;BR-101/ES;Norte;Colisão Lateral;2;0;0;0;0;0;0;;;;2;0;1;0;0
11/10/2016;16:02:00;334;Acidente sem vítima;270;BR-101/ES;Sul;Saída de Pista;1;0;0;0;0;0;0;;;;1;0;0;0;0
11/10/2016;19:40:00;393;Acidente sem vítima;214;BR-101/ES;Sul;Colisão Lateral;1;0;2;0;0;0;0;;;;2;0;0;0;0
12/10/2016;08:42:00;108;Acidente sem vítima;262;BR-101/ES;Sul;Engavetamento;4;0;0;0;0;0;0;;;;9;0;0;0;0
12/10/2016;09:49:00;131;Acidente sem vítima;268;BR-101/ES;Sul;Colisão Lateral;2;0;0;0;0;0;0;;;;2;0;0;0;0
12/10/2016;18:09:00;303;Acidente sem vítima;293;BR-101/ES;Norte;Colisão Traseira;1;1;0;0;0;0;0;;;;2;0;0;0;0
12/10/2016;18:14:00;305;Acidente sem vítima;189;BR-101/ES;Sul;Atropelamento de Equino;1;0;0;0;0;0;0;;;;2;0;0;0;0
12/10/2016;18:29:00;310;Acidente sem vítima;402;BR-101/ES;Sul;Colisão Lateral;1;0;2;0;0;0;0;;;;4;0;0;0;0
12/10/2016;18:33:00;312;Acidente sem vítima;440;BR-101/ES;Norte;Atropelamento Animal;1;0;0;0;0;0;0;;;;1;0;0;0;0
12/10/2016;20:02:00;323;Acidente sem vítima;366;BR-101/ES;Norte;Saída de Pista;0;0;2;0;0;0;0;;;;1;0;0;0;0
12/10/2016;21:26:00;341;Acidente sem vítima;145;BR-101/ES;Norte;Colisão Traseira;2;0;0;0;0;0;0;;;;4;0;0;0;0
12/10/2016;21:32:00;342;Acidente com vítima;260;BR-101/ES;Sul;Choque com Objeto Fixo;0;0;0;0;1;0;0;;;;0;0;0;1;0
13/10/2016;07:13:00;93;Acidente com vítima;260;BR-101/ES;Sul;Colisão Traseira;2;0;0;0;0;0;0;;;;2;1;0;0;0
13/10/2016;08:32:00;131;Acidente sem vítima;395;BR-101/ES;Norte;Colisão Lateral;0;0;4;0;0;0;0;;;;2;0;0;0;0
13/10/2016;14:50:00;307;Acidente sem vítima;147;BR-101/ES;Sul;Colisão Transversal;2;0;0;0;0;0;0;;;;2;0;0;0;0
13/10/2016;15:47:00;336;Atropelamento sem morte;299;BR-101/ES;Sul;Atropelamento;2;0;0;0;0;0;0;;;;1;0;1;0;0
13/10/2016;15:54:00;340;Acidente sem vítima;269;BR-101/ES;Norte;Colisão Lateral;1;0;2;0;0;0;0;;;;2;0;0;0;0
13/10/2016;19:17:00;399;Acidente sem vítima;293;BR-101/ES;Norte;Colisão Lateral;1;0;0;0;1;0;0;;;;2;0;0;0;0
13/10/2016;20:10:00;407;Acidente com vítima;268;BR-101/ES;Sul;Choque com Objeto Fixo;0;0;0;0;1;0;0;;;;0;2;0;0;0
14/10/2016;04:36:00;71;Acidente sem vítima;287;BR-101/ES;Norte;Choque com Objeto Fixo;1;0;0;0;0;0;0;;;;1;0;0;0;0
14/10/2016;07:09:00;102;Acidente com vítima;96;BR-101/ES;Norte;Colisão Frontal;1;0;4;0;0;0;0;;;;1;0;1;0;0
14/10/2016;07:27:00;109;Acidente sem vítima;223;BR-101/ES;Sul;Tombamento;0;0;4;0;0;0;0;;;;2;0;0;0;0
14/10/2016;14:33:00;288;Acidente com vítima;301;BR-101/ES;Norte;Colisão Transversal;1;1;0;0;0;0;0;;;;1;0;2;0;0
14/10/2016;17:09:00;341;Acidente sem vítima;216;BR-101/ES;Norte;Engavetamento;0;2;2;0;0;0;0;;;;6;0;0;0;0
14/10/2016;19:43:00;401;Acidente sem vítima;224;BR-101/ES;Norte;Colisão Traseira;3;0;0;0;0;0;0;;;;8;0;0;0;0
14/10/2016;20:43:00;414;Acidente com morte;77,2;BR-101/ES;Sul;Colisão Frontal;2;0;3;0;0;0;0;;;;1;0;4;1;1
14/10/2016;20:46:00;416;Acidente sem vítima;262;BR-101/ES;Sul;Atropelamento Animal;1;0;0;0;0;0;0;;;;1;0;0;0;0
15/10/2016;03:28:00;54;Acidente com morte;130;BR-101/ES;Sul;Colisão Transversal;1;0;0;0;1;0;0;;;;0;0;0;1;1
15/10/2016;03:43:00;62;Acidente sem vítima;136,3;BR-101/ES;Sul;Saída de Pista;1;0;0;0;0;0;0;;;;1;0;0;0;0
15/10/2016;07:47:00;109;Acidente sem vítima;293;BR-101/ES;Sul;Colisão Traseira;2;0;0;0;0;0;0;;;;8;0;0;0;0
15/10/2016;11:40:00;196;Acidente sem vítima;299;BR-101/ES;Norte;Colisão Lateral;1;1;0;0;0;0;0;;;;2;0;0;0;0
15/10/2016;14:54:00;287;Acidente sem vítima;266;BR-101/ES;Sul;Colisão Transversal;2;0;0;0;0;0;0;;;;6;0;0;0;0
15/10/2016;15:00:00;290;Acidente sem vítima;116,5;BR-101/ES;Norte;Saída de Pista;1;0;0;0;0;0;0;;;;4;0;0;0;0
15/10/2016;15:39:00;304;Acidente com vítima;98;BR-101/ES;Norte;Queda de Moto;0;0;0;0;1;0;0;;;;1;1;0;0;0
15/10/2016;22:53:00;386;Acidente com vítima;941;BR-101/BA;Sul;Colisão Traseira;0;1;0;0;1;0;0;;;;1;0;1;0;0
16/10/2016;00:03:00;3;Acidente com vítima;439;BR-101/ES;Sul;Colisão Transversal;1;0;0;0;1;0;0;;;;3;0;0;1;0
16/10/2016;08:18:00;82;Acidente com vítima;298;BR-101/ES;Norte;Queda de Moto;0;0;0;0;1;0;0;;;;0;0;1;0;0
16/10/2016;09:22:00;92;Acidente sem vítima;371;BR-101/ES;Sul;Colisão Lateral;2;0;0;0;0;0;0;;;;2;0;0;0;0
16/10/2016;13:56:00;200;Acidente com vítima;268;BR-101/ES;Sul;Colisão;0;0;0;1;0;1;0;;;;1;0;1;0;0
16/10/2016;17:40:00;254;Acidente sem vítima;208;BR-101/ES;Sul;Colisão Traseira;2;0;0;0;0;0;0;;;;3;0;0;0;0
16/10/2016;18:51:00;270;Acidente sem vítima;51,2;BR-101/ES;Sul;Veículo em Chamas;1;0;0;0;0;0;0;;;;7;0;0;0;0
16/10/2016;19:50:00;283;Acidente com vítima;293;BR-101/ES;Norte;Colisão Traseira;2;0;0;0;0;0;0;;;;1;0;2;0;0
16/10/2016;21:07:00;290;Acidente com vítima;263;BR-101/ES;Norte;Colisão Traseira;2;0;0;0;0;0;0;;;;1;0;2;0;0
16/10/2016;23:28:00;313;Acidente com vítima;299;BR-101/ES;Sul;Colisão Traseira;3;0;0;0;0;0;0;;;;5;1;0;0;0
17/10/2016;01:34:00;33;Acidente sem vítima;431;BR-101/ES;Sul;Atropelamento de Bovino;1;0;0;0;0;0;0;;;;1;0;0;0;0
17/10/2016;08:22:00;113;Acidente sem vítima;241;BR-101/ES;Sul;Engavetamento;3;0;0;0;0;0;0;;;;8;0;0;0;0
17/10/2016;08:51:00;124;Acidente com vítima;258;BR-101/ES;Norte;Colisão Transversal;1;0;0;0;1;0;0;;;;3;0;1;0;0
17/10/2016;10:09:00;157;Acidente com vítima;8;BR-101/ES;Sul;Saída de Pista;1;0;0;0;0;0;0;;;;0;1;0;0;0
17/10/2016;14:58:00;296;Acidente sem vítima;305;BR-101/ES;Sul;Colisão Lateral;1;1;0;0;0;0;0;;;;6;0;0;0;0
17/10/2016;15:37:00;315;Acidente com vítima;264;BR-101/ES;Norte;Colisão Transversal;1;0;0;0;1;0;0;;;;1;0;1;0;0
17/10/2016;16:45:00;349;Acidente com vítima;298;BR-101/ES;Sul;Queda de ciclista;0;0;0;0;0;1;0;;;;0;0;1;0;0
17/10/2016;17:53:00;385;Acidente sem vítima;147;BR-101/ES;Norte;Colisão Traseira;2;0;0;0;0;0;0;;;;3;0;0;0;0
17/10/2016;19:51:00;412;Atropelamento sem morte;266;BR-101/ES;Sul;Atropelamento;0;0;0;0;1;0;0;;;;1;0;1;0;0
17/10/2016;20:36:00;416;Acidente sem vítima;68;BR-101/ES;Sul;Tombamento;1;0;1;0;0;0;0;;;;1;0;0;0;0
17/10/2016;22:01:00;427;Acidente com vítima;180;BR-101/ES;Sul;Queda de Moto;0;0;0;0;1;0;0;;;;0;0;1;0;0
18/10/2016;03:25:00;58;Acidente sem vítima;393;BR-101/ES;Sul;Colisão Traseira;0;1;2;0;0;0;0;;;;2;0;0;0;0
18/10/2016;04:14:00;68;Acidente com morte;308;BR-101/ES;Norte;Saída de Pista;0;0;2;0;0;0;0;;;;0;0;0;0;1
18/10/2016;08:23:00;129;Acidente com morte;42,9;BR-101/ES;Norte;Colisão Frontal;1;1;0;0;0;0;0;;;;0;0;0;1;1
18/10/2016;08:35:00;131;Acidente com vítima;148,1;BR-101/ES;Sul;Colisão Traseira;1;0;0;0;1;0;0;;;;1;1;0;0;0
18/10/2016;08:39:00;132;Acidente sem vítima;206;BR-101/ES;Norte;Engavetamento;3;0;0;0;0;0;0;;;;7;0;0;0;0
18/10/2016;09:24:00;148;Acidente sem vítima;206;BR-101/ES;Norte;Engavetamento;3;0;0;0;0;0;0;;;;9;0;0;0;0
18/10/2016;09:39:00;157;Acidente sem vítima;373;BR-101/ES;Norte;Saída de Pista;1;0;0;0;0;0;0;;;;2;0;0;0;0
18/10/2016;10:31:00;173;Acidente com vítima;56,2;BR-101/ES;Norte;Queda de Moto;0;0;0;0;1;0;0;;;;0;1;1;0;0
18/10/2016;13:52:00;284;Acidente sem vítima;40,8;BR-101/ES;Sul;Colisão Traseira;2;0;0;0;0;0;0;;;;5;0;0;0;0
18/10/2016;17:05:00;352;Acidente com vítima;144;BR-101/ES;Norte;Queda de Moto;0;0;0;0;1;0;0;;;;0;0;1;0;0
18/10/2016;18:23:00;375;Acidente sem vítima;262;BR-101/ES;Norte;Colisão Traseira;1;0;0;0;1;0;0;;;;3;0;0;0;0
18/10/2016;23:14:00;422;Acidente com vítima;67;BR-101/ES;Norte;Engavetamento;1;1;2;0;0;0;0;;;;2;3;0;0;0
19/10/2016;07:12:00;94;Acidente com vítima;301;BR-101/ES;Norte;Colisão;1;0;0;0;0;1;0;;;;1;0;0;1;0
19/10/2016;07:57:00;109;Acidente sem vítima;301;BR-101/ES;Norte;Colisão Traseira;0;1;2;0;0;0;0;;;;2;0;0;0;0
19/10/2016;11:05:00;213;Acidente com vítima;255;BR-101/ES;Sul;Colisão;0;0;0;0;0;1;0;;;;0;0;1;0;0
19/10/2016;11:20:00;222;Acidente com vítima;160;BR-101/ES;Sul;Colisão Lateral;0;0;2;0;1;0;0;;;;1;1;0;0;0
19/10/2016;16:37:00;328;Acidente sem vítima;450;BR-101/ES;Sul;Saída de Pista;0;0;2;0;0;0;0;;;;1;0;0;0;0
20/10/2016;02:58:00;59;Acidente sem vítima;260;BR-101/ES;Norte;Saída de Pista;1;0;0;0;0;0;0;;;;1;0;0;0;0
20/10/2016;05:55:00;85;Acidente com vítima;253;BR-101/ES;Sul;Colisão;1;0;0;0;0;1;0;;;;0;0;0;1;0
20/10/2016;06:48:00;93;Acidente sem vítima;270;BR-101/ES;Sul;Colisão Traseira;2;0;0;0;0;0;0;;;;6;0;0;0;0
20/10/2016;11:14:00;228;Acidente sem vítima;180;BR-101/ES;Norte;Colisão Traseira;1;1;3;0;0;0;0;;;;3;0;0;0;0
20/10/2016;12:24:00;256;Acidente sem vítima;297;BR-101/ES;Norte;Colisão Lateral;1;1;0;0;0;0;0;;;;3;0;0;0;0
20/10/2016;15:03:00;318;Acidente sem vítima;270;BR-101/ES;Norte;Colisão Lateral;1;0;2;0;0;0;0;;;;2;0;0;0;0
20/10/2016;15:37:00;330;Acidente com vítima;126,3;BR-101/ES;Sul;Colisão Transversal;1;0;0;0;1;0;0;;;;2;1;0;0;0
20/10/2016;20:09:00;401;Acidente sem vítima;940;BR-101/BA;Sul;Atropelamento de Equino;0;1;0;0;0;0;0;;;;1;0;0;0;0
20/10/2016;21:23:00;409;Acidente sem vítima;448;BR-101/ES;Norte;Colisão Lateral;1;0;3;0;0;0;0;;;;3;0;0;0;0
21/10/2016;12:06:00;258;Acidente sem vítima;78;BR-101/ES;Norte;Colisão Lateral;1;0;0;1;0;0;0;;;;7;0;0;0;0
21/10/2016;14:37:00;332;Acidente sem vítima;154,2;BR-101/ES;Sul;Saída de Pista;1;0;0;0;0;0;0;;;;1;0;0;0;0
21/10/2016;15:24:00;345;Acidente sem vítima;242;BR-101/ES;Norte;Choque com Objeto Fixo;0;0;0;1;0;0;0;;;;1;0;0;0;0
21/10/2016;15:40:00;354;Acidente com vítima;118;BR-101/ES;Sul;Queda de Moto;0;0;0;0;1;0;0;;;;1;0;1;0;0
21/10/2016;17:28:00;391;Acidente sem vítima;212;BR-101/ES;Norte;Colisão Traseira;2;0;0;0;0;0;0;;;;3;0;0;0;0
21/10/2016;18:56:00;412;Acidente com vítima;355;BR-101/ES;Norte;Colisão Transversal;2;0;0;0;0;0;0;;;;0;2;1;0;0
21/10/2016;19:21:00;419;Acidente com vítima;146;BR-101/ES;Sul;Queda de Moto;0;0;0;0;1;0;0;;;;1;1;0;0;0
21/10/2016;20:23:00;438;Acidente sem vítima;268;BR-101/ES;Sul;Colisão Lateral;1;1;0;0;0;0;0;;;;4;0;0;0;0
21/10/2016;21:54:00;459;Acidente com vítima;268;BR-101/ES;Sul;Colisão Lateral;1;0;0;0;1;0;0;;;;1;1;0;0;0
21/10/2016;21:59:00;461;Acidente com vítima;296;BR-101/ES;Sul;Queda de Moto;0;0;0;0;1;0;0;;;;0;1;0;0;0
22/10/2016;03:02:00;49;Acidente com vítima;264;BR-101/ES;Norte;Colisão Transversal;1;1;0;0;0;0;0;;;;3;0;1;0;0
22/10/2016;05:07:00;68;Acidente sem vítima;954;BR-101/BA;Sul;Atropelamento de Bovino;1;0;0;0;0;0;0;;;;4;0;0;0;0
22/10/2016;06:16:00;80;Acidente com morte;261;BR-101/ES;Sul;Colisão Transversal;1;0;0;1;0;0;0;;;;2;0;0;0;1
22/10/2016;08:24:00;112;Acidente com vítima;379;BR-101/ES;Norte;Colisão Lateral;0;2;0;0;0;0;0;;;;1;0;1;0;0
22/10/2016;09:24:00;124;Acidente com vítima;107;BR-101/ES;Sul;Queda de Moto;0;0;0;0;1;0;0;;;;0;2;0;0;0
22/10/2016;10:01:00;137;Acidente com vítima;283;BR-101/ES;Norte;Saída de Pista;1;0;0;0;0;0;0;;;;0;0;2;0;0
22/10/2016;10:20:00;145;Atropelamento sem morte;276;BR-101/ES;Sul;Atropelamento;2;0;0;0;0;0;0;;;;2;0;1;0;0
22/10/2016;11:14:00;168;Acidente com morte;280;BR-101/ES;Norte;Choque com Objeto Fixo;0;0;0;0;1;0;0;;;;0;0;0;0;1
22/10/2016;11:17:00;173;Acidente sem vítima;272;BR-101/ES;Sul;Colisão Frontal;2;0;0;0;0;0;0;;;;2;0;0;0;0
22/10/2016;11:23:00;175;Acidente sem vítima;346;BR-101/ES;Sul;Saída de Pista;1;0;0;0;0;0;0;;;;2;0;0;0;0
22/10/2016;11:24:00;176;Atropelamento sem morte;149;BR-101/ES;Norte;Atropelamento;0;0;0;0;1;0;0;;;;1;1;0;0;0
22/10/2016;13:01:00;212;Acidente sem vítima;393;BR-101/ES;Norte;Saída de Pista;1;0;0;0;0;0;0;;;;2;0;0;0;0
22/10/2016;13:36:00;221;Acidente sem vítima;377;BR-101/ES;Norte;Colisão Lateral;1;0;0;0;1;0;0;;;;2;0;0;0;0
22/10/2016;13:51:00;226;Acidente sem vítima;271;BR-101/ES;Sul;Colisão Traseira;2;0;0;0;0;0;0;;;;2;0;0;0;0
22/10/2016;14:39:00;236;Acidente com vítima;279;BR-101/ES;Norte;Tombamento;0;1;0;0;0;0;0;;;;2;0;1;0;0
22/10/2016;14:47:00;239;Acidente com vítima;145;BR-101/ES;Norte;Queda de Moto;0;0;0;0;1;0;0;;;;0;0;1;0;0
22/10/2016;16:22:00;272;Acidente com vítima;229;BR-101/ES;Norte;Choque com Objeto Fixo;0;0;0;0;1;0;0;;;;0;1;0;0;0
22/10/2016;17:34:00;299;Acidente sem vítima;146;BR-101/ES;Norte;Colisão Traseira;1;0;2;0;0;0;0;;;;3;0;0;0;0
22/10/2016;18:12:00;305;Acidente com morte;132,8;BR-101/ES;Sul;Colisão Frontal;3;0;0;0;0;0;0;;;;1;2;0;3;1
22/10/2016;19:17:00;313;Acidente sem vítima;290;BR-101/ES;Sul;Colisão Traseira;2;0;0;0;0;0;0;;;;2;0;0;0;0
22/10/2016;22:21:00;356;Atropelamento sem morte;156;BR-101/ES;Norte;Atropelamento e Fuga;1;0;0;0;0;0;0;;;;0;1;0;0;0
22/10/2016;23:07:00;365;Acidente sem vítima;142;BR-101/ES;Norte;Colisão Traseira;2;0;0;0;0;0;0;;;;8;0;0;0;0
23/10/2016;02:30:00;38;Acidente com vítima;209;BR-101/ES;Sul;Saída de Pista;1;0;0;0;0;0;0;;;;0;0;2;0;0
23/10/2016;04:57:00;70;Acidente sem vítima;271,5;BR-101/ES;Sul;Choque com Objeto Fixo;1;0;0;0;0;0;0;;;;2;0;0;0;0
23/10/2016;06:11:00;80;Acidente com vítima;150;BR-101/ES;Sul;Colisão Traseira;1;0;0;0;1;0;0;;;;1;1;0;0;0
23/10/2016;07:12:00;90;Acidente sem vítima;225;BR-101/ES;Norte;Saída de Pista;1;0;0;0;0;0;0;;;;1;0;0;0;0
23/10/2016;09:15:00;141;Acidente com vítima;354;BR-101/ES;Norte;Queda de Moto;0;0;0;0;1;0;0;;;;0;1;0;0;0
23/10/2016;11:45:00;212;Acidente com vítima;358;BR-101/ES;Sul;Queda de Moto;0;0;0;0;1;0;0;;;;0;2;0;0;0
23/10/2016;17:02:00;316;Acidente sem vítima;459;BR-101/ES;Sul;Colisão Lateral;0;2;1;0;0;0;0;;;;4;0;0;0;0
23/10/2016;17:42:00;328;Acidente sem vítima;301,9;BR-101/ES;Norte;Colisão Traseira;2;0;0;0;0;0;0;;;;4;0;0;0;0
23/10/2016;19:24:00;349;Acidente com vítima;421;BR-101/ES;Norte;Queda de Moto;0;0;0;0;1;0;0;;;;0;0;1;0;0
23/10/2016;20:01:00;357;Acidente com vítima;953;BR-101/BA;Sul;Saída de Pista;1;0;0;0;0;0;0;;;;1;0;1;0;0
23/10/2016;20:18:00;364;Acidente com vítima;139;BR-101/ES;Norte;Queda de Moto;0;0;0;0;1;0;0;;;;0;0;1;0;0
24/10/2016;06:52:00;86;Acidente com vítima;12;BR-101/ES;Sul;Queda de Moto;0;0;0;0;1;0;0;;;;0;1;0;0;0
24/10/2016;07:47:00;111;Acidente sem vítima;266;BR-101/ES;Sul;Colisão Traseira;2;0;0;0;0;0;0;;;;2;0;0;0;0
24/10/2016;09:01:00;131;Acidente sem vítima;104;BR-101/ES;Sul;Queda de Moto;0;0;0;0;1;0;0;;;;1;0;0;0;0
24/10/2016;10:31:00;188;Acidente com vítima;18;BR-101/ES;Sul;Queda de Moto;0;0;0;0;1;0;0;;;;0;0;1;0;0
24/10/2016;11:18:00;206;Acidente com vítima;270;BR-101/ES;Sul;Colisão Lateral;1;0;0;0;1;0;0;;;;1;0;1;0;0
24/10/2016;11:37:00;219;Acidente sem vítima;265;BR-101/ES;Sul;Colisão Traseira;1;1;0;0;0;0;0;;;;2;0;0;0;0
24/10/2016;15:30:00;314;Acidente com vítima;386;BR-101/ES;Sul;Tombamento;0;1;0;0;0;0;0;;;;1;1;0;0;0
24/10/2016;19:33:00;393;Acidente sem vítima;269;BR-101/ES;Norte;Colisão Lateral;1;0;2;0;0;0;0;;;;2;0;0;0;0
25/10/2016;07:17:00;85;Acidente com vítima;266;BR-101/ES;Sul;Choque;1;0;0;0;1;0;0;;;;1;0;1;0;0
25/10/2016;07:44:00;95;Acidente sem vítima;269;BR-101/ES;Norte;Veículo em Chamas;1;0;0;0;0;0;0;;;;1;0;0;0;0
25/10/2016;11:29:00;190;Acidente sem vítima;282;BR-101/ES;Sul;Choque com Objeto Fixo;1;0;0;0;0;0;0;;;;1;0;0;0;0
25/10/2016;14:06:00;279;Acidente sem vítima;386;BR-101/ES;Norte;Colisão Transversal;0;0;0;0;2;0;0;;;;2;0;0;0;0
25/10/2016;15:26:00;306;Acidente com vítima;334;BR-101/ES;Norte;Saída de Pista;0;0;2;0;0;0;0;;;;0;1;2;0;0
25/10/2016;15:39:00;309;Acidente sem vítima;334,5;BR-101/ES;Sul;Veículo em Chamas;0;1;0;0;0;0;0;;;;1;0;0;0;0
25/10/2016;19:04:00;368;Acidente sem vítima;50;BR-101/ES;Norte;Choque;2;0;3;0;0;0;0;;;;6;0;0;0;0
25/10/2016;20:19:00;384;Acidente com vítima;108;BR-101/ES;Norte;Queda de Moto;0;0;0;0;1;0;0;;;;0;1;0;0;0
25/10/2016;22:18:00;406;Acidente com vítima;67,8;BR-101/ES;Norte;Colisão Lateral;2;0;0;0;0;0;0;;;;2;1;0;0;0
25/10/2016;23:10:00;417;Acidente com vítima;298;BR-101/ES;Sul;Colisão Transversal;2;0;0;0;0;0;0;;;;1;0;3;0;0
26/10/2016;08:59:00;134;Acidente sem vítima;401;BR-101/ES;Sul;Saída de Pista;1;0;0;0;0;0;0;;;;2;0;0;0;0
26/10/2016;09:49:00;149;Atropelamento sem morte;337;BR-101/ES;Sul;Atropelamento;0;1;0;0;0;0;0;;;;2;1;0;0;0
26/10/2016;10:30:00;163;Acidente sem vítima;949;BR-101/BA;Norte;Saída de Pista;1;0;0;0;0;0;0;;;;2;0;0;0;0
26/10/2016;17:12:00;344;Acidente sem vítima;295,8;BR-101/ES;Norte;Colisão Traseira;2;0;0;0;0;0;0;;;;4;0;0;0;0
26/10/2016;17:20:00;346;Acidente com morte;64;BR-101/ES;Sul;Colisão Transversal;1;2;1;0;0;0;0;;;;0;1;1;0;2
26/10/2016;17:32:00;351;Acidente com vítima;299;BR-101/ES;Norte;Colisão Traseira;1;0;0;0;1;0;0;;;;3;0;1;0;0
26/10/2016;19:37:00;374;Atropelamento sem morte;94;BR-101/ES;Sul;Atropelamento;1;0;0;0;0;0;0;;;;1;1;0;0;0
26/10/2016;22:37:00;399;Acidente sem vítima;58;BR-101/ES;Norte;Queda de Moto;0;0;0;0;1;0;0;;;;2;0;0;0;0
26/10/2016;22:44:00;401;Acidente com vítima;268;BR-101/ES;Sul;Colisão Traseira;2;0;0;0;1;0;0;;;;1;0;1;0;0
27/10/2016;07:39:00;98;Acidente sem vítima;255;BR-101/ES;Sul;Colisão Traseira;2;0;0;1;0;0;0;;;;3;0;0;0;0
27/10/2016;07:58:00;107;Acidente sem vítima;298;BR-101/ES;Norte;Colisão Traseira;1;0;3;0;0;0;0;;;;3;0;0;0;0
27/10/2016;08:12:00;112;Acidente com vítima;299;BR-101/ES;Norte;Queda de Moto;1;0;0;0;0;0;0;;;;0;1;1;0;0
27/10/2016;08:20:00;117;Acidente sem vítima;270;BR-101/ES;Norte;Colisão Lateral;1;0;1;0;0;0;0;;;;2;0;0;0;0
27/10/2016;08:26:00;120;Acidente com vítima;36;BR-101/ES;Sul;Colisão Lateral;1;0;0;0;1;0;0;;;;3;0;1;0;0
27/10/2016;09:34:00;153;Acidente sem vítima;269;BR-101/ES;Sul;Engavetamento;3;0;0;0;0;0;0;;;;3;0;0;0;0
27/10/2016;11:27:00;213;Acidente com vítima;69,5;BR-101/ES;Norte;Queda de Moto;0;0;0;0;1;0;0;;;;0;0;1;0;0
27/10/2016;12:43:00;255;Acidente com vítima;215;BR-101/ES;Sul;Colisão Transversal;2;0;0;0;0;0;0;;;;2;1;0;0;0
27/10/2016;16:10:00;326;Acidente com vítima;14;BR-101/ES;Sul;Tombamento;0;0;2;0;0;0;0;;;;0;0;1;0;0
27/10/2016;16:39:00;337;Acidente sem vítima;205;BR-101/ES;Sul;Colisão Transversal;2;0;0;0;0;0;0;;;;5;0;0;0;0
27/10/2016;20:23:00;385;Atropelamento sem morte;267;BR-101/ES;Norte;Atropelamento;0;0;2;0;0;0;0;;;;1;0;1;0;0
28/10/2016;09:24:00;169;Acidente com vítima;267;BR-101/ES;Norte;Queda de Moto;0;0;0;0;1;0;0;;;;0;0;1;0;0
28/10/2016;10:41:00;193;Atropelamento sem morte;269;BR-101/ES;Sul;Atropelamento;0;0;0;0;1;0;0;;;;0;0;2;0;0
28/10/2016;13:39:00;298;Atropelamento sem morte;230;BR-101/ES;Sul;Atropelamento;0;0;0;0;1;0;0;;;;2;0;0;0;0
28/10/2016;16:03:00;346;Acidente com vítima;358,5;BR-101/ES;Sul;Queda de Moto;0;0;0;0;1;0;0;;;;0;0;1;0;0
28/10/2016;16:19:00;356;Acidente sem vítima;267;BR-101/ES;Norte;Colisão Traseira;0;2;0;0;0;0;0;;;;5;0;0;0;0