data;horario;n_da_ocorrencia;tipo_de_ocorrencia;km;trecho;sentido;tipo_de_acidente;automovel;bicicleta;caminhao;moto;onibus;outros;tracao_animal;transporte_de_cargas_especiais;trator_maquinas;utilitarios;ilesos;levemente_feridos;moderadamente_feridos;gravemente_feridos;mortos
28/10/2016;16:47:00;365;Acidente sem vítima;425,8;BR-101/ES;Sul;Tombamento;0;0;2;0;0;0;0;;;;2;0;0;0;0
28/10/2016;17:49:00;389;Acidente sem vítima;307;BR-101/ES;Norte;Saída de Pista;1;0;0;0;0;0;0;;;;4;0;0;0;0
28/10/2016;19:24:00;413;Acidente com vítima;203;BR-101/ES;Sul;Colisão Transversal;1;1;0;0;0;0;0;;;;2;1;0;0;0
28/10/2016;21:48:00;446;Acidente com vítima;209;BR-101/ES;Sul;Queda de Moto;0;0;0;0;1;0;0;;;;1;0;1;0;0
28/10/2016;22:02:00;452;Acidente com vítima;267;BR-101/ES;Norte;Colisão Lateral;1;0;2;0;0;0;0;;;;1;1;0;0;0
28/10/2016;22:28:00;458;Acidente sem vítima;126;BR-101/ES;Norte;Colisão Traseira;2;0;0;0;0;0;0;;;;5;0;0;0;0
28/10/2016;23:50:00;472;Acidente com vítima;375;BR-101/ES;Sul;Colisão Traseira;2;0;0;0;0;0;0;;;;2;1;0;0;0
29/10/2016;03:10:00;47;Acidente sem vítima;343;BR-101/ES;Norte;Capotamento;1;0;0;0;0;0;0;;;;1;0;0;0;0
29/10/2016;04:10:00;59;Acidente com vítima;188;BR-101/ES;Sul;Choque com Objeto Fixo;1;0;0;0;0;0;0;;;;1;1;0;0;0
29/10/2016;07:22:00;88;Acidente sem vítima;403;BR-101/ES;Norte;Tombamento;0;1;1;0;0;0;0;;;;1;0;0;0;0
29/10/2016;07:31:00;91;Acidente sem vítima;262;BR-101/ES;Sul;Colisão Traseira;2;0;0;0;0;0;0;;;;4;0;0;0;0
29/10/2016;07:38:00;92;Acidente sem vítima;278;BR-101/ES;Sul;Saída de Pista;1;0;0;0;0;0;0;;;;1;0;0;0;0
29/10/2016;07:53:00;98;Acidente sem vítima;405;BR-101/ES;Norte;Colisão Traseira;0;1;2;0;0;0;0;;;;2;0;0;0;0
29/10/2016;08:19:00;107;Acidente sem vítima;278;BR-101/ES;Sul;Choque com Objeto Fixo;0;1;0;0;0;0;0;;;;2;0;0;0;0
29/10/2016;12:53:00;220;Acidente com vítima;343;BR-101/ES;Sul;Saída de Pista;1;0;0;0;0;0;0;;;;0;1;0;0;0
29/10/2016;13:29:00;226;Acidente sem vítima;210;BR-101/ES;Sul;Colisão Lateral;1;0;0;1;0;0;0;;;;5;0;0;0;0
29/10/2016;16:45:00;291;Acidente com vítima;257;BR-101/ES;Norte;Colisão Lateral;2;0;0;0;0;0;0;;;;5;0;0;1;0
29/10/2016;17:20:00;298;Acidente sem vítima;230;BR-101/ES;Sul;Engavetamento;1;1;2;0;0;0;0;;;;4;0;0;0;0
29/10/2016;18:37:00;313;Acidente sem vítima;272;BR-101/ES;Norte;Colisão Lateral;1;0;0;1;0;0;0;;;;2;0;0;0;0
29/10/2016;19:10:00;317;Acidente sem vítima;274;BR-101/ES;Sul;Saída de Pista;1;0;0;0;0;0;0;;;;4;0;0;0;0
29/10/2016;19:47:00;326;Acidente sem vítima;255;BR-101/ES;Sul;Colisão Traseira;2;0;0;0;0;0;0;;;;9;0;0;0;0
29/10/2016;21:54:00;354;Acidente sem vítima;269;BR-101/ES;Sul;Colisão Traseira;2;0;0;0;0;0;0;;;;2;0;0;0;0
30/10/2016;03:52:00;61;Acidente com vítima;295;BR-101/ES;Norte;Queda de Moto;0;0;0;0;1;0;0;;;;0;1;0;0;0
30/10/2016;03:54:00;62;Acidente sem vítima;263,5;BR-101/ES;Norte;Colisão Transversal;2;0;0;0;0;0;0;;;;2;0;0;0;0
30/10/2016;05:24:00;73;Atropelamento sem morte;268;BR-101/ES;Sul;Atropelamento;0;0;0;1;0;0;0;;;;2;0;1;0;0
30/10/2016;11:09:00;142;Acidente sem vítima;290;BR-101/ES;Norte;Saída de Pista;4;0;2;0;0;0;0;;;;8;0;0;0;0
30/10/2016;13:05:00;184;Acidente sem vítima;8;BR-101/ES;Norte;Saída de Pista;1;0;0;0;0;0;0;;;;1;0;0;0;0
30/10/2016;13:40:00;197;Acidente com vítima;386;BR-101/ES;Sul;Tombamento;1;0;0;0;0;0;0;;;;2;1;1;0;0
30/10/2016;14:11:00;207;Acidente sem vítima;300;BR-101/ES;Norte;Choque com Objeto Fixo;1;0;0;0;0;0;0;;;;2;0;0;0;0
30/10/2016;19:27:00;276;Acidente sem vítima;264;BR-101/ES;Sul;Choque com Objeto Fixo;0;1;0;0;0;0;0;;;;1;0;0;0;0
31/10/2016;10:05:00;167;Acidente sem vítima;283;BR-101/ES;Sul;Colisão Frontal;2;0;0;0;0;0;0;;;;3;0;0;0;0
31/10/2016;11:18:00;214;Acidente com vítima;292;BR-101/ES;Norte;Colisão;1;0;0;0;0;1;0;;;;3;1;0;0;0
31/10/2016;13:26:00;274;Acidente sem vítima;43;BR-101/ES;Sul;Queda de Moto;0;0;0;0;1;0;0;;;;1;0;0;0;0
31/10/2016;13:59:00;294;Acidente com vítima;265;BR-101/ES;Norte;Colisão Lateral;2;0;0;0;1;0;0;;;;3;0;1;0;0
31/10/2016;15:18:00;324;Acidente sem vítima;383,2;BR-101/ES;Sul;Saída de Pista;1;0;0;0;0;0;0;;;;1;0;0;0;0
31/10/2016;15:44:00;332;Acidente sem vítima;424;BR-101/ES;Norte;Saída de Pista;2;0;0;0;0;0;0;;;;5;0;0;0;0
31/10/2016;17:37:00;359;Acidente sem vítima;408;BR-101/ES;Sul;Tombamento;0;0;2;0;0;0;0;;;;1;0;0;0;0
31/10/2016;18:04:00;363;Acidente com morte;212;BR-101/ES;Sul;Colisão Frontal;1;0;0;1;0;0;0;;;;9;1;0;0;1
31/10/2016;21:02:00;388;Acidente sem vítima;295;BR-101/ES;Sul;Choque com Objeto Fixo;1;0;0;0;0;0;0;;;;2;0;0;0;0
01/11/2016;07:16:00;81;Acidente sem vítima;270;BR-101/ES;Norte;Colisão Traseira;1;0;3;0;0;0;0;;;;4;0;0;0;0
01/11/2016;11:51:00;220;Acidente com vítima;298;BR-101/ES;Norte;Queda de Moto;0;0;0;0;1;0;0;;;;0;0;1;0;0
01/11/2016;14:27:00;284;Acidente sem vítima;135;BR-101/ES;Norte;Colisão Traseira;1;0;2;0;0;0;0;;;;4;0;0;0;0
02/11/2016;00:01:00;1;Acidente com vítima;14;BR-101/ES;Sul;Queda de Moto;0;0;0;0;1;0;0;;;;0;0;1;0;0
02/11/2016;03:19:00;55;Acidente sem vítima;287;BR-101/ES;Norte;Saída de Pista;1;0;0;0;0;0;0;;;;1;0;0;0;0
02/11/2016;07:15:00;72;Acidente sem vítima;258;BR-101/ES;Sul;Choque com Objeto Fixo;1;0;0;0;0;0;0;;;;2;0;0;0;0
02/11/2016;08:39:00;88;Acidente com vítima;363;BR-101/ES;Norte;Colisão Lateral;1;0;2;0;0;0;0;;;;1;1;1;0;0
02/11/2016;09:33:00;96;Acidente sem vítima;259;BR-101/ES;Norte;Saída de Pista;1;0;0;0;0;0;0;;;;1;0;0;0;0
02/11/2016;09:52:00;102;Acidente sem vítima;273;BR-101/ES;Norte;Colisão Traseira;1;1;0;0;0;0;0;;;;6;0;0;0;0
02/11/2016;10:07:00;107;Acidente sem vítima;346;BR-101/ES;Sul;Colisão Lateral;1;0;2;0;0;0;0;;;;2;0;0;0;0
02/11/2016;12:08:00;153;Acidente sem vítima;335;BR-101/ES;Norte;Tombamento;0;0;2;0;0;0;0;;;;1;0;0;0;0
02/11/2016;17:23:00;242;Acidente sem vítima;135;BR-101/ES;Norte;Colisão Traseira;1;0;1;0;0;0;0;;;;2;0;0;0;0
02/11/2016;20:38:00;269;Acidente com vítima;269;BR-101/ES;Sul;Colisão Transversal;0;0;0;0;2;0;0;;;;2;0;1;0;0
03/11/2016;05:46:00;71;Acidente sem vítima;143;BR-101/ES;Sul;Colisão Transversal;2;0;0;0;0;0;0;;;;2;0;0;0;0
03/11/2016;07:56:00;97;Acidente sem vítima;270;BR-101/ES;Norte;Colisão Lateral;1;1;0;0;0;0;0;;;;3;0;0;0;0
03/11/2016;08:03:00;103;Atropelamento sem morte;335,5;BR-101/ES;Sul;Atropelamento;1;0;0;0;0;0;0;;;;3;0;0;1;0
03/11/2016;09:59:00;146;Acidente sem vítima;176;BR-101/ES;Sul;Colisão Traseira;2;1;0;0;0;0;0;;;;3;0;0;0;0
03/11/2016;10:10:00;147;Acidente sem vítima;257;BR-101/ES;Sul;Veículo em Chamas;1;0;0;0;0;0;0;;;;1;0;0;0;0
03/11/2016;12:23:00;250;Acidente sem vítima;270;BR-101/ES;Norte;Colisão Lateral;1;0;2;0;0;0;0;;;;3;0;0;0;0
03/11/2016;16:20:00;331;Acidente sem vítima;148;BR-101/ES;Norte;Colisão Lateral;2;0;0;0;0;0;0;;;;4;0;0;0;0
03/11/2016;22:14:00;394;Acidente com vítima;263;BR-101/ES;Norte;Colisão Lateral;1;0;0;0;1;0;0;;;;0;1;0;0;0
04/11/2016;11:54:00;251;Acidente sem vítima;377;BR-101/ES;Norte;Colisão Transversal;2;0;0;0;0;0;0;;;;6;0;0;0;0
04/11/2016;15:58:00;328;Acidente com morte;210;BR-101/ES;Norte;Colisão Frontal;3;0;0;0;0;0;0;;;;2;0;0;2;3
04/11/2016;16:01:00;330;Acidente sem vítima;289;BR-101/ES;Sul;Colisão Lateral;1;0;2;0;0;0;0;;;;2;0;0;0;0
04/11/2016;16:12:00;335;Acidente com vítima;147;BR-101/ES;Sul;Colisão Traseira;1;0;0;0;1;0;0;;;;1;1;0;0;0
04/11/2016;17:49:00;354;Acidente com vítima;145;BR-101/ES;Norte;Colisão Lateral;0;1;0;0;1;0;0;;;;1;1;0;0;0
04/11/2016;19:01:00;364;Acidente com vítima;288;BR-101/ES;Norte;Colisão Transversal;3;0;0;0;0;0;0;;;;3;1;0;0;0
04/11/2016;20:02:00;374;Acidente sem vítima;51;BR-101/ES;Norte;Colisão Traseira;2;0;0;0;0;0;0;;;;5;0;0;0;0
04/11/2016;20:04:00;375;Acidente sem vítima;461;BR-101/ES;Sul;Choque com Objeto Fixo;0;0;2;0;0;0;0;;;;1;0;0;0;0
04/11/2016;20:33:00;381;Acidente com vítima;289;BR-101/ES;Sul;Queda de Moto;0;0;0;0;1;0;0;;;;0;1;0;0;0
04/11/2016;23:22:00;415;Acidente sem vítima;294;BR-101/ES;Sul;Colisão Lateral;2;0;0;0;0;0;0;;;;3;0;0;0;0
05/11/2016;00:56:00;14;Acidente com vítima;145;BR-101/ES;Norte;Capotamento;1;0;0;0;0;0;0;;;;0;2;0;0;0
05/11/2016;09:41:00;132;Acidente sem vítima;271;BR-101/ES;Norte;Colisão Lateral;1;0;2;0;0;0;0;;;;2;0;0;0;0
05/11/2016;10:11:00;138;Acidente com vítima;264;BR-101/ES;Sul;Colisão Traseira;2;0;0;0;0;0;0;;;;5;1;1;0;0
05/11/2016;10:33:00;145;Acidente com vítima;233;BR-101/ES;Norte;Colisão Frontal;2;0;0;0;0;0;0;;;;0;1;4;0;0
05/11/2016;12:27:00;204;Acidente sem vítima;67;BR-101/ES;Sul;Engavetamento;3;0;0;0;0;0;0;;;;3;0;0;0;0
05/11/2016;12:43:00;210;Acidente com vítima;229;BR-101/ES;Norte;Engavetamento;3;0;0;0;0;0;0;;;;2;1;0;0;0
05/11/2016;13:04:00;219;Acidente com vítima;146;BR-101/ES;Norte;Colisão Traseira;1;0;0;0;1;0;0;;;;1;1;0;0;0
05/11/2016;18:54:00;327;Acidente com vítima;15;BR-101/ES;Norte;Queda de Moto;0;0;0;0;1;0;0;;;;0;1;0;0;0
05/11/2016;20:01:00;339;Acidente sem vítima;295;BR-101/ES;Norte;Colisão Traseira;2;0;0;0;0;0;0;;;;3;0;0;0;0
05/11/2016;21:41:00;361;Atropelamento sem morte;295;BR-101/ES;Norte;Atropelamento;0;0;0;0;1;0;0;;;;1;0;1;0;0
05/11/2016;22:35:00;370;Acidente sem vítima;286;BR-101/ES;Sul;Saída de Pista;1;0;0;0;0;0;0;;;;1;0;0;0;0
06/11/2016;03:28:00;51;Acidente com morte;89;BR-101/ES;Sul;Colisão Traseira;0;0;1;0;1;0;0;;;;0;0;0;0;1
06/11/2016;04:40:00;61;Acidente sem vítima;180;BR-101/ES;Norte;Colisão Lateral;1;0;0;1;0;0;0;;;;14;0;0;0;0
06/11/2016;05:00:00;62;Acidente com vítima;148;BR-101/ES;Norte;Queda de Moto;0;0;0;0;1;0;0;;;;0;1;0;0;0
06/11/2016;07:21:00;78;Acidente sem vítima;295,5;BR-101/ES;Sul;Colisão Traseira;2;0;0;0;0;0;0;;;;5;0;0;0;0
06/11/2016;08:11:00;87;Acidente sem vítima;259;BR-101/ES;Norte;Saída de Pista;1;0;0;0;0;0;0;;;;4;0;0;0;0
06/11/2016;15:36:00;234;Acidente com vítima;142;BR-101/ES;Norte;Queda de Moto;0;0;0;0;1;0;0;;;;1;1;0;0;0
06/11/2016;16:11:00;238;Acidente com vítima;402;BR-101/ES;Sul;Colisão Transversal;1;0;2;0;0;0;0;;;;1;1;1;0;0
06/11/2016;20:40:00;296;Acidente sem vítima;297;BR-101/ES;Norte;Veículo em Chamas;0;1;0;0;0;0;0;;;;1;0;0;0;0
07/11/2016;01:45:00;28;Acidente sem vítima;110;BR-101/ES;Sul;Queda de ciclista;0;0;0;0;0;1;0;;;;1;0;0;0;0
07/11/2016;05:13:00;59;Acidente sem vítima;258;BR-101/ES;Norte;Saída de Pista;1;0;0;0;0;0;0;;;;1;0;0;0;0
07/11/2016;05:19:00;61;Acidente sem vítima;298;BR-101/ES;Sul;Queda de Moto;1;0;0;0;1;0;0;;;;3;0;0;0;0
07/11/2016;05:26:00;64;Acidente sem vítima;206;BR-101/ES;Sul;Saída de Pista;1;0;0;0;0;0;0;;;;3;0;0;0;0
07/11/2016;06:12:00;71;Acidente sem vítima;289;BR-101/ES;Sul;Saída de Pista;1;0;0;0;0;0;0;;;;1;0;0;0;0
07/11/2016;07:16:00;87;Acidente sem vítima;223;BR-101/ES;Sul;Engavetamento;1;2;0;0;0;0;0;;;;4;0;0;0;0
07/11/2016;08:38:00;120;Acidente com vítima;2;BR-101/ES;Norte;Saída de Pista;0;0;2;0;0;0;0;;;;1;0;1;0;0
07/11/2016;10:44:00;171;Acidente sem vítima;293,5;BR-101/ES;Sul;Colisão Traseira;1;0;2;0;0;0;0;;;;3;0;0;0;0
07/11/2016;11:36:00;197;Acidente com vítima;281;BR-101/ES;Sul;Saída de Pista;1;0;0;0;0;0;0;;;;0;0;1;0;0
07/11/2016;12:16:00;215;Acidente sem vítima;68;BR-101/ES;Norte;Colisão Lateral;2;0;0;0;0;0;0;;;;2;0;0;0;0
07/11/2016;12:38:00;222;Acidente sem vítima;281;BR-101/ES;Sul;Choque com Objeto Fixo;1;0;0;0;0;0;0;;;;1;0;0;0;0
07/11/2016;13:33:00;240;Acidente com vítima;148;BR-101/ES;Norte;Colisão Lateral;2;0;0;0;1;0;0;;;;2;1;0;0;0
07/11/2016;15:19:00;295;Atropelamento sem morte;366,3;BR-101/ES;Norte;Atropelamento;0;1;0;0;0;0;0;;;;1;1;0;0;0
07/11/2016;16:25:00;333;Acidente sem vítima;939;BR-101/BA;Sul;Colisão Lateral;2;0;0;0;0;0;0;;;;4;0;0;0;0
07/11/2016;16:41:00;338;Acidente sem vítima;110;BR-101/ES;Sul;Engavetamento;1;2;1;0;0;0;0;;;;4;0;0;0;0
07/11/2016;18:31:00;367;Acidente sem vítima;149;BR-101/ES;Norte;Choque com Objeto Fixo;0;0;3;0;0;0;0;;;;1;0;0;0;0
07/11/2016;18:36:00;369;Acidente sem vítima;274;BR-101/ES;Sul;Choque;1;0;0;0;0;0;0;;;;1;0;0;0;0
07/11/2016;20:30:00;385;Acidente com vítima;259;BR-101/ES;Sul;Colisão Traseira;0;1;0;0;1;0;0;;;;1;0;0;1;0
07/11/2016;20:33:00;386;Acidente com vítima;174;BR-101/ES;Sul;Choque com Veículo Estacionado;0;0;2;0;1;0;0;;;;1;0;0;1;0
07/11/2016;23:34:00;411;Acidente sem vítima;259;BR-101/ES;Norte;Choque com Objeto Fixo;1;0;0;0;0;0;0;;;;1;0;0;0;0
08/11/2016;06:29:00;68;Acidente sem vítima;266;BR-101/ES;Sul;Engavetamento;3;0;0;0;0;0;0;;;;9;0;0;0;0
08/11/2016;07:33:00;97;Acidente sem vítima;266;BR-101/ES;Sul;Engavetamento;3;0;0;0;0;0;0;;;;3;0;0;0;0
08/11/2016;08:06:00;105;Acidente sem vítima;255;BR-101/ES;Sul;Colisão Traseira;2;0;0;0;0;0;0;;;;1;0;0;0;0
08/11/2016;09:47:00;168;Acidente sem vítima;265;BR-101/ES;Sul;Colisão Traseira;1;0;2;0;0;0;0;;;;5;0;0;0;0
08/11/2016;11:19:00;214;Acidente com morte;147;BR-101/ES;Sul;Colisão;0;0;1;0;0;1;0;;;;0;0;0;0;1
08/11/2016;11:23:00;215;Acidente sem vítima;270;BR-101/ES;Norte;Colisão Traseira;1;1;0;0;0;0;0;;;;2;0;0;0;0
08/11/2016;12:53:00;251;Acidente sem vítima;297;BR-101/ES;Sul;Colisão Traseira;0;1;2;0;0;0;0;;;;2;0;0;0;0
08/11/2016;12:54:00;252;Acidente sem vítima;241;BR-101/ES;Sul;Saída de Pista;1;0;0;0;0;0;0;;;;3;0;0;0;0
08/11/2016;14:57:00;303;Acidente sem vítima;275;BR-101/ES;Sul;Saída de Pista;1;0;0;0;0;0;0;;;;1;0;0;0;0
08/11/2016;17:02:00;339;Acidente sem vítima;270;BR-101/ES;Sul;Colisão Traseira;2;0;0;0;0;0;0;;;;2;0;0;0;0
08/11/2016;17:11:00;341;Acidente com vítima;294;BR-101/ES;Norte;Tombamento;1;0;0;0;0;0;0;;;;1;0;1;0;0
09/11/2016;01:35:00;20;Acidente sem vítima;269;BR-101/ES;Sul;Choque com Objeto Fixo;2;0;0;0;0;0;0;;;;1;0;0;0;0
09/11/2016;03:38:00;43;Acidente sem vítima;311,6;BR-101/ES;Norte;Saída de Pista;1;0;0;0;0;0;0;;;;1;0;0;0;0
09/11/2016;07:44:00;76;Acidente sem vítima;262;BR-101/ES;Sul;Engavetamento;4;0;0;0;0;0;0;;;;4;0;0;0;0
09/11/2016;08:00:00;82;Acidente com vítima;448;BR-101/ES;Sul;Tombamento;0;0;2;0;0;0;0;;;;0;0;1;0;0
09/11/2016;08:45:00;92;Acidente sem vítima;269;BR-101/ES;Sul;Colisão Traseira;2;0;0;0;0;0;0;;;;3;0;0;0;0
09/11/2016;08:53:00;96;Acidente com vítima;230;BR-101/ES;Sul;Colisão Traseira;1;1;0;0;0;0;0;;;;4;1;0;0;0
09/11/2016;09:18:00;98;Acidente com vítima;385;BR-101/ES;Sul;Choque com Objeto Fixo;1;0;0;0;0;0;0;;;;0;0;1;0;0
09/11/2016;11:58:00;195;Acidente com vítima;65;BR-101/ES;Sul;Colisão;1;0;0;0;0;1;0;;;;1;0;1;0;0
09/11/2016;13:24:00;235;Acidente sem vítima;298;BR-101/ES;Sul;Colisão Traseira;2;0;0;0;0;0;0;;;;4;0;0;0;0
09/11/2016;14:36:00;271;Acidente sem vítima;38;BR-101/ES;Norte;Colisão Transversal;2;0;0;0;0;0;0;;;;5;0;0;0;0
09/11/2016;14:48:00;276;Acidente sem vítima;264;BR-101/ES;Sul;Colisão Lateral;3;1;0;0;0;0;0;;;;6;0;0;0;0
09/11/2016;15:56:00;291;Acidente com vítima;159;BR-101/ES;Sul;Colisão Transversal;1;0;0;0;1;0;0;;;;2;1;0;0;0
09/11/2016;21:28:00;366;Acidente sem vítima;282;BR-101/ES;Sul;Queda de Moto;0;0;0;0;1;0;0;;;;1;0;0;0;0
10/11/2016;00:48:00;9;Acidente sem vítima;237;BR-101/ES;Sul;Saída de Pista;1;0;0;0;0;0;0;;;;3;0;0;0;0
10/11/2016;06:37:00;65;Acidente com vítima;266;BR-101/ES;Sul;Colisão Lateral;2;0;0;0;0;0;0;;;;1;0;1;0;0
10/11/2016;07:04:00;72;Acidente com vítima;183,8;BR-101/ES;Norte;Colisão Frontal;1;1;4;0;0;0;0;;;;0;3;2;1;0
10/11/2016;07:56:00;87;Acidente com vítima;68;BR-101/ES;Norte;Queda de Moto;0;0;0;0;1;0;0;;;;0;1;0;0;0
10/11/2016;08:10:00;89;Acidente sem vítima;237;BR-101/ES;Norte;Saída de Pista;1;0;0;0;0;0;0;;;;1;0;0;0;0
10/11/2016;14:46:00;294;Acidente sem vítima;294;BR-101/ES;Sul;Colisão Traseira;1;1;0;0;0;0;0;;;;2;0;0;0;0
10/11/2016;19:05:00;365;Acidente sem vítima;279;BR-101/ES;Norte;Colisão Lateral;1;1;0;0;0;0;0;;;;2;0;0;0;0
10/11/2016;20:59:00;390;Acidente sem vítima;242;BR-101/ES;Norte;Choque com Objeto Fixo;0;1;0;0;0;0;0;;;;1;0;0;0;0
10/11/2016;22:38:00;403;Acidente sem vítima;270;BR-101/ES;Norte;Colisão Traseira;1;1;0;0;0;0;0;;;;5;0;0;0;0
10/11/2016;22:38:00;404;Acidente com vítima;408;BR-101/ES;Norte;Saída de Pista;0;1;0;0;0;0;0;;;;0;1;0;0;0
11/11/2016;02:20:00;31;Acidente sem vítima;289;BR-101/ES;Norte;Veículo em Chamas;1;0;0;0;0;0;0;;;;1;0;0;0;0
11/11/2016;03:13:00;42;Acidente sem vítima;270;BR-101/ES;Norte;Choque com Objeto Fixo;1;0;0;0;0;0;0;;;;1;0;0;0;0
11/11/2016;03:28:00;44;Acidente sem vítima;149;BR-101/ES;Sul;Choque com Objeto Fixo;1;0;0;0;0;0;0;;;;2;0;0;0;0
11/11/2016;05:00:00;68;Acidente com vítima;17,7;BR-101/ES;Sul;Tombamento;0;0;2;0;0;0;0;;;;0;1;0;0;0
11/11/2016;09:39:00;148;Acidente com vítima;293;BR-101/ES;Norte;Choque com Objeto Fixo;3;0;0;0;0;0;0;;;;2;1;0;0;0
11/11/2016;11:20:00;181;Acidente com vítima;127;BR-101/ES;Sul;Colisão Transversal;1;0;0;0;1;0;0;;;;1;0;1;0;0
11/11/2016;11:28:00;185;Acidente sem vítima;210;BR-101/ES;Norte;Colisão Lateral;1;0;3;0;0;0;0;;;;6;0;0;0;0
11/11/2016;12:12:00;212;Acidente sem vítima;269;BR-101/ES;Sul;Colisão Traseira;0;2;0;0;0;0;0;;;;2;0;0;0;0
11/11/2016;19:57:00;366;Acidente sem vítima;190;BR-101/ES;Sul;Capotamento;1;0;0;0;0;0;0;;;;1;0;0;0;0
11/11/2016;20:41:00;373;Acidente com vítima;414;BR-101/ES;Sul;Colisão Frontal;1;0;0;0;1;0;0;;;;1;1;1;0;0
11/11/2016;21:15:00;382;Acidente sem vítima;358;BR-101/ES;Norte;Saída de Pista;1;0;0;0;0;0;0;;;;5;0;0;0;0
12/11/2016;06:31:00;77;Acidente sem vítima;154;BR-101/ES;Sul;Saída de Pista;1;0;0;0;0;0;0;;;;3;0;0;0;0
12/11/2016;06:35:00;79;Acidente sem vítima;454;BR-101/ES;Norte;Veículo em Chamas;1;0;0;0;0;0;0;;;;4;0;0;0;0
12/11/2016;07:14:00;94;Acidente com vítima;944;BR-101/BA;Norte;Colisão Transversal;1;0;3;0;0;0;0;;;;2;3;0;0;0
12/11/2016;07:19:00;97;Acidente com vítima;119;BR-101/ES;Norte;Queda de Moto;0;0;0;0;1;0;0;;;;0;2;0;0;0
12/11/2016;09:18:00;145;Acidente com vítima;55,8;BR-101/ES;Norte;Colisão Lateral;1;0;0;0;0;0;0;;;;0;2;2;0;0
12/11/2016;09:52:00;155;Acidente sem vítima;269;BR-101/ES;Norte;Colisão Transversal;2;0;0;0;0;0;0;;;;2;0;0;0;0
12/11/2016;11:26:00;200;Acidente sem vítima;304;BR-101/ES;Sul;Colisão Traseira;2;0;0;0;0;0;0;;;;2;0;0;0;0
12/11/2016;11:53:00;217;Acidente com vítima;149;BR-101/ES;Sul;Colisão Transversal;1;0;0;0;1;0;0;;;;3;2;0;0;0
12/11/2016;13:51:00;261;Acidente sem vítima;399;BR-101/ES;Sul;Colisão Traseira;1;0;2;0;0;0;0;;;;6;0;0;0;0
12/11/2016;13:54:00;263;Acidente com vítima;37;BR-101/ES;Norte;Queda de Moto;0;0;0;0;1;0;0;;;;0;1;0;0;0
12/11/2016;14:58:00;282;Acidente sem vítima;430;BR-101/ES;Norte;Choque com Objeto Fixo;1;0;0;0;0;0;0;;;;1;0;0;0;0
12/11/2016;15:11:00;291;Acidente com vítima;438;BR-101/ES;Norte;Colisão Frontal;2;0;0;0;0;0;0;;;;1;0;2;0;0
12/11/2016;16:50:00;326;Acidente sem vítima;360,5;BR-101/ES;Sul;Saída de Pista;1;0;0;0;0;0;0;;;;2;0;0;0;0
12/11/2016;17:34:00;337;Acidente com vítima;42;BR-101/ES;Norte;Colisão Lateral;0;0;2;0;1;0;0;;;;1;0;2;0;0
12/11/2016;19:02:00;358;Acidente sem vítima;204;BR-101/ES;Norte;Colisão Transversal;1;0;0;0;1;0;0;;;;2;0;0;0;0
12/11/2016;20:04:00;374;Acidente com vítima;162;BR-101/ES;Norte;Colisão Transversal;1;0;0;0;1;0;0;;;;1;1;1;0;0
13/11/2016;00:02:00;2;Acidente sem vítima;225,3;BR-101/ES;Sul;Saída de Pista;1;0;0;0;0;0;0;;;;4;0;0;0;0
13/11/2016;05:51:00;64;Acidente com vítima;144;BR-101/ES;Norte;Colisão;0;0;0;0;1;1;0;;;;1;1;0;0;0
13/11/2016;06:03:00;67;Acidente com vítima;58;BR-101/ES;Norte;Colisão Transversal;2;0;0;0;0;0;0;;;;1;2;1;0;0
13/11/2016;06:10:00;69;Acidente sem vítima;271;BR-101/ES;Norte;Choque com Objeto Fixo;1;0;0;0;0;0;0;;;;1;0;0;0;0
13/11/2016;06:54:00;73;Acidente com vítima;393;BR-101/ES;Norte;Colisão Lateral;2;0;0;0;1;0;0;;;;1;2;0;0;0
13/11/2016;09:31:00;105;Acidente sem vítima;268;BR-101/ES;Sul;Colisão Transversal;2;0;0;0;0;0;0;;;;7;0;0;0;0
13/11/2016;10:38:00;127;Acidente sem vítima;301;BR-101/ES;Norte;Colisão Traseira;1;1;0;0;0;0;0;;;;5;0;0;0;0
13/11/2016;10:52:00;138;Acidente sem vítima;339;BR-101/ES;Norte;Saída de Pista;1;0;0;0;0;0;0;;;;1;0;0;0;0
13/11/2016;11:17:00;145;Acidente sem vítima;156;BR-101/ES;Norte;Saída de Pista;1;0;0;0;0;0;0;;;;3;0;0;0;0
13/11/2016;12:19:00;179;Acidente sem vítima;240;BR-101/ES;Norte;Saída de Pista;2;0;0;0;0;0;0;;;;3;0;0;0;0
13/11/2016;13:28:00;206;Acidente com vítima;258;BR-101/ES;Sul;Saída de Pista;1;0;0;0;0;0;0;;;;1;1;0;0;0
13/11/2016;13:39:00;216;Acidente com vítima;162;BR-101/ES;Norte;Colisão Lateral;0;0;3;0;1;0;0;;;;1;1;0;0;0
13/11/2016;14:04:00;221;Acidente sem vítima;177;BR-101/ES;Norte;Saída de Pista;1;0;0;0;0;0;0;;;;3;0;0;0;0
13/11/2016;15:08:00;241;Acidente com vítima;106;BR-101/ES;Norte;Saída de Pista;1;0;0;0;0;0;0;;;;1;0;1;0;0
13/11/2016;16:26:00;258;Acidente sem vítima;240;BR-101/ES;Norte;Saída de Pista;1;0;0;0;0;0;0;;;;3;0;0;0;0
13/11/2016;16:32:00;260;Acidente sem vítima;265;BR-101/ES;Norte;Engavetamento;3;0;0;0;0;0;0;;;;13;0;0;0;0