data;horario;n_da_ocorrencia;tipo_de_ocorrencia;km;trecho;sentido;tipo_de_acidente;automovel;bicicleta;caminhao;moto;onibus;outros;tracao_animal;transporte_de_cargas_especiais;trator_maquinas;utilitarios;ilesos;levemente_feridos;moderadamente_feridos;gravemente_feridos;mortos
13/11/2016;16:43:00;265;Acidente sem vítima;276;BR-101/ES;Sul;Choque com Objeto Fixo;1;0;0;0;0;0;0;;;;1;0;0;0;0
13/11/2016;17:10:00;275;Acidente com vítima;65;BR-101/ES;Norte;Colisão Lateral;1;0;0;0;1;0;0;;;;5;1;0;0;0
13/11/2016;17:23:00;276;Acidente com vítima;374;BR-101/ES;Norte;Saída de Pista;1;0;0;0;0;0;0;;;;0;0;3;0;0
13/11/2016;17:25:00;277;Acidente sem vítima;273;BR-101/ES;Sul;Saída de Pista;1;0;0;0;0;0;0;;;;1;0;0;0;0
13/11/2016;18:11:00;293;Acidente sem vítima;154;BR-101/ES;Norte;Colisão Traseira;3;0;0;0;0;0;0;;;;10;0;0;0;0
13/11/2016;18:51:00;297;Acidente com vítima;300;BR-101/ES;Norte;Colisão Traseira;2;0;0;0;0;0;0;;;;2;3;0;0;0
13/11/2016;19:03:00;300;Acidente sem vítima;248;BR-101/ES;Sul;Queda de ciclista;0;0;0;0;0;1;0;;;;1;0;0;0;0
13/11/2016;20:27:00;313;Acidente sem vítima;264;BR-101/ES;Sul;Choque com Objeto Fixo;1;0;0;0;0;0;0;;;;3;0;0;0;0
13/11/2016;22:04:00;333;Acidente sem vítima;293;BR-101/ES;Sul;Colisão Transversal;2;0;0;0;0;0;0;;;;3;0;0;0;0
13/11/2016;23:26:00;344;Acidente com vítima;267;BR-101/ES;Norte;Colisão Traseira;2;0;0;0;0;0;0;;;;2;1;1;0;0
14/11/2016;08:28:00;102;Acidente sem vítima;143;BR-101/ES;Sul;Choque com Objeto Fixo;1;0;0;0;0;0;0;;;;1;0;0;0;0
14/11/2016;09:33:00;124;Acidente sem vítima;266;BR-101/ES;Norte;Colisão Traseira;2;0;0;0;0;0;0;;;;2;0;0;0;0
14/11/2016;10:28:00;137;Acidente com vítima;391;BR-101/ES;Norte;Atropelamento Animal;0;0;0;0;1;0;0;;;;0;1;0;0;0
14/11/2016;10:28:00;138;Acidente sem vítima;289;BR-101/ES;Sul;Queda de Moto;0;0;0;0;1;0;0;;;;2;0;0;0;0
14/11/2016;11:18:00;157;Acidente sem vítima;301;BR-101/ES;Norte;Colisão Traseira;1;0;2;0;0;0;0;;;;5;0;0;0;0
14/11/2016;14:08:00;239;Acidente com vítima;149;BR-101/ES;Sul;Colisão Transversal;2;0;0;0;0;0;0;;;;2;1;0;0;0
14/11/2016;14:24:00;243;Acidente sem vítima;401;BR-101/ES;Norte;Tombamento;0;1;0;0;0;0;0;;;;1;0;0;0;0
14/11/2016;19:59:00;333;Acidente sem vítima;206;BR-101/ES;Sul;Colisão Lateral;3;0;0;0;0;0;0;;;;10;0;0;0;0
14/11/2016;20:15:00;336;Acidente sem vítima;266;BR-101/ES;Sul;Colisão Lateral;2;0;0;0;0;0;0;;;;3;0;0;0;0
15/11/2016;03:29:00;54;Acidente sem vítima;266;BR-101/ES;Sul;Choque com Objeto Fixo;1;0;0;0;0;0;0;;;;1;0;0;0;0
15/11/2016;03:44:00;55;Acidente sem vítima;0,8;BR-101/ES;Sul;Choque com Objeto Fixo;0;0;2;0;0;0;0;;;;1;0;0;0;0
15/11/2016;03:58:00;59;Acidente sem vítima;266;BR-101/ES;Norte;Saída de Pista;1;0;0;0;0;0;0;;;;1;0;0;0;0
15/11/2016;05:57:00;69;Acidente sem vítima;258;BR-101/ES;Norte;Saída de Pista;1;0;0;0;0;0;0;;;;1;0;0;0;0
15/11/2016;06:39:00;72;Acidente sem vítima;324;BR-101/ES;Norte;Saída de Pista;0;1;0;0;0;0;0;;;;1;0;0;0;0
15/11/2016;09:53:00;112;Acidente sem vítima;420;BR-101/ES;Sul;Colisão Traseira;2;0;0;0;0;0;0;;;;6;0;0;0;0
15/11/2016;12:30:00;199;Acidente com vítima;338;BR-101/ES;Norte;Queda de Moto;0;0;0;0;1;0;0;;;;1;1;0;0;0
15/11/2016;13:11:00;218;Acidente sem vítima;399;BR-101/ES;Sul;Colisão Lateral;2;0;0;0;0;0;0;;;;1;0;0;0;0
15/11/2016;17:58:00;315;Acidente com vítima;69;BR-101/ES;Norte;Queda de Moto;0;0;0;0;1;0;0;;;;0;2;0;0;0
15/11/2016;18:42:00;329;Acidente sem vítima;146;BR-101/ES;Sul;Colisão Lateral;2;0;0;0;1;0;0;;;;10;0;0;0;0
15/11/2016;21:47:00;370;Acidente sem vítima;216;BR-101/ES;Norte;Saída de Pista;1;0;0;0;0;0;0;;;;2;0;0;0;0
15/11/2016;21:55:00;373;Acidente sem vítima;279;BR-101/ES;Sul;Choque com Objeto Fixo;1;0;0;0;0;0;0;;;;2;0;0;0;0
16/11/2016;04:11:00;79;Acidente sem vítima;448;BR-101/ES;Norte;Saída de Pista;1;0;0;0;0;0;0;;;;1;0;0;0;0
16/11/2016;05:29:00;87;Acidente sem vítima;229;BR-101/ES;Norte;Capotamento;1;0;0;0;0;0;0;;;;3;0;0;0;0
16/11/2016;07:05:00;100;Acidente sem vítima;292;BR-101/ES;Sul;Colisão Lateral;3;0;0;0;0;0;0;;;;5;0;0;0;0
16/11/2016;07:28:00;107;Acidente com vítima;267,5;BR-101/ES;Sul;Queda de Moto;0;0;0;0;1;0;0;;;;1;1;0;0;0
16/11/2016;07:58:00;120;Acidente sem vítima;291,5;BR-101/ES;Sul;Colisão Traseira;1;1;0;0;0;0;0;;;;6;0;0;0;0
16/11/2016;08:49:00;152;Acidente sem vítima;106,5;BR-101/ES;Sul;Colisão Traseira;2;2;0;0;0;0;0;;;;8;0;0;0;0
16/11/2016;09:49:00;191;Acidente sem vítima;300;BR-101/ES;Norte;Tombamento;0;0;1;0;0;0;0;;;;1;0;0;0;0
16/11/2016;10:42:00;215;Acidente com vítima;117;BR-101/ES;Sul;Colisão Transversal;2;0;0;0;0;0;0;;;;1;0;1;0;0
16/11/2016;10:51:00;220;Acidente com vítima;271;BR-101/ES;Norte;Queda de Moto;0;0;0;0;1;0;0;;;;0;0;1;0;0
16/11/2016;11:09:00;224;Acidente sem vítima;215;BR-101/ES;Norte;Colisão Traseira;2;0;0;0;0;0;0;;;;5;0;0;0;0
16/11/2016;16:39:00;381;Acidente com vítima;284;BR-101/ES;Sul;Colisão Traseira;2;0;1;0;0;0;0;;;;3;0;1;0;0
16/11/2016;18:13:00;410;Acidente com vítima;270;BR-101/ES;Sul;Colisão Lateral;1;0;0;0;1;0;0;;;;1;0;1;0;0
16/11/2016;19:21:00;422;Acidente com vítima;138;BR-101/ES;Norte;Queda de ciclista;0;0;0;0;0;1;0;;;;0;1;0;0;0
16/11/2016;20:12:00;427;Acidente com vítima;126;BR-101/ES;Norte;Colisão Transversal;1;0;0;0;1;0;0;;;;2;0;0;1;0
16/11/2016;21:47:00;440;Acidente com vítima;270;BR-101/ES;Sul;Colisão;1;0;0;0;0;1;0;;;;1;0;1;0;0
16/11/2016;22:50:00;450;Acidente sem vítima;417;BR-101/ES;Norte;Choque com Objeto Fixo;1;0;0;0;0;0;0;;;;1;0;0;0;0
16/11/2016;23:48:00;466;Acidente sem vítima;213;BR-101/ES;Sul;Colisão Traseira;1;0;1;0;0;0;0;;;;4;0;0;0;0
17/11/2016;01:18:00;16;Atropelamento sem morte;288;BR-101/ES;Norte;Atropelamento e Fuga;1;0;0;0;0;0;0;;;;0;0;0;1;0
17/11/2016;10:08:00;163;Acidente sem vítima;261;BR-101/ES;Sul;Queda de Moto;0;0;0;0;1;0;0;;;;1;0;0;0;0
17/11/2016;12:02:00;213;Acidente sem vítima;276;BR-101/ES;Sul;Choque com Objeto Fixo;0;0;2;0;0;0;0;;;;1;0;0;0;0
17/11/2016;12:29:00;224;Acidente sem vítima;399;BR-101/ES;Norte;Colisão Traseira;2;0;0;0;0;0;0;;;;3;0;0;0;0
17/11/2016;13:40:00;263;Acidente sem vítima;265;BR-101/ES;Norte;Colisão Traseira;2;0;0;0;0;0;0;;;;2;0;0;0;0
17/11/2016;14:00:00;271;Acidente com vítima;264;BR-101/ES;Norte;Colisão Traseira;1;0;0;0;1;0;0;;;;1;0;1;0;0
17/11/2016;17:10:00;337;Acidente sem vítima;258;BR-101/ES;Sul;Colisão Traseira;2;0;0;0;0;0;0;;;;4;0;0;0;0
17/11/2016;17:48:00;348;Acidente com vítima;262;BR-101/ES;Norte;Colisão Traseira;1;0;0;0;1;0;0;;;;1;0;1;0;0
17/11/2016;17:54:00;350;Acidente com vítima;269;BR-101/ES;Sul;Colisão Traseira;3;0;0;0;0;0;0;;;;2;0;1;0;0
17/11/2016;20:52:00;387;Acidente sem vítima;417;BR-101/ES;Norte;Saída de Pista;1;0;0;0;0;0;0;;;;4;0;0;0;0
18/11/2016;06:41:00;66;Acidente sem vítima;152;BR-101/ES;Norte;Colisão Traseira;1;1;0;0;0;0;0;;;;4;0;0;0;0
18/11/2016;11:40:00;268;Acidente com vítima;255,5;BR-101/ES;Norte;Choque com Objeto Fixo;1;0;0;0;0;0;0;;;;0;0;1;0;0
18/11/2016;13:02:00;311;Acidente sem vítima;350;BR-101/ES;Sul;Saída de Pista;1;0;0;0;0;0;0;;;;1;0;0;0;0
18/11/2016;14:51:00;358;Acidente sem vítima;293,5;BR-101/ES;Sul;Colisão Traseira;1;0;2;0;0;0;0;;;;2;0;0;0;0
18/11/2016;17:02:00;400;Acidente com vítima;457;BR-101/ES;Norte;Capotamento;1;0;0;0;0;0;0;;;;0;0;2;0;0
18/11/2016;17:11:00;401;Acidente sem vítima;420;BR-101/ES;Norte;Saída de Pista;1;0;0;0;0;0;0;;;;1;0;0;0;0
18/11/2016;18:21:00;418;Atropelamento sem morte;304;BR-101/ES;Sul;Atropelamento;1;0;0;0;0;0;0;;;;1;1;0;0;0
18/11/2016;20:44:00;457;Acidente com vítima;210,9;BR-101/ES;Norte;Colisão Lateral;1;0;1;0;0;0;0;;;;1;2;0;0;0
19/11/2016;01:26:00;29;Acidente sem vítima;284;BR-101/ES;Norte;Capotamento;1;0;0;0;0;0;0;;;;2;0;0;0;0
19/11/2016;03:03:00;59;Acidente sem vítima;293;BR-101/ES;Sul;Saída de Pista;1;0;0;0;0;0;0;;;;1;0;0;0;0
19/11/2016;14:32:00;315;Acidente com vítima;108;BR-101/ES;Sul;Colisão Transversal;1;0;0;0;1;0;0;;;;2;0;1;0;0
19/11/2016;15:12:00;327;Acidente sem vítima;269;BR-101/ES;Norte;Colisão Lateral;1;0;3;0;0;0;0;;;;4;0;0;0;0
19/11/2016;16:28:00;351;Acidente sem vítima;204;BR-101/ES;Sul;Colisão Transversal;2;0;0;0;0;0;0;;;;3;0;0;0;0
19/11/2016;17:57:00;375;Acidente sem vítima;150;BR-101/ES;Sul;Colisão Frontal;2;0;0;0;0;0;0;;;;4;0;0;0;0
19/11/2016;20:59:00;402;Acidente sem vítima;293;BR-101/ES;Norte;Colisão Traseira;2;0;0;0;0;0;0;;;;3;0;0;0;0
20/11/2016;01:28:00;15;Acidente com morte;178;BR-101/ES;Norte;Colisão Frontal;1;1;0;0;0;0;0;;;;1;0;0;0;1
20/11/2016;04:23:00;51;Acidente com vítima;120;BR-101/ES;Norte;Saída de Pista;1;0;0;0;0;0;0;;;;0;0;4;3;0
20/11/2016;05:52:00;60;Acidente sem vítima;374;BR-101/ES;Sul;Saída de Pista;1;0;0;0;0;0;0;;;;1;0;0;0;0
20/11/2016;08:44:00;94;Acidente sem vítima;268;BR-101/ES;Norte;Engavetamento;3;0;0;0;0;0;0;;;;6;0;0;0;0
20/11/2016;09:17:00;102;Acidente com vítima;289;BR-101/ES;Norte;Queda de Moto;0;0;0;0;1;0;0;;;;0;0;1;0;0
20/11/2016;16:37:00;244;Acidente sem vítima;130;BR-101/ES;Norte;Saída de Pista;1;0;0;0;0;0;0;;;;1;0;0;0;0
20/11/2016;20:04:00;280;Acidente sem vítima;37;BR-101/ES;Norte;Queda de ciclista;0;0;0;0;0;1;0;;;;1;0;0;0;0
20/11/2016;23:03:00;316;Acidente com vítima;149;BR-101/ES;Sul;Colisão Transversal;1;1;2;0;0;0;0;;;;3;3;0;0;0
21/11/2016;06:59:00;76;Acidente com vítima;271;BR-101/ES;Norte;Colisão Traseira;0;1;0;0;1;0;0;;;;1;0;1;0;0
21/11/2016;08:52:00;108;Acidente sem vítima;399;BR-101/ES;Norte;Colisão Traseira;0;1;2;0;0;0;0;;;;2;0;0;0;0
21/11/2016;13:24:00;248;Acidente com vítima;149;BR-101/ES;Sul;Colisão Transversal;2;0;0;0;0;0;0;;;;5;2;0;0;0
21/11/2016;14:25:00;274;Acidente sem vítima;148;BR-101/ES;Sul;Engavetamento;0;2;0;0;1;0;0;;;;3;0;0;0;0
21/11/2016;16:04:00;304;Acidente com vítima;372;BR-101/ES;Sul;Queda de Moto;0;0;0;0;1;0;0;;;;0;0;1;0;0
21/11/2016;17:54:00;338;Acidente com vítima;161;BR-101/ES;Sul;Queda de ciclista;0;0;0;0;0;1;0;;;;0;1;0;0;0
21/11/2016;19:43:00;354;Acidente sem vítima;275;BR-101/ES;Sul;Atropelamento Animal;1;0;0;0;0;0;0;;;;1;0;0;0;0
21/11/2016;19:51:00;356;Acidente sem vítima;263;BR-101/ES;Sul;Colisão Traseira;2;0;0;0;0;0;0;;;;2;0;0;0;0
21/11/2016;22:48:00;389;Acidente sem vítima;100;BR-101/ES;Norte;Atropelamento Animal;1;0;0;0;0;0;0;;;;1;0;0;0;0
22/11/2016;08:43:00;110;Acidente com vítima;149;BR-101/ES;Norte;Colisão;1;0;0;0;0;1;0;;;;1;1;0;0;0
22/11/2016;08:44:00;111;Acidente sem vítima;270;BR-101/ES;Sul;Engavetamento;2;1;0;0;0;0;0;;;;5;0;0;0;0
22/11/2016;09:28:00;179;Acidente sem vítima;230;BR-101/ES;Sul;Colisão Traseira;2;0;0;0;0;0;0;;;;4;0;0;0;0
22/11/2016;13:07:00;284;Acidente com vítima;310,8;BR-101/ES;Norte;Colisão Frontal;1;1;0;0;0;0;0;;;;2;2;0;0;0
22/11/2016;16:18:00;341;Acidente sem vítima;265;BR-101/ES;Sul;Colisão Traseira;2;0;0;0;0;0;0;;;;3;0;0;0;0
22/11/2016;16:23:00;342;Acidente com vítima;307;BR-101/ES;Norte;Queda de Moto;0;0;0;0;1;0;0;;;;0;1;1;0;0
22/11/2016;20:05:00;384;Acidente com morte;36,4;BR-101/ES;Norte;Colisão Frontal;1;0;0;0;1;0;0;;;;0;0;2;0;1
22/11/2016;22:50:00;402;Acidente sem vítima;268,5;BR-101/ES;Sul;Colisão Traseira;2;0;0;0;0;0;0;;;;2;0;0;0;0
23/11/2016;05:31:00;56;Acidente sem vítima;245;BR-101/ES;Sul;Colisão Transversal;2;1;0;0;0;0;0;;;;6;0;0;0;0
23/11/2016;05:59:00;59;Acidente com vítima;240;BR-101/ES;Sul;Saída de Pista;1;0;0;0;0;0;0;;;;1;0;2;0;0
23/11/2016;07:36:00;73;Acidente sem vítima;273;BR-101/ES;Norte;Choque com Objeto Fixo;1;0;0;0;0;0;0;;;;1;0;0;0;0
23/11/2016;08:09:00;84;Acidente sem vítima;273;BR-101/ES;Sul;Choque com Objeto Fixo;1;0;0;0;0;0;0;;;;1;0;0;0;0
23/11/2016;08:30:00;89;Acidente sem vítima;253;BR-101/ES;Norte;Saída de Pista;1;0;0;0;0;0;0;;;;1;0;0;0;0
23/11/2016;09:13:00;105;Acidente sem vítima;269;BR-101/ES;Norte;Colisão Traseira;1;0;2;0;0;0;0;;;;3;0;0;0;0
23/11/2016;11:08:00;210;Acidente com vítima;271;BR-101/ES;Norte;Saída de Pista;1;0;0;0;0;0;0;;;;1;0;1;0;0
23/11/2016;15:58:00;312;Acidente sem vítima;412;BR-101/ES;Sul;Saída de Pista;1;0;0;0;0;0;0;;;;3;0;0;0;0
24/11/2016;07:18:00;79;Acidente sem vítima;114;BR-101/ES;Sul;Colisão Traseira;1;1;0;0;0;0;0;;;;5;0;0;0;0
24/11/2016;07:23:00;80;Acidente sem vítima;156,5;BR-101/ES;Norte;Colisão Traseira;1;0;1;0;0;0;0;;;;2;0;0;0;0
24/11/2016;07:33:00;84;Acidente com vítima;370;BR-101/ES;Sul;Colisão Transversal;1;1;1;0;0;0;0;;;;3;1;0;0;0
24/11/2016;10:51:00;194;Acidente com vítima;94;BR-101/ES;Norte;Colisão Lateral;1;0;0;0;1;0;0;;;;1;0;1;0;0
24/11/2016;12:58:00;248;Acidente sem vítima;263;BR-101/ES;Norte;Colisão Traseira;3;1;0;0;0;0;0;;;;6;0;0;0;0
24/11/2016;13:51:00;268;Acidente com vítima;53,5;BR-101/ES;Sul;Colisão Traseira;1;1;0;0;0;0;0;;;;4;0;1;0;0
24/11/2016;15:19:00;293;Atropelamento sem morte;268;BR-101/ES;Norte;Atropelamento;1;0;0;0;0;0;0;;;;2;0;1;0;0
24/11/2016;17:03:00;321;Acidente com vítima;270;BR-101/ES;Norte;Engavetamento;1;2;0;0;0;0;0;;;;4;0;1;0;0
24/11/2016;17:57:00;336;Acidente com vítima;16;BR-101/ES;Norte;Colisão Transversal;1;0;0;0;1;0;0;;;;1;0;1;0;0
25/11/2016;03:41:00;58;Acidente com vítima;150;BR-101/ES;Norte;Choque com Veículo Estacionado;2;0;0;0;0;0;0;;;;1;1;0;0;0
25/11/2016;09:17:00;121;Acidente com morte;292;BR-101/ES;Norte;Atropelamento Animal;0;0;2;0;1;0;0;;;;1;0;0;0;1
25/11/2016;12:21:00;209;Acidente com vítima;286;BR-101/ES;Norte;Colisão Lateral;1;0;2;0;1;0;0;;;;2;0;1;0;0
25/11/2016;12:32:00;213;Acidente com vítima;17;BR-101/ES;Sul;Tombamento;0;0;2;0;0;0;0;;;;0;0;1;0;0
25/11/2016;20:31:00;332;Acidente com vítima;147;BR-101/ES;Norte;Colisão;1;0;0;0;0;1;0;;;;0;1;0;0;0
25/11/2016;22:03:00;346;Acidente com vítima;292;BR-101/ES;Norte;Colisão Traseira;2;0;0;0;0;0;0;;;;2;1;0;0;0
25/11/2016;22:24:00;349;Atropelamento sem morte;377;BR-101/ES;Sul;Atropelamento;0;0;0;0;1;0;0;;;;3;0;0;0;0
26/11/2016;01:28:00;26;Acidente sem vítima;270;BR-101/ES;Sul;Colisão Transversal;1;1;0;0;0;0;0;;;;2;0;0;0;0
26/11/2016;06:30:00;83;Acidente com vítima;275;BR-101/ES;Norte;Choque com Objeto Fixo;1;0;0;0;0;0;0;;;;0;0;1;0;0
26/11/2016;10:35:00;212;Acidente sem vítima;66;BR-101/ES;Norte;Colisão Traseira;1;0;0;0;1;0;0;;;;2;0;0;0;0
26/11/2016;18:45:00;375;Acidente com vítima;389;BR-101/ES;Norte;Choque com Objeto Fixo;1;0;0;0;0;0;0;;;;0;0;1;0;0
26/11/2016;19:06:00;377;Acidente com vítima;270;BR-101/ES;Norte;Colisão Traseira;1;0;0;0;1;0;0;;;;2;1;0;0;0
26/11/2016;19:06:00;378;Acidente sem vítima;298;BR-101/ES;Norte;Colisão Transversal;2;0;0;0;0;0;0;;;;2;0;0;0;0
26/11/2016;19:33:00;381;Acidente com vítima;264;BR-101/ES;Sul;Colisão Traseira;1;0;0;0;1;0;0;;;;3;1;0;0;0
26/11/2016;21:11:00;395;Acidente sem vítima;268,1;BR-101/ES;Norte;Colisão Lateral;2;0;0;0;1;0;0;;;;4;0;0;0;0
26/11/2016;21:25:00;398;Acidente sem vítima;287;BR-101/ES;Norte;Saída de Pista;1;0;0;0;0;0;0;;;;1;0;0;0;0
26/11/2016;21:54:00;404;Acidente sem vítima;415;BR-101/ES;Norte;Colisão Traseira;2;0;0;0;0;0;0;;;;3;0;0;0;0
26/11/2016;22:17:00;407;Acidente com vítima;264;BR-101/ES;Norte;Colisão Transversal;2;0;0;0;0;0;0;;;;7;0;1;0;0
26/11/2016;22:27:00;410;Acidente com vítima;143;BR-101/ES;Norte;Saída de Pista;0;0;0;0;1;0;0;;;;0;0;1;0;0
26/11/2016;23:35:00;423;Acidente sem vítima;269,5;BR-101/ES;Norte;Colisão Traseira;2;0;0;0;0;0;0;;;;2;0;0;0;0
27/11/2016;00:26:00;11;Acidente sem vítima;373,5;BR-101/ES;Norte;Colisão Lateral;2;0;0;0;0;0;0;;;;6;0;0;0;0
27/11/2016;02:17:00;36;Acidente sem vítima;202;BR-101/ES;Norte;Saída de Pista;1;0;0;0;0;0;0;;;;1;0;0;0;0
27/11/2016;04:12:00;54;Acidente sem vítima;377;BR-101/ES;Norte;Choque com Objeto Fixo;1;0;0;0;0;0;0;;;;1;0;0;0;0
27/11/2016;05:16:00;61;Acidente sem vítima;271;BR-101/ES;Sul;Choque com Objeto Fixo;0;0;0;0;1;0;0;;;;1;0;0;0;0
27/11/2016;07:36:00;77;Acidente sem vítima;146;BR-101/ES;Norte;Colisão Traseira;0;1;1;0;0;0;0;;;;2;0;0;0;0
27/11/2016;14:53:00;295;Acidente sem vítima;270;BR-101/ES;Norte;Colisão Lateral;1;0;3;0;0;0;0;;;;4;0;0;0;0
27/11/2016;16:00:00;313;Acidente com vítima;386,5;BR-101/ES;Sul;Tombamento;0;0;2;0;0;0;0;;;;0;0;1;0;0
27/11/2016;16:05:00;314;Acidente sem vítima;298,5;BR-101/ES;Sul;Queda de Moto;0;0;0;0;1;0;0;;;;2;0;0;0;0
27/11/2016;21:57:00;397;Acidente com vítima;254;BR-101/ES;Norte;Saída de Pista;1;0;0;0;0;0;0;;;;0;1;0;0;0
28/11/2016;00:32:00;8;Acidente sem vítima;232;BR-101/ES;Norte;Choque com Objeto Fixo;1;0;0;0;0;0;0;;;;1;0;0;0;0
28/11/2016;03:49:00;49;Acidente com vítima;144;BR-101/ES;Norte;Capotamento;1;0;0;0;0;0;0;;;;0;1;1;1;0
28/11/2016;05:10:00;57;Acidente sem vítima;219;BR-101/ES;Norte;Queda de Moto;0;0;0;0;1;0;0;;;;2;0;0;0;0
28/11/2016;06:59:00;67;Atropelamento com morte;298;BR-101/ES;Norte;Atropelamento;0;0;2;0;1;0;0;;;;1;1;0;0;1
28/11/2016;07:01:00;68;Acidente sem vítima;268;BR-101/ES;Sul;Engavetamento;2;0;0;0;0;0;0;;;;3;0;0;0;0
28/11/2016;07:45:00;88;Acidente com vítima;266;BR-101/ES;Norte;Colisão Lateral;1;0;0;0;2;0;0;;;;2;0;2;0;0
28/11/2016;08:16:00;104;Acidente com vítima;266;BR-101/ES;Sul;Colisão Traseira;1;0;0;0;1;0;0;;;;1;0;1;0;0
28/11/2016;08:42:00;115;Atropelamento sem morte;265;BR-101/ES;Sul;Atropelamento;0;0;0;0;1;0;0;;;;1;0;1;0;0
28/11/2016;08:42:00;116;Acidente sem vítima;259;BR-101/ES;Sul;Colisão Traseira;2;0;0;0;0;0;0;;;;3;0;0;0;0
28/11/2016;09:28:00;128;Acidente sem vítima;94;BR-101/ES;Norte;Tombamento;0;0;2;0;0;0;0;;;;1;0;0;0;0
28/11/2016;10:37:00;160;Acidente sem vítima;220;BR-101/ES;Sul;Colisão Traseira;2;0;0;0;0;0;0;;;;4;0;0;0;0
28/11/2016;11:16:00;170;Acidente sem vítima;266;BR-101/ES;Norte;Colisão Traseira;2;0;0;0;0;0;0;;;;3;0;0;0;0
28/11/2016;11:38:00;193;Acidente sem vítima;260;BR-101/ES;Norte;Colisão Lateral;1;1;0;0;0;0;0;;;;4;0;0;0;0
28/11/2016;12:06:00;210;Acidente sem vítima;355;BR-101/ES;Sul;Colisão Transversal;2;0;0;0;0;0;0;;;;3;0;0;0;0
28/11/2016;12:16:00;214;Acidente sem vítima;340;BR-101/ES;Norte;Choque com Objeto Fixo;1;0;0;0;0;0;0;;;;1;0;0;0;0
28/11/2016;13:08:00;244;Acidente com vítima;292;BR-101/ES;Norte;Colisão Traseira;0;0;2;0;1;0;0;;;;1;0;1;0;0
28/11/2016;18:04:00;347;Acidente sem vítima;270;BR-101/ES;Norte;Colisão Lateral;1;0;2;0;0;0;0;;;;3;0;0;0;0
28/11/2016;19:01:00;352;Acidente sem vítima;271;BR-101/ES;Sul;Colisão Traseira;2;0;0;0;0;0;0;;;;2;0;0;0;0
28/11/2016;19:11:00;356;Acidente com vítima;266;BR-101/ES;Norte;Colisão Lateral;1;1;0;0;0;0;0;;;;1;1;0;0;0
28/11/2016;19:57:00;361;Acidente com vítima;295;BR-101/ES;Sul;Choque com Objeto Fixo;0;0;0;0;1;0;0;;;;0;0;2;0;0
29/11/2016;04:51:00;63;Acidente sem vítima;205;BR-101/ES;Norte;Colisão Lateral;1;1;1;0;0;0;0;;;;12;0;0;0;0
29/11/2016;08:53:00;122;Acidente sem vítima;370;BR-101/ES;Sul;Capotamento;0;1;0;0;0;0;0;;;;1;0;0;0;0
29/11/2016;11:59:00;227;Acidente sem vítima;159;BR-101/ES;Sul;Colisão Transversal;2;0;0;0;0;0;0;;;;2;0;0;0;0
29/11/2016;20:28:00;377;Acidente sem vítima;270;BR-101/ES;Norte;Colisão Lateral;1;0;2;0;0;0;0;;;;2;0;0;0;0
29/11/2016;20:55:00;385;Acidente com vítima;272;BR-101/ES;Sul;Queda de Moto;0;0;0;0;1;0;0;;;;0;1;0;0;0
29/11/2016;23:30:00;407;Atropelamento com morte;299;BR-101/ES;Norte;Atropelamento;1;0;0;0;0;0;0;;;;0;0;1;0;1
30/11/2016;01:29:00;19;Acidente com vítima;407;BR-101/ES;Sul;Tombamento;0;0;2;0;0;0;0;;;;0;0;1;0;0
30/11/2016;05:33:00;63;Acidente com vítima;419;BR-101/ES;Sul;Colisão Traseira;0;0;4;0;0;0;0;;;;0;2;0;1;0
30/11/2016;05:54:00;65;Acidente sem vítima;149;BR-101/ES;Sul;Colisão Traseira;0;1;4;0;0;0;0;;;;3;0;0;0;0
30/11/2016;06:42:00;70;Acidente sem vítima;259;BR-101/ES;Norte;Saída de Pista;1;0;0;0;0;0;0;;;;1;0;0;0;0
30/11/2016;08:36:00;95;Acidente sem vítima;265;BR-101/ES;Norte;Saída de Pista;1;0;0;0;0;0;0;;;;1;0;0;0;0
30/11/2016;10:55:00;219;Acidente sem vítima;298;BR-101/ES;Sul;Colisão Traseira;1;1;0;0;0;0;0;;;;5;0;0;0;0
30/11/2016;13:14:00;284;Acidente sem vítima;270;BR-101/ES;Norte;Colisão Traseira;2;0;0;0;0;0;0;;;;2;0;0;0;0
30/11/2016;17:17:00;351;Acidente sem vítima;278;BR-101/ES;Norte;Colisão Lateral;2;1;0;0;0;0;0;;;;3;0;0;0;0
30/11/2016;21:34:00;399;Acidente com vítima;399;BR-101/ES;Norte;Choque com Objeto Fixo;1;0;0;0;0;0;0;;;;0;2;0;0;0
01/12/2016;08:07:00;88;Acidente com vítima;297;BR-101/ES;Sul;Colisão Traseira;0;0;0;0;2;0;0;;;;1;0;1;0;0
01/12/2016;08:36:00;100;Acidente com vítima;297;BR-101/ES;Norte;Colisão Lateral;1;0;0;0;1;0;0;;;;1;0;2;0;0
01/12/2016;08:54:00;109;Acidente sem vítima;298;BR-101/ES;Norte;Engavetamento;3;0;0;0;0;0;0;;;;4;0;0;0;0
01/12/2016;10:35:00;193;Acidente sem vítima;297;BR-101/ES;Norte;Colisão Traseira;2;0;0;0;0;0;0;;;;2;0;0;0;0
01/12/2016;10:47:00;197;Acidente com vítima;270;BR-101/ES;Norte;Queda de Moto;1;0;0;0;0;0;0;;;;0;0;1;0;0