data;horario;n_da_ocorrencia;tipo_de_ocorrencia;km;trecho;sentido;tipo_de_acidente;automovel;bicicleta;caminhao;moto;onibus;outros;tracao_animal;transporte_de_cargas_especiais;trator_maquinas;utilitarios;ilesos;levemente_feridos;moderadamente_feridos;gravemente_feridos;mortos
01/12/2016;12:12:00;245;Acidente com vítima;400;BR-101/ES;Sul;Atropelamento Animal;0;0;0;0;1;0;0;;;;0;1;1;0;0
01/12/2016;12:46:00;263;Acidente com vítima;94;BR-101/ES;Sul;Choque;2;0;3;0;0;0;0;;;;1;2;0;0;0
01/12/2016;14:13:00;297;Acidente com vítima;17,5;BR-101/ES;Sul;Saída de Pista;1;0;0;0;0;0;0;;;;0;0;1;0;0
01/12/2016;16:27:00;343;Acidente sem vítima;321;BR-101/ES;Sul;Saída de Pista;2;0;0;0;0;0;0;;;;4;0;0;0;0
01/12/2016;17:31:00;369;Acidente com vítima;142;BR-101/ES;Sul;Colisão Lateral;1;0;0;0;1;0;0;;;;1;2;0;0;0
01/12/2016;21:21:00;418;Acidente com vítima;175;BR-101/ES;Norte;Queda de ciclista;0;0;0;0;0;1;0;;;;0;1;0;0;0
01/12/2016;21:35:00;423;Acidente com vítima;268;BR-101/ES;Sul;Queda de ciclista;0;0;0;0;0;1;0;;;;0;0;1;0;0
02/12/2016;02:48:00;52;Acidente com vítima;203;BR-101/ES;Norte;Choque com Objeto Fixo;1;0;0;0;0;0;0;;;;0;0;0;2;0
02/12/2016;03:59:00;63;Acidente com vítima;288;BR-101/ES;Sul;Colisão Traseira;1;0;2;0;0;0;0;;;;1;1;0;0;0
02/12/2016;11:35:00;217;Acidente sem vítima;147;BR-101/ES;Norte;Queda de Moto;0;0;0;0;1;0;0;;;;1;0;0;0;0
02/12/2016;11:45:00;224;Acidente com vítima;282,1;BR-101/ES;Norte;Choque com Objeto Fixo;1;0;0;0;0;0;0;;;;0;0;2;0;0
02/12/2016;16:59:00;326;Acidente sem vítima;220;BR-101/ES;Norte;Colisão Traseira;2;0;0;0;0;0;0;;;;4;0;0;0;0
02/12/2016;17:01:00;328;Acidente sem vítima;270;BR-101/ES;Sul;Colisão Lateral;1;0;0;0;1;0;0;;;;3;0;0;0;0
02/12/2016;18:49:00;351;Acidente com vítima;266;BR-101/ES;Norte;Colisão Traseira;1;0;0;0;1;0;0;;;;1;1;0;0;0
02/12/2016;19:38:00;362;Acidente sem vítima;270;BR-101/ES;Sul;Veículo em Chamas;0;0;2;0;0;0;0;;;;1;0;0;0;0
02/12/2016;20:01:00;369;Acidente com vítima;287;BR-101/ES;Sul;Queda de Moto;0;0;0;0;1;0;0;;;;0;1;0;0;0
02/12/2016;22:02:00;391;Acidente sem vítima;399;BR-101/ES;Sul;Colisão Traseira;1;1;0;0;0;0;0;;;;5;0;0;0;0
02/12/2016;22:08:00;393;Acidente sem vítima;255;BR-101/ES;Sul;Colisão Traseira;1;1;0;0;0;0;0;;;;3;0;0;0;0
02/12/2016;23:17:00;404;Acidente sem vítima;269;BR-101/ES;Norte;Colisão Traseira;1;0;0;0;1;0;0;;;;2;0;0;0;0
03/12/2016;01:21:00;19;Acidente sem vítima;263;BR-101/ES;Norte;Colisão Traseira;2;0;0;0;0;0;0;;;;3;0;0;0;0
03/12/2016;02:50:00;48;Acidente com vítima;130;BR-101/ES;Norte;Queda de Moto;0;0;0;0;1;0;0;;;;0;1;0;0;0
03/12/2016;06:37:00;78;Acidente com vítima;399;BR-101/ES;Norte;Queda de Moto;0;0;0;0;1;0;0;;;;0;2;0;0;0
03/12/2016;07:45:00;98;Acidente sem vítima;298;BR-101/ES;Norte;Colisão Traseira;0;1;0;0;1;0;0;;;;2;0;0;0;0
03/12/2016;07:46:00;99;Acidente com vítima;266;BR-101/ES;Sul;Colisão;1;0;0;0;0;1;0;;;;1;0;0;1;0
03/12/2016;11:35:00;178;Acidente com vítima;258;BR-101/ES;Norte;Colisão Lateral;1;0;0;0;1;0;0;;;;1;1;0;0;0
03/12/2016;11:50:00;190;Acidente sem vítima;189;BR-101/ES;Norte;Capotamento;1;0;0;0;0;0;0;;;;3;0;0;0;0
03/12/2016;13:47:00;241;Acidente com vítima;11,2;BR-101/ES;Sul;Colisão Traseira;0;0;2;0;1;0;0;;;;1;0;1;0;0
03/12/2016;14:36:00;257;Acidente sem vítima;268;BR-101/ES;Sul;Colisão Traseira;2;0;0;0;0;0;0;;;;5;0;0;0;0
03/12/2016;19:24:00;317;Acidente sem vítima;145;BR-101/ES;Norte;Colisão Lateral;0;0;0;0;2;0;0;;;;2;0;0;0;0
03/12/2016;21:39:00;340;Acidente sem vítima;1,9;BR-101/ES;Sul;Atropelamento de Equino;1;0;0;0;0;0;0;;;;1;0;0;0;0
03/12/2016;23:10:00;352;Acidente com morte;100;BR-101/ES;Sul;Colisão Traseira;0;1;0;0;1;0;0;;;;1;0;0;0;1
04/12/2016;03:30:00;49;Acidente sem vítima;296;BR-101/ES;Norte;Capotamento;1;0;0;0;0;0;0;;;;1;0;0;0;0
04/12/2016;11:36:00;208;Acidente sem vítima;377;BR-101/ES;Norte;Choque com Objeto Fixo;0;1;2;0;0;0;0;;;;2;0;0;0;0
04/12/2016;15:55:00;280;Acidente sem vítima;258;BR-101/ES;Sul;Saída de Pista;1;0;0;0;0;0;0;;;;1;0;0;0;0
04/12/2016;16:49:00;291;Acidente sem vítima;293;BR-101/ES;Norte;Colisão Traseira;2;0;0;0;0;0;0;;;;2;0;0;0;0
04/12/2016;17:31:00;304;Acidente sem vítima;281;BR-101/ES;Sul;Saída de Pista;1;0;0;0;0;0;0;;;;3;0;0;0;0
04/12/2016;17:36:00;306;Acidente sem vítima;213;BR-101/ES;Norte;Colisão Traseira;2;0;0;0;0;0;0;;;;3;0;0;0;0
04/12/2016;18:23:00;320;Acidente com vítima;432;BR-101/ES;Norte;Capotamento;2;0;0;0;0;0;0;;;;3;0;1;0;0
04/12/2016;22:16:00;357;Acidente sem vítima;22;BR-101/ES;Norte;Queda de Moto;0;0;0;0;1;0;0;;;;1;0;0;0;0
04/12/2016;22:57:00;365;Acidente com vítima;264;BR-101/ES;Norte;Saída de Pista;1;0;0;0;0;0;0;;;;0;0;3;0;0
05/12/2016;04:18:00;53;Acidente sem vítima;276;BR-101/ES;Norte;Choque com Objeto Fixo;1;0;0;0;0;0;0;;;;1;0;0;0;0
05/12/2016;05:40:00;58;Acidente com vítima;276;BR-101/ES;Norte;Capotamento;1;0;0;0;0;0;0;;;;0;0;2;0;0
05/12/2016;07:14:00;75;Acidente com vítima;270,8;BR-101/ES;Sul;Queda de Moto;0;1;2;0;1;0;0;;;;1;0;0;1;0
05/12/2016;07:20:00;78;Acidente com vítima;246;BR-101/ES;Norte;Queda de ciclista;0;0;0;0;0;1;0;;;;0;1;0;0;0
05/12/2016;07:27:00;81;Acidente sem vítima;246;BR-101/ES;Norte;Colisão Lateral;2;0;0;0;0;0;0;;;;4;0;0;0;0
05/12/2016;07:53:00;87;Acidente sem vítima;190;BR-101/ES;Norte;Colisão Lateral;1;0;0;0;1;0;0;;;;3;0;0;0;0
05/12/2016;08:54:00;105;Acidente sem vítima;246;BR-101/ES;Norte;Colisão Traseira;2;0;0;0;0;0;0;;;;3;0;0;0;0
05/12/2016;10:05:00;128;Acidente com vítima;208;BR-101/ES;Norte;Queda de Moto;0;0;0;0;1;0;0;;;;0;2;0;0;0
05/12/2016;12:58:00;269;Acidente com vítima;323;BR-101/ES;Sul;Queda de Moto;0;0;0;0;1;0;0;;;;0;1;1;0;0
05/12/2016;13:03:00;272;Acidente sem vítima;412;BR-101/ES;Sul;Saída de Pista;1;0;0;0;0;0;0;;;;3;0;0;0;0
05/12/2016;14:17:00;301;Acidente sem vítima;150;BR-101/ES;Sul;Colisão Traseira;2;0;0;0;0;0;0;;;;2;0;0;0;0
05/12/2016;15:20:00;322;Acidente sem vítima;246;BR-101/ES;Norte;Colisão Traseira;1;0;2;0;0;0;0;;;;2;0;0;0;0
05/12/2016;18:44:00;405;Acidente sem vítima;51;BR-101/ES;Norte;Choque;1;0;1;0;0;0;0;;;;1;0;0;0;0
05/12/2016;19:03:00;408;Acidente sem vítima;293;BR-101/ES;Sul;Colisão Traseira;1;0;1;0;0;0;0;;;;3;0;0;0;0
05/12/2016;19:08:00;410;Acidente sem vítima;269;BR-101/ES;Norte;Colisão Traseira;2;0;0;0;0;0;0;;;;2;0;0;0;0
05/12/2016;20:51:00;438;Acidente sem vítima;66;BR-101/ES;Norte;Colisão Traseira;2;0;0;0;0;0;0;;;;4;0;0;0;0
05/12/2016;21:00:00;441;Acidente sem vítima;176;BR-101/ES;Norte;Choque com Objeto Fixo;1;0;0;0;0;0;0;;;;2;0;0;0;0
05/12/2016;21:06:00;443;Acidente sem vítima;264;BR-101/ES;Sul;Colisão Transversal;2;0;0;0;0;0;0;;;;5;0;0;0;0
06/12/2016;02:45:00;31;Acidente sem vítima;329;BR-101/ES;Sul;Saída de Pista;1;0;0;0;0;0;0;;;;1;0;0;0;0
06/12/2016;08:14:00;100;Acidente sem vítima;261;BR-101/ES;Sul;Capotamento;1;0;0;0;0;0;0;;;;1;0;0;0;0
06/12/2016;12:45:00;257;Acidente sem vítima;287;BR-101/ES;Sul;Colisão Traseira;0;1;0;1;0;0;0;;;;2;0;0;0;0
06/12/2016;13:59:00;285;Acidente sem vítima;322;BR-101/ES;Sul;Colisão Traseira;1;0;2;0;0;0;0;;;;2;0;0;0;0
06/12/2016;14:37:00;299;Acidente com vítima;266;BR-101/ES;Sul;Colisão Transversal;0;1;0;0;1;0;0;;;;1;1;0;0;0
06/12/2016;17:55:00;362;Acidente com vítima;395;BR-101/ES;Sul;Colisão Transversal;0;1;2;0;0;0;0;;;;1;1;0;0;0
06/12/2016;18:09:00;366;Acidente sem vítima;270;BR-101/ES;Sul;Engavetamento;3;0;0;0;0;0;0;;;;47;0;0;0;0
07/12/2016;07:49:00;110;Acidente sem vítima;201;BR-101/ES;Sul;Saída de Pista;1;0;0;0;0;0;0;;;;1;0;0;0;0
07/12/2016;07:56:00;114;Acidente com vítima;265;BR-101/ES;Sul;Colisão Lateral;1;0;0;0;1;0;0;;;;1;0;1;0;0
07/12/2016;09:01:00;140;Acidente sem vítima;358;BR-101/ES;Norte;Veículo em Chamas;0;0;2;0;0;0;0;;;;1;0;0;0;0
07/12/2016;10:28:00;165;Acidente com vítima;950;BR-101/BA;Sul;Saída de Pista;1;0;0;0;0;0;0;;;;0;2;0;0;0
07/12/2016;15:40:00;319;Acidente sem vítima;399;BR-101/ES;Sul;Veículo em Chamas;1;0;1;0;0;0;0;;;;1;0;0;0;0
07/12/2016;15:54:00;324;Acidente sem vítima;171,5;BR-101/ES;Norte;Colisão Lateral;1;0;3;0;0;0;0;;;;3;0;0;0;0
07/12/2016;15:58:00;328;Acidente sem vítima;68;BR-101/ES;Sul;Colisão Traseira;2;0;0;0;0;0;0;;;;3;0;0;0;0
07/12/2016;15:59:00;329;Acidente com vítima;129;BR-101/ES;Sul;Colisão Transversal;1;0;0;0;1;0;0;;;;1;1;0;0;0
07/12/2016;17:13:00;355;Acidente sem vítima;144;BR-101/ES;Sul;Colisão Lateral;1;0;0;0;1;0;0;;;;3;0;0;0;0
07/12/2016;17:58:00;370;Acidente sem vítima;110;BR-101/ES;Sul;Colisão Traseira;1;2;0;0;0;0;0;;;;4;0;0;0;0
07/12/2016;18:30:00;379;Acidente sem vítima;325;BR-101/ES;Sul;Colisão Frontal;1;0;0;0;1;0;0;;;;2;0;0;0;0
07/12/2016;20:00:00;393;Acidente com vítima;37;BR-101/ES;Sul;Queda de Moto;0;0;0;0;1;0;0;;;;0;1;0;0;0
07/12/2016;20:03:00;395;Acidente sem vítima;168;BR-101/ES;Sul;Colisão Traseira;2;0;0;0;0;0;0;;;;5;0;0;0;0
07/12/2016;21:46:00;415;Acidente com vítima;266;BR-101/ES;Sul;Colisão Lateral;1;1;0;0;0;0;0;;;;4;1;0;0;0
07/12/2016;23:15:00;433;Acidente sem vítima;288;BR-101/ES;Sul;Choque com Objeto Fixo;1;0;0;0;0;0;0;;;;1;0;0;0;0
08/12/2016;05:13:00;64;Acidente com vítima;294;BR-101/ES;Sul;Choque com Objeto Fixo;1;0;0;0;0;0;0;;;;0;0;2;0;0
08/12/2016;10:43:00;243;Acidente sem vítima;255;BR-101/ES;Sul;Colisão Traseira;1;1;0;0;0;0;0;;;;4;0;0;0;0
08/12/2016;13:01:00;304;Acidente sem vítima;107;BR-101/ES;Norte;Colisão Traseira;0;2;0;0;0;0;0;;;;2;0;0;0;0
08/12/2016;15:05:00;355;Acidente com vítima;147;BR-101/ES;Norte;Colisão Traseira;1;0;0;0;1;0;0;;;;1;0;0;1;0
08/12/2016;15:55:00;372;Acidente sem vítima;223;BR-101/ES;Sul;Saída de Pista;0;1;0;0;0;0;0;;;;1;0;0;0;0
08/12/2016;18:56:00;419;Acidente com vítima;255;BR-101/ES;Sul;Colisão Transversal;0;0;0;1;2;0;0;;;;23;1;0;0;0
08/12/2016;19:03:00;423;Acidente com vítima;270;BR-101/ES;Sul;Queda de Moto;0;0;0;0;1;0;0;;;;0;1;0;0;0
08/12/2016;22:27:00;470;Acidente com vítima;146;BR-101/ES;Norte;Colisão Traseira;1;0;0;0;1;0;0;;;;1;0;1;0;0
09/12/2016;05:32:00;67;Acidente com vítima;447;BR-101/ES;Norte;Queda de Moto;0;0;0;0;1;0;0;;;;0;1;1;0;0
09/12/2016;06:04:00;75;Acidente com vítima;102;BR-101/ES;Sul;Colisão Traseira;2;0;0;0;0;0;0;;;;0;4;2;0;0
09/12/2016;07:28:00;102;Acidente com vítima;352;BR-101/ES;Sul;Queda de Moto;0;0;0;0;1;0;0;;;;0;1;0;0;0
09/12/2016;08:31:00;138;Acidente sem vítima;91;BR-101/ES;Sul;Colisão Traseira;0;1;0;0;1;0;0;;;;2;0;0;0;0
09/12/2016;10:36:00;201;Acidente sem vítima;147;BR-101/ES;Norte;Colisão Transversal;1;1;0;0;0;0;0;;;;3;0;0;0;0
09/12/2016;12:07:00;259;Acidente sem vítima;150;BR-101/ES;Sul;Colisão Traseira;2;0;0;0;0;0;0;;;;3;0;0;0;0
09/12/2016;14:48:00;348;Acidente sem vítima;287,5;BR-101/ES;Sul;Saída de Pista;1;0;0;0;0;0;0;;;;2;0;0;0;0
09/12/2016;17:05:00;407;Acidente com vítima;242;BR-101/ES;Norte;Colisão Lateral;1;0;4;0;0;0;0;;;;2;1;0;0;0
09/12/2016;18:04:00;420;Acidente com vítima;268;BR-101/ES;Norte;Colisão Traseira;2;0;0;0;0;0;0;;;;1;0;2;0;0
09/12/2016;18:44:00;433;Acidente sem vítima;289;BR-101/ES;Sul;Saída de Pista;1;0;0;0;0;0;0;;;;2;0;0;0;0
09/12/2016;19:28:00;446;Acidente com vítima;215;BR-101/ES;Norte;Colisão Transversal;1;0;0;0;1;0;0;;;;1;0;1;0;0
09/12/2016;20:26:00;464;Acidente sem vítima;296,9;BR-101/ES;Sul;Colisão Traseira;2;0;0;0;0;0;0;;;;2;0;0;0;0
09/12/2016;20:48:00;469;Acidente com vítima;425;BR-101/ES;Norte;Choque com Objeto Fixo;1;0;0;0;0;0;0;;;;2;2;0;0;0
09/12/2016;21:29:00;484;Acidente sem vítima;430;BR-101/ES;Norte;Saída de Pista;1;0;0;0;0;0;0;;;;3;0;0;0;0
09/12/2016;22:19:00;505;Acidente sem vítima;226;BR-101/ES;Norte;Colisão Lateral;1;1;1;0;0;0;0;;;;2;0;0;0;0
09/12/2016;22:59:00;515;Acidente sem vítima;218;BR-101/ES;Norte;Choque com Objeto Fixo;1;0;0;0;0;0;0;;;;5;0;0;0;0
10/12/2016;00:06:00;1;Acidente sem vítima;155;BR-101/ES;Sul;Queda de Moto;0;0;0;0;1;0;0;;;;2;0;0;0;0
10/12/2016;00:43:00;18;Acidente sem vítima;269;BR-101/ES;Norte;Colisão Traseira;1;1;0;0;0;0;0;;;;5;0;0;0;0
10/12/2016;00:46:00;21;Acidente sem vítima;313;BR-101/ES;Sul;Saída de Pista;1;0;0;0;0;0;0;;;;2;0;0;0;0
10/12/2016;02:18:00;49;Acidente sem vítima;146,5;BR-101/ES;Norte;Colisão Traseira;2;0;0;0;0;0;0;;;;3;0;0;0;0
10/12/2016;06:06:00;82;Acidente sem vítima;218,9;BR-101/ES;Norte;Saída de Pista;3;0;0;0;0;0;0;;;;9;0;0;0;0
10/12/2016;09:21:00;141;Acidente com vítima;212;BR-101/ES;Norte;Colisão Transversal;2;0;0;0;0;0;0;;;;5;0;2;0;0
10/12/2016;15:14:00;266;Acidente com vítima;458;BR-101/ES;Norte;Colisão Transversal;2;0;0;0;0;0;0;;;;4;0;1;1;0
10/12/2016;15:24:00;268;Acidente sem vítima;358;BR-101/ES;Norte;Choque com Objeto Fixo;1;0;0;0;0;0;0;;;;1;0;0;0;0
10/12/2016;15:46:00;273;Acidente com vítima;297;BR-101/ES;Norte;Atropelamento Animal;0;0;0;0;1;0;0;;;;0;0;1;0;0
10/12/2016;17:19:00;296;Acidente sem vítima;271;BR-101/ES;Norte;Colisão Lateral;3;0;0;0;0;0;0;;;;4;0;0;0;0
10/12/2016;17:21:00;298;Acidente sem vítima;286;BR-101/ES;Norte;Queda de Moto;0;0;0;0;1;0;0;;;;2;0;0;0;0
10/12/2016;18:17:00;307;Acidente sem vítima;251;BR-101/ES;Sul;Colisão Transversal;1;0;0;1;0;0;0;;;;13;0;0;0;0
10/12/2016;19:17:00;318;Acidente com vítima;149;BR-101/ES;Sul;Colisão Traseira;2;0;0;0;0;0;0;;;;0;3;4;0;0
10/12/2016;22:18:00;347;Acidente com vítima;255;BR-101/ES;Sul;Queda de Moto;1;0;0;0;0;0;0;;;;1;0;1;0;0
10/12/2016;22:44:00;354;Acidente sem vítima;219;BR-101/ES;Sul;Choque com Objeto Fixo;0;0;0;0;1;0;0;;;;1;0;0;0;0
11/12/2016;00:17:00;3;Acidente com vítima;144;BR-101/ES;Sul;Colisão Traseira;1;0;0;0;1;0;0;;;;5;0;2;0;0
11/12/2016;00:24:00;4;Acidente com vítima;211,1;BR-101/ES;Norte;Queda de Moto;0;0;0;0;1;0;0;;;;0;1;0;0;0
11/12/2016;02:13:00;31;Acidente com vítima;298;BR-101/ES;Norte;Colisão Frontal;1;1;0;0;0;0;0;;;;2;0;0;1;0
11/12/2016;03:52:00;62;Acidente com vítima;157;BR-101/ES;Sul;Queda de Moto;0;0;0;0;1;0;0;;;;0;1;0;0;0
11/12/2016;06:03:00;77;Acidente sem vítima;351;BR-101/ES;Sul;Choque com Objeto Fixo;1;0;0;0;0;0;0;;;;1;0;0;0;0
11/12/2016;07:59:00;98;Acidente com vítima;302;BR-101/ES;Sul;Queda de Moto;0;0;0;0;1;0;0;;;;0;0;1;0;0
11/12/2016;09:50:00;127;Acidente com vítima;372;BR-101/ES;Sul;Queda de Moto;0;0;0;0;1;0;0;;;;0;0;1;0;0
11/12/2016;10:17:00;132;Acidente sem vítima;337;BR-101/ES;Sul;Colisão Traseira;3;0;0;0;0;0;0;;;;8;0;0;0;0
11/12/2016;12:47:00;192;Acidente sem vítima;268;BR-101/ES;Sul;Colisão Traseira;2;0;0;0;0;0;0;;;;3;0;0;0;0
11/12/2016;13:46:00;221;Acidente sem vítima;254,8;BR-101/ES;Sul;Engavetamento;3;0;0;0;0;0;0;;;;6;0;0;0;0
11/12/2016;14:19:00;226;Acidente sem vítima;423;BR-101/ES;Sul;Colisão Lateral;0;0;2;0;0;0;0;;;;1;0;0;0;0
11/12/2016;17:19:00;292;Acidente com vítima;146;BR-101/ES;Sul;Colisão Traseira;2;0;0;0;0;0;0;;;;1;2;0;0;0
11/12/2016;18:35:00;317;Acidente sem vítima;267;BR-101/ES;Sul;Colisão Traseira;2;0;0;0;0;0;0;;;;3;0;0;0;0
11/12/2016;18:56:00;321;Acidente sem vítima;367;BR-101/ES;Sul;Veículo em Chamas;0;0;0;0;1;0;0;;;;1;0;0;0;0
11/12/2016;19:01:00;322;Acidente sem vítima;324;BR-101/ES;Norte;Colisão Traseira;2;0;0;1;0;0;0;;;;36;0;0;0;0
11/12/2016;19:57:00;333;Acidente sem vítima;3;BR-101/ES;Norte;Atropelamento de Bovino;0;0;3;0;0;0;0;;;;2;0;0;0;0
11/12/2016;22:13:00;362;Acidente com vítima;399;BR-101/ES;Norte;Colisão Traseira;1;0;2;0;0;0;0;;;;4;0;1;0;0
12/12/2016;00:08:00;2;Acidente com morte;954;BR-101/BA;Sul;Tombamento;0;0;3;0;0;0;0;;;;0;0;0;0;1
12/12/2016;03:57:00;55;Acidente sem vítima;29;BR-101/ES;Sul;Tombamento;0;0;2;0;0;0;0;;;;1;0;0;0;0
12/12/2016;08:09:00;107;Acidente com vítima;102;BR-101/ES;Sul;Colisão Lateral;1;0;0;0;1;0;0;;;;1;0;1;0;0
12/12/2016;08:22:00;124;Acidente sem vítima;266;BR-101/ES;Sul;Colisão Lateral;1;1;0;0;0;0;0;;;;2;0;0;0;0
12/12/2016;08:58:00;132;Acidente com vítima;68;BR-101/ES;Sul;Colisão Lateral;1;0;0;0;1;0;0;;;;1;0;1;0;0
12/12/2016;09:29:00;145;Acidente sem vítima;126,6;BR-101/ES;Sul;Colisão Traseira;2;0;0;0;0;0;0;;;;3;0;0;0;0
12/12/2016;14:58:00;315;Acidente com morte;28,2;BR-101/ES;Sul;Engavetamento;4;0;0;0;0;0;0;;;;4;0;2;1;1
12/12/2016;15:56:00;335;Acidente sem vítima;229;BR-101/ES;Sul;Colisão Lateral;2;0;0;0;0;0;0;;;;3;0;0;0;0
12/12/2016;17:39:00;370;Acidente sem vítima;211;BR-101/ES;Sul;Colisão Traseira;0;1;2;0;0;0;0;;;;2;0;0;0;0
12/12/2016;18:20:00;377;Acidente sem vítima;269;BR-101/ES;Norte;Colisão Lateral;1;0;0;0;1;0;0;;;;2;0;0;0;0
12/12/2016;20:59:00;410;Acidente com vítima;272;BR-101/ES;Norte;Queda de ciclista;0;0;0;0;0;1;0;;;;0;0;0;1;0
13/12/2016;01:44:00;25;Atropelamento sem morte;300;BR-101/ES;Sul;Atropelamento e Fuga;1;0;0;0;0;0;0;;;;0;0;1;0;0
13/12/2016;02:39:00;32;Acidente com vítima;47;BR-101/ES;Norte;Queda de Moto;1;0;0;0;0;0;0;;;;0;0;1;0;0
13/12/2016;05:16:00;48;Acidente sem vítima;113;BR-101/ES;Norte;Atropelamento Animal;1;0;0;0;0;0;0;;;;1;0;0;0;0
13/12/2016;09:42:00;151;Acidente sem vítima;301;BR-101/ES;Sul;Capotamento;1;0;0;0;0;0;0;;;;1;0;0;0;0
13/12/2016;11:12:00;220;Acidente sem vítima;312;BR-101/ES;Sul;Colisão Traseira;1;1;0;0;0;0;0;;;;3;0;0;0;0
13/12/2016;11:14:00;224;Acidente com vítima;126;BR-101/ES;Sul;Colisão Transversal;1;1;0;0;0;0;0;;;;1;1;0;0;0
13/12/2016;14:07:00;312;Acidente sem vítima;254;BR-101/ES;Norte;Colisão Lateral;1;1;0;0;0;0;0;;;;3;0;0;0;0
13/12/2016;15:54:00;340;Acidente sem vítima;123;BR-101/ES;Sul;Saída de Pista;0;0;2;0;0;0;0;;;;1;0;0;0;0
13/12/2016;18:03:00;378;Acidente sem vítima;258;BR-101/ES;Sul;Colisão Lateral;1;0;0;0;1;0;0;;;;4;0;0;0;0
13/12/2016;22:43:00;430;Acidente com vítima;198;BR-101/ES;Sul;Queda de Moto;0;0;0;0;1;0;0;;;;0;0;2;0;0
14/12/2016;07:52:00;91;Acidente sem vítima;371;BR-101/ES;Norte;Saída de Pista;1;0;0;0;0;0;0;;;;3;0;0;0;0
14/12/2016;11:15:00;182;Acidente sem vítima;206;BR-101/ES;Norte;Colisão Traseira;1;0;2;0;0;0;0;;;;2;0;0;0;0
14/12/2016;13:17:00;228;Acidente com vítima;266;BR-101/ES;Sul;Queda de Moto;0;0;0;0;1;0;0;;;;0;1;0;0;0
14/12/2016;14:55:00;264;Acidente sem vítima;261;BR-101/ES;Sul;Saída de Pista;0;0;0;0;1;0;0;;;;1;0;0;0;0
14/12/2016;16:43:00;305;Acidente com vítima;396,5;BR-101/ES;Sul;Saída de Pista;1;0;0;0;0;0;0;;;;4;1;0;1;0
14/12/2016;16:52:00;309;Acidente com vítima;436;BR-101/ES;Norte;Colisão Transversal;2;0;0;0;0;0;0;;;;1;0;2;0;0
14/12/2016;17:37:00;320;Acidente sem vítima;396,5;BR-101/ES;Norte;Colisão Traseira;2;0;0;0;0;0;0;;;;5;0;0;0;0
14/12/2016;19:04:00;332;Acidente com vítima;401;BR-101/ES;Sul;Choque com Objeto Fixo;0;0;2;0;0;0;0;;;;2;0;1;1;0
14/12/2016;19:18:00;338;Acidente com vítima;149;BR-101/ES;Sul;Colisão Lateral;1;0;0;0;1;0;0;;;;1;2;0;0;0
14/12/2016;20:10:00;346;Acidente sem vítima;269;BR-101/ES;Sul;Colisão Traseira;1;0;2;0;0;0;0;;;;2;0;0;0;0
14/12/2016;20:29:00;350;Acidente com vítima;358;BR-101/ES;Sul;Colisão Traseira;0;2;0;0;0;0;0;;;;1;0;0;1;0
14/12/2016;22:35:00;368;Acidente com vítima;189;BR-101/ES;Norte;Colisão Traseira;0;0;0;0;2;0;0;;;;0;0;2;0;0
15/12/2016;02:38:00;43;Atropelamento com morte;67;BR-101/ES;Norte;Atropelamento;0;1;0;0;0;0;0;;;;2;0;0;0;1
15/12/2016;06:14:00;83;Acidente com vítima;296;BR-101/ES;Norte;Queda de Moto;0;0;0;0;1;0;0;;;;0;0;1;0;0
15/12/2016;11:49:00;217;Acidente sem vítima;262;BR-101/ES;Norte;Colisão Lateral;1;1;0;0;0;0;0;;;;4;0;0;0;0
15/12/2016;12:50:00;241;Acidente com vítima;264;BR-101/ES;Sul;Queda de Moto;0;0;0;0;1;0;0;;;;0;1;0;0;0
15/12/2016;15:49:00;301;Acidente com morte;374;BR-101/ES;Norte;Colisão Lateral;0;1;5;0;0;0;0;;;;2;0;0;0;1
15/12/2016;16:36:00;312;Acidente com vítima;268;BR-101/ES;Norte;Colisão Lateral;3;0;0;0;0;0;0;;;;3;0;1;0;0
15/12/2016;17:37:00;333;Acidente com vítima;254;BR-101/ES;Norte;Queda de Moto;0;0;0;0;1;0;0;;;;0;1;0;0;0
15/12/2016;22:11:00;392;Acidente com vítima;295;BR-101/ES;Norte;Colisão Traseira;2;0;0;0;0;0;0;;;;1;0;1;0;0
16/12/2016;07:36:00;95;Acidente com vítima;257;BR-101/ES;Sul;Queda de Moto;0;0;0;0;1;0;0;;;;0;1;0;0;0
16/12/2016;10:44:00;171;Acidente sem vítima;264;BR-101/ES;Norte;Colisão Traseira;0;0;2;0;1;0;0;;;;2;0;0;0;0
16/12/2016;13:15:00;249;Acidente sem vítima;208;BR-101/ES;Sul;Engavetamento;3;0;0;0;0;0;0;;;;8;0;0;0;0
16/12/2016;14:23:00;279;Acidente sem vítima;242;BR-101/ES;Norte;Choque;1;0;2;0;0;0;0;;;;2;0;0;0;0
16/12/2016;17:58:00;346;Acidente sem vítima;266,5;BR-101/ES;Sul;Colisão Traseira;2;0;0;0;0;0;0;;;;5;0;0;0;0
16/12/2016;19:21:00;368;Acidente sem vítima;22;BR-101/ES;Sul;Saída de Pista;1;0;0;0;0;0;0;;;;1;0;0;0;0
16/12/2016;19:51:00;378;Acidente com vítima;290;BR-101/ES;Norte;Colisão Transversal;1;1;0;0;0;0;0;;;;0;0;2;0;0
16/12/2016;21:22:00;401;Acidente sem vítima;212,5;BR-101/ES;Sul;Colisão Traseira;1;1;0;0;0;0;0;;;;5;0;0;0;0
16/12/2016;21:38:00;408;Acidente sem vítima;293;BR-101/ES;Sul;Capotamento;1;0;0;0;0;0;0;;;;2;0;0;0;0