data;horario;n_da_ocorrencia;tipo_de_ocorrencia;km;trecho;sentido;tipo_de_acidente;automovel;bicicleta;caminhao;moto;onibus;outros;tracao_animal;transporte_de_cargas_especiais;trator_maquinas;utilitarios;ilesos;levemente_feridos;moderadamente_feridos;gravemente_feridos;mortos
19/01/2017;08:25:00;109;Acidente com vítima;264;BR-101/ES;Sul;Colisão Lateral;0;0;0;1;1;0;0;;;;2;0;1;0;0
19/01/2017;09:14:00;125;Acidente sem vítima;261;BR-101/ES;Sul;Colisão Transversal;2;0;0;0;0;0;0;;;;4;0;0;0;0
19/01/2017;13:43:00;251;Acidente com morte;395;BR-101/ES;Norte;Colisão Frontal;1;0;2;0;0;0;0;;;;0;0;1;0;1
19/01/2017;20:32:00;358;Acidente sem vítima;25;BR-101/ES;Sul;Saída de Pista;1;0;0;0;0;0;0;;;;1;0;0;0;0
20/01/2017;00:30:00;6;Acidente com vítima;363;BR-101/ES;Sul;Saída de Pista;0;0;2;0;0;0;0;;;;0;0;1;0;0
20/01/2017;01:04:00;20;Acidente com vítima;131;BR-101/ES;Sul;Queda de Moto;0;0;0;0;1;0;0;;;;0;0;1;0;0
20/01/2017;06:57:00;93;Acidente sem vítima;350;BR-101/ES;Norte;Colisão Lateral;1;1;1;0;0;0;0;;;;2;0;0;0;0
20/01/2017;07:12:00;98;Acidente sem vítima;254;BR-101/ES;Sul;Engavetamento;2;1;0;0;0;0;0;;;;5;0;0;0;0
20/01/2017;07:54:00;106;Acidente sem vítima;266;BR-101/ES;Sul;Engavetamento;3;0;0;0;0;0;0;;;;7;0;0;0;0
20/01/2017;08:08:00;109;Acidente com vítima;264;BR-101/ES;Norte;Colisão Traseira;1;0;0;0;1;0;0;;;;2;0;1;0;0
20/01/2017;14:38:00;296;Acidente sem vítima;408;BR-101/ES;Norte;Colisão Lateral;1;0;3;0;0;0;0;;;;5;0;0;0;0
20/01/2017;15:51:00;334;Acidente com vítima;354;BR-101/ES;Norte;Saída de Pista;1;0;0;0;0;1;0;;;;3;0;0;1;0
20/01/2017;16:28:00;349;Acidente sem vítima;269;BR-101/ES;Sul;Colisão Traseira;2;0;0;0;0;0;0;;;;2;0;0;0;0
20/01/2017;18:30:00;370;Acidente sem vítima;67;BR-101/ES;Norte;Engavetamento;2;0;0;0;1;0;0;;;;3;0;0;0;0
20/01/2017;21:56:00;420;Acidente com vítima;266;BR-101/ES;Norte;Colisão;1;0;0;0;0;1;0;;;;1;0;1;0;0
20/01/2017;22:37:00;431;Acidente com vítima;271;BR-101/ES;Sul;Colisão;1;0;0;0;0;1;0;;;;1;1;0;0;0
21/01/2017;07:15:00;135;Acidente com vítima;298;BR-101/ES;Norte;Colisão Traseira;0;0;0;2;0;0;0;;;;5;1;0;0;0
21/01/2017;09:21:00;179;Acidente sem vítima;264;BR-101/ES;Sul;Colisão Lateral;1;0;0;0;1;0;0;;;;4;0;0;0;0
21/01/2017;10:19:00;208;Acidente sem vítima;205;BR-101/ES;Norte;Colisão Lateral;1;1;0;0;0;0;0;;;;2;0;0;0;0
21/01/2017;14:59:00;351;Acidente com vítima;203;BR-101/ES;Norte;Tombamento;0;1;0;0;0;0;0;;;;0;0;1;0;0
21/01/2017;16:45:00;391;Acidente com vítima;256;BR-101/ES;Sul;Saída de Pista;1;0;0;0;0;0;0;;;;1;0;1;0;0
21/01/2017;16:53:00;393;Acidente com vítima;157;BR-101/ES;Sul;Queda de Moto;0;0;0;0;1;0;0;;;;0;1;0;0;0
21/01/2017;18:18:00;419;Acidente com vítima;296;BR-101/ES;Norte;Choque com Objeto Fixo;1;0;0;0;0;0;0;;;;0;0;0;1;0
21/01/2017;19:30:00;436;Acidente com vítima;151;BR-101/ES;Sul;Colisão Traseira;1;1;0;0;0;0;0;;;;3;1;1;0;0
21/01/2017;19:31:00;437;Acidente com vítima;258;BR-101/ES;Norte;Colisão Traseira;2;0;0;0;0;0;0;;;;3;3;0;0;0
21/01/2017;21:23:00;456;Acidente sem vítima;324;BR-101/ES;Norte;Queda de Moto;0;0;0;0;1;0;0;;;;1;0;0;0;0
21/01/2017;22:20:00;471;Acidente com vítima;153;BR-101/ES;Sul;Saída de Pista;1;0;0;0;0;0;0;;;;0;2;0;0;0
21/01/2017;22:37:00;473;Acidente com vítima;374;BR-101/ES;Sul;Queda de Moto;0;0;0;0;1;0;0;;;;0;0;1;0;0
21/01/2017;23:09:00;479;Acidente sem vítima;266;BR-101/ES;Norte;Colisão Traseira;2;0;0;0;0;0;0;;;;3;0;0;0;0
22/01/2017;04:00:00;60;Atropelamento sem morte;138;BR-101/ES;Sul;Atropelamento e Fuga;0;0;0;0;1;0;0;;;;0;0;0;1;0
22/01/2017;13:58:00;282;Acidente sem vítima;939;BR-101/BA;Norte;Saída de Pista;1;0;0;0;0;0;0;;;;4;0;0;0;0
22/01/2017;16:40:00;326;Acidente sem vítima;293;BR-101/ES;Sul;Choque com Objeto Fixo;1;0;0;0;0;0;0;;;;3;0;0;0;0
22/01/2017;19:47:00;387;Acidente com vítima;401;BR-101/ES;Sul;Queda de Moto;0;0;0;0;1;0;0;;;;0;1;0;0;0
22/01/2017;19:53:00;389;Acidente sem vítima;63;BR-101/ES;Sul;Colisão Traseira;2;0;0;0;0;0;0;;;;2;0;0;0;0
23/01/2017;07:08:00;84;Atropelamento sem morte;298;BR-101/ES;Sul;Atropelamento e Fuga;0;0;0;0;1;0;0;;;;0;0;1;0;0
23/01/2017;08:50:00;130;Acidente sem vítima;304;BR-101/ES;Norte;Veículo em Chamas;0;0;2;0;0;0;0;;;;1;0;0;0;0
23/01/2017;13:40:00;304;Acidente com vítima;369;BR-101/ES;Norte;Choque com Objeto Fixo;3;0;0;0;0;0;0;;;;3;0;0;1;0
23/01/2017;13:50:00;311;Acidente com vítima;147,9;BR-101/ES;Sul;Colisão Lateral;1;0;0;0;1;0;0;;;;3;1;0;0;0
23/01/2017;15:44:00;337;Acidente sem vítima;336;BR-101/ES;Norte;Capotamento;1;1;0;0;0;0;0;;;;2;0;0;0;0
23/01/2017;16:43:00;346;Acidente com vítima;266;BR-101/ES;Sul;Colisão Traseira;2;0;0;0;0;0;0;;;;2;1;0;0;0
23/01/2017;20:44:00;418;Acidente sem vítima;117;BR-101/ES;Norte;Queda de Moto;0;0;0;0;1;0;0;;;;1;0;0;0;0
23/01/2017;21:18:00;432;Acidente sem vítima;222;BR-101/ES;Sul;Saída de Pista;1;0;0;0;0;0;0;;;;1;0;0;0;0
23/01/2017;22:32:00;464;Acidente sem vítima;296;BR-101/ES;Norte;Choque;2;1;1;0;0;0;0;;;;3;0;0;0;0
24/01/2017;05:30:00;98;Acidente com vítima;265;BR-101/ES;Norte;Colisão Traseira;1;0;2;0;0;0;0;;;;2;0;1;0;0
24/01/2017;07:47:00;142;Acidente com vítima;358;BR-101/ES;Sul;Colisão Lateral;2;0;0;0;0;0;0;;;;1;2;0;0;0
24/01/2017;13:50:00;368;Acidente sem vítima;8;BR-101/ES;Norte;Queda de Moto;0;0;0;0;1;0;0;;;;1;0;0;0;0
24/01/2017;14:58:00;390;Acidente com vítima;44;BR-101/ES;Sul;Queda de Moto;0;0;0;0;1;0;0;;;;0;2;0;0;0
24/01/2017;16:29:00;443;Acidente com vítima;399;BR-101/ES;Norte;Colisão Traseira;1;0;3;0;0;0;0;;;;1;2;1;0;0
24/01/2017;17:13:00;460;Acidente sem vítima;269;BR-101/ES;Norte;Colisão Traseira;2;0;0;0;0;0;0;;;;2;0;0;0;0
24/01/2017;18:56:00;490;Acidente sem vítima;270;BR-101/ES;Sul;Colisão Traseira;2;0;0;0;0;0;0;;;;2;0;0;0;0
24/01/2017;21:55:00;556;Acidente sem vítima;270;BR-101/ES;Sul;Choque com Objeto Fixo;1;0;0;0;0;0;0;;;;1;0;0;0;0
24/01/2017;22:22:00;571;Acidente com vítima;450;BR-101/ES;Norte;Tombamento;0;0;2;0;0;0;0;;;;0;0;0;1;0
25/01/2017;01:53:00;45;Acidente sem vítima;307;BR-101/ES;Norte;Choque com Objeto Fixo;1;0;0;0;0;0;0;;;;1;0;0;0;0
25/01/2017;06:43:00;117;Acidente com vítima;44;BR-101/ES;Sul;Saída de Pista;1;0;0;0;0;0;0;;;;3;1;0;0;0
25/01/2017;13:54:00;372;Acidente sem vítima;197;BR-101/ES;Norte;Saída de Pista;1;0;0;0;0;0;0;;;;1;0;0;0;0
25/01/2017;16:09:00;412;Acidente com vítima;268;BR-101/ES;Norte;Colisão Transversal;1;0;0;0;1;0;0;;;;1;0;1;0;0
25/01/2017;16:47:00;431;Acidente com vítima;122;BR-101/ES;Sul;Queda de Moto;0;0;0;0;1;0;0;;;;0;2;0;0;0
25/01/2017;17:37:00;453;Acidente com vítima;332;BR-101/ES;Norte;Queda de Moto;0;0;0;0;1;0;0;;;;0;1;0;0;0
25/01/2017;19:56:00;495;Acidente com vítima;204,8;BR-101/ES;Norte;Colisão Lateral;0;0;0;0;2;0;0;;;;1;0;1;0;0
25/01/2017;20:15:00;504;Acidente com vítima;460;BR-101/ES;Sul;Capotamento;1;0;0;0;0;0;0;;;;0;2;0;0;0
25/01/2017;20:38:00;513;Acidente com vítima;240;BR-101/ES;Sul;Colisão Traseira;1;1;0;0;0;0;0;;;;4;1;0;0;0
25/01/2017;23:30:00;572;Acidente com vítima;126;BR-101/ES;Sul;Colisão Transversal;1;1;0;0;0;0;0;;;;3;2;0;0;0
26/01/2017;07:13:00;126;Acidente sem vítima;124;BR-101/ES;Sul;Colisão Traseira;2;0;0;0;0;0;0;;;;2;0;0;0;0
26/01/2017;07:37:00;137;Acidente com vítima;264;BR-101/ES;Sul;Queda de Moto;0;0;0;0;1;0;0;;;;0;1;1;0;0
26/01/2017;09:44:00;200;Acidente sem vítima;399;BR-101/ES;Sul;Veículo em Chamas;0;1;0;0;0;0;0;;;;1;0;0;0;0
26/01/2017;09:59:00;214;Acidente com vítima;278,6;BR-101/ES;Norte;Queda de Moto;0;0;0;0;1;0;0;;;;0;0;1;0;0
26/01/2017;10:09:00;227;Acidente com vítima;70;BR-101/ES;Norte;Queda de Moto;0;0;0;0;1;0;0;;;;0;0;1;0;0
26/01/2017;10:24:00;236;Acidente sem vítima;430;BR-101/ES;Sul;Colisão Traseira;2;0;0;0;0;0;0;;;;5;0;0;0;0
26/01/2017;11:47:00;308;Acidente sem vítima;266;BR-101/ES;Sul;Colisão Traseira;2;0;0;0;0;0;0;;;;6;0;0;0;0
26/01/2017;15:56:00;427;Acidente sem vítima;140;BR-101/ES;Sul;Colisão Traseira;2;0;0;0;0;0;0;;;;2;0;0;0;0
26/01/2017;16:38:00;440;Acidente sem vítima;270;BR-101/ES;Norte;Colisão Traseira;1;0;0;0;0;1;0;;;;2;0;0;0;0
26/01/2017;16:46:00;445;Acidente com vítima;260,5;BR-101/ES;Sul;Queda de Moto;0;0;0;0;1;0;0;;;;0;1;1;0;0
26/01/2017;17:16:00;453;Acidente sem vítima;270;BR-101/ES;Norte;Colisão Lateral;1;0;0;1;0;0;0;;;;5;0;0;0;0
26/01/2017;18:11:00;478;Acidente sem vítima;285;BR-101/ES;Norte;Colisão Lateral;1;0;0;0;1;0;0;;;;3;0;0;0;0
26/01/2017;20:24:00;534;Acidente sem vítima;288;BR-101/ES;Sul;Saída de Pista;1;0;0;0;0;0;0;;;;1;0;0;0;0
26/01/2017;20:25:00;536;Atropelamento sem morte;147;BR-101/ES;Norte;Atropelamento;1;0;0;0;0;0;0;;;;1;0;0;1;0
26/01/2017;22:50:00;596;Acidente com vítima;269;BR-101/ES;Sul;Colisão Traseira;2;0;0;0;0;0;0;;;;2;0;1;0;0
27/01/2017;02:37:00;64;Acidente com vítima;80,8;BR-101/ES;Sul;Colisão Traseira;1;1;0;0;0;0;0;;;;2;0;0;1;0
27/01/2017;05:05:00;103;Acidente sem vítima;421,4;BR-101/ES;Norte;Colisão Lateral;2;0;0;0;0;0;0;;;;8;0;0;0;0
27/01/2017;06:30:00;119;Acidente com morte;59,5;BR-101/ES;Norte;Colisão Lateral;2;0;0;0;0;0;0;;;;1;0;2;2;2
27/01/2017;08:35:00;174;Acidente sem vítima;395,5;BR-101/ES;Norte;Tombamento;3;0;0;0;0;0;0;;;;5;0;0;0;0
27/01/2017;09:16:00;194;Acidente sem vítima;146,8;BR-101/ES;Sul;Colisão Traseira;2;0;0;0;0;0;0;;;;5;0;0;0;0
27/01/2017;13:25:00;356;Acidente com vítima;246;BR-101/ES;Norte;Saída de Pista;1;0;0;0;0;0;0;;;;2;1;1;0;0
27/01/2017;16:24:00;439;Acidente sem vítima;297;BR-101/ES;Sul;Capotamento;1;0;2;0;0;0;0;;;;3;0;0;0;0
27/01/2017;19:34:00;497;Acidente com vítima;181;BR-101/ES;Sul;Colisão Traseira;1;0;0;0;0;1;0;;;;3;1;0;0;0
27/01/2017;20:20:00;518;Atropelamento sem morte;254;BR-101/ES;Sul;Atropelamento;1;0;0;0;1;0;0;;;;2;3;0;0;0
27/01/2017;23:12:00;594;Acidente com vítima;32;BR-101/ES;Sul;Colisão Traseira;1;1;0;0;0;0;0;;;;2;0;1;1;0
28/01/2017;05:49:00;114;Acidente sem vítima;152;BR-101/ES;Sul;Colisão Traseira;1;1;0;0;0;0;0;;;;2;0;0;0;0
28/01/2017;07:48:00;149;Acidente sem vítima;233;BR-101/ES;Norte;Colisão Traseira;2;0;0;0;0;0;0;;;;6;0;0;0;0
28/01/2017;08:17:00;155;Acidente com morte;439;BR-101/ES;Sul;Colisão Transversal;0;0;2;0;1;0;0;;;;1;0;0;0;1
28/01/2017;09:09:00;176;Acidente com vítima;288;BR-101/ES;Norte;Colisão Lateral;2;0;0;0;0;0;0;;;;2;0;1;0;0
28/01/2017;09:42:00;189;Acidente sem vítima;229;BR-101/ES;Norte;Saída de Pista;1;0;0;0;0;0;0;;;;3;0;0;0;0
28/01/2017;19:28:00;410;Acidente com vítima;274;BR-101/ES;Norte;Queda de Moto;0;0;0;0;1;0;0;;;;0;0;1;0;0
28/01/2017;20:06:00;423;Acidente com vítima;253;BR-101/ES;Sul;Queda de Moto;0;0;0;0;1;0;0;;;;0;1;0;0;0
28/01/2017;21:52:00;465;Acidente com vítima;129;BR-101/ES;Sul;Choque com Objeto Fixo;0;0;0;0;1;0;0;;;;0;0;1;0;0
28/01/2017;23:33:00;493;Acidente sem vítima;272;BR-101/ES;Norte;Saída de Pista;1;0;0;0;0;0;0;;;;2;0;0;0;0
29/01/2017;00:54:00;22;Acidente com vítima;268;BR-101/ES;Sul;Choque com Objeto Fixo;1;0;0;0;0;0;0;;;;0;1;0;0;0
29/01/2017;06:56:00;128;Acidente sem vítima;276;BR-101/ES;Norte;Saída de Pista;1;0;0;0;0;0;0;;;;1;0;0;0;0
29/01/2017;07:25:00;138;Acidente com vítima;376;BR-101/ES;Norte;Colisão Transversal;2;0;0;1;0;0;0;;;;20;0;0;1;0
29/01/2017;11:50:00;236;Acidente sem vítima;295;BR-101/ES;Sul;Colisão Traseira;2;0;0;0;0;0;0;;;;4;0;0;0;0
29/01/2017;12:41:00;264;Acidente com vítima;146;BR-101/ES;Norte;Colisão Traseira;1;0;0;0;1;0;0;;;;4;1;0;0;0
29/01/2017;15:04:00;317;Acidente sem vítima;301;BR-101/ES;Norte;Engavetamento;4;0;0;0;0;0;0;;;;9;0;0;0;0
29/01/2017;15:58:00;331;Acidente sem vítima;457;BR-101/ES;Sul;Colisão Transversal;2;0;0;0;0;0;0;;;;6;0;0;0;0
29/01/2017;16:11:00;338;Acidente sem vítima;329;BR-101/ES;Sul;Saída de Pista;1;0;0;0;0;0;0;;;;2;0;0;0;0
29/01/2017;16:32:00;343;Atropelamento com morte;256;BR-101/ES;Norte;Atropelamento;1;0;0;0;0;0;0;;;;1;0;0;0;1
29/01/2017;17:42:00;368;Acidente sem vítima;458;BR-101/ES;Sul;Colisão Transversal;2;0;0;0;0;0;0;;;;4;0;0;0;0
29/01/2017;19:39:00;403;Acidente com vítima;201,7;BR-101/ES;Sul;Colisão Lateral;1;0;0;0;1;0;0;;;;0;0;1;0;0
29/01/2017;20:34:00;430;Acidente com vítima;332;BR-101/ES;Norte;Atropelamento de Bovino;0;0;0;0;2;0;0;;;;0;1;1;0;0
29/01/2017;20:36:00;432;Acidente com vítima;375,5;BR-101/ES;Norte;Colisão Lateral;2;0;0;0;0;0;0;;;;1;0;1;0;0
29/01/2017;21:59:00;465;Acidente com vítima;203,5;BR-101/ES;Sul;Engavetamento;3;0;0;0;0;0;0;;;;9;1;0;0;0
30/01/2017;00:17:00;9;Acidente sem vítima;46;BR-101/ES;Norte;Saída de Pista;1;0;0;0;0;0;0;;;;3;0;0;0;0
30/01/2017;05:13:00;83;Acidente com vítima;29,3;BR-101/ES;Sul;Tombamento;0;0;4;0;0;0;0;;;;0;0;1;0;0
30/01/2017;05:58:00;88;Acidente sem vítima;265;BR-101/ES;Norte;Colisão Traseira;2;0;0;0;0;0;0;;;;2;0;0;0;0
30/01/2017;07:56:00;115;Acidente com vítima;268;BR-101/ES;Sul;Colisão Traseira;1;0;0;0;1;0;0;;;;2;0;1;0;0
30/01/2017;10:50:00;189;Acidente com vítima;257;BR-101/ES;Norte;Colisão Traseira;1;0;0;0;1;0;0;;;;1;0;1;0;0
30/01/2017;11:16:00;222;Acidente sem vítima;295;BR-101/ES;Norte;Colisão Traseira;2;0;0;0;0;0;0;;;;4;0;0;0;0
30/01/2017;13:22:00;288;Acidente sem vítima;270;BR-101/ES;Norte;Colisão Traseira;2;0;0;0;0;0;0;;;;2;0;0;0;0
30/01/2017;15:20:00;332;Acidente com vítima;203;BR-101/ES;Sul;Colisão Traseira;1;0;0;0;1;0;0;;;;3;0;1;0;0
30/01/2017;15:40:00;335;Acidente sem vítima;265;BR-101/ES;Norte;Colisão Traseira;2;0;0;0;0;0;0;;;;4;0;0;0;0
30/01/2017;16:47:00;352;Acidente sem vítima;293;BR-101/ES;Norte;Colisão Lateral;1;0;1;0;0;0;0;;;;3;0;0;0;0
30/01/2017;17:55:00;388;Acidente com vítima;270;BR-101/ES;Norte;Engavetamento;2;1;1;0;0;0;0;;;;5;0;1;0;0
30/01/2017;18:17:00;393;Acidente sem vítima;269;BR-101/ES;Sul;Engavetamento;3;0;0;0;0;0;0;;;;3;0;0;0;0
31/01/2017;08:02:00;143;Acidente com vítima;268;BR-101/ES;Norte;Queda de Moto;0;0;0;0;1;0;0;;;;0;1;0;0;0
31/01/2017;08:04:00;144;Acidente sem vítima;246;BR-101/ES;Sul;Colisão Traseira;1;0;3;0;0;0;0;;;;2;0;0;0;0
31/01/2017;11:27:00;256;Acidente com vítima;277;BR-101/ES;Norte;Queda de Moto;0;0;0;0;1;0;0;;;;0;0;2;0;0
31/01/2017;13:22:00;316;Acidente sem vítima;242;BR-101/ES;Norte;Colisão Traseira;1;0;0;1;0;0;0;;;;5;0;0;0;0
31/01/2017;15:21:00;356;Acidente sem vítima;234;BR-101/ES;Norte;Colisão Frontal;2;0;0;0;0;0;0;;;;3;0;0;0;0
31/01/2017;16:37:00;393;Acidente com vítima;66;BR-101/ES;Sul;Colisão Lateral;1;0;0;0;1;0;0;;;;1;2;0;0;0
01/02/2017;07:17:00;141;Acidente sem vítima;290;BR-101/ES;Norte;Engavetamento;3;0;0;0;0;0;0;;;;6;0;0;0;0
01/02/2017;07:21:00;143;Acidente com vítima;306;BR-101/ES;Norte;Colisão Lateral;1;1;1;0;0;0;0;;;;0;1;0;1;0
01/02/2017;08:53:00;177;Acidente sem vítima;127,8;BR-101/ES;Sul;Colisão Lateral;2;0;0;0;0;0;0;;;;2;0;0;0;0
01/02/2017;13:31:00;329;Acidente com vítima;400;BR-101/ES;Sul;Capotamento;1;0;0;0;0;0;0;;;;2;0;1;0;0
01/02/2017;20:15:00;470;Acidente sem vítima;321;BR-101/ES;Norte;Colisão Lateral;0;1;2;0;0;0;0;;;;2;0;0;0;0
01/02/2017;20:43:00;479;Acidente com vítima;212;BR-101/ES;Norte;Atropelamento Animal;0;0;0;0;1;0;0;;;;0;1;0;0;0
01/02/2017;23:55:00;563;Acidente com morte;413;BR-101/ES;Norte;Colisão Traseira;0;1;0;0;1;0;0;;;;1;0;0;0;1
02/02/2017;04:35:00;89;Acidente sem vítima;384;BR-101/ES;Sul;Colisão Traseira;1;0;2;0;0;0;0;;;;2;0;0;0;0
02/02/2017;07:45:00;145;Acidente sem vítima;73;BR-101/ES;Sul;Colisão Transversal;2;0;0;0;0;0;0;;;;3;0;0;0;0
02/02/2017;08:24:00;169;Acidente com vítima;146;BR-101/ES;Sul;Queda de ciclista;0;0;0;0;0;1;0;;;;0;0;1;0;0
02/02/2017;08:44:00;180;Acidente com vítima;292;BR-101/ES;Sul;Queda de Moto;0;0;0;0;1;0;0;;;;0;0;2;0;0
02/02/2017;11:47:00;309;Acidente com vítima;147,5;BR-101/ES;Sul;Colisão Traseira;2;0;0;0;0;0;0;;;;2;1;0;0;0
02/02/2017;13:17:00;373;Acidente com vítima;444;BR-101/ES;Norte;Colisão Traseira;1;1;0;0;0;0;0;;;;1;2;0;0;0
02/02/2017;13:50:00;387;Acidente com morte;210;BR-101/ES;Sul;Colisão Traseira;2;0;0;0;0;0;0;;;;0;1;1;0;4
02/02/2017;17:20:00;456;Acidente com vítima;230;BR-101/ES;Norte;Colisão Lateral;0;0;1;0;0;1;0;;;;0;0;1;0;0
02/02/2017;17:42:00;464;Acidente com vítima;248;BR-101/ES;Sul;Colisão Lateral;2;0;0;0;0;0;0;;;;2;1;0;0;0
02/02/2017;18:42:00;477;Acidente sem vítima;223;BR-101/ES;Sul;Colisão Lateral;0;0;4;0;0;1;0;;;;3;0;0;0;0
02/02/2017;21:33:00;540;Atropelamento sem morte;257;BR-101/ES;Sul;Atropelamento e Fuga;1;0;0;0;0;0;0;;;;0;0;1;0;0
03/02/2017;06:15:00;121;Acidente sem vítima;176;BR-101/ES;Norte;Colisão Traseira;1;1;0;0;0;0;0;;;;5;0;0;0;0
03/02/2017;06:51:00;124;Acidente sem vítima;315;BR-101/ES;Sul;Saída de Pista;1;0;0;0;0;0;0;;;;4;0;0;0;0
03/02/2017;06:51:00;125;Acidente sem vítima;264;BR-101/ES;Sul;Colisão Traseira;1;0;0;0;1;0;0;;;;4;0;0;0;0
03/02/2017;07:18:00;133;Acidente sem vítima;264;BR-101/ES;Sul;Colisão Traseira;3;0;0;0;0;0;0;;;;5;0;0;0;0
03/02/2017;13:00:00;320;Acidente sem vítima;283;BR-101/ES;Sul;Queda de Moto;0;0;0;0;1;0;0;;;;1;0;0;0;0
03/02/2017;13:23:00;331;Acidente sem vítima;270;BR-101/ES;Norte;Colisão Traseira;1;1;0;0;0;0;0;;;;2;0;0;0;0
03/02/2017;14:43:00;371;Acidente sem vítima;266;BR-101/ES;Norte;Colisão Traseira;2;0;0;0;0;0;0;;;;5;0;0;0;0
03/02/2017;15:49:00;395;Acidente sem vítima;458;BR-101/ES;Norte;Saída de Pista;1;0;0;0;0;0;0;;;;4;0;0;0;0
03/02/2017;16:33:00;408;Acidente sem vítima;450;BR-101/ES;Sul;Saída de Pista;0;0;2;0;0;0;0;;;;3;0;0;0;0
03/02/2017;17:20:00;424;Acidente sem vítima;394;BR-101/ES;Norte;Colisão Frontal;2;0;0;0;0;0;0;;;;2;0;0;0;0
03/02/2017;18:32:00;442;Acidente com vítima;329;BR-101/ES;Sul;Colisão Lateral;1;0;3;0;0;0;0;;;;2;0;0;1;0
03/02/2017;21:05:00;493;Acidente sem vítima;244;BR-101/ES;Sul;Saída de Pista;1;0;0;0;0;0;0;;;;3;0;0;0;0
03/02/2017;22:09:00;522;Acidente sem vítima;244;BR-101/ES;Sul;Saída de Pista;1;0;0;0;0;0;0;;;;1;0;0;0;0
03/02/2017;23:31:00;550;Acidente sem vítima;238,1;BR-101/ES;Sul;Choque com Objeto Fixo;1;0;0;0;0;0;0;;;;3;0;0;0;0
04/02/2017;00:32:00;15;Acidente sem vítima;461;BR-101/ES;Norte;Choque com Objeto Fixo;1;0;0;0;0;0;0;;;;1;0;0;0;0
04/02/2017;01:40:00;47;Acidente com morte;344;BR-101/ES;Sul;Colisão Frontal;1;1;0;0;0;0;0;;;;1;0;0;1;1
04/02/2017;04:48:00;96;Acidente sem vítima;293;BR-101/ES;Norte;Saída de Pista;1;0;0;0;0;0;0;;;;4;0;0;0;0
04/02/2017;05:10:00;98;Acidente sem vítima;293;BR-101/ES;Sul;Saída de Pista;1;0;0;0;0;0;0;;;;1;0;0;0;0
04/02/2017;09:16:00;159;Acidente com morte;447,9;BR-101/ES;Sul;Tombamento;0;0;2;0;0;0;0;;;;0;0;0;1;1
04/02/2017;11:31:00;217;Acidente com vítima;429;BR-101/ES;Sul;Queda de Moto;0;0;0;0;1;0;0;;;;0;0;1;0;0
04/02/2017;11:51:00;234;Acidente com vítima;359;BR-101/ES;Sul;Colisão Lateral;0;0;0;0;1;0;0;;;;0;0;1;0;0
04/02/2017;14:41:00;310;Acidente sem vítima;345;BR-101/ES;Sul;Colisão Lateral;2;0;0;0;0;0;0;;;;8;0;0;0;0
04/02/2017;14:51:00;318;Acidente com vítima;371;BR-101/ES;Sul;Saída de Pista;0;1;0;0;0;0;0;;;;0;1;0;0;0
04/02/2017;16:01:00;336;Acidente com vítima;257;BR-101/ES;Norte;Queda de Moto;0;0;0;0;1;0;0;;;;0;0;1;0;0
04/02/2017;17:41:00;363;Acidente sem vítima;301;BR-101/ES;Sul;Colisão Traseira;3;0;0;0;0;0;0;;;;7;0;0;0;0
04/02/2017;18:09:00;372;Acidente sem vítima;369;BR-101/ES;Sul;Saída de Pista;1;0;0;0;0;0;0;;;;3;0;0;0;0
04/02/2017;22:15:00;459;Acidente sem vítima;255;BR-101/ES;Sul;Queda de Moto;0;0;0;0;1;0;0;;;;1;0;0;0;0
05/02/2017;03:15:00;73;Acidente com vítima;233;BR-101/ES;Sul;Saída de Pista;1;0;0;0;0;0;0;;;;6;1;0;0;0
05/02/2017;04:31:00;94;Acidente sem vítima;308;BR-101/ES;Sul;Saída de Pista;1;0;0;0;0;0;0;;;;1;0;0;0;0
05/02/2017;11:26:00;195;Acidente sem vítima;254;BR-101/ES;Sul;Colisão Transversal;2;0;0;0;0;0;0;;;;5;0;0;0;0
05/02/2017;12:39:00;234;Acidente com vítima;298,5;BR-101/ES;Norte;Colisão Lateral;2;0;0;0;0;0;0;;;;3;0;1;0;0
05/02/2017;13:09:00;247;Acidente sem vítima;237;BR-101/ES;Sul;Queda de Moto;0;0;0;0;1;0;0;;;;1;0;0;0;0
05/02/2017;15:13:00;291;Acidente com vítima;261;BR-101/ES;Sul;Queda de Moto;0;0;0;0;1;0;0;;;;0;1;0;0;0
05/02/2017;15:24:00;300;Acidente sem vítima;264;BR-101/ES;Norte;Colisão Traseira;1;1;0;0;0;0;0;;;;3;0;0;0;0
05/02/2017;17:05:00;325;Acidente com vítima;65;BR-101/ES;Sul;Colisão Lateral;1;1;0;0;0;0;0;;;;4;0;1;0;0
05/02/2017;22:17:00;432;Acidente com vítima;146;BR-101/ES;Norte;Colisão Transversal;1;0;0;0;1;0;0;;;;1;1;0;0;0
06/02/2017;06:08:00;106;Acidente sem vítima;297;BR-101/ES;Norte;Colisão Traseira;2;0;0;0;0;0;0;;;;2;0;0;0;0
06/02/2017;07:36:00;124;Acidente sem vítima;270;BR-101/ES;Norte;Colisão Traseira;2;0;0;0;0;0;0;;;;2;0;0;0;0
06/02/2017;08:34:00;138;Acidente sem vítima;278;BR-101/ES;Sul;Choque com Objeto Fixo;0;1;0;0;0;0;0;;;;1;0;0;0;0
06/02/2017;12:02:00;265;Acidente sem vítima;359;BR-101/ES;Norte;Saída de Pista;1;0;0;0;0;0;0;;;;5;0;0;0;0