data;horario;n_da_ocorrencia;tipo_de_ocorrencia;km;trecho;sentido;tipo_de_acidente;automovel;bicicleta;caminhao;moto;onibus;outros;tracao_animal;transporte_de_cargas_especiais;trator_maquinas;utilitarios;ilesos;levemente_feridos;moderadamente_feridos;gravemente_feridos;mortos
06/02/2017;13:20:00;291;Acidente sem vítima;281;BR-101/ES;Sul;Saída de Pista;0;1;0;0;0;0;0;;;;1;0;0;0;0
06/02/2017;13:40:00;304;Acidente com vítima;267;BR-101/ES;Norte;Colisão Transversal;1;0;0;0;1;0;0;;;;1;0;1;0;0
06/02/2017;13:55:00;310;Acidente com vítima;28;BR-101/ES;Norte;Saída de Pista;1;0;0;0;0;0;0;;;;3;1;0;0;0
06/02/2017;16:26:00;362;Acidente sem vítima;253;BR-101/ES;Norte;Saída de Pista;1;0;0;0;0;0;0;;;;1;0;0;0;0
06/02/2017;16:30:00;363;Acidente sem vítima;273;BR-101/ES;Norte;Colisão Traseira;1;0;2;0;0;0;0;;;;2;0;0;0;0
06/02/2017;21:20:00;433;Acidente sem vítima;458;BR-101/ES;Norte;Saída de Pista;1;0;0;0;0;0;0;;;;2;0;0;0;0
06/02/2017;21:41:00;436;Acidente com vítima;295;BR-101/ES;Sul;Queda de Moto;0;0;0;0;1;0;0;;;;0;0;1;0;0
07/02/2017;06:27:00;90;Acidente sem vítima;301;BR-101/ES;Norte;Colisão Transversal;1;1;0;1;0;0;0;;;;26;0;0;0;0
07/02/2017;13:35:00;276;Acidente sem vítima;265;BR-101/ES;Sul;Engavetamento;3;0;0;0;0;0;0;;;;3;0;0;0;0
07/02/2017;14:33:00;292;Acidente com vítima;295;BR-101/ES;Norte;Colisão Traseira;0;0;0;0;2;0;0;;;;1;0;1;0;0
08/02/2017;03:57:00;61;Acidente sem vítima;945;BR-101/BA;Sul;Choque com Objeto Fixo;1;0;0;0;0;0;0;;;;4;0;0;0;0
08/02/2017;06:18:00;75;Acidente com vítima;216;BR-101/ES;Norte;Colisão Frontal;1;0;0;0;1;0;0;;;;1;0;1;0;0
08/02/2017;06:27:00;76;Acidente com vítima;285;BR-101/ES;Sul;Queda de ciclista;0;0;0;0;0;1;0;;;;0;0;1;0;0
08/02/2017;08:19:00;91;Acidente sem vítima;242;BR-101/ES;Norte;Choque com Objeto Fixo;1;0;0;0;0;0;0;;;;2;0;0;0;0
08/02/2017;09:11:00;101;Acidente sem vítima;270;BR-101/ES;Sul;Colisão Traseira;1;1;0;0;0;0;0;;;;2;0;0;0;0
08/02/2017;09:12:00;103;Acidente sem vítima;383;BR-101/ES;Sul;Colisão Transversal;2;0;0;0;0;0;0;;;;4;0;0;0;0
08/02/2017;13:56:00;249;Acidente com vítima;305;BR-101/ES;Norte;Colisão Transversal;1;0;0;0;1;0;0;;;;4;2;0;0;0
08/02/2017;16:20:00;287;Acidente com vítima;147;BR-101/ES;Sul;Colisão Transversal;1;0;0;0;1;0;0;;;;1;1;0;0;0
08/02/2017;16:23:00;288;Acidente sem vítima;282;BR-101/ES;Sul;Choque com Objeto Fixo;1;0;0;0;0;0;0;;;;3;0;0;0;0
08/02/2017;17:03:00;293;Atropelamento sem morte;219;BR-101/ES;Norte;Atropelamento e Fuga;0;0;0;0;1;0;0;;;;0;0;1;0;0
08/02/2017;18:43:00;312;Acidente sem vítima;257,8;BR-101/ES;Sul;Colisão Traseira;2;0;0;0;0;0;0;;;;3;0;0;0;0
09/02/2017;13:02:00;268;Acidente com vítima;293;BR-101/ES;Sul;Colisão Transversal;1;0;0;0;1;0;0;;;;0;0;0;2;0
09/02/2017;14:44:00;294;Acidente sem vítima;430;BR-101/ES;Sul;Tombamento;1;0;0;0;0;0;0;;;;1;0;0;0;0
09/02/2017;15:31:00;304;Acidente sem vítima;199;BR-101/ES;Norte;Saída de Pista;1;0;0;0;0;0;0;;;;4;0;0;0;0
09/02/2017;17:39:00;346;Acidente sem vítima;138;BR-101/ES;Sul;Queda de Moto;0;0;0;0;1;0;0;;;;1;0;0;0;0
09/02/2017;18:07:00;355;Acidente com vítima;148;BR-101/ES;Norte;Colisão Lateral;0;1;1;0;1;0;0;;;;1;2;0;0;0
09/02/2017;21:15:00;406;Acidente sem vítima;93,3;BR-101/ES;Norte;Veículo em Chamas;1;0;0;0;0;0;0;;;;1;0;0;0;0
09/02/2017;22:16:00;429;Acidente com vítima;66;BR-101/ES;Sul;Choque com Objeto Fixo;1;0;0;0;0;0;0;;;;0;0;1;4;0
10/02/2017;02:21:00;58;Acidente com vítima;296;BR-101/ES;Norte;Choque com Objeto Fixo;1;0;0;0;0;0;0;;;;0;1;0;0;0
10/02/2017;06:07:00;95;Acidente com vítima;213;BR-101/ES;Norte;Queda de Moto;0;0;0;0;1;0;0;;;;0;1;0;0;0
10/02/2017;06:50:00;96;Acidente com vítima;294;BR-101/ES;Sul;Tombamento;0;1;0;0;0;0;0;;;;0;1;0;0;0
10/02/2017;07:41:00;111;Acidente sem vítima;266;BR-101/ES;Sul;Engavetamento;3;0;0;0;0;0;0;;;;4;0;0;0;0
10/02/2017;09:09:00;133;Acidente com vítima;271;BR-101/ES;Norte;Colisão;0;1;0;0;0;1;0;;;;1;0;1;0;0
10/02/2017;11:05:00;185;Acidente com vítima;301,5;BR-101/ES;Norte;Colisão Traseira;2;0;0;0;0;0;0;;;;3;1;0;0;0
10/02/2017;11:51:00;215;Acidente sem vítima;146;BR-101/ES;Norte;Colisão Traseira;1;1;0;0;0;0;0;;;;4;0;0;0;0
10/02/2017;13:36:00;301;Acidente sem vítima;446;BR-101/ES;Sul;Colisão Traseira;2;0;0;0;0;0;0;;;;2;0;0;0;0
10/02/2017;17:06:00;371;Acidente sem vítima;188;BR-101/ES;Sul;Saída de Pista;1;0;0;0;0;0;0;;;;1;0;0;0;0
10/02/2017;17:12:00;373;Acidente com vítima;213;BR-101/ES;Sul;Colisão Frontal;2;0;0;0;0;0;0;;;;0;1;1;1;0
10/02/2017;17:48:00;380;Acidente sem vítima;271;BR-101/ES;Sul;Colisão Transversal;1;0;0;0;1;0;0;;;;2;0;0;0;0
10/02/2017;18:24:00;392;Acidente com vítima;39;BR-101/ES;Sul;Queda de Moto;0;0;0;0;1;0;0;;;;0;0;2;0;0
10/02/2017;21:07:00;434;Acidente com vítima;266;BR-101/ES;Norte;Colisão Transversal;2;0;0;0;0;0;0;;;;1;1;1;0;0
11/02/2017;02:13:00;53;Acidente com morte;149;BR-101/ES;Norte;Colisão Transversal;1;0;2;0;0;0;0;;;;2;1;0;0;1
11/02/2017;02:32:00;60;Acidente com vítima;345;BR-101/ES;Sul;Saída de Pista;0;0;2;0;0;0;0;;;;0;1;0;0;0
11/02/2017;10:17:00;151;Acidente com vítima;3;BR-101/ES;Sul;Saída de Pista;1;0;0;0;0;0;0;;;;1;0;1;0;0
11/02/2017;10:55:00;170;Acidente sem vítima;246;BR-101/ES;Norte;Saída de Pista;1;0;0;0;0;0;0;;;;1;0;0;0;0
11/02/2017;15:29:00;304;Acidente sem vítima;241;BR-101/ES;Sul;Saída de Pista;1;0;0;0;0;0;0;;;;1;0;0;0;0
11/02/2017;18:08:00;344;Acidente sem vítima;280;BR-101/ES;Sul;Capotamento;1;0;0;0;0;0;0;;;;1;0;0;0;0
12/02/2017;11:09:00;167;Acidente com vítima;298;BR-101/ES;Sul;Colisão Traseira;2;0;0;0;0;0;0;;;;2;4;0;0;0
12/02/2017;14:11:00;243;Acidente com vítima;18;BR-101/ES;Norte;Tombamento;0;1;0;0;0;0;0;;;;0;0;2;0;0
12/02/2017;17:51:00;288;Acidente com vítima;261;BR-101/ES;Sul;Queda de Moto;1;0;0;0;0;0;0;;;;0;0;1;0;0
12/02/2017;18:52:00;300;Acidente com vítima;146;BR-101/ES;Norte;Colisão;1;0;0;0;0;1;0;;;;1;0;1;0;0
13/02/2017;06:08:00;105;Acidente sem vítima;144;BR-101/ES;Norte;Engavetamento;0;2;2;0;0;0;0;;;;3;0;0;0;0
13/02/2017;06:14:00;106;Acidente com vítima;380;BR-101/ES;Norte;Colisão Transversal;1;0;2;0;0;0;0;;;;0;2;0;0;0
13/02/2017;07:04:00;112;Acidente sem vítima;247;BR-101/ES;Sul;Colisão Traseira;2;1;0;0;0;0;0;;;;5;0;0;0;0
13/02/2017;07:12:00;116;Acidente sem vítima;146;BR-101/ES;Norte;Colisão Traseira;2;0;0;0;0;0;0;;;;2;0;0;0;0
13/02/2017;08:04:00;125;Acidente sem vítima;279;BR-101/ES;Norte;Saída de Pista;1;0;0;0;0;0;0;;;;1;0;0;0;0
13/02/2017;10:41:00;224;Acidente sem vítima;271;BR-101/ES;Norte;Colisão Lateral;1;0;3;0;0;0;0;;;;2;0;0;0;0
13/02/2017;15:13:00;364;Acidente sem vítima;294;BR-101/ES;Norte;Colisão Traseira;2;0;0;0;0;0;0;;;;2;0;0;0;0
13/02/2017;16:19:00;391;Acidente sem vítima;399;BR-101/ES;Norte;Choque com Objeto Fixo;1;0;0;0;0;0;0;;;;1;0;0;0;0
13/02/2017;16:41:00;401;Acidente com vítima;258;BR-101/ES;Sul;Queda de Moto;1;0;0;0;0;0;0;;;;0;0;2;0;0
13/02/2017;17:17:00;410;Acidente sem vítima;213;BR-101/ES;Sul;Colisão Transversal;1;0;2;0;0;0;0;;;;3;0;0;0;0
13/02/2017;17:58:00;422;Acidente sem vítima;292;BR-101/ES;Sul;Colisão Traseira;2;0;0;0;0;0;0;;;;3;0;0;0;0
13/02/2017;18:21:00;429;Acidente com vítima;263;BR-101/ES;Norte;Queda de Moto;0;0;0;0;1;0;0;;;;0;1;1;0;0
13/02/2017;21:31:00;487;Acidente sem vítima;175;BR-101/ES;Norte;Saída de Pista;1;0;0;0;0;0;0;;;;1;0;0;0;0
13/02/2017;23:31:00;521;Acidente com vítima;261;BR-101/ES;Sul;Saída de Pista;1;0;0;0;0;0;0;;;;0;0;0;1;0
14/02/2017;07:56:00;145;Acidente sem vítima;361;BR-101/ES;Sul;Capotamento;1;0;0;0;0;0;0;;;;1;0;0;0;0
14/02/2017;10:20:00;235;Acidente sem vítima;285;BR-101/ES;Sul;Colisão Traseira;2;0;0;0;0;0;0;;;;2;0;0;0;0
14/02/2017;11:20:00;274;Acidente com vítima;297;BR-101/ES;Sul;Colisão Transversal;1;0;0;0;1;0;0;;;;0;0;0;2;0
14/02/2017;13:21:00;352;Acidente sem vítima;266;BR-101/ES;Norte;Colisão Lateral;1;0;3;0;0;0;0;;;;3;0;0;0;0
14/02/2017;14:59:00;380;Acidente sem vítima;271;BR-101/ES;Norte;Veículo em Chamas;1;0;1;0;0;0;0;;;;2;0;0;0;0
14/02/2017;16:25:00;417;Acidente sem vítima;267;BR-101/ES;Norte;Colisão Traseira;2;0;0;0;0;0;0;;;;7;0;0;0;0
15/02/2017;08:16:00;137;Acidente com vítima;14;BR-101/ES;Norte;Saída de Pista;1;0;0;0;0;0;0;;;;0;0;1;0;0
15/02/2017;08:40:00;151;Acidente sem vítima;67;BR-101/ES;Sul;Colisão Traseira;0;0;4;0;0;0;0;;;;2;0;0;0;0
15/02/2017;11:16:00;260;Acidente sem vítima;288;BR-101/ES;Sul;Colisão Lateral;2;0;2;0;0;0;0;;;;3;0;0;0;0
15/02/2017;11:22:00;264;Acidente sem vítima;358;BR-101/ES;Norte;Saída de Pista;1;0;0;0;0;0;0;;;;1;0;0;0;0
15/02/2017;11:28:00;266;Acidente sem vítima;271;BR-101/ES;Norte;Colisão Traseira;1;0;2;0;0;0;0;;;;3;0;0;0;0
15/02/2017;15:22:00;370;Acidente sem vítima;274,5;BR-101/ES;Sul;Choque com Objeto Fixo;1;0;0;0;0;0;0;;;;1;0;0;0;0
16/02/2017;05:19:00;97;Acidente sem vítima;212;BR-101/ES;Sul;Colisão Traseira;0;0;5;0;0;0;0;;;;3;0;0;0;0
16/02/2017;13:22:00;310;Acidente com vítima;417;BR-101/ES;Norte;Colisão Lateral;1;1;0;0;0;0;0;;;;2;2;2;0;0
16/02/2017;14:32:00;335;Acidente com morte;267;BR-101/ES;Norte;Colisão Lateral;0;1;0;0;1;0;0;;;;1;0;1;0;1
16/02/2017;17:10:00;375;Acidente com vítima;162;BR-101/ES;Norte;Colisão Traseira;1;0;0;0;1;0;0;;;;3;1;0;0;0
16/02/2017;22:27:00;472;Acidente com vítima;460;BR-101/ES;Sul;Colisão Lateral;0;1;3;0;0;0;0;;;;0;1;2;0;0
17/02/2017;00:31:00;12;Atropelamento com morte;266;BR-101/ES;Sul;Atropelamento e Fuga;1;0;0;0;0;0;0;;;;0;0;0;0;1
17/02/2017;06:55:00;117;Acidente sem vítima;208;BR-101/ES;Norte;Colisão Lateral;0;2;2;0;0;0;0;;;;3;0;0;0;0
17/02/2017;11:04:00;238;Acidente com vítima;137;BR-101/ES;Norte;Saída de Pista;1;0;0;0;0;0;0;;;;0;1;0;0;0
17/02/2017;13:19:00;321;Acidente com vítima;351;BR-101/ES;Norte;Colisão Lateral;2;0;0;0;0;0;0;;;;0;1;1;0;0
17/02/2017;14:32:00;356;Acidente com morte;110;BR-101/ES;Norte;Saída de Pista;1;0;0;0;0;0;0;;;;0;0;2;2;1
17/02/2017;15:36:00;373;Acidente sem vítima;422;BR-101/ES;Norte;Tombamento;0;1;0;0;0;0;0;;;;1;0;0;0;0
17/02/2017;18:15:00;418;Acidente com vítima;68;BR-101/ES;Norte;Queda de Moto;0;0;0;0;1;0;0;;;;0;0;1;0;0
17/02/2017;21:16:00;473;Acidente sem vítima;194;BR-101/ES;Norte;Capotamento;1;0;0;0;0;0;0;;;;1;0;0;0;0
17/02/2017;21:54:00;489;Acidente com vítima;221;BR-101/ES;Sul;Choque com Veículo Estacionado;0;2;0;0;0;0;0;;;;2;0;1;0;0
17/02/2017;23:09:00;528;Acidente sem vítima;106;BR-101/ES;Sul;Saída de Pista;0;0;2;0;0;0;0;;;;1;0;0;0;0
18/02/2017;08:01:00;132;Acidente com vítima;151;BR-101/ES;Norte;Queda de Moto;0;0;0;0;1;0;0;;;;0;1;0;0;0
18/02/2017;08:50:00;158;Acidente sem vítima;158;BR-101/ES;Norte;Queda de ciclista;0;0;0;0;0;1;0;;;;1;0;0;0;0
18/02/2017;09:30:00;170;Acidente com vítima;187;BR-101/ES;Sul;Colisão Transversal;1;0;0;0;1;0;0;;;;1;1;1;0;0
18/02/2017;11:14:00;222;Acidente sem vítima;293;BR-101/ES;Norte;Colisão Traseira;2;0;0;0;0;0;0;;;;2;0;0;0;0
18/02/2017;13:26:00;308;Acidente com morte;386;BR-101/ES;Norte;Saída de Pista;0;1;0;0;0;0;0;;;;0;0;1;0;1
18/02/2017;14:43:00;339;Acidente com morte;100;BR-101/ES;Norte;Colisão Transversal;1;0;0;0;1;0;0;;;;1;0;0;0;1
18/02/2017;14:53:00;342;Acidente com vítima;148;BR-101/ES;Norte;Colisão Transversal;1;0;0;0;1;0;0;;;;1;0;1;0;0
18/02/2017;15:22:00;349;Acidente com vítima;138;BR-101/ES;Sul;Colisão Frontal;2;0;0;0;0;0;0;;;;1;1;0;0;0
18/02/2017;16:40:00;379;Acidente com vítima;209;BR-101/ES;Sul;Queda de Moto;0;0;0;0;1;0;0;;;;0;0;1;0;0
18/02/2017;18:43:00;417;Acidente com vítima;254;BR-101/ES;Norte;Queda de ciclista;0;0;0;0;0;1;0;;;;0;1;0;0;0
18/02/2017;18:52:00;420;Acidente sem vítima;291;BR-101/ES;Sul;Colisão Traseira;2;0;0;0;0;0;0;;;;6;0;0;0;0
18/02/2017;23:03:00;509;Acidente com vítima;138;BR-101/ES;Norte;Saída de Pista;0;0;0;0;1;0;0;;;;0;1;0;0;0
18/02/2017;23:11:00;510;Acidente com vítima;270;BR-101/ES;Norte;Colisão Transversal;0;0;0;1;1;0;0;;;;2;0;1;0;0
19/02/2017;02:11:00;43;Acidente sem vítima;296;BR-101/ES;Sul;Choque com Objeto Fixo;1;0;0;0;0;0;0;;;;1;0;0;0;0
19/02/2017;04:12:00;57;Acidente com vítima;76;BR-101/ES;Sul;Saída de Pista;1;0;0;0;0;0;0;;;;1;0;1;0;0
19/02/2017;04:29:00;63;Acidente com vítima;160;BR-101/ES;Norte;Colisão Lateral;1;0;0;0;1;0;0;;;;1;0;0;1;0
19/02/2017;07:18:00;88;Acidente com vítima;449;BR-101/ES;Norte;Queda de Moto;0;0;0;0;1;0;0;;;;0;1;0;0;0
19/02/2017;07:27:00;99;Acidente com vítima;30,2;BR-101/ES;Sul;Queda de Moto;0;0;0;0;1;0;0;;;;0;0;1;0;0
19/02/2017;09:01:00;120;Acidente com vítima;146,5;BR-101/ES;Sul;Colisão Transversal;2;0;0;0;0;0;0;;;;0;2;0;0;0
19/02/2017;09:16:00;128;Acidente com vítima;297;BR-101/ES;Norte;Choque com Objeto Fixo;1;0;0;0;0;0;0;;;;0;0;1;0;0
19/02/2017;11:26:00;201;Acidente com vítima;250;BR-101/ES;Sul;Colisão Transversal;3;0;0;0;1;0;0;;;;7;0;1;1;0
19/02/2017;11:49:00;216;Acidente com vítima;425;BR-101/ES;Norte;Queda de Moto;0;0;0;0;1;0;0;;;;0;1;0;0;0
19/02/2017;12:16:00;235;Acidente sem vítima;203;BR-101/ES;Norte;Choque com Objeto Fixo;1;0;0;0;0;0;0;;;;3;0;0;0;0
19/02/2017;13:40:00;270;Acidente sem vítima;271;BR-101/ES;Norte;Colisão Transversal;2;0;0;0;0;0;0;;;;2;0;0;0;0
19/02/2017;14:54:00;289;Acidente com vítima;142;BR-101/ES;Sul;Colisão Traseira;1;0;0;0;1;0;0;;;;3;1;0;0;0
20/02/2017;09:49:00;184;Acidente com vítima;278;BR-101/ES;Norte;Choque com Objeto Fixo;0;0;3;0;0;0;0;;;;0;1;0;0;0
20/02/2017;10:36:00;218;Acidente sem vítima;270;BR-101/ES;Sul;Engavetamento;3;0;0;0;0;0;0;;;;3;0;0;0;0
20/02/2017;15:04:00;344;Acidente sem vítima;226;BR-101/ES;Norte;Saída de Pista;1;0;0;0;0;0;0;;;;1;0;0;0;0
20/02/2017;16:48:00;379;Acidente com vítima;372;BR-101/ES;Sul;Colisão Lateral;1;0;0;0;1;0;0;;;;3;1;1;0;0
20/02/2017;18:38:00;408;Atropelamento sem morte;270;BR-101/ES;Sul;Atropelamento e Fuga;0;0;0;0;1;0;0;;;;1;1;0;0;0
20/02/2017;22:04:00;469;Acidente sem vítima;92;BR-101/ES;Norte;Colisão Traseira;0;0;5;0;0;0;0;;;;2;0;0;0;0
21/02/2017;03:29:00;66;Acidente com vítima;182;BR-101/ES;Norte;Colisão Lateral;1;1;0;0;0;0;0;;;;1;1;0;0;0
21/02/2017;03:52:00;73;Acidente sem vítima;188;BR-101/ES;Norte;Colisão Lateral;1;0;0;1;0;0;0;;;;1;0;0;0;0
21/02/2017;05:33:00;90;Acidente com vítima;331,5;BR-101/ES;Sul;Colisão Frontal;0;1;2;0;0;0;0;;;;0;0;3;0;0
21/02/2017;05:35:00;91;Acidente sem vítima;244;BR-101/ES;Norte;Colisão Traseira;1;0;0;0;1;0;0;;;;2;0;0;0;0
21/02/2017;06:27:00;99;Acidente com vítima;111;BR-101/ES;Sul;Tombamento;0;1;0;0;0;0;0;;;;0;2;0;0;0
21/02/2017;06:40:00;102;Acidente sem vítima;269;BR-101/ES;Sul;Colisão Lateral;1;0;6;0;0;0;0;;;;3;0;0;0;0
21/02/2017;07:41:00;116;Acidente sem vítima;340;BR-101/ES;Sul;Colisão Traseira;2;0;0;0;0;0;0;;;;3;0;0;0;0
21/02/2017;09:12:00;141;Acidente sem vítima;322,5;BR-101/ES;Norte;Colisão Traseira;2;0;0;0;0;0;0;;;;6;0;0;0;0
21/02/2017;19:05:00;385;Acidente sem vítima;296;BR-101/ES;Sul;Colisão Traseira;2;0;0;0;0;0;0;;;;2;0;0;0;0
22/02/2017;01:14:00;31;Acidente sem vítima;943;BR-101/BA;Norte;Saída de Pista;0;1;0;0;0;0;0;;;;1;0;0;0;0
22/02/2017;05:29:00;99;Acidente sem vítima;63;BR-101/ES;Norte;Saída de Pista;1;0;0;0;0;0;0;;;;1;0;0;0;0
22/02/2017;06:34:00;109;Atropelamento com morte;299;BR-101/ES;Norte;Atropelamento;0;0;0;1;0;0;0;;;;2;0;0;0;1
22/02/2017;09:52:00;184;Acidente sem vítima;948,2;BR-101/BA;Norte;Colisão Traseira;0;0;5;0;0;0;0;;;;2;0;0;0;0
22/02/2017;11:07:00;231;Acidente sem vítima;276,5;BR-101/ES;Sul;Saída de Pista;0;1;0;0;0;0;0;;;;2;0;0;0;0
22/02/2017;11:12:00;241;Acidente sem vítima;278;BR-101/ES;Norte;Colisão Traseira;1;1;0;0;0;0;0;;;;2;0;0;0;0
22/02/2017;12:55:00;298;Acidente sem vítima;213;BR-101/ES;Norte;Saída de Pista;1;1;0;0;0;0;0;;;;2;0;0;0;0
22/02/2017;17:24:00;411;Acidente com vítima;268;BR-101/ES;Sul;Atropelamento Animal;0;0;0;0;1;0;0;;;;0;1;0;0;0
22/02/2017;22:46:00;512;Acidente sem vítima;123,7;BR-101/ES;Norte;Tombamento;0;0;2;0;0;0;0;;;;1;0;0;0;0
23/02/2017;10:29:00;245;Acidente sem vítima;240;BR-101/ES;Norte;Saída de Pista;0;0;2;0;0;0;0;;;;1;0;0;0;0
23/02/2017;10:47:00;259;Acidente com vítima;399;BR-101/ES;Sul;Choque com Objeto Fixo;2;0;0;0;0;0;0;;;;1;1;1;0;0
23/02/2017;14:57:00;380;Acidente com vítima;182;BR-101/ES;Sul;Capotamento;1;0;0;0;0;0;0;;;;2;1;0;0;0
23/02/2017;15:07:00;385;Acidente com vítima;358,7;BR-101/ES;Norte;Tombamento;0;0;2;0;0;0;0;;;;0;1;0;0;0
23/02/2017;20:04:00;468;Acidente sem vítima;270;BR-101/ES;Sul;Queda de Moto;0;0;0;0;1;0;0;;;;2;0;0;0;0
23/02/2017;21:33:00;494;Acidente sem vítima;266;BR-101/ES;Norte;Colisão Lateral;1;0;3;0;0;0;0;;;;2;0;0;0;0
24/02/2017;00:06:00;6;Acidente sem vítima;201;BR-101/ES;Norte;Veículo em Chamas;1;0;0;0;0;0;0;;;;1;0;0;0;0
24/02/2017;06:06:00;86;Acidente sem vítima;145;BR-101/ES;Norte;Veículo em Chamas;1;0;0;0;0;0;0;;;;1;0;0;0;0
24/02/2017;07:06:00;97;Acidente sem vítima;144;BR-101/ES;Norte;Colisão Traseira;2;0;0;0;0;0;0;;;;2;0;0;0;0
24/02/2017;08:24:00;129;Acidente sem vítima;325;BR-101/ES;Norte;Colisão Lateral;1;0;2;0;0;0;0;;;;2;0;0;0;0
24/02/2017;08:48:00;138;Acidente sem vítima;147,9;BR-101/ES;Sul;Engavetamento;3;0;0;1;0;0;0;;;;7;0;0;0;0
24/02/2017;08:49:00;140;Acidente com vítima;270;BR-101/ES;Sul;Colisão Lateral;1;0;0;0;1;0;0;;;;0;3;1;0;0
24/02/2017;10:28:00;215;Acidente sem vítima;151;BR-101/ES;Norte;Engavetamento;2;0;0;0;0;1;0;;;;6;0;0;0;0
24/02/2017;10:57:00;225;Acidente sem vítima;295;BR-101/ES;Norte;Colisão Traseira;1;0;2;0;0;0;0;;;;3;0;0;0;0
24/02/2017;11:24:00;244;Acidente sem vítima;213;BR-101/ES;Norte;Colisão Traseira;1;0;0;0;1;0;0;;;;7;0;0;0;0
24/02/2017;12:51:00;303;Acidente sem vítima;145;BR-101/ES;Sul;Colisão Traseira;1;1;0;0;0;0;0;;;;2;0;0;0;0
24/02/2017;15:49:00;370;Acidente sem vítima;287;BR-101/ES;Norte;Choque com Objeto Fixo;1;0;0;0;0;0;0;;;;2;0;0;0;0
24/02/2017;16:02:00;373;Acidente sem vítima;148;BR-101/ES;Sul;Colisão Traseira;2;0;0;0;0;0;0;;;;2;0;0;0;0
24/02/2017;16:58:00;394;Acidente sem vítima;293;BR-101/ES;Norte;Engavetamento;4;0;0;0;0;0;0;;;;9;0;0;0;0
24/02/2017;17:25:00;404;Acidente sem vítima;449;BR-101/ES;Norte;Colisão Traseira;2;0;0;0;0;0;0;;;;7;0;0;0;0
24/02/2017;17:52:00;415;Acidente com vítima;126,4;BR-101/ES;Sul;Colisão Lateral;0;0;0;1;1;0;0;;;;2;0;1;0;0
24/02/2017;21:39:00;475;Acidente com vítima;66;BR-101/ES;Norte;Queda de Moto;0;0;0;0;1;0;0;;;;0;0;1;0;0
24/02/2017;22:35:00;495;Acidente com vítima;213;BR-101/ES;Norte;Colisão Lateral;1;0;0;0;1;0;0;;;;1;1;0;0;0
25/02/2017;01:17:00;40;Acidente com vítima;40;BR-101/ES;Norte;Saída de Pista;1;0;0;0;0;0;0;;;;0;1;1;0;0
25/02/2017;05:24:00;125;Acidente sem vítima;321;BR-101/ES;Norte;Colisão Traseira;2;0;0;0;0;0;0;;;;1;0;0;0;0
25/02/2017;06:27:00;148;Acidente sem vítima;272;BR-101/ES;Norte;Colisão Traseira;2;0;0;0;0;0;0;;;;6;0;0;0;0
25/02/2017;06:40:00;150;Acidente com vítima;58;BR-101/ES;Norte;Colisão Transversal;2;0;0;0;0;0;0;;;;6;2;0;0;0
25/02/2017;07:35:00;166;Acidente sem vítima;101;BR-101/ES;Norte;Colisão Traseira;2;0;0;0;0;0;0;;;;7;0;0;0;0
25/02/2017;07:48:00;168;Acidente sem vítima;264;BR-101/ES;Norte;Engavetamento;3;0;0;0;0;0;0;;;;3;0;0;0;0
25/02/2017;08:34:00;183;Acidente sem vítima;266,5;BR-101/ES;Norte;Engavetamento;3;0;0;0;0;0;0;;;;3;0;0;0;0
25/02/2017;08:41:00;186;Acidente sem vítima;234;BR-101/ES;Norte;Colisão Traseira;2;0;0;0;0;0;0;;;;2;0;0;0;0
25/02/2017;09:22:00;206;Acidente com vítima;263;BR-101/ES;Sul;Capotamento;1;0;0;0;0;0;0;;;;2;1;0;0;0
25/02/2017;09:28:00;207;Acidente com vítima;255;BR-101/ES;Sul;Colisão Transversal;2;0;0;0;1;0;0;;;;5;0;1;0;0
25/02/2017;09:34:00;211;Acidente sem vítima;243;BR-101/ES;Norte;Engavetamento;3;0;0;0;0;0;0;;;;5;0;0;0;0
25/02/2017;10:00:00;221;Acidente sem vítima;436;BR-101/ES;Sul;Colisão Lateral;1;0;2;0;0;0;0;;;;6;0;0;0;0
25/02/2017;11:14:00;267;Acidente sem vítima;152;BR-101/ES;Norte;Colisão Traseira;2;0;0;0;0;0;0;;;;5;0;0;0;0
25/02/2017;12:19:00;330;Acidente sem vítima;232;BR-101/ES;Norte;Colisão Traseira;2;0;0;0;0;0;0;;;;6;0;0;0;0
25/02/2017;13:21:00;355;Acidente com vítima;262;BR-101/ES;Norte;Colisão Lateral;1;0;0;0;1;0;0;;;;4;1;0;0;0
25/02/2017;16:08:00;423;Acidente com vítima;161;BR-101/ES;Sul;Colisão Transversal;0;0;2;0;1;0;0;;;;1;1;0;0;0
25/02/2017;16:55:00;435;Acidente sem vítima;288;BR-101/ES;Sul;Tombamento;0;1;0;0;0;0;0;;;;2;0;0;0;0
25/02/2017;20:03:00;475;Acidente sem vítima;297;BR-101/ES;Norte;Colisão Traseira;2;0;0;0;0;0;0;;;;3;0;0;0;0
26/02/2017;02:49:00;60;Acidente com vítima;378;BR-101/ES;Norte;Colisão Lateral;1;1;1;0;0;0;0;;;;1;2;1;0;0
26/02/2017;05:13:00;96;Acidente sem vítima;939;BR-101/BA;Norte;Saída de Pista;1;0;0;0;0;0;0;;;;1;0;0;0;0
26/02/2017;14:44:00;311;Acidente sem vítima;267;BR-101/ES;Norte;Choque com Objeto Fixo;1;0;0;0;0;0;0;;;;1;0;0;0;0