data;horario;n_da_ocorrencia;tipo_de_ocorrencia;km;trecho;sentido;tipo_de_acidente;automovel;bicicleta;caminhao;moto;onibus;outros;tracao_animal;transporte_de_cargas_especiais;trator_maquinas;utilitarios;ilesos;levemente_feridos;moderadamente_feridos;gravemente_feridos;mortos
26/02/2017;15:16:00;318;Acidente sem vítima;312;BR-101/ES;Norte;Colisão Traseira;2;0;0;0;0;0;0;;;;8;0;0;0;0
26/02/2017;16:21:00;334;Acidente sem vítima;147;BR-101/ES;Norte;Colisão Transversal;2;0;0;0;0;0;0;;;;6;0;0;0;0
26/02/2017;17:04:00;347;Acidente com vítima;292;BR-101/ES;Norte;Queda de Moto;0;0;0;0;1;0;0;;;;0;1;0;0;0
26/02/2017;18:31:00;370;Acidente com vítima;263;BR-101/ES;Sul;Queda de ciclista;0;0;0;0;0;1;0;;;;0;1;0;0;0
26/02/2017;19:53:00;384;Atropelamento com morte;381;BR-101/ES;Norte;Atropelamento;0;0;3;0;1;0;0;;;;1;0;0;0;1
26/02/2017;20:22:00;395;Acidente com vítima;444,9;BR-101/ES;Norte;Colisão;0;0;0;0;0;1;0;;;;0;0;1;0;0
27/02/2017;00:11:00;7;Acidente com vítima;269;BR-101/ES;Norte;Colisão Transversal;1;0;0;1;0;0;0;;;;2;1;0;0;0
27/02/2017;15:34:00;323;Acidente sem vítima;209;BR-101/ES;Norte;Capotamento;1;0;0;0;0;0;0;;;;2;0;0;0;0
27/02/2017;18:11:00;364;Acidente com vítima;53;BR-101/ES;Sul;Capotamento;1;0;0;0;0;0;0;;;;0;4;0;0;0
28/02/2017;05:52:00;82;Acidente sem vítima;265,8;BR-101/ES;Sul;Choque com Objeto Fixo;1;0;0;0;0;0;0;;;;1;0;0;0;0
28/02/2017;10:16:00;157;Acidente sem vítima;253;BR-101/ES;Norte;Colisão Traseira;1;1;0;0;0;0;0;;;;2;0;0;0;0
28/02/2017;11:07:00;184;Acidente com vítima;80;BR-101/ES;Sul;Capotamento;1;0;0;0;0;0;0;;;;0;1;2;1;0
28/02/2017;16:10:00;349;Acidente sem vítima;329;BR-101/ES;Norte;Colisão Traseira;2;0;0;0;0;0;0;;;;2;0;0;0;0
28/02/2017;17:18:00;370;Acidente sem vítima;228;BR-101/ES;Sul;Colisão Traseira;2;0;0;0;0;0;0;;;;2;0;0;0;0
28/02/2017;19:22:00;419;Acidente sem vítima;37,8;BR-101/ES;Sul;Atropelamento Animal;1;0;0;0;0;0;0;;;;1;0;0;0;0
28/02/2017;20:15:00;439;Acidente com vítima;206;BR-101/ES;Sul;Queda de Moto;0;0;0;0;1;0;0;;;;0;2;0;0;0
01/08/2020;03:56:00;55;Acidente sem vítima;358;BR-101/ES;Norte;Choque com Objeto Fixo;1;0;0;0;0;0;0;;;;2;0;0;0;0
01/08/2020;05:33:00;71;Acidente sem vítima;278;BR-101/ES (Contorno de Vitória);Sul;Choque com Objeto Fixo;1;0;0;0;0;0;0;;;;1;0;0;0;0
01/08/2020;07:28:00;99;Acidente sem vítima;293,6;BR-101/ES (Contorno de Vitória);Norte;Colisão Traseira;2;0;0;0;0;0;0;;;;1;0;0;0;0
01/08/2020;08:29:00;114;Acidente sem vítima;394,3;BR-101/ES;Sul;Tombamento;0;0;2;0;0;0;0;;;;1;0;0;0;0
01/08/2020;20:12:00;341;Acidente sem vítima;222,8;BR-101/ES;Sul;Saída de Pista;1;0;0;0;0;0;0;;;;2;0;0;0;0
01/08/2020;20:15:00;342;Acidente com vítima;72;BR-101/ES;Sul;Saída de Pista;2;0;0;1;0;0;0;;;;3;0;1;0;0
01/08/2020;22:01:00;361;Acidente sem vítima;4;BR-101/ES;Sul;Choque com Objeto Fixo;1;0;0;0;0;0;0;;;;1;0;0;0;0
01/08/2020;23:09:00;380;Acidente sem vítima;347,1;BR-101/ES;Norte;Capotamento;1;0;0;0;0;0;0;;;;1;0;0;0;0
02/08/2020;08:15:00;85;Acidente com vítima;365,4;BR-101/ES;Sul;Choque com Objeto Fixo;0;0;0;1;0;0;0;;;;0;1;0;0;0
02/08/2020;08:18:00;87;Acidente sem vítima;264,5;BR-101/ES;Sul;Colisão Lateral;2;0;0;0;0;0;0;;;;4;0;0;0;0
02/08/2020;11:17:00;148;Acidente com vítima;264,6;BR-101/ES;Norte;Queda de Moto;0;0;0;1;0;0;0;;;;0;1;0;0;0
02/08/2020;14:37:00;218;Acidente sem vítima;187,2;BR-101/ES;Norte;Colisão Traseira;2;0;0;0;0;0;0;;;;3;0;0;0;0
02/08/2020;15:26:00;234;Acidente sem vítima;255,1;BR-101/ES;Sul;Colisão Traseira;2;0;0;0;0;0;0;;;;5;0;0;0;0
02/08/2020;17:46:00;281;Acidente com vítima;299;BR-101/ES;Sul;Colisão Transversal;2;0;0;0;0;0;0;;;;2;0;1;0;0
02/08/2020;18:58:00;297;Acidente sem vítima;147,2;BR-101/ES;Sul;Colisão Transversal;2;0;0;0;0;0;0;;;;2;0;0;0;0
02/08/2020;21:32:00;334;Acidente com vítima;287,4;BR-101/ES (Contorno de Vitória);Norte;Colisão Traseira;1;0;0;1;0;0;0;;;;1;0;1;0;0
03/08/2020;01:57:00;57;Acidente sem vítima;270;BR-101/ES;Norte;Queda de Moto;0;0;0;1;0;0;0;;;;1;0;0;0;0
03/08/2020;05:56:00;90;Acidente com vítima;380,5;BR-101/ES (Contorno de Iconha);Norte;Colisão com ciclista;0;1;1;0;0;0;0;;;;0;1;0;0;0
03/08/2020;08:21:00;125;Acidente sem vítima;956,6;BR-101/BA;Sul;Colisão Traseira;1;0;0;0;1;0;0;;;;17;0;0;0;0
03/08/2020;09:02:00;141;Acidente com vítima;73,9;BR-101/ES;Norte;Colisão Lateral;1;0;2;0;0;0;0;;;;1;0;2;0;0
03/08/2020;10:04:00;165;Acidente sem vítima;247,2;BR-101/ES;Norte;Colisão Transversal;1;0;0;1;0;0;0;;;;2;0;0;0;0
03/08/2020;13:26:00;267;Acidente sem vítima;296,7;BR-101/ES;Sul;Colisão Lateral;1;0;1;0;0;0;0;;;;3;0;0;0;0
03/08/2020;14:09:00;276;Acidente sem vítima;296;BR-101/ES (Contorno de Vitória);Norte;Colisão Traseira;1;0;0;0;1;0;0;;;;2;0;0;0;0
03/08/2020;14:53:00;292;Acidente sem vítima;146;BR-101/ES;Norte;Engavetamento;5;0;0;0;0;0;0;;;;6;0;0;0;0
03/08/2020;17:39:00;335;Acidente com vítima;147;BR-101/ES;Norte;Colisão Transversal;1;0;0;1;0;0;0;;;;2;1;0;0;0
03/08/2020;18:21:00;349;Acidente com morte;116,7;BR-101/ES;Sul;Queda de Moto;0;0;0;1;0;0;0;;;;0;0;0;0;1
03/08/2020;18:26:00;351;Acidente sem vítima;66;BR-101/ES;Sul;Colisão Traseira;1;0;1;0;0;0;0;;;;2;0;0;0;0
03/08/2020;18:33:00;353;Acidente sem vítima;97;BR-101/ES;Sul;Atropelamento Animal;1;0;0;0;0;0;0;;;;1;0;0;0;0
03/08/2020;19:02:00;358;Acidente sem vítima;97;BR-101/ES;Sul;Atropelamento Animal;1;0;0;0;0;0;0;;;;1;0;0;0;0
04/08/2020;07:58:00;120;Acidente com vítima;270,3;BR-101/ES;Sul;Colisão Lateral;1;0;0;1;0;0;0;;;;1;0;1;0;0
04/08/2020;10:07:00;164;Acidente sem vítima;279;BR-101/ES (Contorno de Vitória);Sul;Colisão Transversal;1;0;2;0;0;0;0;;;;2;0;0;0;0
04/08/2020;11:51:00;210;Acidente sem vítima;242;BR-101/ES;Sul;Colisão Lateral;1;0;1;0;0;0;0;;;;3;0;0;0;0
04/08/2020;19:47:00;371;Acidente sem vítima;32;BR-101/ES;Norte;Choque com Objeto Fixo;1;0;0;0;0;0;0;;;;1;0;0;0;0
04/08/2020;20:14:00;375;Acidente sem vítima;271;BR-101/ES (Contorno de Vitória);Sul;Colisão Transversal;2;0;0;0;0;0;0;;;;2;0;0;0;0
04/08/2020;23:54:00;442;Acidente com vítima;66;BR-101/ES;Sul;Colisão Traseira;1;0;0;2;0;0;0;;;;1;0;2;0;0
05/08/2020;07:05:00;95;Acidente com vítima;347,9;BR-101/ES;Sul;Colisão Lateral;1;0;2;0;0;0;0;;;;1;0;2;0;0
05/08/2020;09:28:00;140;Acidente sem vítima;944,5;BR-101/BA;Norte;Colisão Transversal;2;0;0;0;0;0;0;;;;2;0;0;0;0
05/08/2020;10:22:00;159;Acidente com vítima;267,5;BR-101/ES;Norte;Colisão Lateral;0;0;1;1;0;0;0;;;;1;1;0;0;0
05/08/2020;10:56:00;168;Acidente sem vítima;366;BR-101/ES;Norte;Saída de Pista;1;0;0;0;0;0;0;;;;1;0;0;0;0
05/08/2020;15:10:00;275;Acidente sem vítima;65,5;BR-101/ES;Norte;Choque;1;0;0;0;0;1;0;;;;3;0;0;0;0
05/08/2020;16:43:00;306;Acidente sem vítima;215,9;BR-101/ES;Norte;Colisão Traseira;1;0;1;0;0;0;0;;;;2;0;0;0;0
05/08/2020;18:37:00;329;Acidente sem vítima;435,9;BR-101/ES;Norte;Saída de Pista;0;0;2;0;0;0;0;;;;1;0;0;0;0
05/08/2020;19:39:00;339;Acidente sem vítima;203;BR-101/ES;Sul;Colisão Traseira;1;0;0;0;1;0;0;;;;3;0;0;0;0
05/08/2020;21:23:00;362;Atropelamento sem morte;211;BR-101/ES;Sul;Atropelamento;1;0;0;0;0;0;0;;;;1;0;1;0;0
05/08/2020;21:45:00;368;Acidente sem vítima;335,6;BR-101/ES;Norte;Colisão Traseira;2;0;0;0;0;0;0;;;;3;0;0;0;0
05/08/2020;22:11:00;376;Acidente com vítima;166;BR-101/ES;Norte;Colisão Traseira;1;0;1;0;0;0;0;;;;2;0;1;0;0
06/08/2020;03:27:00;71;Acidente sem vítima;11;BR-101/ES;Norte;Atropelamento de Bovino;0;0;2;0;0;0;0;;;;1;0;0;0;0
06/08/2020;06:48:00;105;Acidente sem vítima;264,6;BR-101/ES;Norte;Colisão Transversal;2;0;0;0;0;0;0;;;;2;0;0;0;0
06/08/2020;10:07:00;175;Acidente sem vítima;292,7;BR-101/ES (Contorno de Vitória);Sul;Choque com Objeto Fixo;1;0;0;0;0;0;0;;;;1;0;0;0;0
06/08/2020;11:22:00;209;Acidente sem vítima;266,4;BR-101/ES;Sul;Colisão Traseira;2;0;0;0;0;0;0;;;;4;0;0;0;0
06/08/2020;11:41:00;214;Acidente com vítima;946;BR-101/BA;Norte;Queda de Moto;0;0;0;1;0;0;0;;;;0;0;1;0;0
06/08/2020;13:22:00;262;Acidente sem vítima;258,3;BR-101/ES;Norte;Colisão Traseira;2;0;0;0;0;0;0;;;;5;0;0;0;0
06/08/2020;18:21:00;346;Acidente com vítima;294;BR-101/ES (Contorno de Vitória);Sul;Colisão com ciclista;0;1;0;1;0;0;0;;;;1;0;1;0;0
07/08/2020;05:30:00;97;Acidente sem vítima;426,7;BR-101/ES;Sul;Tombamento;0;0;3;0;0;0;0;;;;2;0;0;0;0
07/08/2020;06:48:00;111;Acidente sem vítima;254,7;BR-101/ES;Sul;Colisão Frontal;1;0;1;1;0;0;0;;;;3;0;0;0;0
07/08/2020;06:52:00;113;Acidente sem vítima;945;BR-101/BA;Sul;Colisão Traseira;2;0;0;0;0;0;0;;;;8;0;0;0;0
07/08/2020;06:53:00;114;Acidente sem vítima;2,1;BR-101/ES;Norte;Saída de Pista;1;0;0;0;0;0;0;;;;2;0;0;0;0
07/08/2020;07:57:00;132;Acidente com vítima;290,6;BR-101/ES (Contorno de Vitória);Norte;Colisão Lateral;0;0;2;0;0;0;0;;;;3;1;0;0;0
07/08/2020;09:07:00;154;Acidente com vítima;318;BR-101/ES;Sul;Queda de Moto;0;0;0;1;0;0;0;;;;0;1;0;0;0
07/08/2020;09:42:00;164;Acidente sem vítima;293;BR-101/ES (Contorno de Vitória);Sul;Colisão Lateral;0;0;3;0;0;0;0;;;;2;0;0;0;0
07/08/2020;09:45:00;165;Acidente sem vítima;269,6;BR-101/ES;Sul;Colisão Traseira;1;0;0;0;0;1;0;;;;2;0;0;0;0
07/08/2020;11:56:00;249;Acidente com vítima;265,3;BR-101/ES;Sul;Queda de ciclista;0;1;0;0;0;0;0;;;;0;1;0;0;0
07/08/2020;13:58:00;310;Acidente sem vítima;377;BR-101/ES (Contorno de Iconha);Norte;Colisão Transversal;2;0;0;0;0;0;0;;;;2;0;0;0;0
07/08/2020;15:04:00;338;Acidente sem vítima;435;BR-101/ES;Norte;Atropelamento Animal;1;0;0;0;0;0;0;;;;1;0;0;0;0
07/08/2020;15:14:00;341;Acidente com vítima;116,9;BR-101/ES;Norte;Colisão Traseira;0;0;4;1;0;0;0;;;;1;0;1;0;0
07/08/2020;15:24:00;345;Acidente com vítima;204,3;BR-101/ES;Norte;Colisão Traseira;1;0;0;1;0;0;0;;;;1;0;1;0;0
07/08/2020;15:46:00;349;Acidente sem vítima;68;BR-101/ES;Sul;Colisão Traseira;2;0;0;0;0;0;0;;;;3;0;0;0;0
07/08/2020;18:44:00;413;Acidente sem vítima;245;BR-101/ES;Norte;Tombamento;0;0;3;0;0;0;0;;;;1;0;0;0;0
07/08/2020;18:55:00;417;Acidente sem vítima;93;BR-101/ES;Sul;Colisão Traseira;2;0;0;0;0;0;0;;;;6;0;0;0;0
07/08/2020;20:10:00;432;Acidente sem vítima;209;BR-101/ES;Sul;Colisão Traseira;3;0;2;0;0;0;0;;;;8;0;0;0;0
07/08/2020;21:09:00;444;Acidente sem vítima;287;BR-101/ES (Contorno de Vitória);Norte;Choque com Objeto Fixo;1;0;0;0;0;0;0;;;;1;0;0;0;0
07/08/2020;22:39:00;460;Acidente com vítima;458;BR-101/ES;Sul;Tombamento;0;0;1;0;0;0;0;;;;1;1;0;0;0
08/08/2020;01:11:00;21;Acidente sem vítima;360;BR-101/ES;Sul;Saída de Pista;1;0;0;0;0;0;0;;;;1;0;0;0;0
08/08/2020;01:41:00;31;Acidente sem vítima;255;BR-101/ES;Norte;Choque com Objeto Fixo;1;0;0;0;0;0;0;;;;1;0;0;0;0
08/08/2020;07:39:00;109;Acidente com vítima;255;BR-101/ES;Norte;Colisão Traseira;1;0;0;1;0;0;0;;;;2;0;1;0;0
08/08/2020;10:16:00;169;Acidente sem vítima;264,6;BR-101/ES;Norte;Engavetamento;4;0;0;0;0;0;0;;;;4;0;0;0;0
08/08/2020;17:03:00;312;Acidente com vítima;268,4;BR-101/ES;Sul;Atropelamento Animal;0;0;0;1;0;0;0;;;;0;1;0;0;0
08/08/2020;18:16:00;338;Acidente sem vítima;254;BR-101/ES;Sul;Engavetamento;4;0;0;0;0;0;0;;;;11;0;0;0;0
08/08/2020;20:16:00;362;Acidente sem vítima;130;BR-101/ES;Sul;Colisão Lateral;1;0;0;0;0;0;0;;;;1;0;0;0;0
08/08/2020;20:25:00;364;Acidente com vítima;284;BR-101/ES (Contorno de Vitória);Norte;Colisão Lateral;2;0;0;0;0;0;0;;;;2;1;0;0;0
08/08/2020;20:43:00;370;Acidente com vítima;6,5;BR-101/ES;Sul;Queda de Moto;0;0;0;1;0;0;0;;;;0;1;0;0;0
09/08/2020;02:25:00;32;Acidente sem vítima;13,5;BR-101/ES;Norte;Queda de Moto;0;0;0;1;0;0;0;;;;2;0;0;0;0
09/08/2020;08:00:00;69;Acidente com vítima;386,9;BR-101/ES;Norte;Tombamento;0;0;2;0;0;0;0;;;;0;1;0;0;0
09/08/2020;14:52:00;192;Acidente sem vítima;253,4;BR-101/ES;Sul;Engavetamento;3;0;0;0;0;0;0;;;;6;0;0;0;0
09/08/2020;15:17:00;198;Acidente com vítima;275,4;BR-101/ES (Contorno de Vitória);Sul;Queda de Moto;0;0;0;1;0;0;0;;;;0;1;0;0;0
09/08/2020;16:10:00;221;Acidente sem vítima;254,2;BR-101/ES;Sul;Colisão Traseira;2;0;0;0;0;0;0;;;;6;0;0;0;0
09/08/2020;17:23:00;244;Acidente com vítima;174,5;BR-101/ES;Norte;Colisão Transversal;2;0;0;0;0;0;0;;;;3;1;0;0;0
09/08/2020;19:29:00;264;Acidente com vítima;120,2;BR-101/ES;Sul;Colisão Traseira;1;0;0;1;0;0;0;;;;0;2;0;0;0
09/08/2020;20:03:00;273;Acidente com vítima;80,2;BR-101/ES;Norte;Colisão com ciclista;1;1;0;0;0;0;0;;;;1;0;1;0;0
09/08/2020;21:11:00;288;Acidente com vítima;190,5;BR-101/ES;Norte;Colisão Transversal;1;0;0;1;0;0;0;;;;4;0;0;2;0
10/08/2020;06:16:00;111;Acidente sem vítima;266,7;BR-101/ES;Norte;Colisão Lateral;2;0;0;0;0;0;0;;;;2;0;0;0;0
10/08/2020;08:08:00;145;Acidente com vítima;300,3;BR-101/ES;Sul;Saída de Pista;1;0;0;0;0;0;0;;;;0;1;0;0;0
10/08/2020;09:41:00;177;Acidente sem vítima;33,7;BR-101/ES;Norte;Saída de Pista;1;0;0;0;0;0;0;;;;2;0;0;0;0
10/08/2020;12:32:00;255;Acidente sem vítima;242;BR-101/ES;Norte;Colisão Lateral;2;0;0;0;0;0;0;;;;3;0;0;0;0
10/08/2020;13:44:00;285;Acidente sem vítima;222,1;BR-101/ES;Norte;Colisão Lateral;1;0;2;0;0;0;0;;;;4;0;0;0;0
10/08/2020;17:14:00;344;Acidente com vítima;270,6;BR-101/ES;Norte;Colisão Transversal;1;0;0;1;0;0;0;;;;2;0;1;0;0
10/08/2020;18:25:00;366;Acidente sem vítima;240;BR-101/ES;Sul;Saída de Pista;1;0;0;0;0;0;0;;;;4;0;0;0;0
10/08/2020;19:47:00;380;Acidente com vítima;144,8;BR-101/ES;Sul;Colisão Traseira;1;0;0;1;0;0;0;;;;1;1;0;0;0
10/08/2020;20:50:00;397;Acidente sem vítima;85;BR-101/ES;Sul;Saída de Pista;0;0;1;0;0;0;0;;;;1;0;0;0;0
11/08/2020;02:36:00;45;Acidente com vítima;420,5;BR-101/ES;Sul;Saída de Pista;1;0;0;0;0;0;0;;;;0;0;1;0;0
11/08/2020;03:29:00;50;Acidente sem vítima;61;BR-101/ES;Sul;Saída de Pista;1;0;0;0;0;0;0;;;;1;0;0;0;0
11/08/2020;06:37:00;109;Acidente com vítima;287;BR-101/ES (Contorno de Vitória);Sul;Queda de Moto;0;0;0;1;0;0;0;;;;0;1;0;0;0
11/08/2020;07:20:00;125;Acidente com vítima;290,1;BR-101/ES (Contorno de Vitória);Norte;Atropelamento Animal;0;0;0;1;0;0;0;;;;0;1;0;0;0
11/08/2020;08:02:00;137;Acidente sem vítima;303;BR-101/ES;Sul;Colisão Traseira;2;0;1;0;0;0;0;;;;5;0;0;0;0
11/08/2020;10:29:00;188;Acidente sem vítima;184;BR-101/ES;Sul;Colisão Traseira;2;0;0;0;0;0;0;;;;2;0;0;0;0
11/08/2020;11:39:00;223;Acidente sem vítima;458;BR-101/ES;Sul;Tombamento;0;0;2;0;0;0;0;;;;1;0;0;0;0
11/08/2020;13:34:00;274;Acidente sem vítima;270,9;BR-101/ES;Sul;Colisão Traseira;2;0;0;0;0;0;0;;;;2;0;0;0;0
11/08/2020;14:21:00;293;Acidente sem vítima;303;BR-101/ES;Sul;Colisão Lateral;1;0;1;0;0;0;0;;;;3;0;0;0;0
12/08/2020;02:23:00;40;Acidente sem vítima;14;BR-101/ES;Sul;Saída de Pista;1;0;0;0;0;0;0;;;;3;0;0;0;0
12/08/2020;08:03:00;122;Acidente com vítima;270,6;BR-101/ES;Sul;Colisão Lateral;1;0;0;1;0;0;0;;;;3;0;1;0;0
12/08/2020;12:05:00;230;Acidente sem vítima;457;BR-101/ES;Sul;Colisão Traseira;1;0;1;0;0;0;0;;;;2;0;0;0;0
12/08/2020;13:21:00;256;Acidente sem vítima;266;BR-101/ES;Sul;Engavetamento;3;0;0;0;0;0;0;;;;3;0;0;0;0
12/08/2020;14:51:00;287;Acidente com vítima;147,2;BR-101/ES;Sul;Colisão Traseira;1;0;3;0;0;0;0;;;;2;1;0;0;0
12/08/2020;17:42:00;345;Acidente com vítima;350;BR-101/ES;Sul;Colisão Lateral;1;0;0;1;0;0;0;;;;2;0;1;0;0
12/08/2020;21:22:00;401;Acidente sem vítima;245;BR-101/ES;Sul;Colisão Traseira;0;0;3;0;0;0;0;;;;1;0;0;0;0
12/08/2020;22:24:00;413;Acidente com vítima;69;BR-101/ES;Sul;Queda de ciclista;0;2;0;0;0;0;0;;;;0;1;0;0;0
13/08/2020;07:55:00;135;Acidente sem vítima;294,2;BR-101/ES (Contorno de Vitória);Norte;Colisão Traseira;0;0;2;0;0;0;0;;;;2;0;0;0;0
13/08/2020;12:08:00;251;Acidente com vítima;146,9;BR-101/ES;Sul;Colisão com ciclista;1;1;0;0;0;0;0;;;;1;1;0;0;0
13/08/2020;12:16:00;257;Acidente sem vítima;363,2;BR-101/ES;Sul;Choque;0;0;3;0;0;0;0;;;;2;0;0;0;0
13/08/2020;13:01:00;279;Acidente sem vítima;277,6;BR-101/ES (Contorno de Vitória);Norte;Veículo em Chamas;1;0;0;0;0;1;0;;;;1;0;0;0;0
13/08/2020;17:17:00;371;Acidente com vítima;148;BR-101/ES;Norte;Colisão Traseira;2;0;0;0;0;0;0;;;;1;0;1;0;0
13/08/2020;17:43:00;378;Acidente sem vítima;392;BR-101/ES;Sul;Colisão Traseira;1;0;1;0;0;0;0;;;;2;0;0;0;0
13/08/2020;18:41:00;392;Atropelamento com morte;304;BR-101/ES;Norte;Atropelamento;1;0;0;0;0;0;0;;;;0;1;0;0;1
13/08/2020;21:48:00;439;Acidente sem vítima;194,7;BR-101/ES;Norte;Saída de Pista;1;0;0;0;0;0;0;;;;1;0;0;0;0
14/08/2020;00:09:00;1;Acidente sem vítima;294,8;BR-101/ES (Contorno de Vitória);Sul;Capotamento;1;0;0;0;0;0;0;;;;1;0;0;0;0
14/08/2020;06:51:00;110;Acidente sem vítima;320,8;BR-101/ES;Sul;Colisão Traseira;0;0;3;0;0;0;0;;;;2;0;0;0;0
14/08/2020;08:03:00;129;Acidente com vítima;368,4;BR-101/ES;Sul;Choque com Objeto Fixo;0;0;0;1;0;0;0;;;;0;1;0;0;0
14/08/2020;09:01:00;155;Acidente sem vítima;270,8;BR-101/ES;Norte;Colisão Lateral;1;0;2;0;0;0;0;;;;2;0;0;0;0
14/08/2020;09:50:00;174;Acidente sem vítima;335;BR-101/ES;Norte;Colisão Traseira;2;0;0;0;0;0;0;;;;1;0;0;0;0
14/08/2020;11:22:00;224;Acidente sem vítima;293,4;BR-101/ES (Contorno de Vitória);Norte;Choque com Objeto Fixo;1;0;0;0;0;0;0;;;;1;0;0;0;0
14/08/2020;14:14:00;298;Acidente sem vítima;254,2;BR-101/ES;Sul;Engavetamento;3;0;0;0;0;0;0;;;;7;0;0;0;0
14/08/2020;14:26:00;302;Acidente sem vítima;270,4;BR-101/ES;Sul;Danos Eventuais;2;0;1;0;0;0;0;;;;4;0;0;0;0
14/08/2020;14:33:00;304;Acidente sem vítima;254;BR-101/ES;Sul;Colisão Traseira;0;0;1;0;1;0;0;;;;2;0;0;0;0
14/08/2020;15:17:00;318;Acidente sem vítima;394,5;BR-101/ES;Norte;Saída de Pista;1;0;0;0;0;0;0;;;;1;0;0;0;0
14/08/2020;17:30:00;369;Acidente sem vítima;269,7;BR-101/ES;Sul;Colisão Traseira;1;0;0;0;0;0;0;;;;1;0;0;0;0
14/08/2020;18:14:00;382;Atropelamento sem morte;265,8;BR-101/ES;Norte;Atropelamento;0;0;0;1;0;0;0;;;;1;1;0;0;0
14/08/2020;18:49:00;391;Acidente com vítima;142,5;BR-101/ES;Sul;Colisão com ciclista;0;1;0;1;0;0;0;;;;0;1;1;0;0
14/08/2020;19:40:00;403;Acidente com vítima;332,5;BR-101/ES;Sul;Tombamento;0;0;1;0;0;0;0;;;;0;0;1;0;0
14/08/2020;20:22:00;416;Acidente sem vítima;221,3;BR-101/ES;Sul;Colisão Transversal;2;0;0;0;0;0;0;;;;3;0;0;0;0
14/08/2020;23:42:00;475;Acidente sem vítima;221,2;BR-101/ES;Sul;Saída de Pista;1;0;0;0;0;0;0;;;;6;0;0;0;0
14/08/2020;23:44:00;476;Acidente com vítima;75,5;BR-101/ES;Norte;Capotamento;1;0;0;0;0;0;0;;;;0;3;0;0;0
15/08/2020;07:15:00;113;Acidente com vítima;269,1;BR-101/ES;Norte;Colisão Traseira;1;0;0;1;0;0;0;;;;1;1;0;0;0
15/08/2020;09:53:00;168;Acidente com vítima;421,5;BR-101/ES;Norte;Queda de Moto;0;0;0;1;0;0;0;;;;0;0;2;0;0
15/08/2020;10:06:00;178;Acidente com vítima;380,5;BR-101/ES (Contorno de Iconha);Sul;Queda de Moto;0;0;0;1;0;0;0;;;;0;1;1;0;0
15/08/2020;15:21:00;288;Acidente sem vítima;174,5;BR-101/ES;Sul;Colisão Transversal;2;0;0;0;0;0;0;;;;4;0;0;0;0
15/08/2020;16:11:00;306;Acidente sem vítima;0,8;BR-101/ES;Norte;Choque com Objeto Fixo;0;0;1;0;0;0;0;;;;1;0;0;0;0
15/08/2020;16:28:00;310;Acidente sem vítima;271;BR-101/ES (Contorno de Vitória);Sul;Colisão Traseira;1;0;1;0;0;0;0;;;;2;0;0;0;0
15/08/2020;16:51:00;320;Acidente com vítima;418;BR-101/ES;Norte;Saída de Pista;1;0;0;0;0;0;0;;;;0;1;0;0;0
15/08/2020;18:04:00;349;Acidente sem vítima;269;BR-101/ES;Norte;Queda de Moto;0;0;0;1;0;0;0;;;;1;0;0;0;0
15/08/2020;18:21:00;352;Acidente sem vítima;370;BR-101/ES;Sul;Colisão Traseira;1;0;2;0;0;0;0;;;;6;0;0;0;0
15/08/2020;19:44:00;366;Acidente sem vítima;166;BR-101/ES;Norte;Veículo em Chamas;1;0;0;0;0;0;0;;;;2;0;0;0;0
16/08/2020;02:43:00;39;Acidente sem vítima;266;BR-101/ES;Sul;Colisão Traseira;2;0;0;0;0;0;0;;;;1;0;0;0;0
16/08/2020;02:48:00;40;Acidente sem vítima;318;BR-101/ES;Norte;Saída de Pista;1;0;0;0;0;0;0;;;;1;0;0;0;0
16/08/2020;05:14:00;61;Acidente sem vítima;85;BR-101/ES;Norte;Colisão Traseira;2;0;0;0;0;0;0;;;;4;0;0;0;0
16/08/2020;14:52:00;245;Acidente sem vítima;280,5;BR-101/ES (Contorno de Vitória);Norte;Saída de Pista;1;0;0;0;0;0;0;;;;4;0;0;0;0
16/08/2020;16:18:00;267;Acidente sem vítima;250,6;BR-101/ES;Sul;Colisão Traseira;2;0;0;0;0;0;0;;;;6;0;0;0;0
16/08/2020;16:29:00;272;Acidente sem vítima;254;BR-101/ES;Sul;Colisão Traseira;2;0;0;0;0;0;0;;;;7;0;0;0;0
16/08/2020;19:09:00;311;Acidente sem vítima;206;BR-101/ES;Norte;Veículo em Chamas;1;0;0;0;0;0;0;;;;5;0;0;0;0
16/08/2020;23:52:00;388;Acidente com morte;204,3;BR-101/ES;Sul;Colisão Frontal;2;0;0;0;0;0;0;;;;0;0;4;1;1
17/08/2020;06:39:00;75;Acidente sem vítima;296,4;BR-101/ES;Sul;Choque com Objeto Fixo;1;0;0;0;0;0;0;;;;1;0;0;0;0
17/08/2020;07:48:00;89;Acidente sem vítima;294;BR-101/ES (Contorno de Vitória);Norte;Engavetamento;3;0;2;0;0;0;0;;;;4;0;0;0;0
17/08/2020;08:14:00;96;Acidente sem vítima;304,6;BR-101/ES;Sul;Choque com Objeto Fixo;0;0;2;0;0;0;0;;;;1;0;0;0;0