data;horario;n_da_ocorrencia;tipo_de_ocorrencia;km;trecho;sentido;tipo_de_acidente;automovel;bicicleta;caminhao;moto;onibus;outros;tracao_animal;transporte_de_cargas_especiais;trator_maquinas;utilitarios;ilesos;levemente_feridos;moderadamente_feridos;gravemente_feridos;mortos
17/08/2020;10:36:00;180;Acidente com vítima;268;BR-101/ES;Norte;Colisão Lateral;1;0;0;1;0;0;0;;;;0;1;0;0;0
17/08/2020;12:43:00;251;Acidente com vítima;65,6;BR-101/ES;Norte;Colisão com ciclista;0;1;0;1;0;0;0;;;;1;2;0;0;0
17/08/2020;13:27:00;265;Acidente com vítima;70;BR-101/ES;Norte;Saída de Pista;0;0;0;1;0;0;0;;;;0;1;0;0;0
17/08/2020;14:59:00;300;Acidente com vítima;144,9;BR-101/ES;Norte;Colisão Transversal;2;0;0;0;0;0;0;;;;1;3;0;0;0
17/08/2020;15:22:00;311;Acidente com vítima;288;BR-101/ES (Contorno de Vitória);Sul;Choque;0;0;6;1;0;0;0;;;;3;1;0;0;0
17/08/2020;15:32:00;319;Acidente com vítima;144,9;BR-101/ES;Norte;Colisão Traseira;1;0;0;1;0;0;0;;;;1;2;0;0;0
17/08/2020;15:44:00;323;Acidente com vítima;161,2;BR-101/ES;Sul;Colisão Traseira;1;0;0;1;0;0;0;;;;1;0;1;0;0
17/08/2020;18:40:00;384;Acidente sem vítima;327;BR-101/ES;Sul;Choque;1;0;0;0;0;0;0;;;;2;0;0;0;0
17/08/2020;19:42:00;402;Acidente sem vítima;452;BR-101/ES;Norte;Atropelamento Animal;1;0;0;0;0;0;0;;;;1;0;0;0;0
17/08/2020;22:05:00;432;Atropelamento com morte;293,3;BR-101/ES (Contorno de Vitória);Sul;Atropelamento e Fuga;1;0;0;0;0;0;0;;;;1;0;0;0;1
17/08/2020;22:13:00;434;Acidente com vítima;395;BR-101/ES;Norte;Colisão Transversal;0;0;1;1;0;0;0;;;;0;1;0;1;0
18/08/2020;08:00:00;153;Acidente com vítima;270,4;BR-101/ES;Norte;Colisão Lateral;1;0;0;1;0;0;0;;;;1;1;0;0;0
18/08/2020;09:36:00;195;Acidente com vítima;254;BR-101/ES;Norte;Colisão Transversal;1;0;0;1;0;0;0;;;;1;0;1;0;0
18/08/2020;10:28:00;214;Acidente sem vítima;254;BR-101/ES;Sul;Engavetamento;3;0;0;0;0;0;0;;;;3;0;0;0;0
18/08/2020;13:06:00;296;Acidente sem vítima;258,5;BR-101/ES;Norte;Choque com Objeto Fixo;1;0;0;0;0;0;0;;;;3;0;0;0;0
18/08/2020;17:16:00;366;Acidente sem vítima;182,5;BR-101/ES;Sul;Colisão Lateral;1;0;1;0;0;0;0;;;;2;0;0;0;0
18/08/2020;18:26:00;387;Acidente sem vítima;85;BR-101/ES;Sul;Atropelamento Animal;1;0;0;0;0;0;0;;;;1;0;0;0;0
18/08/2020;20:02:00;416;Acidente sem vítima;302,5;BR-101/ES;Sul;Choque com Objeto Fixo;1;0;0;0;0;0;0;;;;1;0;0;0;0
19/08/2020;06:44:00;121;Acidente sem vítima;183,2;BR-101/ES;Sul;Tombamento;0;0;2;0;0;0;0;;;;1;0;0;0;0
19/08/2020;07:24:00;136;Acidente com vítima;264;BR-101/ES;Norte;Colisão Transversal;1;0;0;1;0;0;0;;;;1;1;0;0;0
19/08/2020;08:14:00;147;Acidente sem vítima;266,6;BR-101/ES;Sul;Choque com Objeto Fixo;1;0;0;0;0;0;0;;;;1;0;0;0;0
19/08/2020;16:41:00;334;Acidente com vítima;63,1;BR-101/ES;Norte;Saída de Pista;1;0;0;0;0;0;0;;;;0;0;1;0;0
19/08/2020;18:03:00;361;Acidente com vítima;314;BR-101/ES;Norte;Queda de Moto;0;0;0;1;0;0;0;;;;0;1;0;0;0
19/08/2020;18:39:00;370;Acidente sem vítima;21;BR-101/ES;Norte;Colisão Lateral;1;0;3;0;0;0;0;;;;3;0;0;0;0
19/08/2020;20:15:00;396;Acidente sem vítima;65;BR-101/ES;Sul;Colisão Lateral;0;0;3;0;0;0;0;;;;2;0;0;0;0
19/08/2020;21:16:00;408;Acidente sem vítima;182,8;BR-101/ES;Sul;Tombamento;0;0;1;0;0;0;0;;;;1;0;0;0;0
19/08/2020;23:34:00;445;Acidente com vítima;143;BR-101/ES;Norte;Queda de Moto;0;0;0;1;0;0;0;;;;0;0;1;0;0
20/08/2020;06:47:00;83;Acidente com vítima;290;BR-101/ES (Contorno de Vitória);Sul;Colisão Lateral;0;0;0;2;0;0;0;;;;1;0;1;0;0
20/08/2020;06:59:00;88;Acidente sem vítima;159;BR-101/ES;Norte;Engavetamento;0;0;4;0;0;0;0;;;;4;0;0;0;0
20/08/2020;09:27:00;164;Acidente sem vítima;294;BR-101/ES (Contorno de Vitória);Norte;Colisão Traseira;1;0;1;0;0;0;0;;;;3;0;0;0;0
20/08/2020;10:37:00;192;Acidente sem vítima;363;BR-101/ES;Sul;Choque com Objeto Fixo;1;0;0;0;0;0;0;;;;1;0;0;0;0
20/08/2020;14:44:00;298;Acidente sem vítima;264;BR-101/ES;Norte;Colisão Lateral;2;0;0;0;0;0;0;;;;2;0;0;0;0
20/08/2020;15:56:00;323;Acidente sem vítima;307;BR-101/ES;Norte;Choque com Objeto Fixo;1;0;0;0;0;0;0;;;;1;0;0;0;0
20/08/2020;17:24:00;354;Acidente sem vítima;264;BR-101/ES;Norte;Colisão Traseira;2;0;0;0;0;0;0;;;;2;0;0;0;0
20/08/2020;17:32:00;356;Acidente sem vítima;427;BR-101/ES;Sul;Saída de Pista;1;0;0;0;0;0;0;;;;1;0;0;0;0
20/08/2020;18:07:00;367;Acidente sem vítima;166;BR-101/ES;Sul;Colisão Traseira;2;0;0;0;0;0;0;;;;3;0;0;0;0
20/08/2020;19:47:00;389;Acidente com vítima;143;BR-101/ES;Norte;Colisão Lateral;0;0;0;2;0;0;0;;;;0;0;1;0;0
21/08/2020;06:19:00;90;Acidente sem vítima;266,3;BR-101/ES;Norte;Colisão Transversal;1;0;1;0;0;0;0;;;;2;0;0;0;0
21/08/2020;08:59:00;142;Acidente sem vítima;292;BR-101/ES (Contorno de Vitória);Norte;Colisão Lateral;2;0;0;0;0;0;0;;;;4;0;0;0;0
21/08/2020;09:06:00;147;Acidente sem vítima;221,3;BR-101/ES;Sul;Saída de Pista;0;0;1;0;0;0;0;;;;4;0;0;0;0
21/08/2020;12:12:00;236;Acidente com vítima;55;BR-101/ES;Sul;Saída de Pista;1;0;0;0;0;0;0;;;;0;0;2;0;0
21/08/2020;12:57:00;253;Acidente com vítima;370;BR-101/ES;Sul;Colisão Transversal;1;0;0;1;0;0;0;;;;1;0;1;0;0
21/08/2020;14:12:00;273;Acidente com vítima;144;BR-101/ES;Sul;Engavetamento;4;0;0;0;0;0;0;;;;3;0;1;0;0
21/08/2020;15:59:00;306;Acidente com vítima;265;BR-101/ES;Norte;Queda de Moto;0;0;0;0;1;0;0;;;;0;1;0;0;0
21/08/2020;17:26:00;345;Acidente sem vítima;273;BR-101/ES (Contorno de Vitória);Norte;Colisão Lateral;2;0;0;0;0;0;0;;;;4;0;0;0;0
21/08/2020;18:55:00;358;Acidente sem vítima;263;BR-101/ES;Norte;Choque com Objeto Fixo;1;0;0;0;0;1;0;;;;1;0;0;0;0
21/08/2020;19:10:00;360;Acidente sem vítima;269;BR-101/ES;Norte;Colisão Traseira;4;0;0;0;0;0;0;;;;4;0;0;0;0
21/08/2020;21:11:00;393;Acidente sem vítima;244;BR-101/ES;Sul;Colisão Traseira;1;0;0;1;0;0;0;;;;2;0;0;0;0
22/08/2020;05:34:00;84;Acidente com vítima;266,3;BR-101/ES;Norte;Colisão com ciclista;1;1;0;0;0;0;0;;;;0;0;0;2;0
22/08/2020;12:08:00;230;Acidente sem vítima;288;BR-101/ES (Contorno de Vitória);Norte;Colisão Traseira;0;0;1;1;0;0;0;;;;2;0;0;0;0
22/08/2020;15:58:00;303;Acidente sem vítima;289,2;BR-101/ES (Contorno de Vitória);Sul;Choque com Objeto Fixo;1;0;0;0;0;0;0;;;;1;0;0;0;0
22/08/2020;17:46:00;334;Acidente com vítima;62,1;BR-101/ES;Sul;Colisão Lateral;3;0;0;0;0;0;0;;;;1;3;0;2;0
22/08/2020;19:01:00;345;Acidente com vítima;65;BR-101/ES;Norte;Queda de Moto;0;0;0;1;0;0;0;;;;0;1;0;0;0
22/08/2020;19:33:00;353;Acidente sem vítima;388;BR-101/ES;Norte;Choque com Objeto Fixo;1;0;0;0;0;0;0;;;;1;0;0;0;0
22/08/2020;19:48:00;357;Acidente sem vítima;264,5;BR-101/ES;Sul;Colisão Traseira;1;0;0;1;0;0;0;;;;2;0;0;0;0
22/08/2020;19:57:00;361;Acidente sem vítima;269,8;BR-101/ES;Sul;Saída de Pista;1;0;0;0;0;0;0;;;;1;0;0;0;0
22/08/2020;21:15:00;375;Acidente com morte;310;BR-101/ES;Norte;Colisão Frontal;1;0;2;0;0;0;0;;;;1;0;0;0;1
23/08/2020;00:39:00;6;Acidente com vítima;73;BR-101/ES;Sul;Colisão Traseira;2;0;0;0;0;0;0;;;;3;0;2;0;0
23/08/2020;01:53:00;22;Acidente com morte;293;BR-101/ES (Contorno de Vitória);Sul;Choque com Objeto Fixo;0;0;0;1;0;0;0;;;;0;0;0;0;2
23/08/2020;16:15:00;220;Atropelamento sem morte;445;BR-101/ES;Norte;Atropelamento e Fuga;1;0;0;0;0;0;0;;;;4;1;0;0;0
23/08/2020;18:06:00;265;Acidente sem vítima;169;BR-101/ES;Norte;Saída de Pista;1;0;0;0;0;0;0;;;;5;0;0;0;0
23/08/2020;18:38:00;270;Acidente com morte;143,65;BR-101/ES;Norte;Colisão com ciclista;1;1;0;0;0;0;0;;;;1;1;0;0;1
23/08/2020;22:06:00;308;Acidente com vítima;230;BR-101/ES;Norte;Colisão Traseira;1;0;0;1;0;0;0;;;;1;1;0;0;0
24/08/2020;06:14:00;94;Acidente sem vítima;273;BR-101/ES (Contorno de Vitória);Norte;Saída de Pista;1;0;0;0;0;0;0;;;;1;0;0;0;0
24/08/2020;07:11:00;106;Acidente com vítima;286;BR-101/ES (Contorno de Vitória);Norte;Colisão Traseira;2;0;0;0;0;0;0;;;;2;1;0;0;0
24/08/2020;07:27:00;116;Acidente com vítima;264,5;BR-101/ES;Sul;Colisão Lateral;1;0;0;1;0;0;0;;;;1;0;2;0;0
24/08/2020;15:35:00;309;Acidente com vítima;146;BR-101/ES;Sul;Colisão Traseira;1;0;0;1;0;0;0;;;;1;0;1;0;0
24/08/2020;16:07:00;318;Acidente sem vítima;269,7;BR-101/ES;Norte;Colisão Lateral;1;0;2;0;0;0;0;;;;2;0;0;0;0
24/08/2020;17:26:00;342;Acidente com vítima;334,2;BR-101/ES;Sul;Saída de Pista;1;0;0;0;0;0;0;;;;2;0;2;0;0
24/08/2020;20:52:00;383;Acidente com vítima;370,5;BR-101/ES;Sul;Colisão Transversal;1;0;1;0;0;0;0;;;;1;0;2;0;0
25/08/2020;02:38:00;40;Acidente sem vítima;332,3;BR-101/ES;Sul;Tombamento;0;0;2;0;0;0;0;;;;1;0;0;0;0
25/08/2020;06:25:00;87;Acidente com vítima;64,5;BR-101/ES;Norte;Colisão Traseira;1;0;0;1;0;0;0;;;;1;0;2;0;0
25/08/2020;07:07:00;96;Acidente sem vítima;185;BR-101/ES;Norte;Colisão Lateral;1;0;1;0;0;0;0;;;;3;0;0;0;0
25/08/2020;07:37:00;104;Acidente com vítima;71,7;BR-101/ES;Sul;Colisão Traseira;2;0;0;0;0;0;0;;;;1;1;0;0;0
25/08/2020;09:12:00;141;Acidente sem vítima;151;BR-101/ES;Sul;Saída de Pista;1;0;0;0;0;0;0;;;;1;0;0;0;0
25/08/2020;11:09:00;196;Acidente sem vítima;358;BR-101/ES;Sul;Choque com Veículo Estacionado;1;0;1;0;0;0;0;;;;1;0;0;0;0
25/08/2020;11:23:00;200;Acidente com vítima;254,3;BR-101/ES;Norte;Colisão Transversal;0;0;1;1;0;0;0;;;;1;0;1;0;0
25/08/2020;18:50:00;321;Acidente com vítima;298;BR-101/ES;Sul;Queda de Moto;0;0;0;1;0;0;0;;;;1;1;0;0;0
25/08/2020;19:02:00;324;Acidente sem vítima;159;BR-101/ES;Sul;Colisão Transversal;2;0;0;0;0;0;0;;;;5;0;0;0;0
25/08/2020;19:41:00;333;Acidente com vítima;4;BR-101/ES;Sul;Atropelamento de Equino;1;0;1;0;0;0;0;;;;3;0;1;0;0
25/08/2020;19:41:00;334;Acidente sem vítima;264;BR-101/ES;Sul;Colisão Traseira;2;0;0;0;0;0;0;;;;2;0;0;0;0
25/08/2020;20:43:00;343;Acidente com vítima;127;BR-101/ES;Norte;Colisão Traseira;1;0;2;0;0;0;0;;;;1;1;0;0;0
26/08/2020;00:40:00;17;Acidente com vítima;945;BR-101/BA;Sul;Capotamento;1;0;0;0;0;0;0;;;;0;0;1;0;0
26/08/2020;03:19:00;75;Acidente com vítima;159;BR-101/ES;Norte;Queda de Moto;0;0;0;1;0;0;0;;;;0;1;0;0;0
26/08/2020;07:36:00;114;Acidente com vítima;143,9;BR-101/ES;Norte;Colisão Traseira;0;0;0;1;1;0;0;;;;2;1;0;0;0
26/08/2020;07:48:00;120;Acidente com vítima;296,8;BR-101/ES;Norte;Colisão Lateral;1;0;2;1;0;0;0;;;;4;0;1;0;0
26/08/2020;12:33:00;249;Acidente sem vítima;267,8;BR-101/ES;Sul;Engavetamento;4;0;0;0;0;0;0;;;;4;0;0;0;0
26/08/2020;12:34:00;250;Acidente com vítima;120,9;BR-101/ES;Norte;Saída de Pista;1;0;0;0;0;0;0;;;;1;1;0;0;0
26/08/2020;13:22:00;269;Acidente sem vítima;174;BR-101/ES;Norte;Colisão Transversal;1;0;0;1;0;0;0;;;;2;0;0;0;0
26/08/2020;17:23:00;356;Acidente sem vítima;145;BR-101/ES;Sul;Colisão Lateral;1;0;0;1;0;0;0;;;;2;0;0;0;0
26/08/2020;19:17:00;383;Acidente com vítima;279;BR-101/ES (Contorno de Vitória);Norte;Colisão Transversal;1;0;3;0;0;0;0;;;;1;0;1;0;0
26/08/2020;20:54:00;398;Acidente sem vítima;268;BR-101/ES;Norte;Colisão Lateral;1;0;0;1;0;0;0;;;;2;0;0;0;0
26/08/2020;21:38:00;412;Acidente com vítima;277;BR-101/ES (Contorno de Vitória);Sul;Queda de Moto;0;0;0;1;0;0;0;;;;0;0;1;0;0
26/08/2020;23:00:00;437;Acidente com vítima;38;BR-101/ES;Sul;Choque com Objeto Fixo;0;0;0;1;0;0;0;;;;0;0;1;0;0
27/08/2020;08:03:00;125;Acidente com vítima;267,4;BR-101/ES;Sul;Colisão Traseira;1;0;0;1;0;0;0;;;;2;0;1;0;0
27/08/2020;12:35:00;238;Acidente com vítima;275;BR-101/ES (Contorno de Vitória);Norte;Queda de Moto;0;0;0;1;0;0;0;;;;0;0;1;0;0
27/08/2020;15:45:00;294;Acidente sem vítima;144,2;BR-101/ES;Norte;Capotamento;1;0;0;0;0;0;0;;;;2;0;0;0;0
27/08/2020;16:32:00;310;Acidente com vítima;16,45;BR-101/ES;Sul;Colisão Traseira;1;0;1;0;0;0;0;;;;3;1;0;0;0
27/08/2020;17:39:00;331;Acidente sem vítima;269,6;BR-101/ES;Sul;Colisão Traseira;2;0;0;0;0;0;0;;;;2;0;0;0;0
27/08/2020;19:36:00;359;Acidente sem vítima;270,5;BR-101/ES;Sul;Colisão Lateral;1;0;2;0;0;0;0;;;;2;0;0;0;0
28/08/2020;02:46:00;44;Acidente sem vítima;300;BR-101/ES;Norte;Choque com Objeto Fixo;1;0;0;0;0;0;0;;;;1;0;0;0;0
28/08/2020;05:49:00;94;Acidente sem vítima;221,8;BR-101/ES;Norte;Choque com Objeto Fixo;0;0;2;0;0;0;0;;;;1;0;0;0;0
28/08/2020;06:17:00;98;Acidente com vítima;271,2;BR-101/ES (Contorno de Vitória);Norte;Colisão Lateral;0;0;1;1;0;0;0;;;;0;0;1;0;0
28/08/2020;08:01:00;117;Acidente com vítima;269,6;BR-101/ES;Sul;Colisão Transversal;1;0;0;1;0;0;0;;;;2;0;1;0;0
28/08/2020;08:08:00;120;Acidente sem vítima;294;BR-101/ES (Contorno de Vitória);Norte;Colisão Traseira;1;0;1;0;0;0;0;;;;2;0;0;0;0
28/08/2020;08:34:00;133;Acidente com vítima;269,6;BR-101/ES;Norte;Colisão Lateral;0;0;0;2;0;0;0;;;;1;1;0;0;0
28/08/2020;09:17:00;149;Acidente com vítima;286,5;BR-101/ES (Contorno de Vitória);Norte;Queda de Moto;0;0;1;1;0;0;0;;;;1;0;0;1;0
28/08/2020;11:19:00;201;Acidente sem vítima;232;BR-101/ES;Norte;Colisão Traseira;2;0;0;0;0;0;0;;;;5;0;0;0;0
28/08/2020;12:45:00;239;Acidente sem vítima;286;BR-101/ES (Contorno de Vitória);Norte;Colisão Traseira;0;0;3;0;0;0;0;;;;1;0;0;0;0
28/08/2020;15:26:00;287;Acidente sem vítima;216,1;BR-101/ES;Norte;Colisão Traseira;1;0;1;0;0;0;0;;;;1;0;0;0;0
28/08/2020;17:09:00;324;Acidente com vítima;266;BR-101/ES;Norte;Colisão Transversal;1;0;0;1;0;0;0;;;;1;0;1;0;0
28/08/2020;18:04:00;338;Acidente com vítima;294;BR-101/ES (Contorno de Vitória);Norte;Colisão Traseira;1;0;0;1;0;0;0;;;;2;0;1;0;0
28/08/2020;18:23:00;341;Acidente com vítima;126,9;BR-101/ES;Norte;Colisão Lateral;1;0;0;1;0;0;0;;;;1;0;1;0;0
28/08/2020;18:25:00;342;Acidente sem vítima;226;BR-101/ES;Sul;Colisão Traseira;1;0;3;0;0;0;0;;;;2;0;0;0;0
28/08/2020;18:32:00;343;Acidente com vítima;287;BR-101/ES (Contorno de Vitória);Norte;Choque com Objeto Fixo;1;0;0;0;0;0;0;;;;0;0;1;0;0
28/08/2020;19:20:00;354;Acidente sem vítima;424;BR-101/ES;Norte;Colisão Lateral;1;0;2;0;0;0;0;;;;1;0;0;0;0
28/08/2020;20:58:00;382;Acidente sem vítima;266,6;BR-101/ES;Sul;Colisão Traseira;2;0;0;0;0;0;0;;;;5;0;0;0;0
28/08/2020;21:05:00;383;Acidente com vítima;8,2;BR-101/ES;Sul;Tombamento;0;0;1;0;0;0;0;;;;0;0;1;0;0
28/08/2020;21:39:00;395;Acidente sem vítima;213;BR-101/ES;Norte;Colisão Lateral;2;0;0;0;0;0;0;;;;4;0;0;0;0
29/08/2020;01:28:00;26;Acidente com vítima;450,1;BR-101/ES;Norte;Tombamento;0;0;2;0;0;0;0;;;;0;0;1;0;0
29/08/2020;03:04:00;40;Acidente sem vítima;269;BR-101/ES;Norte;Colisão Transversal;2;0;0;0;0;0;0;;;;3;0;0;0;0
29/08/2020;08:18:00;117;Acidente sem vítima;213;BR-101/ES;Sul;Engavetamento;2;0;3;0;0;0;0;;;;4;0;0;0;0
29/08/2020;08:51:00;127;Acidente sem vítima;266,3;BR-101/ES;Sul;Colisão Lateral;1;0;1;0;0;0;0;;;;3;0;0;0;0
29/08/2020;13:14:00;228;Acidente com vítima;318,8;BR-101/ES;Norte;Choque;0;0;0;1;0;1;0;;;;0;1;1;0;0
29/08/2020;15:20:00;274;Acidente sem vítima;270,4;BR-101/ES;Sul;Colisão Traseira;2;0;0;0;0;0;0;;;;1;0;0;0;0
29/08/2020;16:18:00;292;Acidente com vítima;142,3;BR-101/ES;Norte;Queda de ciclista;0;1;0;0;0;0;0;;;;0;1;0;0;0
29/08/2020;17:31:00;317;Acidente sem vítima;168,6;BR-101/ES;Sul;Colisão Lateral;1;0;1;0;0;0;0;;;;1;0;0;0;0
29/08/2020;17:58:00;329;Atropelamento sem morte;159,9;BR-101/ES;Norte;Atropelamento;1;0;0;0;0;0;0;;;;1;0;2;0;0
30/08/2020;05:24:00;68;Acidente com vítima;183;BR-101/ES;Norte;Queda de Moto;1;0;0;0;0;0;0;;;;0;1;0;0;0
30/08/2020;09:48:00;134;Acidente com vítima;318,5;BR-101/ES;Sul;Colisão Lateral;1;0;1;0;0;0;0;;;;2;0;2;0;0
30/08/2020;10:43:00;148;Acidente com vítima;197,1;BR-101/ES;Sul;Saída de Pista;1;0;0;0;0;0;0;;;;0;2;2;0;0
30/08/2020;14:08:00;233;Acidente com vítima;213,7;BR-101/ES;Norte;Colisão Transversal;1;0;0;1;0;0;0;;;;1;1;0;0;0
30/08/2020;14:43:00;249;Acidente sem vítima;125,9;BR-101/ES;Sul;Colisão Traseira;2;0;0;0;0;0;0;;;;7;0;0;0;0
30/08/2020;16:54:00;292;Acidente sem vítima;225;BR-101/ES;Sul;Engavetamento;3;0;0;0;0;0;0;;;;7;0;0;0;0
30/08/2020;19:12:00;329;Acidente sem vítima;95;BR-101/ES;Norte;Colisão Traseira;2;0;0;0;0;0;0;;;;5;0;0;0;0
30/08/2020;21:13:00;364;Acidente sem vítima;270;BR-101/ES;Norte;Choque com Objeto Fixo;1;0;0;0;0;0;0;;;;1;0;0;0;0
31/08/2020;06:31:00;108;Acidente sem vítima;293,6;BR-101/ES (Contorno de Vitória);Sul;Colisão Traseira;0;0;1;1;0;0;0;;;;3;0;0;0;0
31/08/2020;06:54:00;116;Acidente sem vítima;266,3;BR-101/ES;Norte;Colisão Traseira;2;0;0;0;0;0;0;;;;2;0;0;0;0
31/08/2020;07:51:00;139;Acidente sem vítima;440;BR-101/ES;Sul;Colisão Lateral;1;0;2;0;0;0;0;;;;4;0;0;0;0
31/08/2020;08:50:00;162;Atropelamento sem morte;268,3;BR-101/ES;Sul;Atropelamento e Fuga;0;0;0;1;0;0;0;;;;0;0;1;0;0
31/08/2020;11:22:00;230;Acidente sem vítima;68,3;BR-101/ES;Sul;Choque com Objeto Fixo;1;0;0;0;0;0;0;;;;1;0;0;0;0
31/08/2020;15:20:00;329;Acidente com vítima;91,2;BR-101/ES;Sul;Colisão com ciclista;1;1;0;0;0;0;0;;;;1;1;1;0;0
31/08/2020;20:02:00;426;Acidente sem vítima;256;BR-101/ES;Norte;Colisão Frontal;1;0;0;1;0;0;0;;;;3;0;0;0;0
01/09/2020;06:07:00;80;Acidente com vítima;400;BR-101/ES;Norte;Capotamento;1;0;0;0;0;0;0;;;;2;2;0;0;0
01/09/2020;06:22:00;82;Acidente sem vítima;213;BR-101/ES;Sul;Colisão Traseira;2;0;0;0;0;0;0;;;;2;0;0;0;0
01/09/2020;06:38:00;86;Acidente com vítima;267,6;BR-101/ES;Norte;Colisão Lateral;1;0;0;1;0;0;0;;;;2;0;1;0;0
01/09/2020;07:35:00;124;Acidente com vítima;258;BR-101/ES;Norte;Colisão Traseira;1;0;0;0;1;0;0;;;;1;1;0;0;0
01/09/2020;09:04:00;160;Acidente com vítima;290;BR-101/ES (Contorno de Vitória);Sul;Colisão Lateral;0;0;1;1;0;0;0;;;;1;0;1;0;0
01/09/2020;09:44:00;174;Acidente sem vítima;394,4;BR-101/ES;Norte;Colisão Lateral;0;0;3;0;0;0;0;;;;2;0;0;0;0
01/09/2020;11:24:00;230;Acidente sem vítima;136;BR-101/ES;Sul;Veículo em Chamas;1;0;0;0;0;0;0;;;;2;0;0;0;0
01/09/2020;13:21:00;286;Acidente com morte;448,1;BR-101/ES;Norte;Colisão Transversal;1;0;4;0;0;0;0;;;;3;2;0;1;1
01/09/2020;21:11:00;426;Acidente com vítima;332;BR-101/ES;Sul;Capotamento;1;0;0;0;0;0;0;;;;2;0;1;0;0
02/09/2020;05:25:00;60;Acidente sem vítima;213;BR-101/ES;Sul;Colisão Traseira;2;0;0;0;0;0;0;;;;6;0;0;0;0
02/09/2020;07:39:00;118;Acidente com vítima;65,9;BR-101/ES;Sul;Colisão Transversal;1;0;3;0;0;0;0;;;;1;1;0;0;0
02/09/2020;12:20:00;230;Acidente com vítima;247,5;BR-101/ES;Sul;Colisão Traseira;0;0;2;1;0;0;0;;;;1;0;1;0;0
02/09/2020;15:19:00;287;Acidente sem vítima;252,5;BR-101/ES;Norte;Colisão Traseira;0;0;4;0;0;0;0;;;;1;0;0;0;0
02/09/2020;16:15:00;306;Acidente sem vítima;205;BR-101/ES;Norte;Engavetamento;3;0;0;0;0;0;0;;;;12;0;0;0;0
02/09/2020;18:25:00;353;Atropelamento sem morte;269;BR-101/ES;Sul;Atropelamento;0;0;0;1;0;0;0;;;;1;0;1;0;0
02/09/2020;18:48:00;355;Acidente sem vítima;387;BR-101/ES;Norte;Colisão Lateral;3;0;0;0;0;0;0;;;;5;0;0;0;0
02/09/2020;18:59:00;359;Acidente sem vítima;302;BR-101/ES;Sul;Capotamento;1;0;0;0;0;0;0;;;;1;0;0;0;0
02/09/2020;23:14:00;420;Acidente sem vítima;273;BR-101/ES (Contorno de Vitória);Norte;Colisão Transversal;2;0;0;0;0;0;0;;;;2;0;0;0;0
03/09/2020;07:06:00;116;Acidente sem vítima;198,7;BR-101/ES;Norte;Atropelamento Animal;1;0;0;0;0;0;0;;;;1;0;0;0;0
03/09/2020;09:15:00;166;Acidente sem vítima;66,4;BR-101/ES;Norte;Colisão Traseira;0;0;2;0;0;0;0;;;;3;0;0;0;0
03/09/2020;14:22:00;312;Acidente sem vítima;321,5;BR-101/ES;Norte;Colisão Lateral;1;0;1;0;0;0;0;;;;1;0;0;0;0
03/09/2020;16:48:00;367;Acidente com vítima;939,3;BR-101/BA;Norte;Colisão Transversal;1;0;0;1;0;0;0;;;;0;0;2;0;0
03/09/2020;18:15:00;396;Acidente com vítima;141;BR-101/ES;Norte;Colisão Traseira;1;0;0;1;0;0;0;;;;2;0;1;0;0
04/09/2020;04:10:00;83;Acidente sem vítima;289;BR-101/ES (Contorno de Vitória);Norte;Capotamento;1;0;0;0;0;0;0;;;;1;0;0;0;0
04/09/2020;06:53:00;111;Acidente sem vítima;408,5;BR-101/ES;Sul;Saída de Pista;1;0;0;0;0;0;0;;;;1;0;0;0;0
04/09/2020;07:47:00;140;Acidente com vítima;174;BR-101/ES;Norte;Colisão Transversal;0;0;2;1;0;0;0;;;;1;0;1;0;0
04/09/2020;08:06:00;149;Acidente sem vítima;270,6;BR-101/ES;Norte;Colisão Lateral;1;0;1;0;0;0;0;;;;2;0;0;0;0
04/09/2020;10:56:00;227;Acidente com vítima;125,6;BR-101/ES;Sul;Colisão Traseira;1;0;0;1;0;0;0;;;;5;1;0;0;0
04/09/2020;11:18:00;243;Acidente com vítima;67;BR-101/ES;Norte;Colisão Transversal;1;0;0;1;0;0;0;;;;1;1;0;0;0
04/09/2020;11:40:00;255;Acidente sem vítima;270,2;BR-101/ES;Norte;Colisão Lateral;1;0;2;0;0;0;0;;;;2;0;0;0;0
04/09/2020;14:56:00;352;Acidente sem vítima;242;BR-101/ES;Norte;Colisão Traseira;1;0;1;0;0;0;0;;;;3;0;0;0;0
04/09/2020;16:42:00;400;Acidente sem vítima;255;BR-101/ES;Sul;Engavetamento;2;0;1;0;0;0;0;;;;3;0;0;0;0
04/09/2020;16:48:00;402;Acidente sem vítima;220,9;BR-101/ES;Sul;Colisão Lateral;2;0;0;0;0;0;0;;;;2;0;0;0;0
04/09/2020;17:17:00;413;Acidente sem vítima;232,7;BR-101/ES;Norte;Colisão Traseira;2;0;0;0;0;0;0;;;;2;0;0;0;0
04/09/2020;18:03:00;426;Acidente sem vítima;266;BR-101/ES;Sul;Engavetamento;2;0;0;0;0;0;0;;;;2;0;0;0;0