data;horario;n_da_ocorrencia;tipo_de_ocorrencia;km;trecho;sentido;tipo_de_acidente;automovel;bicicleta;caminhao;moto;onibus;outros;tracao_animal;transporte_de_cargas_especiais;trator_maquinas;utilitarios;ilesos;levemente_feridos;moderadamente_feridos;gravemente_feridos;mortos
24/10/2020;22:06:00;362;Acidente sem vítima;255;BR-101/ES;Norte;Choque com Objeto Fixo;1;0;0;0;0;0;0;;;;1;0;0;0;0
24/10/2020;23:23:00;392;Acidente sem vítima;264,5;BR-101/ES;Sul;Capotamento;1;0;0;0;0;0;0;;;;1;0;0;0;0
25/10/2020;03:05:00;22;Acidente sem vítima;292;BR-101/ES (Contorno de Vitória);Sul;Choque com Objeto Fixo;1;0;0;0;0;0;0;;;;1;0;0;0;0
25/10/2020;04:21:00;48;Acidente sem vítima;147,8;BR-101/ES;Sul;Saída de Pista;1;0;0;0;0;0;0;;;;1;0;0;0;0
25/10/2020;05:27:00;61;Acidente sem vítima;386;BR-101/ES;Norte;Saída de Pista;1;0;0;0;0;0;0;;;;1;0;0;0;0
25/10/2020;05:40:00;66;Acidente sem vítima;162;BR-101/ES;Norte;Saída de Pista;1;0;0;0;0;0;0;;;;3;0;0;0;0
25/10/2020;06:04:00;70;Acidente sem vítima;246;BR-101/ES;Sul;Saída de Pista;1;0;0;0;0;0;0;;;;1;0;0;0;0
25/10/2020;09:08:00;113;Acidente sem vítima;145;BR-101/ES;Norte;Queda de ciclista;0;1;0;0;0;0;0;;;;1;0;0;0;0
25/10/2020;11:34:00;169;Acidente com vítima;406,7;BR-101/ES;Sul;Choque com Objeto Fixo;1;0;0;0;0;0;0;;;;0;2;0;0;0
25/10/2020;11:52:00;178;Acidente com vítima;366,7;BR-101/ES;Norte;Saída de Pista;1;0;0;0;0;0;0;;;;0;1;2;0;0
25/10/2020;14:34:00;221;Acidente sem vítima;457,6;BR-101/ES;Norte;Colisão Transversal;0;0;4;0;0;0;0;;;;2;0;0;0;0
25/10/2020;17:04:00;260;Acidente sem vítima;943,7;BR-101/BA;Norte;Saída de Pista;1;0;0;0;0;0;0;;;;1;0;0;0;0
25/10/2020;17:47:00;274;Atropelamento sem morte;270,7;BR-101/ES;Norte;Atropelamento;1;0;0;0;0;0;0;;;;4;0;0;0;0
25/10/2020;17:56:00;276;Acidente sem vítima;266,3;BR-101/ES;Norte;Colisão Traseira;1;0;1;0;0;0;0;;;;4;0;0;0;0
25/10/2020;19:25:00;297;Acidente com vítima;297;BR-101/ES;Norte;Colisão Traseira;1;0;0;1;0;0;0;;;;1;0;1;0;0
25/10/2020;21:00:00;323;Acidente sem vítima;207,8;BR-101/ES;Norte;Colisão Traseira;2;0;0;0;0;0;0;;;;2;0;0;0;0
26/10/2020;01:13:00;29;Acidente sem vítima;328;BR-101/ES;Norte;Choque com Objeto Fixo;1;0;0;0;0;0;0;;;;1;0;0;0;0
26/10/2020;07:04:00;139;Acidente com vítima;69,9;BR-101/ES;Norte;Atropelamento Animal;0;0;0;1;0;0;0;;;;0;1;0;0;0
26/10/2020;07:12:00;145;Acidente sem vítima;262,6;BR-101/ES;Norte;Colisão Traseira;2;0;0;0;0;0;0;;;;4;0;0;0;0
26/10/2020;08:41:00;174;Acidente com vítima;459,6;BR-101/ES;Norte;Choque com Objeto Fixo;1;0;0;0;0;0;0;;;;0;1;1;0;0
26/10/2020;10:03:00;211;Acidente com vítima;400,5;BR-101/ES;Sul;Saída de Pista;0;0;1;0;0;0;0;;;;1;1;0;0;0
26/10/2020;10:35:00;225;Acidente com vítima;1,8;BR-101/ES;Norte;Queda de Moto;0;0;0;1;0;0;0;;;;0;2;0;0;0
26/10/2020;10:58:00;240;Acidente com vítima;255,3;BR-101/ES;Sul;Colisão Traseira;1;0;0;1;0;0;0;;;;2;1;0;0;0
26/10/2020;12:24:00;285;Acidente com vítima;216;BR-101/ES;Sul;Colisão Transversal;1;0;3;0;0;0;0;;;;1;0;0;1;0
26/10/2020;17:47:00;393;Acidente com vítima;294;BR-101/ES (Contorno de Vitória);Norte;Engavetamento;2;0;0;1;0;0;0;;;;3;1;0;0;0
26/10/2020;20:40:00;439;Acidente sem vítima;38,5;BR-101/ES;Norte;Colisão Transversal;1;0;1;0;0;0;0;;;;3;0;0;0;0
27/10/2020;07:03:00;136;Acidente sem vítima;0,8;BR-101/ES;Norte;Engavetamento;2;0;1;0;0;0;0;;;;3;0;0;0;0
27/10/2020;07:09:00;140;Acidente com vítima;146,1;BR-101/ES;Norte;Colisão Traseira;1;0;0;1;0;0;0;;;;1;0;1;0;0
27/10/2020;08:54:00;183;Acidente sem vítima;269,1;BR-101/ES;Sul;Engavetamento;2;0;0;0;0;0;0;;;;2;0;0;0;0
27/10/2020;09:31:00;204;Acidente sem vítima;269;BR-101/ES;Norte;Colisão Traseira;2;0;0;0;0;0;0;;;;2;0;0;0;0
27/10/2020;10:04:00;217;Acidente com vítima;274;BR-101/ES (Contorno de Vitória);Sul;Colisão Traseira;0;0;3;0;0;0;0;;;;1;1;0;0;0
27/10/2020;10:36:00;231;Acidente sem vítima;266;BR-101/ES;Norte;Engavetamento;3;0;0;0;0;0;0;;;;3;0;0;0;0
27/10/2020;12:26:00;289;Acidente com vítima;204,4;BR-101/ES;Norte;Colisão Transversal;1;0;0;1;0;0;0;;;;2;1;0;0;0
27/10/2020;15:40:00;352;Acidente sem vítima;358;BR-101/ES;Norte;Colisão Traseira;1;0;2;0;0;0;0;;;;2;0;0;0;0
27/10/2020;16:03:00;364;Acidente sem vítima;356;BR-101/ES;Norte;Engavetamento;2;0;8;0;0;0;0;;;;7;0;0;0;0
28/10/2020;01:48:00;40;Acidente sem vítima;14,2;BR-101/ES;Norte;Colisão Lateral;1;0;2;0;0;0;0;;;;2;0;0;0;0
28/10/2020;05:15:00;70;Acidente com vítima;293;BR-101/ES (Contorno de Vitória);Norte;Colisão Transversal;1;0;0;1;0;0;0;;;;1;0;1;0;0
28/10/2020;06:48:00;120;Acidente com vítima;262,1;BR-101/ES;Sul;Colisão com ciclista;1;1;0;0;0;0;0;;;;1;1;0;0;0
28/10/2020;07:37:00;128;Acidente sem vítima;458,6;BR-101/ES;Sul;Saída de Pista;0;0;2;0;0;0;0;;;;1;0;0;0;0
28/10/2020;08:06:00;138;Acidente sem vítima;145,8;BR-101/ES;Sul;Colisão Traseira;2;0;0;0;0;0;0;;;;1;0;0;0;0
28/10/2020;08:07:00;139;Acidente com vítima;330,1;BR-101/ES;Norte;Choque com Objeto Fixo;1;0;0;0;0;0;0;;;;0;1;0;0;0
28/10/2020;12:50:00;280;Acidente com vítima;282,5;BR-101/ES (Contorno de Vitória);Norte;Colisão Frontal;2;0;0;0;0;0;0;;;;3;1;0;0;0
28/10/2020;13:34:00;300;Acidente com vítima;269;BR-101/ES;Sul;Queda de Moto;0;0;0;1;0;0;0;;;;0;0;1;0;0
28/10/2020;15:21:00;333;Acidente com morte;261,2;BR-101/ES;Sul;Colisão Lateral;2;0;2;0;0;1;0;;;;2;1;0;0;1
28/10/2020;15:28:00;339;Acidente com vítima;333;BR-101/ES;Sul;Queda de Moto;0;0;0;1;0;0;0;;;;0;1;0;0;0
28/10/2020;16:43:00;363;Acidente sem vítima;265,8;BR-101/ES;Norte;Colisão Traseira;2;0;0;0;0;0;0;;;;3;0;0;0;0
28/10/2020;16:53:00;367;Acidente com vítima;260,8;BR-101/ES;Sul;Colisão Traseira;1;0;0;2;0;0;0;;;;2;2;0;0;0
28/10/2020;17:42:00;382;Acidente sem vítima;297,9;BR-101/ES;Norte;Colisão Traseira;3;0;0;0;0;0;0;;;;4;0;0;0;0
28/10/2020;19:45:00;402;Acidente com vítima;448;BR-101/ES;Sul;Choque com Objeto Fixo;1;0;0;0;0;0;0;;;;0;1;2;0;0
28/10/2020;21:32:00;425;Acidente com vítima;337;BR-101/ES;Sul;Choque;1;0;0;0;0;0;0;;;;1;1;0;0;0
29/10/2020;01:54:00;40;Acidente com vítima;302,8;BR-101/ES;Sul;Capotamento;0;0;2;0;0;0;0;;;;0;0;1;0;0
29/10/2020;05:23:00;132;Acidente sem vítima;146;BR-101/ES;Norte;Colisão Traseira;2;0;0;0;0;0;0;;;;2;0;0;0;0
29/10/2020;09:20:00;216;Acidente sem vítima;270,5;BR-101/ES;Sul;Colisão Traseira;1;0;2;0;0;0;0;;;;2;0;0;0;0
29/10/2020;11:16:00;276;Acidente com vítima;266,1;BR-101/ES;Sul;Queda de Moto;0;0;0;1;0;0;0;;;;0;0;1;0;0
29/10/2020;11:51:00;291;Acidente sem vítima;270,5;BR-101/ES;Norte;Colisão Traseira;2;0;0;0;0;0;0;;;;2;0;0;0;0
29/10/2020;14:17:00;350;Atropelamento sem morte;148,37;BR-101/ES;Norte;Atropelamento;0;0;1;0;0;0;0;;;;1;0;1;1;0
29/10/2020;16:33:00;381;Acidente sem vítima;285,4;BR-101/ES (Contorno de Vitória);Sul;Colisão Traseira;1;0;0;1;0;0;0;;;;2;0;0;0;0
29/10/2020;16:51:00;387;Acidente com vítima;293,6;BR-101/ES (Contorno de Vitória);Sul;Queda de Moto;0;0;0;1;0;0;0;;;;0;0;1;0;0
29/10/2020;17:14:00;395;Atropelamento sem morte;328,1;BR-101/ES;Sul;Atropelamento;1;0;0;0;0;0;0;;;;1;0;0;1;0
29/10/2020;21:40:00;470;Acidente sem vítima;296;BR-101/ES (Contorno de Vitória);Norte;Colisão Lateral;1;0;1;0;0;0;0;;;;2;0;0;0;0
30/10/2020;02:22:00;95;Acidente sem vítima;310;BR-101/ES;Norte;Saída de Pista;1;0;0;0;0;0;0;;;;3;0;0;0;0
30/10/2020;07:36:00;167;Acidente sem vítima;315;BR-101/ES;Norte;Colisão Traseira;1;0;1;0;0;0;0;;;;2;0;0;0;0
30/10/2020;08:10:00;183;Acidente sem vítima;108,5;BR-101/ES;Norte;Colisão Transversal;1;0;1;0;0;0;0;;;;6;0;0;0;0
30/10/2020;08:31:00;195;Acidente sem vítima;229,1;BR-101/ES;Sul;Colisão Traseira;1;0;2;0;0;0;0;;;;2;0;0;0;0
30/10/2020;12:18:00;315;Acidente sem vítima;271,1;BR-101/ES (Contorno de Vitória);Norte;Colisão Traseira;1;0;0;0;0;0;0;;;;2;0;0;0;0
30/10/2020;12:46:00;329;Atropelamento sem morte;229;BR-101/ES;Sul;Atropelamento;1;0;0;0;0;0;0;;;;1;0;1;0;0
30/10/2020;12:49:00;330;Acidente sem vítima;236,7;BR-101/ES;Norte;Colisão Frontal;2;0;0;0;0;0;0;;;;3;0;0;0;0
30/10/2020;13:49:00;350;Acidente sem vítima;299;BR-101/ES;Norte;Choque com Objeto Fixo;0;0;2;0;0;0;0;;;;1;0;0;0;0
30/10/2020;15:04:00;371;Acidente com vítima;213,5;BR-101/ES;Sul;Colisão com ciclista;1;1;0;0;0;0;0;;;;1;0;0;1;0
30/10/2020;16:10:00;388;Acidente sem vítima;333,5;BR-101/ES;Sul;Capotamento;1;0;0;0;0;0;0;;;;3;0;0;0;0
30/10/2020;17:00:00;410;Acidente com vítima;270;BR-101/ES;Sul;Colisão Traseira;1;0;0;1;0;0;0;;;;0;0;1;0;0
30/10/2020;17:44:00;426;Acidente sem vítima;420;BR-101/ES;Norte;Colisão Traseira;2;0;0;0;0;0;0;;;;8;0;0;0;0
30/10/2020;18:03:00;432;Acidente sem vítima;90;BR-101/ES;Norte;Colisão Traseira;2;0;0;0;0;0;0;;;;2;0;0;0;0
30/10/2020;19:21:00;449;Acidente sem vítima;210;BR-101/ES;Norte;Engavetamento;3;0;0;0;0;0;0;;;;3;0;0;0;0
30/10/2020;19:22:00;450;Acidente sem vítima;208;BR-101/ES;Norte;Saída de Pista;0;0;1;0;0;0;0;;;;1;0;0;0;0
30/10/2020;20:03:00;469;Acidente com vítima;458;BR-101/ES;Sul;Colisão Transversal;1;0;2;0;0;0;0;;;;4;1;1;0;0
30/10/2020;21:04:00;483;Acidente sem vítima;245;BR-101/ES;Sul;Saída de Pista;1;0;0;0;0;0;0;;;;1;0;0;0;0
30/10/2020;23:22:00;517;Acidente com vítima;86;BR-101/ES;Sul;Queda de Moto;1;0;0;1;0;0;0;;;;2;0;0;1;0
31/10/2020;01:36:00;30;Acidente com vítima;137;BR-101/ES;Sul;Queda de Bicicleta;0;1;0;0;0;0;0;;;;0;1;0;0;0
31/10/2020;02:17:00;46;Acidente sem vítima;264;BR-101/ES;Norte;Choque com Objeto Fixo;1;0;0;0;0;0;0;;;;1;0;0;0;0
31/10/2020;06:46:00;100;Acidente sem vítima;269;BR-101/ES;Sul;Engavetamento;3;0;0;0;0;0;0;;;;3;0;0;0;0
31/10/2020;07:28:00;110;Acidente sem vítima;292;BR-101/ES (Contorno de Vitória);Norte;Colisão Traseira;2;0;0;0;0;0;0;;;;2;0;0;0;0
31/10/2020;09:14:00;135;Acidente com vítima;217;BR-101/ES;Norte;Capotamento;1;0;0;0;0;0;0;;;;1;2;0;2;0
31/10/2020;09:50:00;152;Acidente sem vítima;229;BR-101/ES;Norte;Colisão Traseira;2;0;0;0;0;0;0;;;;2;0;0;0;0
31/10/2020;14:15:00;265;Acidente sem vítima;257,4;BR-101/ES;Norte;Saída de Pista;0;0;1;0;0;0;0;;;;1;0;0;0;0
31/10/2020;17:00:00;309;Acidente sem vítima;284;BR-101/ES (Contorno de Vitória);Sul;Choque com Objeto Fixo;1;0;0;0;0;0;0;;;;4;0;0;0;0
31/10/2020;18:00:00;338;Acidente sem vítima;260;BR-101/ES;Sul;Colisão Transversal;2;0;0;1;0;0;0;;;;3;0;0;0;0
31/10/2020;18:01:00;339;Acidente com vítima;213;BR-101/ES;Norte;Queda de Moto;0;0;0;1;0;0;0;;;;0;0;0;1;0
01/11/2020;00:46:00;11;Acidente com vítima;276;BR-101/ES (Contorno de Vitória);Norte;Saída de Pista;1;0;0;0;0;0;0;;;;0;1;0;0;0
01/11/2020;06:43:00;87;Acidente sem vítima;197,1;BR-101/ES;Norte;Saída de Pista;1;0;0;0;0;0;0;;;;1;0;0;0;0
01/11/2020;07:06:00;90;Acidente sem vítima;51,5;BR-101/ES;Norte;Saída de Pista;1;0;0;0;0;0;0;;;;2;0;0;0;0
01/11/2020;07:12:00;92;Acidente sem vítima;197,1;BR-101/ES;Norte;Saída de Pista;1;0;0;0;0;0;0;;;;5;0;0;0;0
01/11/2020;08:03:00;103;Acidente sem vítima;219;BR-101/ES;Norte;Choque com Objeto Fixo;1;0;0;0;0;0;0;;;;3;0;0;0;0
01/11/2020;08:18:00;110;Acidente com vítima;114,1;BR-101/ES;Norte;Queda de Moto;0;0;0;1;0;0;0;;;;1;0;1;0;0
01/11/2020;08:54:00;121;Acidente com vítima;106,1;BR-101/ES;Sul;Capotamento;1;0;0;0;0;0;0;;;;0;1;0;0;0
01/11/2020;15:52:00;264;Acidente com vítima;243;BR-101/ES;Sul;Queda de Moto;0;0;0;1;0;0;0;;;;0;0;1;0;0
01/11/2020;18:15:00;318;Acidente com vítima;297,15;BR-101/ES;Norte;Colisão Lateral;1;0;0;1;0;0;0;;;;1;1;0;0;0
01/11/2020;22:56:00;381;Acidente sem vítima;156,4;BR-101/ES;Sul;Saída de Pista;1;0;0;0;0;0;0;;;;1;0;0;0;0
02/11/2020;11:37:00;166;Acidente com vítima;268,4;BR-101/ES;Norte;Queda de Moto;0;0;0;1;0;0;0;;;;0;0;1;0;0
02/11/2020;16:04:00;268;Acidente sem vítima;372;BR-101/ES (Contorno de Iconha);Sul;Colisão Transversal;1;0;2;0;0;0;0;;;;2;0;0;0;0
02/11/2020;17:26:00;300;Acidente sem vítima;119,9;BR-101/ES;Sul;Colisão Traseira;2;0;0;0;0;0;0;;;;8;0;0;0;0
02/11/2020;18:04:00;312;Acidente sem vítima;246;BR-101/ES;Sul;Colisão Traseira;2;0;0;0;0;0;0;;;;5;0;0;0;0
02/11/2020;19:30:00;333;Acidente com vítima;947;BR-101/BA;Norte;Tombamento;0;0;2;0;0;0;0;;;;0;1;0;0;0
02/11/2020;22:20:00;378;Acidente sem vítima;262,5;BR-101/ES;Sul;Atropelamento Animal;1;0;0;0;0;0;0;;;;1;0;0;0;0
03/11/2020;07:33:00;148;Acidente com vítima;269,2;BR-101/ES;Sul;Colisão Lateral;1;0;0;1;0;0;0;;;;1;0;1;0;0
03/11/2020;10:23:00;219;Acidente com morte;204,05;BR-101/ES;Norte;Colisão Transversal;1;0;0;1;0;0;0;;;;1;0;0;1;1
03/11/2020;12:25:00;287;Acidente com vítima;270,9;BR-101/ES;Sul;Colisão Traseira;2;0;0;0;0;0;0;;;;1;1;0;0;0
03/11/2020;14:39:00;333;Acidente com vítima;405,7;BR-101/ES;Norte;Colisão Lateral;0;0;1;1;0;0;0;;;;0;0;0;1;0
03/11/2020;15:30:00;348;Atropelamento sem morte;270,6;BR-101/ES;Sul;Atropelamento;0;0;0;0;1;0;0;;;;1;1;0;0;0
03/11/2020;17:40:00;376;Acidente sem vítima;442,2;BR-101/ES;Sul;Colisão Traseira;0;0;2;0;0;0;0;;;;3;0;0;0;0
03/11/2020;20:02:00;405;Acidente sem vítima;309,5;BR-101/ES;Norte;Colisão Lateral;2;0;0;0;0;0;0;;;;3;0;0;0;0
03/11/2020;20:28:00;411;Acidente sem vítima;235;BR-101/ES;Sul;Atropelamento de Equino;0;0;2;0;0;0;0;;;;1;0;0;0;0
04/11/2020;01:32:00;28;Acidente sem vítima;266,3;BR-101/ES;Sul;Colisão Lateral;2;0;0;0;0;0;0;;;;2;0;0;0;0
04/11/2020;06:43:00;113;Acidente sem vítima;91,3;BR-101/ES;Norte;Saída de Pista;1;0;0;0;0;0;0;;;;4;0;0;0;0
04/11/2020;07:44:00;133;Acidente com vítima;54,1;BR-101/ES;Norte;Colisão Frontal;2;0;0;0;0;0;0;;;;1;3;0;0;0
04/11/2020;12:17:00;259;Acidente sem vítima;270;BR-101/ES;Sul;Colisão Lateral;1;0;2;0;0;0;0;;;;2;0;0;0;0
04/11/2020;12:27:00;270;Acidente com vítima;310;BR-101/ES;Sul;Colisão Lateral;1;0;1;0;0;0;0;;;;1;1;0;0;0
04/11/2020;17:01:00;353;Acidente com vítima;307;BR-101/ES;Norte;Tombamento;0;0;2;0;0;0;0;;;;0;1;0;0;0
04/11/2020;17:06:00;354;Acidente sem vítima;424,5;BR-101/ES;Sul;Saída de Pista;1;0;0;0;0;0;0;;;;1;0;0;0;0
04/11/2020;17:53:00;371;Acidente sem vítima;270,6;BR-101/ES;Norte;Colisão Traseira;1;0;0;0;0;0;0;;;;1;0;0;0;0
05/11/2020;08:16:00;151;Acidente sem vítima;438;BR-101/ES;Sul;Colisão Traseira;0;0;3;0;0;0;0;;;;2;0;0;0;0
05/11/2020;08:44:00;161;Acidente com vítima;438;BR-101/ES;Norte;Saída de Pista;0;0;2;0;0;0;0;;;;0;1;0;0;0
05/11/2020;11:49:00;238;Acidente com vítima;362,2;BR-101/ES;Sul;Colisão Traseira;1;0;2;0;0;0;0;;;;2;1;0;0;0
05/11/2020;12:25:00;261;Acidente sem vítima;294,9;BR-101/ES (Contorno de Vitória);Sul;Colisão Lateral;2;0;0;0;0;0;0;;;;4;0;0;0;0
05/11/2020;13:00:00;271;Acidente com vítima;347;BR-101/ES;Norte;Queda de Moto;0;0;0;1;0;0;0;;;;0;1;0;0;0
05/11/2020;13:15:00;279;Acidente sem vítima;68,4;BR-101/ES;Norte;Colisão Traseira;2;0;0;0;0;0;0;;;;3;0;0;0;0
05/11/2020;15:57:00;344;Acidente sem vítima;372,6;BR-101/ES (Contorno de Iconha);Sul;Choque com Veículo Estacionado;1;0;0;1;0;0;0;;;;2;0;0;0;0
05/11/2020;16:16:00;349;Acidente sem vítima;301;BR-101/ES;Norte;Colisão Traseira;1;0;2;0;0;0;0;;;;3;0;0;0;0
05/11/2020;16:40:00;352;Acidente sem vítima;356,1;BR-101/ES;Norte;Engavetamento;3;0;0;0;0;0;0;;;;7;0;0;0;0
05/11/2020;17:40:00;367;Atropelamento sem morte;253,9;BR-101/ES;Norte;Atropelamento;1;0;0;0;0;0;0;;;;3;0;1;0;0
05/11/2020;19:11:00;383;Acidente com vítima;371;BR-101/ES;Norte;Colisão Transversal;1;0;2;0;0;0;0;;;;1;1;0;0;0
05/11/2020;19:23:00;384;Acidente com vítima;332,4;BR-101/ES;Sul;Tombamento;0;0;2;0;0;0;0;;;;0;1;0;0;0
05/11/2020;19:59:00;395;Acidente sem vítima;75;BR-101/ES;Sul;Choque;1;0;0;0;0;0;0;;;;1;0;0;0;0
05/11/2020;20:01:00;396;Acidente sem vítima;74;BR-101/ES;Sul;Choque;0;0;1;0;0;0;0;;;;1;0;0;0;0
05/11/2020;20:30:00;403;Acidente sem vítima;74;BR-101/ES;Sul;Choque;1;0;0;0;0;0;0;;;;1;0;0;0;0
05/11/2020;21:04:00;406;Acidente sem vítima;324;BR-101/ES;Sul;Choque com Objeto Fixo;1;0;0;0;0;0;0;;;;1;0;0;0;0
05/11/2020;21:06:00;407;Acidente sem vítima;74;BR-101/ES;Sul;Choque;1;0;0;0;0;0;0;;;;1;0;0;0;0
06/11/2020;00:28:00;11;Acidente sem vítima;367;BR-101/ES;Norte;Choque com Objeto Fixo;1;0;0;0;0;0;0;;;;1;0;0;0;0
06/11/2020;02:26:00;83;Acidente sem vítima;355;BR-101/ES;Norte;Atropelamento Animal;1;0;0;0;0;0;0;;;;2;0;0;0;0
06/11/2020;11:34:00;257;Acidente com vítima;147,4;BR-101/ES;Sul;Colisão Transversal;0;0;0;2;0;0;0;;;;0;2;0;0;0
06/11/2020;13:28:00;304;Acidente sem vítima;271;BR-101/ES (Contorno de Vitória);Sul;Choque com Objeto Fixo;1;0;0;0;0;0;0;;;;4;0;0;0;0
06/11/2020;14:38:00;320;Acidente sem vítima;189,1;BR-101/ES;Norte;Colisão Transversal;2;0;0;0;0;0;0;;;;4;0;0;0;0
06/11/2020;17:00:00;359;Acidente sem vítima;333,7;BR-101/ES;Norte;Choque com Objeto Fixo;1;0;0;0;0;0;0;;;;1;0;0;0;0
06/11/2020;18:59:00;394;Acidente sem vítima;270;BR-101/ES;Norte;Colisão Traseira;1;0;1;0;0;0;0;;;;2;0;0;0;0
06/11/2020;19:02:00;397;Acidente sem vítima;166;BR-101/ES;Norte;Colisão Traseira;2;0;0;0;0;0;0;;;;2;0;0;0;0
06/11/2020;22:46:00;447;Acidente com vítima;296;BR-101/ES (Contorno de Vitória);Norte;Choque com Veículo Estacionado;2;0;0;0;0;0;0;;;;0;1;1;0;0
07/11/2020;03:46:00;70;Acidente sem vítima;266,3;BR-101/ES;Norte;Colisão Traseira;1;0;1;0;0;0;0;;;;2;0;0;0;0
07/11/2020;03:59:00;73;Acidente sem vítima;291,5;BR-101/ES (Contorno de Vitória);Sul;Atropelamento de Equino;1;0;0;0;0;0;0;;;;1;0;0;0;0
07/11/2020;06:18:00;99;Acidente sem vítima;357,7;BR-101/ES;Sul;Tombamento;0;0;2;0;0;0;0;;;;1;0;0;0;0
07/11/2020;07:09:00;110;Acidente com vítima;67;BR-101/ES;Norte;Colisão Transversal;1;0;0;1;0;0;0;;;;1;0;1;0;0
07/11/2020;09:12:00;155;Acidente sem vítima;137;BR-101/ES;Sul;Colisão Traseira;1;0;2;0;0;0;0;;;;2;0;0;0;0
07/11/2020;13:47:00;259;Acidente sem vítima;270,5;BR-101/ES;Norte;Colisão Lateral;2;0;0;0;0;0;0;;;;4;0;0;0;0
07/11/2020;15:52:00;293;Acidente sem vítima;125,4;BR-101/ES;Sul;Engavetamento;1;0;2;0;0;0;0;;;;5;0;0;0;0
07/11/2020;16:16:00;302;Acidente com vítima;82,5;BR-101/ES;Norte;Saída de Pista;1;0;0;0;0;0;0;;;;0;1;0;0;0
07/11/2020;19:18:00;347;Acidente com vítima;143;BR-101/ES;Norte;Colisão com ciclista;0;1;0;1;0;0;0;;;;1;1;0;0;0
07/11/2020;20:56:00;369;Acidente com vítima;222,9;BR-101/ES;Norte;Saída de Pista;0;0;1;0;0;0;0;;;;0;0;1;0;0
07/11/2020;22:23:00;391;Acidente com vítima;254;BR-101/ES;Norte;Colisão Transversal;2;0;0;0;0;0;0;;;;2;1;2;0;0
07/11/2020;22:45:00;400;Acidente com vítima;69;BR-101/ES;Sul;Colisão Transversal;1;0;0;1;0;0;0;;;;2;0;1;0;0
08/11/2020;00:17:00;3;Acidente sem vítima;260,6;BR-101/ES;Sul;Colisão Traseira;2;0;0;0;0;0;0;;;;4;0;0;0;0
08/11/2020;05:06:00;58;Acidente com morte;437,8;BR-101/ES;Sul;Colisão Frontal;1;0;1;0;0;0;0;;;;0;2;0;0;1
08/11/2020;06:36:00;76;Acidente sem vítima;302,2;BR-101/ES;Sul;Choque com Objeto Fixo;1;0;0;0;0;0;0;;;;1;0;0;0;0
08/11/2020;07:25:00;86;Acidente sem vítima;380;BR-101/ES (Contorno de Iconha);Sul;Saída de Pista;1;0;0;0;0;0;0;;;;1;0;0;0;0
08/11/2020;13:17:00;217;Acidente com vítima;137,8;BR-101/ES;Norte;Queda de Moto;0;0;0;1;0;0;0;;;;0;0;1;0;0
08/11/2020;13:40:00;223;Acidente com vítima;269;BR-101/ES;Norte;Colisão Transversal;1;0;0;1;0;0;0;;;;2;1;1;0;0
08/11/2020;15:44:00;263;Acidente com vítima;284;BR-101/ES (Contorno de Vitória);Sul;Queda de Moto;0;0;0;1;0;0;0;;;;0;1;1;0;0
08/11/2020;16:00:00;271;Acidente com vítima;264;BR-101/ES;Norte;Colisão Lateral;0;0;0;2;0;0;0;;;;1;0;2;0;0
08/11/2020;16:54:00;292;Acidente com vítima;294,7;BR-101/ES (Contorno de Vitória);Norte;Choque com Objeto Fixo;1;0;0;0;0;0;0;;;;2;0;2;0;0
08/11/2020;18:04:00;316;Acidente com morte;941,8;BR-101/BA;Sul;Colisão Traseira;1;0;0;1;0;0;0;;;;0;0;1;1;1
09/11/2020;05:10:00;58;Acidente sem vítima;358;BR-101/ES;Sul;Queda de Moto;0;0;0;1;0;0;0;;;;1;0;0;0;0
09/11/2020;08:38:00;120;Acidente com vítima;312,7;BR-101/ES;Sul;Colisão Lateral;0;0;1;1;0;0;0;;;;1;0;1;0;0
09/11/2020;09:09:00;131;Acidente sem vítima;438,6;BR-101/ES;Norte;Colisão Traseira;2;0;0;0;0;0;0;;;;2;0;0;0;0
09/11/2020;10:19:00;162;Acidente sem vítima;269,3;BR-101/ES;Sul;Colisão Traseira;1;0;1;0;0;0;0;;;;5;0;0;0;0
09/11/2020;13:28:00;244;Acidente sem vítima;213,2;BR-101/ES;Sul;Saída de Pista;1;0;0;0;0;0;0;;;;2;0;0;0;0
09/11/2020;16:05:00;280;Acidente sem vítima;344,6;BR-101/ES;Sul;Engavetamento;2;0;1;0;0;0;0;;;;3;0;0;0;0
09/11/2020;16:09:00;283;Acidente com vítima;263,1;BR-101/ES;Sul;Colisão Lateral;1;0;0;1;0;0;0;;;;1;1;0;0;0
09/11/2020;18:48:00;325;Acidente com vítima;268,6;BR-101/ES;Norte;Queda de Moto;0;0;0;1;0;0;0;;;;0;0;1;0;0
09/11/2020;18:55:00;326;Acidente sem vítima;118;BR-101/ES;Sul;Choque;1;0;0;0;0;0;0;;;;1;0;0;0;0
09/11/2020;20:12:00;353;Acidente sem vítima;163,1;BR-101/ES;Sul;Saída de Pista;0;0;1;0;0;0;0;;;;2;0;0;0;0
09/11/2020;23:01:00;399;Acidente com vítima;386,9;BR-101/ES;Sul;Tombamento;0;0;2;0;0;0;0;;;;0;0;1;0;0