data;horario;n_da_ocorrencia;tipo_de_ocorrencia;km;trecho;sentido;tipo_de_acidente;automovel;bicicleta;caminhao;moto;onibus;outros;tracao_animal;transporte_de_cargas_especiais;trator_maquinas;utilitarios;ilesos;levemente_feridos;moderadamente_feridos;gravemente_feridos;mortos
26/11/2020;16:00:00;345;Acidente sem vítima;149,3;BR-101/ES;Sul;Colisão Traseira;1;0;1;0;0;0;0;;;;2;0;0;0;0
26/11/2020;17:09:00;366;Acidente com vítima;142,5;BR-101/ES;Norte;Colisão Lateral;0;0;0;1;1;0;0;;;;2;1;0;0;0
26/11/2020;17:36:00;376;Acidente com vítima;296,2;BR-101/ES;Sul;Colisão Lateral;1;0;0;1;0;0;0;;;;1;0;1;0;0
26/11/2020;17:48:00;383;Acidente sem vítima;269;BR-101/ES;Sul;Colisão Lateral;1;0;1;0;0;0;0;;;;2;0;0;0;0
26/11/2020;17:55:00;385;Acidente sem vítima;334,9;BR-101/ES;Sul;Choque com Objeto Fixo;1;0;0;0;0;0;0;;;;1;0;0;0;0
27/11/2020;03:11:00;46;Acidente sem vítima;416;BR-101/ES;Sul;Saída de Pista;0;0;1;0;0;0;0;;;;2;0;0;0;0
27/11/2020;06:09:00;107;Acidente com vítima;301;BR-101/ES;Sul;Queda de ciclista;0;1;0;0;0;0;0;;;;0;1;0;0;0
27/11/2020;06:35:00;110;Acidente com vítima;315,1;BR-101/ES;Sul;Colisão Lateral;0;0;1;1;0;0;0;;;;1;0;1;0;0
27/11/2020;07:02:00;114;Acidente sem vítima;240;BR-101/ES;Norte;Colisão Lateral;2;0;0;0;0;0;0;;;;3;0;0;0;0
27/11/2020;07:27:00;122;Atropelamento sem morte;269;BR-101/ES;Sul;Atropelamento;1;0;0;1;0;0;0;;;;2;1;0;0;0
27/11/2020;07:50:00;128;Acidente com vítima;120;BR-101/ES;Sul;Queda de Moto;0;0;0;1;0;0;0;;;;0;1;0;0;0
27/11/2020;09:01:00;155;Acidente sem vítima;359,5;BR-101/ES;Norte;Saída de Pista;1;0;0;0;0;0;0;;;;1;0;0;0;0
27/11/2020;10:46:00;200;Acidente com morte;279,8;BR-101/ES (Contorno de Vitória);Sul;Capotamento;1;0;0;0;0;0;0;;;;0;0;0;0;1
27/11/2020;10:54:00;205;Acidente com vítima;17,5;BR-101/ES;Sul;Colisão Lateral;1;0;0;1;0;0;0;;;;1;0;1;0;0
27/11/2020;10:54:00;206;Acidente sem vítima;320;BR-101/ES;Norte;Colisão Traseira;1;0;0;0;1;0;0;;;;2;0;0;0;0
27/11/2020;12:10:00;239;Acidente com vítima;145,8;BR-101/ES;Sul;Capotamento;1;0;0;0;0;0;0;;;;0;1;1;0;0
27/11/2020;12:35:00;245;Acidente sem vítima;289;BR-101/ES (Contorno de Vitória);Norte;Capotamento;1;0;0;0;0;0;0;;;;1;0;0;0;0
27/11/2020;16:00:00;312;Acidente sem vítima;253;BR-101/ES;Sul;Colisão Lateral;2;0;0;0;0;0;0;;;;4;0;0;0;0
27/11/2020;17:12:00;334;Acidente sem vítima;296,6;BR-101/ES;Sul;Colisão Traseira;1;0;0;0;0;0;0;;;;1;0;0;0;0
27/11/2020;19:21:00;362;Acidente com vítima;278;BR-101/ES (Contorno de Vitória);Norte;Colisão Traseira;1;0;3;0;0;0;0;;;;2;0;2;0;0
27/11/2020;20:19:00;375;Acidente com vítima;287;BR-101/ES (Contorno de Vitória);Norte;Colisão Traseira;1;0;0;1;0;0;0;;;;1;0;1;0;0
28/11/2020;02:17:00;41;Acidente com vítima;258,4;BR-101/ES;Sul;Colisão Frontal;1;0;2;0;0;0;0;;;;1;0;1;0;0
28/11/2020;02:37:00;44;Acidente com vítima;296;BR-101/ES (Contorno de Vitória);Norte;Queda de Moto;0;0;0;1;0;0;0;;;;0;1;0;0;0
28/11/2020;03:50:00;52;Acidente sem vítima;296;BR-101/ES (Contorno de Vitória);Norte;Choque com Veículo Estacionado;0;0;1;0;0;0;0;;;;1;0;0;0;0
28/11/2020;05:50:00;68;Acidente sem vítima;258,4;BR-101/ES;Norte;Choque com Objeto Fixo;1;0;0;0;0;0;0;;;;1;0;0;0;0
28/11/2020;06:10:00;90;Acidente sem vítima;289,2;BR-101/ES (Contorno de Vitória);Sul;Choque com Objeto Fixo;1;0;0;0;0;0;0;;;;1;0;0;0;0
28/11/2020;07:18:00;104;Acidente sem vítima;282;BR-101/ES (Contorno de Vitória);Sul;Saída de Pista;1;0;0;0;0;0;0;;;;1;0;0;0;0
28/11/2020;08:22:00;130;Acidente com vítima;15;BR-101/ES;Sul;Colisão Lateral;1;0;0;1;0;0;0;;;;2;0;0;1;0
28/11/2020;08:55:00;144;Acidente com vítima;270;BR-101/ES;Norte;Colisão Lateral;2;0;1;0;0;0;0;;;;4;0;1;0;0
28/11/2020;10:32:00;176;Acidente sem vítima;266;BR-101/ES;Sul;Engavetamento;4;0;0;0;0;0;0;;;;2;0;0;0;0
28/11/2020;12:08:00;233;Acidente sem vítima;239;BR-101/ES;Sul;Colisão Traseira;2;0;0;0;0;0;0;;;;5;0;0;0;0
28/11/2020;13:28:00;261;Acidente sem vítima;444,6;BR-101/ES;Sul;Colisão Lateral;1;0;0;1;0;0;0;;;;3;0;0;0;0
28/11/2020;15:39:00;296;Acidente com vítima;375,9;BR-101/ES (Contorno de Iconha);Sul;Colisão Transversal;2;0;0;0;0;0;0;;;;2;1;0;0;0
28/11/2020;15:48:00;300;Acidente com vítima;270;BR-101/ES;Norte;Queda de ciclista;0;1;0;0;0;0;0;;;;0;1;0;0;0
28/11/2020;16:39:00;312;Acidente com vítima;269,4;BR-101/ES;Sul;Queda de Moto;0;0;0;1;0;0;0;;;;0;1;0;0;0
28/11/2020;19:52:00;357;Acidente sem vítima;261,9;BR-101/ES;Sul;Colisão Lateral;2;0;0;0;0;0;0;;;;2;0;0;0;0
28/11/2020;20:35:00;363;Acidente com vítima;32;BR-101/ES;Sul;Queda de Moto;0;0;0;1;0;0;0;;;;0;1;0;0;0
28/11/2020;22:21:00;388;Acidente sem vítima;309;BR-101/ES;Sul;Capotamento;1;0;0;0;0;0;0;;;;1;0;0;0;0
28/11/2020;23:29:00;403;Acidente sem vítima;278;BR-101/ES (Contorno de Vitória);Sul;Choque com Objeto Fixo;1;0;0;0;0;0;0;;;;2;0;0;0;0
29/11/2020;01:03:00;21;Acidente com vítima;146;BR-101/ES;Norte;Colisão Traseira;1;0;0;1;0;0;0;;;;2;1;0;0;0
29/11/2020;04:45:00;62;Acidente sem vítima;98,7;BR-101/ES;Norte;Saída de Pista;1;0;0;0;0;0;0;;;;1;0;0;0;0
29/11/2020;05:26:00;69;Acidente com vítima;949,1;BR-101/BA;Norte;Saída de Pista;1;0;0;0;0;0;0;;;;0;0;2;0;0
29/11/2020;08:55:00;125;Acidente sem vítima;188,4;BR-101/ES;Norte;Tombamento;0;0;2;0;0;0;0;;;;1;0;0;0;0
29/11/2020;12:06:00;193;Acidente sem vítima;399;BR-101/ES;Sul;Colisão Traseira;1;0;0;0;1;0;0;;;;3;0;0;0;0
29/11/2020;14:04:00;228;Acidente com vítima;150,9;BR-101/ES;Sul;Queda de Moto;0;0;0;1;0;0;0;;;;0;1;0;0;0
29/11/2020;16:25:00;264;Acidente com vítima;314,7;BR-101/ES;Norte;Choque com Objeto Fixo;1;0;0;0;0;0;0;;;;0;0;1;0;0
29/11/2020;17:52:00;297;Acidente sem vítima;332,3;BR-101/ES;Norte;Choque com Objeto Fixo;1;0;0;0;0;0;0;;;;1;0;0;0;0
29/11/2020;18:00:00;302;Acidente sem vítima;275,8;BR-101/ES (Contorno de Vitória);Sul;Queda de Moto;0;0;0;1;0;0;0;;;;1;0;0;0;0
29/11/2020;18:21:00;305;Acidente com vítima;262;BR-101/ES;Sul;Colisão Traseira;1;0;0;1;0;0;0;;;;1;0;2;0;0
29/11/2020;18:54:00;309;Acidente sem vítima;110;BR-101/ES;Sul;Colisão Traseira;2;0;0;0;0;0;0;;;;6;0;0;0;0
29/11/2020;21:27:00;353;Atropelamento sem morte;268;BR-101/ES;Sul;Atropelamento;0;0;0;1;0;0;0;;;;0;1;2;0;0
29/11/2020;23:18:00;383;Acidente com vítima;233;BR-101/ES;Norte;Colisão Lateral;2;0;0;0;0;0;0;;;;1;1;0;0;0
29/11/2020;23:43:00;392;Acidente com vítima;31,8;BR-101/ES;Norte;Queda de ciclista;0;1;0;0;0;0;0;;;;0;1;0;0;0
30/11/2020;00:23:00;5;Acidente com vítima;67,8;BR-101/ES;Sul;Queda de Moto;0;0;0;1;0;0;0;;;;0;1;0;0;0
30/11/2020;06:39:00;107;Acidente com vítima;287,5;BR-101/ES (Contorno de Vitória);Sul;Colisão Lateral;1;0;0;1;0;0;0;;;;1;0;1;0;0
30/11/2020;09:04:00;148;Acidente sem vítima;270,7;BR-101/ES;Sul;Colisão Traseira;2;0;0;0;0;0;0;;;;1;0;0;0;0
30/11/2020;09:56:00;166;Acidente com vítima;298,2;BR-101/ES;Sul;Engavetamento;6;0;0;0;0;1;0;;;;10;2;0;0;0
30/11/2020;11:39:00;220;Acidente sem vítima;156,8;BR-101/ES;Sul;Saída de Pista;1;0;0;0;0;0;0;;;;2;0;0;0;0
30/11/2020;16:07:00;325;Acidente sem vítima;146,1;BR-101/ES;Sul;Colisão Lateral;1;0;1;0;0;0;0;;;;1;0;0;0;0
30/11/2020;17:11:00;350;Acidente com vítima;142,5;BR-101/ES;Sul;Colisão Transversal;0;0;0;2;0;0;0;;;;0;1;1;0;0
30/11/2020;17:17:00;352;Acidente com vítima;213;BR-101/ES;Sul;Colisão Lateral;0;0;0;0;0;1;1;;;;0;1;0;0;0
30/11/2020;18:51:00;377;Acidente sem vítima;426;BR-101/ES;Sul;Colisão Transversal;1;0;1;0;0;0;0;;;;3;0;0;0;0
01/12/2020;06:40:00;118;Acidente sem vítima;266,4;BR-101/ES;Sul;Engavetamento;3;0;0;0;0;0;0;;;;3;0;0;0;0
01/12/2020;08:41:00;156;Acidente com vítima;69,8;BR-101/ES;Norte;Colisão Transversal;1;0;0;1;0;0;0;;;;0;1;1;0;0
01/12/2020;08:44:00;158;Acidente sem vítima;23,5;BR-101/ES;Sul;Colisão Transversal;2;0;0;0;0;0;0;;;;2;0;0;0;0
01/12/2020;12:07:00;257;Acidente com vítima;298;BR-101/ES;Sul;Colisão Lateral;0;0;0;2;0;0;0;;;;1;0;1;0;0
01/12/2020;12:08:00;259;Acidente sem vítima;365;BR-101/ES;Sul;Colisão Lateral;1;0;0;0;0;0;0;;;;2;0;0;0;0
01/12/2020;13:30:00;293;Acidente com vítima;271;BR-101/ES (Contorno de Vitória);Norte;Colisão com ciclista;1;1;0;0;0;0;0;;;;3;0;0;1;0
01/12/2020;14:00:00;299;Acidente com vítima;126,2;BR-101/ES;Sul;Colisão com ciclista;0;1;0;1;0;0;0;;;;1;0;1;0;0
01/12/2020;14:26:00;314;Acidente sem vítima;184,7;BR-101/ES;Norte;Queda de Moto;0;0;0;1;0;0;0;;;;2;0;0;0;0
01/12/2020;17:20:00;362;Acidente com vítima;147;BR-101/ES;Norte;Colisão com ciclista;1;1;0;0;0;0;0;;;;0;1;0;0;0
01/12/2020;19:05:00;394;Acidente sem vítima;266;BR-101/ES;Norte;Colisão Lateral;1;0;2;0;0;0;0;;;;2;0;0;0;0
01/12/2020;20:07:00;418;Acidente sem vítima;241;BR-101/ES;Norte;Colisão Traseira;2;0;0;0;0;0;0;;;;2;0;0;0;0
01/12/2020;20:41:00;433;Acidente com vítima;309,2;BR-101/ES;Norte;Colisão Traseira;0;0;2;0;0;0;0;;;;3;1;0;0;0
01/12/2020;22:19:00;459;Acidente com morte;199,4;BR-101/ES;Sul;Colisão Frontal;2;0;0;0;0;0;0;;;;0;2;0;0;1
02/12/2020;06:32:00;92;Acidente sem vítima;288,7;BR-101/ES (Contorno de Vitória);Sul;Choque com Objeto Fixo;1;0;0;0;0;0;0;;;;1;0;0;0;0
02/12/2020;08:05:00;119;Acidente sem vítima;267,5;BR-101/ES;Sul;Engavetamento;3;0;0;0;0;0;0;;;;3;0;0;0;0
02/12/2020;09:31:00;154;Acidente com vítima;205;BR-101/ES;Norte;Colisão Transversal;1;0;0;1;0;0;0;;;;1;0;1;0;0
02/12/2020;09:34:00;156;Acidente com vítima;452;BR-101/ES;Norte;Colisão Traseira;1;0;1;0;0;0;0;;;;1;1;0;0;0
02/12/2020;12:21:00;225;Acidente com vítima;293,1;BR-101/ES (Contorno de Vitória);Sul;Queda de Moto;0;0;0;1;0;0;0;;;;0;1;1;0;0
02/12/2020;12:46:00;235;Acidente com vítima;270;BR-101/ES;Norte;Queda de Moto;0;0;0;1;0;0;0;;;;0;0;1;0;0
02/12/2020;14:19:00;264;Acidente sem vítima;144,7;BR-101/ES;Norte;Colisão Traseira;2;0;0;0;0;0;0;;;;2;0;0;0;0
02/12/2020;23:21:00;455;Acidente sem vítima;240,5;BR-101/ES;Sul;Choque;1;0;2;0;0;0;0;;;;2;0;0;0;0
03/12/2020;01:49:00;35;Acidente com vítima;6,8;BR-101/ES;Norte;Tombamento;0;0;2;0;0;0;0;;;;0;1;0;0;0
03/12/2020;12:48:00;214;Acidente com vítima;189,5;BR-101/ES;Sul;Colisão Lateral;0;0;1;1;0;0;0;;;;1;0;0;1;0
03/12/2020;15:21:00;268;Acidente com morte;279;BR-101/ES (Contorno de Vitória);Sul;Colisão Transversal;0;0;1;1;0;0;0;;;;1;0;0;1;1
03/12/2020;16:38:00;287;Acidente sem vítima;297;BR-101/ES;Sul;Saída de Pista;0;0;1;0;0;0;0;;;;1;0;0;0;0
03/12/2020;17:02:00;291;Acidente com vítima;291;BR-101/ES (Contorno de Vitória);Sul;Queda de Moto;0;0;0;1;0;0;0;;;;0;0;2;0;0
03/12/2020;17:10:00;296;Acidente com vítima;25,9;BR-101/ES;Sul;Colisão Lateral;1;0;0;1;0;0;0;;;;1;0;0;1;0
03/12/2020;17:45:00;310;Acidente sem vítima;295,5;BR-101/ES (Contorno de Vitória);Norte;Tombamento;0;0;1;0;0;0;0;;;;1;0;0;0;0
04/12/2020;07:45:00;136;Acidente sem vítima;342,8;BR-101/ES;Norte;Colisão Lateral;0;0;2;0;0;0;0;;;;1;0;0;0;0
04/12/2020;11:01:00;239;Acidente sem vítima;344,1;BR-101/ES;Sul;Saída de Pista;0;0;1;0;0;0;0;;;;2;0;0;0;0
04/12/2020;12:57:00;306;Acidente com vítima;283,2;BR-101/ES (Contorno de Vitória);Sul;Queda de Moto;0;0;0;1;0;0;0;;;;0;2;0;0;0
04/12/2020;13:16:00;313;Acidente com vítima;146,2;BR-101/ES;Norte;Colisão Lateral;1;0;0;1;0;0;0;;;;4;0;1;0;0
04/12/2020;14:28:00;343;Acidente sem vítima;266,2;BR-101/ES;Norte;Colisão Transversal;1;0;2;0;0;0;0;;;;4;0;0;0;0
04/12/2020;14:33:00;346;Acidente sem vítima;266,2;BR-101/ES;Sul;Colisão Transversal;2;0;0;0;0;0;0;;;;2;0;0;0;0
04/12/2020;18:28:00;424;Atropelamento sem morte;238;BR-101/ES;Norte;Atropelamento e Fuga;0;0;0;1;0;0;0;;;;1;0;1;0;0
04/12/2020;19:23:00;443;Acidente sem vítima;204;BR-101/ES;Sul;Colisão Traseira;2;0;0;0;0;0;0;;;;2;0;0;0;0
04/12/2020;20:50:00;462;Acidente sem vítima;85;BR-101/ES;Sul;Atropelamento Animal;1;0;0;0;0;0;0;;;;5;0;0;0;0
04/12/2020;21:29:00;477;Acidente com vítima;146;BR-101/ES;Norte;Colisão Transversal;0;0;0;2;0;0;0;;;;0;3;0;0;0
04/12/2020;22:00:00;487;Acidente com morte;84,1;BR-101/ES;Norte;Colisão Traseira;0;0;1;1;0;0;0;;;;1;0;0;0;1
05/12/2020;07:16:00;121;Acidente com vítima;420,8;BR-101/ES;Sul;Colisão Transversal;1;0;0;1;0;0;0;;;;1;0;0;1;0
05/12/2020;07:49:00;129;Acidente sem vítima;266;BR-101/ES;Sul;Engavetamento;3;0;0;0;0;0;0;;;;3;0;0;0;0
05/12/2020;11:25:00;219;Acidente com vítima;148;BR-101/ES;Sul;Colisão Transversal;0;0;2;1;0;0;0;;;;1;1;0;0;0
05/12/2020;11:28:00;220;Acidente com vítima;306;BR-101/ES;Sul;Choque;0;0;0;1;0;0;0;;;;0;1;0;0;0
05/12/2020;11:58:00;235;Acidente sem vítima;196,2;BR-101/ES;Norte;Saída de Pista;1;0;0;0;0;0;0;;;;3;0;0;0;0
05/12/2020;12:35:00;251;Acidente sem vítima;118,5;BR-101/ES;Norte;Saída de Pista;1;0;0;0;0;0;0;;;;2;0;0;0;0
05/12/2020;12:47:00;257;Acidente sem vítima;52,4;BR-101/ES;Norte;Danos Eventuais;1;0;1;0;0;0;0;;;;2;0;0;0;0
05/12/2020;13:34:00;278;Acidente com vítima;239,2;BR-101/ES;Norte;Colisão Lateral;1;0;0;1;0;0;0;;;;1;0;1;0;0
05/12/2020;18:21:00;376;Acidente sem vítima;268;BR-101/ES;Norte;Choque com Objeto Fixo;1;0;0;0;0;0;0;;;;1;0;0;0;0
06/12/2020;03:53:00;50;Acidente com morte;290,6;BR-101/ES (Contorno de Vitória);Norte;Choque com Objeto Fixo;0;0;0;1;0;0;0;;;;0;0;1;0;1
06/12/2020;09:58:00;136;Acidente com vítima;265;BR-101/ES;Sul;Queda de Moto;0;0;0;1;0;0;0;;;;0;0;2;0;0
06/12/2020;10:00:00;138;Acidente com vítima;239,8;BR-101/ES;Norte;Queda de Moto;0;0;0;1;0;0;0;;;;0;0;1;0;0
06/12/2020;10:13:00;140;Acidente sem vítima;239,8;BR-101/ES;Norte;Choque com Veículo Estacionado;2;0;0;0;0;0;0;;;;2;0;0;0;0
06/12/2020;10:16:00;141;Acidente com vítima;3,4;BR-101/ES;Norte;Capotamento;1;0;0;0;0;0;0;;;;0;1;0;3;0
06/12/2020;10:50:00;153;Atropelamento sem morte;239,95;BR-101/ES;Norte;Atropelamento e Fuga;0;0;1;0;0;0;0;;;;0;0;1;0;0
06/12/2020;14:27:00;225;Acidente com vítima;304;BR-101/ES;Norte;Choque com Objeto Fixo;1;0;0;0;0;0;0;;;;1;1;1;0;0
06/12/2020;16:05:00;255;Acidente com vítima;31,7;BR-101/ES;Sul;Colisão Lateral;1;0;0;1;0;0;0;;;;0;0;1;2;0
06/12/2020;18:26:00;306;Acidente com vítima;270;BR-101/ES;Norte;Colisão Lateral;1;0;0;1;0;0;0;;;;1;0;2;0;0
06/12/2020;19:22:00;321;Acidente sem vítima;197;BR-101/ES;Sul;Colisão Traseira;0;0;3;0;0;0;0;;;;2;0;0;0;0
06/12/2020;19:32:00;325;Acidente com vítima;286;BR-101/ES (Contorno de Vitória);Sul;Choque com Objeto Fixo;1;0;0;0;0;0;0;;;;0;1;0;0;0
06/12/2020;22:20:00;366;Acidente sem vítima;269;BR-101/ES;Norte;Colisão Lateral;1;0;0;1;0;0;0;;;;2;0;0;0;0
07/12/2020;05:21:00;77;Acidente com vítima;235,5;BR-101/ES;Sul;Colisão Lateral;2;0;0;0;0;0;0;;;;4;1;0;0;0
07/12/2020;05:35:00;80;Acidente sem vítima;71,4;BR-101/ES;Sul;Saída de Pista;0;0;0;1;0;0;0;;;;1;0;0;0;0
07/12/2020;08:19:00;149;Atropelamento sem morte;254,3;BR-101/ES;Norte;Atropelamento;0;0;2;0;0;0;0;;;;1;0;0;1;0
07/12/2020;09:21:00;168;Acidente com vítima;269,6;BR-101/ES;Norte;Colisão Traseira;1;0;2;0;0;0;0;;;;1;2;0;0;0
07/12/2020;11:58:00;248;Acidente sem vítima;326;BR-101/ES;Sul;Colisão Lateral;1;0;1;0;0;0;0;;;;2;0;0;0;0
07/12/2020;13:28:00;288;Acidente sem vítima;398,8;BR-101/ES;Sul;Colisão Traseira;3;0;0;0;0;0;0;;;;6;0;0;0;0
07/12/2020;17:06:00;370;Acidente com vítima;65,5;BR-101/ES;Norte;Queda de Moto;0;0;0;1;0;0;0;;;;0;2;0;0;0
07/12/2020;18:02:00;394;Acidente com vítima;62,9;BR-101/ES;Sul;Colisão Lateral;0;0;1;1;0;1;0;;;;3;0;1;0;0
07/12/2020;23:05:00;471;Acidente com vítima;276;BR-101/ES (Contorno de Vitória);Norte;Choque;0;0;0;1;0;0;0;;;;0;1;0;0;0
08/12/2020;05:16:00;106;Acidente com vítima;265,5;BR-101/ES;Sul;Queda de Moto;0;0;0;1;0;0;0;;;;0;0;2;0;0
08/12/2020;06:55:00;118;Acidente sem vítima;203,6;BR-101/ES;Norte;Tombamento;0;0;2;0;0;0;0;;;;1;0;0;0;0
08/12/2020;07:22:00;126;Acidente com vítima;19,9;BR-101/ES;Sul;Colisão Traseira;1;0;0;1;0;0;0;;;;2;1;0;0;0
08/12/2020;10:01:00;189;Atropelamento sem morte;269,9;BR-101/ES;Sul;Atropelamento;1;0;0;0;0;0;0;;;;5;0;1;0;0
08/12/2020;11:39:00;234;Acidente sem vítima;206,1;BR-101/ES;Norte;Colisão Traseira;2;0;0;0;0;0;0;;;;2;0;0;0;0
08/12/2020;12:02:00;245;Acidente sem vítima;425,2;BR-101/ES;Sul;Colisão Lateral;1;0;1;0;0;0;0;;;;3;0;0;0;0
08/12/2020;12:54:00;269;Acidente com vítima;267,8;BR-101/ES;Norte;Saída de Pista;1;0;0;0;0;0;0;;;;0;0;1;0;0
08/12/2020;16:51:00;351;Acidente sem vítima;110,2;BR-101/ES;Sul;Colisão Traseira;2;0;0;0;0;0;0;;;;3;0;0;0;0
08/12/2020;19:33:00;397;Acidente com vítima;266,3;BR-101/ES;Norte;Colisão Transversal;1;0;0;1;0;0;0;;;;1;0;1;0;0
08/12/2020;20:33:00;417;Acidente com vítima;287;BR-101/ES (Contorno de Vitória);Sul;Choque com Objeto Fixo;1;0;0;0;0;0;0;;;;1;2;0;0;0
09/12/2020;05:23:00;108;Acidente sem vítima;264;BR-101/ES;Norte;Colisão Lateral;0;0;2;0;0;0;0;;;;2;0;0;0;0
09/12/2020;08:28:00;153;Acidente sem vítima;390;BR-101/ES;Norte;Choque com Objeto Fixo;0;0;2;0;0;0;0;;;;1;0;0;0;0
09/12/2020;08:46:00;160;Acidente sem vítima;269,7;BR-101/ES;Sul;Colisão Lateral;1;0;2;0;0;0;0;;;;2;0;0;0;0
09/12/2020;10:14:00;198;Acidente sem vítima;259;BR-101/ES;Norte;Colisão Traseira;0;0;0;1;1;0;0;;;;2;0;0;0;0
09/12/2020;11:30:00;241;Acidente sem vítima;229;BR-101/ES;Sul;Colisão Lateral;1;0;1;0;0;0;0;;;;4;0;0;0;0
09/12/2020;12:18:00;265;Acidente com vítima;299,8;BR-101/ES;Sul;Queda de Moto;0;0;0;1;0;0;0;;;;0;1;0;0;0
09/12/2020;12:43:00;278;Acidente sem vítima;140;BR-101/ES;Norte;Colisão Traseira;1;0;1;0;0;0;0;;;;3;0;0;0;0
09/12/2020;13:04:00;289;Acidente com vítima;294;BR-101/ES (Contorno de Vitória);Norte;Queda de Moto;0;0;0;1;0;0;0;;;;0;0;1;0;0
09/12/2020;14:27:00;318;Acidente com vítima;242;BR-101/ES;Norte;Saída de Pista;1;0;0;0;0;0;0;;;;0;1;0;0;0
09/12/2020;14:28:00;320;Acidente sem vítima;297;BR-101/ES;Norte;Choque com Objeto Fixo;1;0;0;0;0;0;0;;;;2;0;0;0;0
09/12/2020;15:59:00;344;Acidente sem vítima;209;BR-101/ES;Norte;Colisão Lateral;1;0;4;0;0;0;0;;;;3;0;0;0;0
09/12/2020;16:49:00;359;Acidente sem vítima;265;BR-101/ES;Norte;Colisão Traseira;2;0;0;0;0;0;0;;;;3;0;0;0;0
09/12/2020;16:51:00;360;Acidente sem vítima;279;BR-101/ES (Contorno de Vitória);Norte;Colisão Traseira;1;0;1;0;0;0;0;;;;4;0;0;0;0
09/12/2020;17:12:00;367;Acidente sem vítima;264;BR-101/ES;Norte;Choque com Objeto Fixo;1;0;0;0;0;0;0;;;;1;0;0;0;0
09/12/2020;18:10:00;389;Acidente sem vítima;208;BR-101/ES;Sul;Saída de Pista;1;0;0;0;0;0;0;;;;1;0;0;0;0
09/12/2020;19:35:00;412;Acidente sem vítima;276;BR-101/ES (Contorno de Vitória);Norte;Choque;1;0;0;0;0;0;0;;;;1;0;0;0;0
09/12/2020;21:02:00;438;Acidente com vítima;219;BR-101/ES;Norte;Capotamento;0;0;1;0;0;0;0;;;;0;1;0;0;0
09/12/2020;21:37:00;446;Acidente sem vítima;269;BR-101/ES;Sul;Colisão Lateral;1;0;1;0;0;0;0;;;;4;0;0;0;0
09/12/2020;21:39:00;448;Acidente sem vítima;138;BR-101/ES;Sul;Saída de Pista;1;0;0;0;0;0;0;;;;3;0;0;0;0
10/12/2020;00:11:00;3;Acidente com vítima;199;BR-101/ES;Norte;Colisão Lateral;0;0;1;1;0;0;0;;;;1;0;1;1;0
10/12/2020;01:43:00;36;Acidente com vítima;349;BR-101/ES;Sul;Saída de Pista;1;0;0;0;0;0;0;;;;0;4;0;0;0
10/12/2020;02:26:00;43;Acidente sem vítima;143;BR-101/ES;Sul;Saída de Pista;1;0;0;0;0;0;0;;;;1;0;0;0;0
10/12/2020;02:47:00;49;Acidente sem vítima;459;BR-101/ES;Sul;Tombamento;0;0;1;0;0;0;0;;;;1;0;0;0;0
10/12/2020;04:44:00;73;Acidente com morte;210,1;BR-101/ES;Norte;Colisão Frontal;1;0;2;0;0;0;0;;;;1;0;0;0;2
10/12/2020;05:35:00;80;Acidente sem vítima;266;BR-101/ES;Norte;Colisão Traseira;2;0;0;0;0;0;0;;;;3;0;0;0;0
10/12/2020;07:05:00;115;Acidente com vítima;8,1;BR-101/ES;Sul;Tombamento;0;0;2;0;0;0;0;;;;0;2;0;0;0
10/12/2020;08:45:00;140;Acidente com vítima;157;BR-101/ES;Norte;Saída de Pista;1;0;0;0;0;0;0;;;;0;1;0;0;0
10/12/2020;09:48:00;154;Acidente sem vítima;288;BR-101/ES (Contorno de Vitória);Norte;Saída de Pista;0;0;1;0;0;0;0;;;;1;0;0;0;0
10/12/2020;12:13:00;198;Acidente sem vítima;289,5;BR-101/ES (Contorno de Vitória);Norte;Tombamento;0;0;1;0;0;0;0;;;;1;0;0;0;0
10/12/2020;12:22:00;204;Acidente sem vítima;289,6;BR-101/ES (Contorno de Vitória);Norte;Colisão Traseira;0;0;2;0;0;0;0;;;;2;0;0;0;0
10/12/2020;13:48:00;246;Acidente sem vítima;266;BR-101/ES;Sul;Colisão Traseira;1;0;1;0;0;0;0;;;;2;0;0;0;0
10/12/2020;15:33:00;277;Acidente sem vítima;267;BR-101/ES;Norte;Colisão Traseira;2;0;0;0;0;0;0;;;;2;0;0;0;0
10/12/2020;19:46:00;356;Acidente sem vítima;266;BR-101/ES;Sul;Colisão Traseira;1;0;1;0;0;0;0;;;;5;0;0;0;0
11/12/2020;04:36:00;57;Acidente sem vítima;269;BR-101/ES;Sul;Colisão Lateral;2;0;2;0;0;0;0;;;;3;0;0;0;0
11/12/2020;06:47:00;96;Acidente com vítima;145,3;BR-101/ES;Norte;Colisão Traseira;0;0;3;0;1;0;0;;;;2;2;0;0;0
11/12/2020;07:13:00;107;Acidente com vítima;145,2;BR-101/ES;Norte;Colisão Traseira;1;0;0;1;0;0;0;;;;1;1;0;0;0
11/12/2020;08:11:00;130;Acidente sem vítima;267,8;BR-101/ES;Sul;Colisão Lateral;1;0;2;0;0;0;0;;;;3;0;0;0;0