data;horario;n_da_ocorrencia;tipo_de_ocorrencia;km;trecho;sentido;tipo_de_acidente;automovel;bicicleta;caminhao;moto;onibus;outros;tracao_animal;transporte_de_cargas_especiais;trator_maquinas;utilitarios;ilesos;levemente_feridos;moderadamente_feridos;gravemente_feridos;mortos
11/12/2020;13:34:00;273;Acidente com vítima;41,2;BR-101/ES;Norte;Colisão Traseira;2;0;0;0;0;0;0;;;;1;1;0;0;0
11/12/2020;13:54:00;279;Acidente sem vítima;270;BR-101/ES;Sul;Colisão Traseira;2;0;0;0;0;0;0;;;;3;0;0;0;0
11/12/2020;15:21:00;307;Acidente com vítima;144,1;BR-101/ES;Norte;Colisão com ciclista;0;1;0;1;0;1;0;;;;0;1;0;0;0
11/12/2020;15:39:00;312;Acidente sem vítima;218,95;BR-101/ES;Norte;Choque com Objeto Fixo;1;0;0;0;0;0;0;;;;1;0;0;0;0
11/12/2020;18:23:00;364;Acidente sem vítima;214,5;BR-101/ES;Norte;Choque com Objeto Fixo;1;0;0;0;0;0;0;;;;1;0;0;0;0
11/12/2020;18:55:00;373;Acidente com vítima;262;BR-101/ES;Norte;Colisão Traseira;4;0;0;0;0;0;0;;;;3;1;0;0;0
11/12/2020;18:57:00;374;Acidente sem vítima;228;BR-101/ES;Sul;Queda de Moto;0;0;0;1;0;0;0;;;;1;0;0;0;0
11/12/2020;22:45:00;452;Acidente sem vítima;241;BR-101/ES;Norte;Colisão Traseira;0;0;3;0;0;0;0;;;;2;0;0;0;0
11/12/2020;22:47:00;453;Acidente sem vítima;255;BR-101/ES;Sul;Colisão Traseira;2;0;0;0;0;0;0;;;;3;0;0;0;0
11/12/2020;23:05:00;459;Acidente sem vítima;261;BR-101/ES;Norte;Saída de Pista;1;0;0;0;0;0;0;;;;1;0;0;0;0
11/12/2020;23:36:00;478;Acidente com vítima;0,3;BR-101/ES;Sul;Queda de Moto;0;0;0;1;0;0;0;;;;0;1;0;0;0
12/12/2020;03:01:00;67;Acidente com vítima;3;BR-101/ES;Norte;Choque com Objeto Fixo;1;0;0;0;0;0;0;;;;1;1;0;0;0
12/12/2020;04:05:00;87;Acidente com vítima;186;BR-101/ES;Norte;Saída de Pista;1;0;0;0;0;0;0;;;;0;1;0;0;0
12/12/2020;05:05:00;96;Acidente sem vítima;26,5;BR-101/ES;Sul;Saída de Pista;1;0;0;0;0;0;0;;;;1;0;0;0;0
12/12/2020;05:34:00;102;Acidente com vítima;222,1;BR-101/ES;Sul;Saída de Pista;1;0;0;0;0;0;0;;;;0;0;1;0;0
12/12/2020;10:08:00;182;Acidente sem vítima;270,5;BR-101/ES;Norte;Colisão Lateral;1;0;3;0;0;0;0;;;;3;0;0;0;0
12/12/2020;13:27:00;266;Acidente sem vítima;164;BR-101/ES;Norte;Colisão Lateral;1;0;2;0;0;0;0;;;;5;0;0;0;0
12/12/2020;16:00:00;314;Acidente sem vítima;311;BR-101/ES;Sul;Colisão Traseira;1;0;1;0;0;0;0;;;;1;0;0;0;0
12/12/2020;16:32:00;326;Acidente com vítima;442,5;BR-101/ES;Norte;Saída de Pista;1;0;1;0;0;0;0;;;;4;0;0;1;0
12/12/2020;17:56:00;351;Acidente com vítima;290;BR-101/ES (Contorno de Vitória);Sul;Choque com Objeto Fixo;0;0;0;1;0;0;0;;;;0;0;1;0;0
12/12/2020;23:30:00;425;Acidente com vítima;312;BR-101/ES;Norte;Queda de Moto;1;0;0;0;0;0;0;;;;0;1;0;1;0
12/12/2020;23:46:00;434;Acidente com morte;335;BR-101/ES;Norte;Colisão Frontal;1;0;0;1;0;0;0;;;;1;0;0;0;1
13/12/2020;01:54:00;27;Acidente com vítima;402;BR-101/ES;Norte;Saída de Pista;1;0;0;0;0;0;0;;;;1;1;0;0;0
13/12/2020;07:24:00;99;Acidente com vítima;283,2;BR-101/ES (Contorno de Vitória);Sul;Choque com Objeto Fixo;1;0;0;0;0;0;0;;;;0;0;1;0;0
13/12/2020;13:08:00;231;Acidente sem vítima;288,7;BR-101/ES (Contorno de Vitória);Sul;Veículo em Chamas;1;0;0;0;0;0;0;;;;2;0;0;0;0
13/12/2020;14:32:00;247;Acidente com vítima;399;BR-101/ES;Sul;Queda de Moto;0;0;0;1;0;0;0;;;;0;1;0;0;0
13/12/2020;15:32:00;262;Acidente sem vítima;82,5;BR-101/ES;Sul;Saída de Pista;1;0;0;0;0;0;0;;;;2;0;0;0;0
13/12/2020;17:07:00;293;Acidente sem vítima;253;BR-101/ES;Sul;Engavetamento;3;0;0;0;0;0;0;;;;8;0;0;0;0
13/12/2020;19:08:00;327;Acidente com vítima;107,4;BR-101/ES;Sul;Colisão Transversal;0;0;0;2;0;0;0;;;;0;1;1;0;0
13/12/2020;21:40:00;372;Acidente com vítima;369;BR-101/ES;Sul;Choque com Objeto Fixo;1;0;0;0;0;0;0;;;;2;3;0;0;0
13/12/2020;22:19:00;379;Acidente sem vítima;271;BR-101/ES (Contorno de Vitória);Sul;Colisão Traseira;1;0;1;0;0;0;0;;;;2;0;0;0;0
14/12/2020;07:19:00;130;Acidente com vítima;289,2;BR-101/ES (Contorno de Vitória);Sul;Queda de Moto;0;0;0;1;0;0;0;;;;0;1;1;0;0
14/12/2020;09:22:00;175;Atropelamento sem morte;268,7;BR-101/ES;Sul;Atropelamento;2;0;0;1;0;0;0;;;;3;0;2;0;0
14/12/2020;10:33:00;211;Acidente sem vítima;343;BR-101/ES;Norte;Colisão Traseira;2;0;0;0;0;0;0;;;;2;0;0;0;0
14/12/2020;11:09:00;231;Acidente sem vítima;267,9;BR-101/ES;Norte;Colisão Traseira;1;0;2;0;0;0;0;;;;2;0;0;0;0
14/12/2020;12:10:00;264;Acidente sem vítima;285,1;BR-101/ES (Contorno de Vitória);Sul;Colisão Traseira;1;0;1;0;0;0;0;;;;3;0;0;0;0
14/12/2020;13:37:00;307;Acidente sem vítima;213;BR-101/ES;Norte;Colisão Traseira;2;0;0;0;0;0;0;;;;1;0;0;0;0
14/12/2020;18:25:00;409;Acidente com vítima;394;BR-101/ES;Sul;Colisão com ciclista;1;1;0;0;0;0;0;;;;1;1;0;0;0
14/12/2020;18:44:00;412;Acidente com vítima;297;BR-101/ES;Sul;Engavetamento;0;0;3;1;0;0;0;;;;2;1;0;0;0
14/12/2020;19:00:00;419;Acidente sem vítima;148,2;BR-101/ES;Sul;Danos Eventuais;0;0;2;0;0;0;0;;;;1;0;0;0;0
14/12/2020;19:35:00;429;Acidente sem vítima;291;BR-101/ES (Contorno de Vitória);Norte;Colisão Traseira;2;0;0;0;0;0;0;;;;3;0;0;0;0
15/12/2020;06:27:00;90;Acidente com vítima;145,3;BR-101/ES;Sul;Colisão Traseira;0;0;0;1;1;0;0;;;;1;0;0;1;0
15/12/2020;06:37:00;94;Acidente com vítima;125,3;BR-101/ES;Sul;Saída de Pista;1;0;0;0;0;0;0;;;;0;0;1;0;0
15/12/2020;06:49:00;98;Acidente com vítima;145;BR-101/ES;Sul;Colisão Traseira;1;0;0;1;0;0;0;;;;1;2;0;0;0
15/12/2020;07:24:00;111;Acidente com vítima;270,8;BR-101/ES;Sul;Queda de Moto;0;0;0;1;0;0;0;;;;0;0;1;0;0
15/12/2020;09:07:00;152;Acidente sem vítima;186;BR-101/ES;Norte;Saída de Pista;1;0;0;0;0;0;0;;;;2;0;0;0;0
15/12/2020;14:12:00;273;Acidente sem vítima;269;BR-101/ES;Sul;Colisão Lateral;1;0;1;0;0;0;0;;;;1;0;0;0;0
15/12/2020;14:28:00;276;Acidente sem vítima;216,3;BR-101/ES;Norte;Colisão Traseira;0;0;3;0;0;0;0;;;;2;0;0;0;0
15/12/2020;15:07:00;291;Acidente com vítima;307,3;BR-101/ES;Sul;Choque com Objeto Fixo;1;0;0;0;0;0;0;;;;0;0;1;0;0
15/12/2020;16:57:00;327;Acidente com vítima;458;BR-101/ES;Sul;Queda de Moto;0;0;0;1;0;0;0;;;;0;0;1;0;0
16/12/2020;05:30:00;78;Acidente com vítima;119;BR-101/ES;Norte;Choque;0;0;0;1;0;0;0;;;;0;0;1;0;0
16/12/2020;10:59:00;214;Acidente com vítima;184,7;BR-101/ES;Norte;Colisão Traseira;1;0;0;1;0;0;0;;;;1;0;1;0;0
16/12/2020;12:14:00;247;Acidente sem vítima;320,8;BR-101/ES;Sul;Choque com Objeto Fixo;1;0;0;0;0;0;0;;;;2;0;0;0;0
16/12/2020;14:08:00;287;Acidente sem vítima;269,3;BR-101/ES;Sul;Colisão Traseira;2;0;0;0;0;0;0;;;;2;0;0;0;0
16/12/2020;17:19:00;349;Acidente com vítima;264,1;BR-101/ES;Norte;Colisão Lateral;1;0;0;1;0;0;0;;;;1;1;0;0;0
17/12/2020;00:29:00;8;Acidente com vítima;135,7;BR-101/ES;Sul;Colisão Traseira;1;0;1;0;0;0;0;;;;1;0;1;0;0
17/12/2020;00:51:00;20;Acidente sem vítima;296;BR-101/ES (Contorno de Vitória);Norte;Choque com Objeto Fixo;0;0;1;0;0;0;0;;;;1;0;0;0;0
17/12/2020;07:12:00;135;Acidente com vítima;293,9;BR-101/ES (Contorno de Vitória);Norte;Colisão Lateral;0;1;0;1;0;0;0;;;;1;0;1;0;0
17/12/2020;09:17:00;180;Acidente sem vítima;270,2;BR-101/ES;Sul;Colisão Traseira;1;0;0;0;1;0;0;;;;2;0;0;0;0
17/12/2020;13:36:00;308;Acidente com vítima;212,5;BR-101/ES;Sul;Colisão Traseira;0;0;1;1;0;0;0;;;;1;0;0;1;0
17/12/2020;13:37:00;309;Acidente sem vítima;45,9;BR-101/ES;Sul;Colisão Traseira;0;0;1;0;0;1;0;;;;2;0;0;0;0
17/12/2020;16:38:00;377;Acidente sem vítima;304;BR-101/ES;Norte;Colisão Traseira;2;0;0;0;0;0;0;;;;3;0;0;0;0
17/12/2020;17:38:00;399;Acidente sem vítima;266,3;BR-101/ES;Sul;Colisão Lateral;1;0;1;0;0;0;0;;;;1;0;0;0;0
17/12/2020;20:40:00;453;Acidente sem vítima;242;BR-101/ES;Norte;Colisão Traseira;1;0;1;0;0;0;0;;;;3;0;0;0;0
17/12/2020;21:26:00;456;Acidente sem vítima;222;BR-101/ES;Sul;Tombamento;0;0;1;0;0;0;0;;;;1;0;0;0;0
17/12/2020;22:36:00;485;Acidente sem vítima;318;BR-101/ES;Norte;Atropelamento Animal;1;0;0;0;0;0;0;;;;1;0;0;0;0
18/12/2020;00:25:00;4;Atropelamento com morte;312,2;BR-101/ES;Sul;Atropelamento e Fuga;1;0;0;0;0;0;0;;;;1;0;0;0;1
18/12/2020;01:43:00;29;Acidente sem vítima;296;BR-101/ES (Contorno de Vitória);Sul;Choque com Objeto Fixo;1;0;0;0;0;0;0;;;;1;0;0;0;0
18/12/2020;11:33:00;229;Acidente sem vítima;296,8;BR-101/ES;Norte;Colisão Traseira;1;0;2;0;0;0;0;;;;2;0;0;0;0
18/12/2020;11:34:00;230;Acidente sem vítima;224,1;BR-101/ES;Norte;Veículo em Chamas;1;0;0;0;0;0;0;;;;1;0;0;0;0
18/12/2020;11:42:00;233;Acidente com vítima;401;BR-101/ES;Norte;Queda de Moto;0;0;0;1;0;0;0;;;;0;0;1;0;0
18/12/2020;13:16:00;279;Acidente com vítima;181;BR-101/ES;Norte;Colisão Transversal;2;0;0;0;0;0;0;;;;0;0;2;0;0
18/12/2020;13:34:00;285;Acidente sem vítima;90,4;BR-101/ES;Sul;Colisão Traseira;2;0;0;0;0;0;0;;;;2;0;0;0;0
18/12/2020;14:18:00;305;Acidente sem vítima;224;BR-101/ES;Sul;Engavetamento;3;0;0;0;0;0;0;;;;5;0;0;0;0
18/12/2020;16:01:00;336;Acidente com vítima;17;BR-101/ES;Norte;Colisão Transversal;1;0;0;1;0;0;0;;;;1;0;1;0;0
18/12/2020;16:02:00;337;Acidente sem vítima;171;BR-101/ES;Norte;Colisão Traseira;1;0;1;0;0;0;0;;;;1;0;0;0;0
18/12/2020;16:12:00;342;Acidente sem vítima;271;BR-101/ES (Contorno de Vitória);Sul;Colisão Transversal;1;0;1;0;0;0;0;;;;3;0;0;0;0
18/12/2020;17:07:00;358;Acidente sem vítima;214;BR-101/ES;Sul;Colisão Transversal;1;0;1;0;0;0;0;;;;3;0;0;0;0
18/12/2020;19:43:00;405;Acidente sem vítima;266,5;BR-101/ES;Norte;Colisão Traseira;1;0;3;0;0;0;0;;;;2;0;0;0;0
18/12/2020;23:41:00;476;Acidente sem vítima;358;BR-101/ES;Sul;Choque com Objeto Fixo;1;0;0;0;0;0;0;;;;5;0;0;0;0
19/12/2020;00:35:00;13;Acidente sem vítima;946,9;BR-101/BA;Sul;Tombamento;0;0;3;0;0;0;0;;;;2;0;0;0;0
19/12/2020;02:36:00;40;Acidente sem vítima;273;BR-101/ES (Contorno de Vitória);Sul;Saída de Pista;1;0;0;0;0;0;0;;;;1;0;0;0;0
19/12/2020;04:05:00;49;Acidente sem vítima;179;BR-101/ES;Sul;Saída de Pista;0;0;2;0;0;0;0;;;;1;0;0;0;0
19/12/2020;07:29:00;82;Acidente com vítima;277,5;BR-101/ES (Contorno de Vitória);Norte;Saída de Pista;1;0;0;0;0;0;0;;;;0;0;2;0;0
19/12/2020;10:22:00;139;Atropelamento sem morte;208;BR-101/ES;Sul;Atropelamento e Fuga;1;0;0;0;0;0;0;;;;0;0;1;0;0
19/12/2020;10:28:00;140;Acidente sem vítima;452;BR-101/ES;Sul;Colisão Traseira;0;0;4;0;0;0;0;;;;3;0;0;0;0
19/12/2020;10:46:00;153;Acidente sem vítima;229,3;BR-101/ES;Norte;Colisão Traseira;2;0;0;0;0;0;0;;;;2;0;0;0;0
19/12/2020;12:46:00;200;Acidente sem vítima;234;BR-101/ES;Norte;Colisão Traseira;2;0;0;0;0;0;0;;;;3;0;0;0;0
19/12/2020;14:01:00;233;Acidente sem vítima;228;BR-101/ES;Sul;Colisão Traseira;3;0;0;0;0;0;0;;;;2;0;0;0;0
19/12/2020;18:06:00;318;Acidente sem vítima;253;BR-101/ES;Sul;Saída de Pista;1;0;0;0;0;1;0;;;;2;0;0;0;0
19/12/2020;18:16:00;320;Acidente sem vítima;282,5;BR-101/ES (Contorno de Vitória);Sul;Saída de Pista;1;0;0;0;0;0;0;;;;1;0;0;0;0
19/12/2020;18:19:00;321;Acidente sem vítima;390;BR-101/ES;Sul;Colisão Frontal;2;0;0;0;0;0;0;;;;3;0;0;0;0
19/12/2020;20:30:00;324;Acidente sem vítima;140,54;BR-101/ES;Norte;Engavetamento;3;0;0;0;0;0;0;;;;7;0;0;0;0
19/12/2020;20:34:00;326;Acidente com vítima;233;BR-101/ES;Norte;Colisão Traseira;0;0;2;1;0;0;0;;;;1;0;1;0;0
19/12/2020;20:47:00;331;Acidente sem vítima;170;BR-101/ES;Sul;Choque;1;0;2;0;0;0;0;;;;3;0;0;0;0
19/12/2020;22:52:00;377;Acidente sem vítima;457;BR-101/ES;Norte;Colisão Transversal;2;0;0;0;0;0;0;;;;3;0;0;0;0
20/12/2020;01:03:00;26;Acidente sem vítima;369;BR-101/ES;Norte;Atropelamento de Bovino;1;0;0;0;0;0;0;;;;5;0;0;0;0
20/12/2020;05:07:00;81;Acidente sem vítima;266,5;BR-101/ES;Sul;Colisão Transversal;2;0;0;0;0;0;0;;;;1;0;0;0;0
20/12/2020;11:24:00;193;Acidente sem vítima;255;BR-101/ES;Sul;Colisão Traseira;2;0;0;0;0;0;0;;;;2;0;0;0;0
20/12/2020;14:04:00;259;Acidente com vítima;211,8;BR-101/ES;Norte;Saída de Pista;1;0;0;0;0;0;0;;;;0;1;1;0;0
20/12/2020;18:37:00;337;Acidente sem vítima;302;BR-101/ES;Norte;Choque com Objeto Fixo;0;0;1;0;0;0;0;;;;1;0;0;0;0
20/12/2020;19:55:00;355;Acidente sem vítima;261,4;BR-101/ES;Sul;Saída de Pista;1;0;0;0;0;0;0;;;;1;0;0;0;0
20/12/2020;20:47:00;360;Acidente com vítima;166;BR-101/ES;Sul;Colisão Transversal;1;0;0;1;0;0;0;;;;1;0;1;0;0
21/12/2020;06:31:00;121;Acidente sem vítima;149,5;BR-101/ES;Sul;Colisão Lateral;1;0;1;0;0;0;0;;;;4;0;0;0;0
21/12/2020;06:31:00;122;Acidente com vítima;274;BR-101/ES (Contorno de Vitória);Norte;Queda de Moto;0;0;0;1;0;0;0;;;;0;1;1;0;0
21/12/2020;07:04:00;129;Acidente com vítima;269,8;BR-101/ES;Sul;Colisão Traseira;1;0;0;1;0;0;0;;;;1;1;0;0;0
21/12/2020;07:55:00;150;Acidente sem vítima;255;BR-101/ES;Sul;Engavetamento;3;0;0;0;0;0;0;;;;3;0;0;0;0
21/12/2020;10:05:00;213;Acidente sem vítima;228;BR-101/ES;Sul;Colisão Traseira;2;0;0;0;0;0;0;;;;3;0;0;0;0
21/12/2020;11:23:00;265;Acidente com vítima;371,5;BR-101/ES;Sul;Colisão Lateral;1;0;3;0;0;0;0;;;;4;0;1;0;0
21/12/2020;11:54:00;280;Acidente com vítima;145;BR-101/ES;Norte;Colisão Traseira;1;0;0;1;0;0;0;;;;1;0;1;0;0
21/12/2020;14:39:00;342;Acidente com vítima;269;BR-101/ES;Norte;Colisão Traseira;1;0;0;1;0;0;0;;;;3;0;1;0;0
21/12/2020;15:45:00;359;Acidente sem vítima;270,7;BR-101/ES;Norte;Colisão Lateral;1;0;3;0;0;0;0;;;;2;0;0;0;0
21/12/2020;17:27:00;397;Acidente com vítima;271;BR-101/ES (Contorno de Vitória);Norte;Colisão com ciclista;0;2;0;0;0;0;0;;;;1;1;0;0;0
21/12/2020;19:45:00;433;Acidente com vítima;269,5;BR-101/ES;Norte;Colisão Transversal;1;0;0;1;0;0;0;;;;1;0;1;0;0
22/12/2020;07:05:00;129;Acidente com vítima;147,1;BR-101/ES;Sul;Colisão Transversal;2;0;0;0;0;0;0;;;;2;1;0;0;0
22/12/2020;09:14:00;175;Acidente sem vítima;255;BR-101/ES;Norte;Choque;1;0;2;0;0;0;0;;;;2;0;0;0;0
22/12/2020;13:51:00;308;Acidente sem vítima;147,3;BR-101/ES;Norte;Colisão Traseira;2;0;0;0;0;0;0;;;;2;0;0;0;0
22/12/2020;14:07:00;316;Acidente sem vítima;285,8;BR-101/ES (Contorno de Vitória);Norte;Choque;0;0;0;1;0;1;0;;;;2;0;0;0;0
22/12/2020;15:34:00;351;Acidente sem vítima;239;BR-101/ES;Norte;Colisão Lateral;0;0;2;0;0;0;0;;;;2;0;0;0;0
22/12/2020;16:36:00;381;Acidente com vítima;272,8;BR-101/ES (Contorno de Vitória);Norte;Colisão Transversal;1;0;0;1;0;0;0;;;;1;1;0;0;0
22/12/2020;17:14:00;398;Acidente com vítima;212,8;BR-101/ES;Sul;Engavetamento;4;0;0;0;0;0;0;;;;4;1;0;0;0
22/12/2020;17:21:00;401;Acidente sem vítima;284;BR-101/ES (Contorno de Vitória);Norte;Saída de Pista;1;0;0;0;0;0;0;;;;1;0;0;0;0
23/12/2020;04:55:00;65;Acidente sem vítima;176;BR-101/ES;Sul;Colisão Traseira;2;0;0;0;0;0;0;;;;6;0;0;0;0
23/12/2020;05:55:00;81;Acidente com vítima;362,2;BR-101/ES;Sul;Saída de Pista;1;0;0;0;0;0;0;;;;3;1;0;0;0
23/12/2020;05:59:00;83;Acidente com vítima;394,5;BR-101/ES;Norte;Queda de Moto;1;0;0;0;0;0;0;;;;0;0;1;0;0
23/12/2020;06:29:00;90;Acidente sem vítima;268,3;BR-101/ES;Norte;Colisão Lateral;1;0;0;0;1;0;0;;;;4;0;0;0;0
23/12/2020;07:09:00;97;Acidente sem vítima;266,4;BR-101/ES;Sul;Engavetamento;3;0;0;0;0;0;0;;;;3;0;0;0;0
23/12/2020;08:37:00;123;Acidente com vítima;284,9;BR-101/ES (Contorno de Vitória);Norte;Choque com Objeto Fixo;1;0;0;0;0;0;0;;;;0;1;0;0;0
23/12/2020;09:41:00;136;Acidente sem vítima;239;BR-101/ES;Norte;Danos Eventuais;0;0;1;0;0;0;0;;;;1;0;0;0;0
23/12/2020;11:07:00;175;Acidente sem vítima;423,9;BR-101/ES;Sul;Colisão Traseira;2;0;0;0;0;0;0;;;;4;0;0;0;0
23/12/2020;12:25:00;211;Acidente com vítima;383,7;BR-101/ES;Sul;Colisão Traseira;2;0;0;0;0;0;0;;;;1;0;1;0;0
23/12/2020;12:43:00;220;Acidente com morte;325,3;BR-101/ES;Sul;Colisão Traseira;0;0;4;0;0;0;0;;;;1;0;0;0;1
23/12/2020;14:42:00;254;Acidente sem vítima;254,5;BR-101/ES;Sul;Colisão Traseira;2;0;0;0;0;0;0;;;;3;0;0;0;0
23/12/2020;15:13:00;267;Acidente sem vítima;307,4;BR-101/ES;Norte;Capotamento;1;0;0;0;0;0;0;;;;1;0;0;0;0
23/12/2020;15:25:00;272;Acidente sem vítima;215;BR-101/ES;Sul;Colisão Transversal;0;0;1;1;0;0;0;;;;2;0;0;0;0
23/12/2020;16:28:00;295;Acidente com vítima;363,2;BR-101/ES;Sul;Saída de Pista;1;0;0;0;0;0;0;;;;0;1;0;0;0
23/12/2020;17:20:00;309;Acidente com morte;401,5;BR-101/ES;Sul;Colisão Transversal;0;0;4;0;0;0;0;;;;1;0;0;0;1
23/12/2020;18:18:00;331;Acidente sem vítima;245;BR-101/ES;Sul;Colisão Lateral;2;0;0;0;0;0;0;;;;3;0;0;0;0
23/12/2020;18:34:00;334;Acidente com vítima;288;BR-101/ES (Contorno de Vitória);Sul;Colisão Lateral;0;0;2;1;0;0;0;;;;1;0;0;1;0
23/12/2020;18:36:00;336;Acidente sem vítima;203,6;BR-101/ES;Norte;Tombamento;0;0;1;0;0;0;0;;;;1;0;0;0;0
23/12/2020;19:17:00;347;Acidente sem vítima;176;BR-101/ES;Sul;Saída de Pista;0;0;1;0;0;0;0;;;;1;0;0;0;0
23/12/2020;19:50:00;358;Acidente sem vítima;263;BR-101/ES;Norte;Colisão Lateral;1;0;1;0;0;0;0;;;;2;0;0;0;0
24/12/2020;01:34:00;34;Acidente com vítima;459;BR-101/ES;Sul;Capotamento;1;0;0;0;0;0;0;;;;1;0;2;0;0
24/12/2020;02:15:00;46;Acidente sem vítima;208,5;BR-101/ES;Sul;Saída de Pista;1;0;0;0;0;0;0;;;;2;0;0;0;0
24/12/2020;04:15:00;68;Acidente sem vítima;417,8;BR-101/ES;Sul;Colisão Lateral;0;0;4;0;0;0;0;;;;2;0;0;0;0
24/12/2020;04:17:00;69;Acidente sem vítima;289;BR-101/ES (Contorno de Vitória);Sul;Saída de Pista;1;0;0;0;0;0;0;;;;1;0;0;0;0
24/12/2020;04:23:00;71;Acidente sem vítima;117;BR-101/ES;Sul;Colisão Traseira;1;0;1;0;0;0;0;;;;6;0;0;0;0
24/12/2020;05:39:00;87;Acidente sem vítima;201;BR-101/ES;Sul;Colisão Lateral;2;0;0;0;0;0;0;;;;4;0;0;0;0
24/12/2020;06:40:00;94;Acidente sem vítima;257;BR-101/ES;Norte;Colisão Traseira;2;0;0;0;0;0;0;;;;3;0;0;0;0
24/12/2020;07:48:00;120;Acidente sem vítima;261;BR-101/ES;Sul;Colisão Traseira;1;0;2;0;0;0;0;;;;2;0;0;0;0
24/12/2020;08:07:00;125;Acidente com vítima;231,5;BR-101/ES;Norte;Colisão Traseira;2;0;0;0;0;0;0;;;;4;0;1;0;0
24/12/2020;10:46:00;211;Acidente com vítima;299,9;BR-101/ES;Norte;Colisão Traseira;2;0;0;0;0;0;0;;;;1;0;1;0;0
24/12/2020;12:06:00;251;Acidente sem vítima;275,9;BR-101/ES (Contorno de Vitória);Norte;Choque com Objeto Fixo;1;0;0;0;0;0;0;;;;1;0;0;0;0
24/12/2020;12:28:00;261;Acidente com vítima;188,1;BR-101/ES;Sul;Tombamento;0;0;2;0;0;0;0;;;;0;1;0;0;0
24/12/2020;14:21:00;302;Acidente com vítima;296,4;BR-101/ES;Sul;Colisão Lateral;1;0;0;1;0;0;0;;;;1;0;1;0;0
24/12/2020;14:43:00;313;Acidente com vítima;270,1;BR-101/ES;Sul;Colisão com ciclista;1;1;0;0;0;0;0;;;;1;0;0;1;0
24/12/2020;14:48:00;315;Acidente com morte;256,7;BR-101/ES;Norte;Colisão Traseira;1;0;1;1;0;0;0;;;;2;1;0;0;1
24/12/2020;15:41:00;334;Acidente sem vítima;258,5;BR-101/ES;Norte;Colisão Traseira;2;0;0;0;0;0;0;;;;2;0;0;0;0
24/12/2020;18:11:00;383;Acidente com vítima;126,1;BR-101/ES;Sul;Colisão Lateral;1;0;0;1;0;0;0;;;;1;0;0;1;0
24/12/2020;18:34:00;388;Acidente sem vítima;231,3;BR-101/ES;Norte;Saída de Pista;1;0;0;0;0;0;0;;;;1;0;0;0;0
24/12/2020;18:41:00;391;Acidente com vítima;255;BR-101/ES;Sul;Colisão Traseira;1;0;0;1;0;0;0;;;;1;0;1;0;0
24/12/2020;18:42:00;392;Acidente sem vítima;381;BR-101/ES (Contorno de Iconha);Sul;Saída de Pista;1;0;0;0;0;0;0;;;;2;0;0;0;0
24/12/2020;20:09:00;413;Acidente com vítima;146;BR-101/ES;Norte;Colisão Traseira;2;0;0;0;0;0;0;;;;1;1;0;0;0
24/12/2020;22:03:00;438;Acidente com morte;292,3;BR-101/ES (Contorno de Vitória);Sul;Tombamento;0;0;1;0;0;0;0;;;;0;0;0;0;1
25/12/2020;00:03:00;2;Acidente com vítima;270;BR-101/ES;Sul;Atropelamento Animal;1;0;0;1;0;0;0;;;;2;0;1;0;0
25/12/2020;03:06:00;37;Acidente com morte;297;BR-101/ES;Norte;Choque com Objeto Fixo;0;0;0;1;0;0;0;;;;0;0;0;0;1
25/12/2020;03:30:00;42;Acidente sem vítima;434,3;BR-101/ES;Norte;Saída de Pista;1;0;0;0;0;0;0;;;;1;0;0;0;0
25/12/2020;10:13:00;110;Acidente sem vítima;429,1;BR-101/ES;Norte;Atropelamento Animal;1;0;0;0;0;0;0;;;;1;0;0;0;0
25/12/2020;14:18:00;198;Acidente sem vítima;203;BR-101/ES;Sul;Colisão Transversal;1;0;2;0;0;0;0;;;;2;0;0;0;0
25/12/2020;22:43:00;317;Acidente com vítima;940,4;BR-101/BA;Norte;Colisão Lateral;1;0;0;1;0;0;0;;;;1;0;1;0;0
26/12/2020;10:50:00;138;Acidente sem vítima;156;BR-101/ES;Sul;Colisão Lateral;2;0;0;0;0;0;0;;;;4;0;0;0;0
26/12/2020;11:57:00;172;Acidente sem vítima;398,9;BR-101/ES;Sul;Colisão Traseira;0;0;4;0;0;0;0;;;;2;0;0;0;0
26/12/2020;13:18:00;214;Acidente com vítima;42;BR-101/ES;Sul;Colisão com ciclista;1;1;0;0;0;0;0;;;;2;0;1;0;0
26/12/2020;13:36:00;224;Acidente com vítima;298;BR-101/ES;Norte;Colisão Lateral;1;0;0;1;0;0;0;;;;1;0;1;0;0
26/12/2020;14:35:00;241;Acidente com vítima;267,7;BR-101/ES;Sul;Colisão Traseira;1;0;0;1;0;0;0;;;;1;0;1;0;0
26/12/2020;17:13:00;286;Acidente com vítima;314;BR-101/ES;Sul;Saída de Pista;1;0;0;0;0;0;0;;;;0;0;1;0;0
26/12/2020;18:01:00;303;Acidente sem vítima;293,4;BR-101/ES (Contorno de Vitória);Norte;Colisão Traseira;1;0;0;0;0;0;0;;;;1;0;0;0;0
27/12/2020;02:18:00;38;Acidente sem vítima;296,4;BR-101/ES;Sul;Choque com Objeto Fixo;1;0;0;0;0;0;0;;;;1;0;0;0;0