data;horario;n_da_ocorrencia;tipo_de_ocorrencia;km;trecho;sentido;tipo_de_acidente;automovel;bicicleta;caminhao;moto;onibus;outros;tracao_animal;transporte_de_cargas_especiais;trator_maquinas;utilitarios;ilesos;levemente_feridos;moderadamente_feridos;gravemente_feridos;mortos
27/12/2020;08:43:00;107;Acidente com vítima;245,9;BR-101/ES;Sul;Capotamento;1;0;0;0;0;0;0;;;;2;2;0;0;0
27/12/2020;09:20:00;118;Acidente com vítima;285,1;BR-101/ES (Contorno de Vitória);Sul;Colisão Lateral;2;0;0;0;0;0;0;;;;1;1;1;0;0
27/12/2020;09:41:00;120;Acidente sem vítima;166,9;BR-101/ES;Sul;Colisão Lateral;1;0;1;0;0;0;0;;;;2;0;0;0;0
27/12/2020;16:34:00;293;Acidente sem vítima;165,9;BR-101/ES;Sul;Engavetamento;3;0;0;0;0;0;0;;;;3;0;0;0;0
27/12/2020;17:54:00;334;Acidente com vítima;102,8;BR-101/ES;Sul;Engavetamento;3;0;0;0;0;0;0;;;;4;2;2;0;0
27/12/2020;18:42:00;352;Acidente sem vítima;247;BR-101/ES;Sul;Colisão Traseira;1;0;0;1;0;0;0;;;;2;0;0;0;0
27/12/2020;19:32:00;369;Acidente com vítima;157;BR-101/ES;Norte;Saída de Pista;1;0;0;0;0;0;0;;;;0;2;0;0;0
28/12/2020;02:34:00;46;Acidente com vítima;387;BR-101/ES;Sul;Tombamento;0;0;2;0;0;0;0;;;;0;0;1;0;0
28/12/2020;06:15:00;105;Acidente com vítima;67,5;BR-101/ES;Norte;Colisão Transversal;2;0;0;0;0;0;0;;;;2;0;1;0;0
28/12/2020;07:10:00;113;Acidente com vítima;291,6;BR-101/ES (Contorno de Vitória);Norte;Queda de Moto;0;0;0;1;0;0;0;;;;0;0;1;0;0
28/12/2020;09:36:00;168;Atropelamento sem morte;173,7;BR-101/ES;Sul;Atropelamento;0;0;0;0;1;0;0;;;;18;0;1;0;0
28/12/2020;10:22:00;191;Acidente sem vítima;401;BR-101/ES;Norte;Capotamento;1;0;0;0;0;0;0;;;;6;0;0;0;0
28/12/2020;10:34:00;201;Acidente sem vítima;203;BR-101/ES;Norte;Colisão Traseira;2;0;0;0;0;0;0;;;;2;0;0;0;0
28/12/2020;11:35:00;221;Acidente com vítima;351;BR-101/ES;Norte;Colisão Frontal;2;0;0;0;0;0;0;;;;0;5;1;0;0
28/12/2020;12:20:00;254;Acidente com vítima;229,8;BR-101/ES;Sul;Choque com Objeto Fixo;1;0;0;0;0;0;0;;;;0;1;0;0;0
28/12/2020;12:55:00;263;Acidente sem vítima;343,8;BR-101/ES;Norte;Colisão Traseira;2;0;3;0;0;0;0;;;;7;0;0;0;0
28/12/2020;17:06:00;344;Acidente com vítima;15,7;BR-101/ES;Norte;Colisão Traseira;0;0;2;1;0;0;0;;;;1;1;0;0;0
28/12/2020;18:32:00;364;Acidente com vítima;159;BR-101/ES;Sul;Colisão Transversal;2;0;0;0;0;0;0;;;;3;1;0;0;0
28/12/2020;20:19:00;387;Acidente com vítima;297,5;BR-101/ES;Sul;Colisão Lateral;1;0;0;1;0;0;0;;;;1;0;1;0;0
29/12/2020;01:05:00;35;Acidente sem vítima;67;BR-101/ES;Sul;Colisão Lateral;1;0;1;0;0;0;0;;;;2;0;0;0;0
29/12/2020;08:10:00;144;Acidente com vítima;241,7;BR-101/ES;Sul;Colisão Lateral;1;0;2;0;0;0;0;;;;1;0;1;0;0
29/12/2020;08:42:00;155;Acidente sem vítima;271,6;BR-101/ES (Contorno de Vitória);Sul;Colisão Traseira;2;0;0;0;0;0;0;;;;2;0;0;0;0
29/12/2020;09:49:00;175;Acidente com vítima;315,7;BR-101/ES;Norte;Colisão Lateral;1;0;1;0;0;0;0;;;;2;2;0;0;0
29/12/2020;11:05:00;210;Acidente sem vítima;242;BR-101/ES;Norte;Colisão Traseira;2;0;0;0;0;0;0;;;;4;0;0;0;0
29/12/2020;13:19:00;267;Acidente com vítima;46,4;BR-101/ES;Sul;Queda de Moto;0;0;0;1;0;0;0;;;;0;0;2;0;0
29/12/2020;15:02:00;287;Acidente com vítima;111;BR-101/ES;Norte;Colisão Traseira;2;0;0;0;0;0;0;;;;5;1;0;0;0
29/12/2020;16:54:00;324;Acidente sem vítima;273;BR-101/ES (Contorno de Vitória);Norte;Choque;1;0;1;0;0;0;0;;;;4;0;0;0;0
29/12/2020;18:42:00;354;Acidente com vítima;181;BR-101/ES;Sul;Colisão Transversal;1;0;3;0;0;0;0;;;;2;1;0;0;0
29/12/2020;21:42:00;403;Acidente com vítima;290;BR-101/ES (Contorno de Vitória);Sul;Colisão Traseira;1;0;1;0;0;0;0;;;;1;0;1;0;0
29/12/2020;22:23:00;406;Acidente sem vítima;212,9;BR-101/ES;Sul;Saída de Pista;1;0;0;0;0;0;0;;;;1;0;0;0;0
30/12/2020;00:51:00;16;Acidente sem vítima;215,5;BR-101/ES;Sul;Saída de Pista;1;0;0;0;0;0;0;;;;1;0;0;0;0
30/12/2020;03:53:00;58;Acidente sem vítima;275,4;BR-101/ES (Contorno de Vitória);Sul;Tombamento;0;0;2;0;0;0;0;;;;1;0;0;0;0
30/12/2020;06:18:00;87;Acidente sem vítima;6;BR-101/ES;Norte;Colisão Traseira;1;0;1;0;0;0;0;;;;5;0;0;0;0
30/12/2020;06:42:00;91;Acidente sem vítima;4;BR-101/ES;Norte;Colisão Lateral;2;0;0;0;0;0;0;;;;2;0;0;0;0
30/12/2020;07:31:00;103;Acidente com vítima;281;BR-101/ES (Contorno de Vitória);Norte;Queda de Moto;0;0;0;1;0;0;0;;;;0;0;1;0;0
30/12/2020;09:15:00;123;Acidente sem vítima;255;BR-101/ES;Sul;Engavetamento;3;0;0;0;0;0;0;;;;3;0;0;0;0
30/12/2020;09:28:00;125;Acidente com vítima;270,1;BR-101/ES;Sul;Queda de Moto;0;0;0;1;0;0;0;;;;0;0;1;0;0
30/12/2020;14:10:00;250;Acidente com vítima;266;BR-101/ES;Sul;Colisão Traseira;1;0;0;1;0;0;0;;;;1;0;1;0;0
30/12/2020;15:47:00;284;Acidente sem vítima;50,6;BR-101/ES;Sul;Engavetamento;3;0;0;0;0;0;0;;;;6;0;0;0;0
30/12/2020;17:48:00;333;Acidente com vítima;270;BR-101/ES;Norte;Queda de Moto;0;0;0;1;0;0;0;;;;0;1;0;0;0
30/12/2020;18:53:00;346;Acidente sem vítima;939;BR-101/BA;Norte;Colisão Transversal;1;0;1;0;0;0;0;;;;9;0;0;0;0
30/12/2020;21:33:00;388;Acidente com vítima;208;BR-101/ES;Sul;Queda de Moto;0;0;0;1;0;0;0;;;;0;1;1;0;0
31/12/2020;05:50:00;84;Acidente com vítima;354,3;BR-101/ES;Sul;Colisão Frontal;2;0;1;0;0;0;0;;;;0;16;5;2;0
31/12/2020;07:40:00;99;Acidente com vítima;312,8;BR-101/ES;Sul;Colisão Traseira;0;0;1;1;0;0;0;;;;2;0;1;0;0
31/12/2020;14:29:00;249;Acidente sem vítima;207,9;BR-101/ES;Sul;Colisão Lateral;2;0;0;0;0;0;0;;;;3;0;0;0;0
31/12/2020;15:49:00;277;Acidente sem vítima;213;BR-101/ES;Sul;Engavetamento;3;0;0;0;0;0;0;;;;2;0;0;0;0
31/12/2020;16:41:00;297;Acidente sem vítima;267,8;BR-101/ES;Sul;Colisão Traseira;2;0;0;0;0;0;0;;;;1;0;0;0;0
31/12/2020;19:18:00;340;Acidente sem vítima;146;BR-101/ES;Norte;Colisão Traseira;2;0;0;0;0;0;0;;;;4;0;0;0;0
31/12/2020;21:04:00;370;Acidente sem vítima;205;BR-101/ES;Sul;Atropelamento Animal;1;0;0;0;0;0;0;;;;4;0;0;0;0
31/12/2020;21:41:00;384;Acidente com vítima;149;BR-101/ES;Norte;Colisão Lateral;1;0;;1;0;0;0;;;;2;1;0;0;0
01/01/2021;03:23:00;57;Acidente sem vítima;272;BR-101/ES (Contorno de Vitória);Norte;Choque com Objeto Fixo;1;0;0;0;0;0;0;;;;1;0;0;0;0
01/01/2021;03:23:00;58;Acidente sem vítima;172,3;BR-101/ES;Sul;Atropelamento de Bovino;1;0;0;0;0;0;0;;;;2;0;0;0;0
01/01/2021;03:39:00;61;Acidente sem vítima;52,8;BR-101/ES;Sul;Colisão Traseira;2;0;0;0;0;0;0;;;;4;0;0;0;0
01/01/2021;06:59:00;89;Acidente com vítima;20,9;BR-101/ES;Sul;Choque com Objeto Fixo;1;0;0;0;0;0;0;;;;0;0;0;1;0
01/01/2021;12:36:00;187;Acidente sem vítima;355;BR-101/ES;Sul;Colisão Lateral;2;0;0;0;0;0;0;;;;7;0;0;0;0
01/01/2021;19:22:00;275;Acidente com vítima;446;BR-101/ES;Norte;Queda de ciclista;0;1;0;0;0;0;0;;;;0;1;0;0;0
01/01/2021;19:26:00;279;Acidente com vítima;84,3;BR-101/ES;Norte;Queda de Moto;0;0;0;1;0;0;0;;;;0;0;1;0;0
01/01/2021;19:41:00;282;Acidente sem vítima;49;BR-101/ES;Norte;Atropelamento Animal;1;0;0;0;0;0;0;;;;1;0;0;0;0
01/01/2021;21:23:00;300;Acidente sem vítima;348,5;BR-101/ES;Norte;Saída de Pista;1;0;0;0;0;0;0;;;;1;0;0;0;0
02/01/2021;00:10:00;6;Acidente com vítima;293;BR-101/ES (Contorno de Vitória);Norte;Choque com Objeto Fixo;1;0;0;0;0;0;0;;;;0;0;1;0;0
02/01/2021;03:10:00;48;Acidente sem vítima;402;BR-101/ES;Norte;Choque com Objeto Fixo;1;0;0;0;0;0;0;;;;2;0;0;0;0
02/01/2021;06:13:00;75;Acidente sem vítima;455,2;BR-101/ES;Sul;Tombamento;0;0;2;0;0;0;0;;;;1;0;0;0;0
02/01/2021;11:38:00;163;Acidente com vítima;141,4;BR-101/ES;Norte;Colisão Transversal;2;0;0;0;0;0;0;;;;0;3;2;1;0
02/01/2021;16:05:00;245;Acidente sem vítima;242,7;BR-101/ES;Sul;Choque com Objeto Fixo;1;0;0;0;0;0;0;;;;1;0;0;0;0
02/01/2021;18:04:00;284;Acidente sem vítima;407,9;BR-101/ES;Sul;Colisão Lateral;2;0;2;0;0;0;0;;;;11;0;0;0;0
02/01/2021;19:16:00;305;Acidente sem vítima;66,5;BR-101/ES;Norte;Colisão Traseira;2;0;0;0;0;0;0;;;;2;0;0;0;0
02/01/2021;19:16:00;306;Acidente com vítima;191;BR-101/ES;Sul;Colisão Transversal;2;0;0;0;0;0;0;;;;3;2;0;0;0
02/01/2021;19:52:00;311;Acidente com vítima;419;BR-101/ES;Sul;Colisão Frontal;3;0;0;0;0;0;0;;;;1;1;0;2;0
02/01/2021;23:10:00;361;Acidente sem vítima;293;BR-101/ES (Contorno de Vitória);Norte;Saída de Pista;1;0;0;0;0;0;0;;;;1;0;0;0;0
03/01/2021;00:32:00;13;Acidente sem vítima;76,8;BR-101/ES;Sul;Atropelamento Animal;1;0;0;0;0;0;0;;;;3;0;0;0;0
03/01/2021;06:24:00;81;Acidente sem vítima;223;BR-101/ES;Norte;Capotamento;1;0;0;0;0;0;0;;;;2;0;0;0;0
03/01/2021;08:04:00;95;Acidente sem vítima;197,1;BR-101/ES;Sul;Saída de Pista;1;0;0;0;0;0;0;;;;1;0;0;0;0
03/01/2021;08:53:00;106;Acidente sem vítima;278;BR-101/ES (Contorno de Vitória);Norte;Choque com Objeto Fixo;1;0;0;0;0;0;0;;;;1;0;0;0;0
03/01/2021;08:57:00;108;Acidente sem vítima;268;BR-101/ES;Sul;Engavetamento;3;0;0;0;0;0;0;;;;3;0;0;0;0
03/01/2021;08:58:00;109;Acidente sem vítima;368;BR-101/ES;Sul;Saída de Pista;1;0;0;0;0;0;0;;;;1;0;0;0;0
03/01/2021;10:22:00;134;Acidente sem vítima;398;BR-101/ES;Norte;Colisão Traseira;2;0;0;0;0;0;0;;;;6;0;0;0;0
03/01/2021;11:08:00;159;Acidente com vítima;183,6;BR-101/ES;Norte;Queda de Moto;0;0;0;1;0;0;0;;;;0;0;1;0;0
03/01/2021;11:25:00;168;Acidente sem vítima;224;BR-101/ES;Sul;Colisão Traseira;2;0;0;0;0;0;0;;;;2;0;0;0;0
03/01/2021;11:56:00;191;Acidente com vítima;277,2;BR-101/ES (Contorno de Vitória);Norte;Queda de Moto;0;0;0;1;0;0;0;;;;0;0;2;0;0
03/01/2021;12:40:00;209;Acidente sem vítima;183,6;BR-101/ES;Norte;Queda de Moto;0;0;0;1;0;0;0;;;;1;0;0;0;0
03/01/2021;12:40:00;210;Acidente sem vítima;183,6;BR-101/ES;Norte;Saída de Pista;1;0;0;0;0;0;0;;;;3;0;0;0;0
03/01/2021;13:24:00;222;Acidente sem vítima;264;BR-101/ES;Norte;Colisão Traseira;2;0;0;0;0;0;0;;;;2;0;0;0;0
03/01/2021;13:35:00;231;Acidente sem vítima;397;BR-101/ES;Sul;Colisão Traseira;2;0;0;0;0;0;0;;;;2;0;0;0;0
03/01/2021;14:32:00;253;Acidente sem vítima;226,1;BR-101/ES;Sul;Engavetamento;3;0;0;0;0;0;0;;;;3;0;0;0;0
03/01/2021;14:51:00;259;Acidente sem vítima;395,9;BR-101/ES;Sul;Colisão Traseira;1;0;1;0;0;0;0;;;;2;0;0;0;0
03/01/2021;15:30:00;274;Acidente com vítima;198,8;BR-101/ES;Sul;Saída de Pista;0;0;1;0;0;0;0;;;;0;1;0;0;0
03/01/2021;15:57:00;285;Acidente com vítima;310;BR-101/ES;Norte;Colisão Traseira;2;0;0;0;0;0;0;;;;7;1;0;0;0
03/01/2021;16:13:00;294;Acidente sem vítima;85;BR-101/ES;Sul;Colisão Traseira;3;0;0;0;0;0;0;;;;8;0;0;0;0
03/01/2021;17:14:00;315;Acidente sem vítima;222,9;BR-101/ES;Sul;Colisão Traseira;2;0;0;0;0;0;0;;;;5;0;0;0;0
03/01/2021;17:30:00;322;Acidente com vítima;13,5;BR-101/ES;Sul;Saída de Pista;1;0;0;0;0;0;0;;;;0;1;1;0;0
03/01/2021;17:46:00;333;Acidente com vítima;269;BR-101/ES;Sul;Colisão Transversal;2;0;0;0;0;0;0;;;;5;0;1;0;0
03/01/2021;18:23:00;347;Acidente sem vítima;276,4;BR-101/ES (Contorno de Vitória);Norte;Saída de Pista;1;0;0;0;0;0;0;;;;1;0;0;0;0
03/01/2021;18:39:00;352;Acidente sem vítima;206;BR-101/ES;Norte;Colisão Traseira;2;0;0;0;0;0;0;;;;3;0;0;0;0
03/01/2021;20:35:00;375;Acidente com vítima;270;BR-101/ES;Sul;Colisão Traseira;2;0;0;0;0;0;0;;;;3;0;1;0;0
03/01/2021;21:14:00;380;Atropelamento sem morte;270;BR-101/ES;Sul;Atropelamento;1;0;0;0;0;0;0;;;;1;1;0;0;0
03/01/2021;21:38:00;383;Acidente sem vítima;315;BR-101/ES;Sul;Atropelamento Animal;1;0;0;0;0;0;0;;;;3;0;0;0;0
03/01/2021;22:48:00;406;Acidente sem vítima;188;BR-101/ES;Norte;Saída de Pista;1;0;0;0;0;0;0;;;;2;0;0;0;0
03/01/2021;23:00:00;408;Acidente com vítima;181;BR-101/ES;Sul;Colisão Lateral;1;0;0;1;0;0;0;;;;3;1;1;0;0
04/01/2021;05:47:00;75;Acidente com vítima;448,1;BR-101/ES;Norte;Colisão Transversal;1;0;0;1;0;0;0;;;;1;0;1;0;0
04/01/2021;06:33:00;82;Acidente com vítima;282,5;BR-101/ES (Contorno de Vitória);Norte;Colisão Frontal;2;0;0;0;0;0;0;;;;2;0;2;0;0
04/01/2021;07:44:00;106;Acidente sem vítima;261;BR-101/ES;Sul;Engavetamento;3;0;0;0;0;0;0;;;;3;0;0;0;0
04/01/2021;08:38:00;121;Acidente sem vítima;61,3;BR-101/ES;Norte;Colisão Traseira;2;0;0;0;0;0;0;;;;6;0;0;0;0
04/01/2021;08:58:00;128;Acidente sem vítima;188,2;BR-101/ES;Sul;Saída de Pista;1;0;0;0;0;0;0;;;;1;0;0;0;0
04/01/2021;09:00:00;130;Acidente sem vítima;266,3;BR-101/ES;Sul;Colisão Traseira;2;0;0;0;0;0;0;;;;3;0;0;0;0
04/01/2021;09:08:00;131;Acidente sem vítima;280;BR-101/ES (Contorno de Vitória);Norte;Choque com Objeto Fixo;1;0;2;0;0;0;0;;;;2;0;0;0;0
04/01/2021;09:43:00;141;Acidente sem vítima;267,7;BR-101/ES;Sul;Colisão Lateral;1;0;1;0;0;0;0;;;;2;0;0;0;0
04/01/2021;10:59:00;175;Acidente sem vítima;188,2;BR-101/ES;Norte;Colisão Traseira;1;0;1;0;0;0;0;;;;2;0;0;0;0
04/01/2021;13:25:00;235;Acidente com vítima;279;BR-101/ES (Contorno de Vitória);Sul;Queda de Moto;0;0;0;1;0;0;0;;;;0;0;1;0;0
04/01/2021;21:15:00;350;Acidente sem vítima;264,5;BR-101/ES;Sul;Colisão Transversal;2;0;0;0;0;0;0;;;;3;0;0;0;0
04/01/2021;22:47:00;376;Atropelamento com morte;266,8;BR-101/ES;Norte;Atropelamento e Fuga;0;0;0;1;0;0;0;;;;1;0;0;0;1
05/01/2021;07:10:00;119;Acidente sem vítima;268,1;BR-101/ES;Norte;Colisão Traseira;1;0;0;0;1;0;0;;;;2;0;0;0;0
05/01/2021;08:38:00;155;Acidente com vítima;163,9;BR-101/ES;Sul;Colisão Transversal;2;0;0;0;0;0;0;;;;0;4;0;0;0
05/01/2021;09:19:00;171;Acidente sem vítima;271,5;BR-101/ES (Contorno de Vitória);Sul;Colisão Lateral;1;0;1;0;0;0;0;;;;2;0;0;0;0
05/01/2021;12:57:00;276;Acidente sem vítima;32,4;BR-101/ES;Sul;Colisão Transversal;2;0;0;0;0;0;0;;;;2;0;0;0;0
05/01/2021;13:20:00;285;Acidente com vítima;257,4;BR-101/ES;Sul;Colisão Traseira;1;0;0;1;0;0;0;;;;1;0;1;0;0
05/01/2021;14:54:00;316;Acidente sem vítima;384;BR-101/ES;Sul;Choque;0;0;3;0;0;0;0;;;;2;0;0;0;0
05/01/2021;20:02:00;395;Acidente com vítima;65,9;BR-101/ES;Norte;Colisão Lateral;0;0;0;1;1;0;0;;;;1;0;2;0;0
05/01/2021;21:27:00;419;Acidente sem vítima;245;BR-101/ES;Norte;Choque com Objeto Fixo;1;0;0;0;0;0;0;;;;1;0;0;0;0
06/01/2021;01:29:00;24;Acidente sem vítima;236;BR-101/ES;Norte;Colisão Frontal;2;0;0;0;0;0;0;;;;2;0;0;0;0
06/01/2021;07:29:00;124;Acidente com vítima;236,8;BR-101/ES;Norte;Queda de Bicicleta;0;1;0;0;0;0;0;;;;0;0;1;0;0
06/01/2021;08:47:00;157;Acidente com vítima;388,7;BR-101/ES;Norte;Tombamento;0;0;2;0;0;0;0;;;;0;0;1;0;0
06/01/2021;08:51:00;158;Acidente sem vítima;296,9;BR-101/ES;Norte;Colisão Lateral;1;0;4;0;0;0;0;;;;3;0;0;0;0
06/01/2021;09:33:00;172;Acidente sem vítima;304,6;BR-101/ES;Norte;Colisão Traseira;1;0;1;0;0;0;0;;;;3;0;0;0;0
06/01/2021;13:44:00;280;Acidente sem vítima;435,7;BR-101/ES;Norte;Colisão Frontal;1;0;2;0;0;0;0;;;;2;0;0;0;0
06/01/2021;14:03:00;284;Acidente com vítima;435;BR-101/ES;Sul;Queda de Moto;0;0;0;1;0;0;0;;;;0;2;0;0;0
06/01/2021;17:52:00;361;Acidente sem vítima;142;BR-101/ES;Sul;Engavetamento;3;0;0;0;0;0;0;;;;3;0;0;0;0
06/01/2021;19:00:00;376;Acidente com vítima;309;BR-101/ES;Sul;Colisão Transversal;1;0;0;1;0;0;0;;;;3;1;0;0;0
06/01/2021;20:51:00;404;Acidente com vítima;293,5;BR-101/ES (Contorno de Vitória);Sul;Colisão Lateral;1;0;1;0;0;0;0;;;;1;0;1;0;0
06/01/2021;22:27:00;425;Acidente sem vítima;437;BR-101/ES;Norte;Atropelamento Animal;1;0;0;0;0;0;0;;;;4;0;0;0;0
07/01/2021;07:00:00;100;Acidente com vítima;282,6;BR-101/ES (Contorno de Vitória);Norte;Queda de Moto;0;0;0;1;0;0;0;;;;0;0;2;0;0
07/01/2021;09:36:00;148;Acidente sem vítima;269,5;BR-101/ES;Norte;Colisão Lateral;1;0;2;0;0;0;0;;;;4;0;0;0;0
07/01/2021;12:04:00;220;Acidente com vítima;298,6;BR-101/ES;Norte;Colisão com ciclista;0;1;0;1;0;0;0;;;;0;1;1;0;0
07/01/2021;13:33:00;261;Acidente com vítima;376,4;BR-101/ES;Norte;Colisão Transversal;1;0;0;1;0;0;0;;;;2;1;0;0;0
07/01/2021;13:39:00;262;Acidente sem vítima;255,2;BR-101/ES;Sul;Engavetamento;2;0;1;0;0;0;0;;;;3;0;0;0;0
07/01/2021;16:39:00;319;Acidente sem vítima;447,8;BR-101/ES;Norte;Colisão Frontal;1;0;2;0;0;0;0;;;;3;0;0;0;0
07/01/2021;18:23:00;347;Acidente com vítima;270;BR-101/ES;Sul;Colisão Traseira;1;0;1;0;0;0;0;;;;0;0;1;0;0
07/01/2021;19:37:00;362;Acidente com vítima;293;BR-101/ES (Contorno de Vitória);Sul;Capotamento;1;0;0;0;0;0;0;;;;3;0;1;0;0
07/01/2021;19:43:00;364;Acidente sem vítima;266;BR-101/ES;Norte;Colisão Transversal;1;0;0;1;0;0;0;;;;2;0;0;0;0
07/01/2021;22:56:00;404;Acidente sem vítima;445;BR-101/ES;Sul;Veículo em Chamas;0;0;2;0;0;0;0;;;;2;0;0;0;0
08/01/2021;03:10:00;46;Acidente com vítima;127,6;BR-101/ES;Sul;Saída de Pista;1;0;0;0;0;0;0;;;;0;1;0;0;0
08/01/2021;05:09:00;65;Acidente sem vítima;319;BR-101/ES;Norte;Choque com Objeto Fixo;0;0;1;0;0;0;0;;;;1;0;0;0;0
08/01/2021;07:26:00;91;Acidente com vítima;111;BR-101/ES;Sul;Engavetamento;1;0;3;0;0;0;0;;;;5;1;0;0;0
08/01/2021;07:31:00;92;Acidente sem vítima;175,6;BR-101/ES;Norte;Colisão Traseira;1;0;2;0;0;0;0;;;;3;0;0;0;0
08/01/2021;10:32:00;162;Acidente sem vítima;264,5;BR-101/ES;Sul;Colisão Traseira;2;0;0;0;0;0;0;;;;2;0;0;0;0
08/01/2021;13:55:00;242;Atropelamento sem morte;300,3;BR-101/ES;Sul;Atropelamento;1;0;0;0;0;0;0;;;;1;1;1;0;0
08/01/2021;14:59:00;265;Acidente com vítima;269,3;BR-101/ES;Sul;Queda de Moto;0;0;0;1;0;0;0;;;;0;1;1;0;0
08/01/2021;15:20:00;270;Acidente sem vítima;265,9;BR-101/ES;Norte;Colisão Lateral;1;0;2;0;0;0;0;;;;4;0;0;0;0
08/01/2021;16:11:00;282;Acidente sem vítima;369,9;BR-101/ES;Norte;Saída de Pista;0;0;0;0;0;1;0;;;;1;0;0;0;0
08/01/2021;17:09:00;300;Acidente sem vítima;66,4;BR-101/ES;Sul;Colisão Lateral;2;0;0;0;0;0;0;;;;3;0;0;0;0
08/01/2021;17:40:00;312;Acidente sem vítima;448,1;BR-101/ES;Sul;Saída de Pista;1;0;0;0;0;0;0;;;;1;0;0;0;0
09/01/2021;03:46:00;63;Acidente sem vítima;296;BR-101/ES (Contorno de Vitória);Sul;Choque com Objeto Fixo;1;0;0;0;0;0;0;;;;1;0;0;0;0
09/01/2021;11:29:00;190;Acidente com vítima;179,6;BR-101/ES;Sul;Colisão Lateral;1;0;1;0;0;0;0;;;;1;2;0;0;0
09/01/2021;11:33:00;192;Acidente sem vítima;281,6;BR-101/ES (Contorno de Vitória);Sul;Colisão Traseira;2;0;0;0;0;0;0;;;;4;0;0;0;0
09/01/2021;11:53:00;198;Acidente com vítima;230,6;BR-101/ES;Norte;Colisão Lateral;1;0;0;1;0;0;0;;;;1;1;0;0;0
09/01/2021;12:15:00;210;Acidente sem vítima;334,5;BR-101/ES;Sul;Choque com Objeto Fixo;1;0;0;0;0;0;0;;;;1;0;0;0;0
09/01/2021;14:46:00;266;Acidente sem vítima;448,2;BR-101/ES;Sul;Saída de Pista;1;0;0;0;0;0;0;;;;2;0;0;0;0
09/01/2021;17:32:00;311;Acidente sem vítima;398,9;BR-101/ES;Sul;Colisão Traseira;2;0;0;0;0;0;0;;;;2;0;0;0;0
09/01/2021;19:31:00;329;Acidente sem vítima;146;BR-101/ES;Norte;Colisão Traseira;3;0;0;0;0;0;0;;;;3;0;0;0;0
09/01/2021;20:13:00;336;Acidente sem vítima;146;BR-101/ES;Norte;Colisão Traseira;2;0;0;0;0;0;0;;;;2;0;0;0;0
10/01/2021;14:04:00;239;Acidente com vítima;262,2;BR-101/ES;Norte;Colisão Traseira;2;0;0;0;0;0;0;;;;1;0;0;1;0
10/01/2021;17:14:00;292;Acidente com vítima;63,1;BR-101/ES;Sul;Saída de Pista;1;0;0;0;0;0;0;;;;0;0;1;0;0
10/01/2021;19:27:00;326;Acidente com vítima;379,2;BR-101/ES;Sul;Saída de Pista;1;0;0;0;0;0;0;;;;3;1;1;0;0
10/01/2021;19:30:00;328;Acidente sem vítima;271,1;BR-101/ES (Contorno de Vitória);Norte;Colisão Lateral;1;0;0;1;0;0;0;;;;2;0;0;0;0
10/01/2021;20:15:00;339;Acidente sem vítima;402;BR-101/ES;Sul;Saída de Pista;1;0;0;0;0;0;0;;;;2;0;0;0;0
10/01/2021;20:45:00;347;Acidente sem vítima;421;BR-101/ES;Sul;Choque com Objeto Fixo;1;0;0;0;0;0;0;;;;4;0;0;0;0
10/01/2021;22:35:00;377;Acidente com vítima;100,9;BR-101/ES;Sul;Colisão com ciclista;0;1;0;0;0;0;0;;;;0;0;1;0;0
11/01/2021;05:53:00;80;Acidente com vítima;300,1;BR-101/ES;Sul;Queda de Moto;0;0;0;1;0;0;0;;;;0;2;0;0;0
11/01/2021;07:18:00;107;Acidente com morte;63,1;BR-101/ES;Sul;Colisão Lateral;0;0;1;1;0;0;0;;;;3;0;1;0;1
11/01/2021;07:47:00;118;Acidente sem vítima;459,1;BR-101/ES;Sul;Choque com Objeto Fixo;1;0;0;0;0;0;0;;;;1;0;0;0;0
11/01/2021;08:07:00;122;Acidente com vítima;291,8;BR-101/ES (Contorno de Vitória);Norte;Colisão Traseira;1;0;0;1;0;0;0;;;;1;1;0;0;0
11/01/2021;08:57:00;146;Acidente com vítima;40,3;BR-101/ES;Norte;Colisão Frontal;2;0;0;0;0;0;0;;;;3;2;0;0;0
11/01/2021;14:22:00;267;Acidente com vítima;80,8;BR-101/ES;Sul;Capotamento;1;0;0;0;0;0;0;;;;0;0;1;0;0
11/01/2021;16:19:00;304;Atropelamento com morte;385,3;BR-101/ES;Sul;Atropelamento;0;0;2;0;0;0;0;;;;1;0;0;0;1
11/01/2021;21:14:00;381;Acidente sem vítima;256;BR-101/ES;Norte;Atropelamento Animal;1;0;0;0;0;0;0;;;;2;0;0;0;0
12/01/2021;05:19:00;77;Acidente sem vítima;202;BR-101/ES;Sul;Saída de Pista;1;0;0;0;0;0;0;;;;2;0;0;0;0
12/01/2021;06:09:00;91;Acidente com vítima;149,3;BR-101/ES;Norte;Colisão Lateral;1;0;1;0;0;0;0;;;;2;1;0;0;0
12/01/2021;10:03:00;173;Acidente com vítima;266,6;BR-101/ES;Sul;Queda de Moto;0;0;0;1;0;0;0;;;;0;0;1;0;0
12/01/2021;11:45:00;225;Acidente sem vítima;79,1;BR-101/ES;Norte;Colisão Traseira;2;0;0;0;0;0;0;;;;2;0;0;0;0
12/01/2021;15:48:00;312;Acidente com morte;176,7;BR-101/ES;Sul;Colisão Frontal;1;0;0;1;0;0;0;;;;2;0;0;0;1