data;horario;n_da_ocorrencia;tipo_de_ocorrencia;km;trecho;sentido;tipo_de_acidente;automovel;bicicleta;caminhao;moto;onibus;outros;tracao_animal;transporte_de_cargas_especiais;trator_maquinas;utilitarios;ilesos;levemente_feridos;moderadamente_feridos;gravemente_feridos;mortos
18/02/2021;16:21:00;347;Acidente com vítima;145,8;BR-101/ES;Sul;Colisão Lateral;1;0;0;1;0;0;0;;;;1;1;0;0;0
18/02/2021;17:47:00;373;Acidente com vítima;392,9;BR-101/ES;Sul;Queda de Moto;0;0;0;1;0;0;0;;;;0;1;0;0;0
18/02/2021;18:08:00;378;Acidente sem vítima;208;BR-101/ES;Sul;Colisão Lateral;0;0;1;0;0;0;0;;;;2;0;0;0;0
19/02/2021;04:37:00;59;Acidente com vítima;0,9;BR-101/ES;Norte;Tombamento;0;0;0;0;0;0;0;;;;0;0;0;1;0
19/02/2021;05:51:00;106;Acidente sem vítima;0,9;BR-101/ES;Norte;Colisão Lateral;0;0;2;0;0;0;0;;;;2;0;0;0;0
19/02/2021;07:38:00;118;Acidente sem vítima;177,5;BR-101/ES;Sul;Saída de Pista;0;0;1;0;0;0;0;;;;1;0;0;0;0
19/02/2021;12:36:00;234;Acidente com vítima;36,2;BR-101/ES;Sul;Queda de Moto;0;0;0;1;0;0;0;;;;0;1;0;0;0
19/02/2021;14:24:00;273;Acidente sem vítima;399;BR-101/ES;Sul;Colisão Lateral;1;0;0;0;0;0;0;;;;3;0;0;0;0
19/02/2021;15:16:00;289;Acidente com vítima;229,7;BR-101/ES;Sul;Queda de Moto;0;0;0;1;0;0;0;;;;0;2;0;0;0
19/02/2021;15:52:00;303;Acidente sem vítima;262;BR-101/ES;Sul;Colisão Traseira;2;0;0;0;0;0;0;;;;1;0;0;0;0
19/02/2021;16:43:00;320;Acidente sem vítima;228,5;BR-101/ES;Norte;Colisão Lateral;1;0;1;0;0;0;0;;;;3;0;0;0;0
19/02/2021;17:09:00;329;Acidente sem vítima;266,2;BR-101/ES;Norte;Colisão Traseira;2;0;0;0;0;0;0;;;;2;0;0;0;0
19/02/2021;17:34:00;340;Acidente com vítima;220,6;BR-101/ES;Norte;Colisão Traseira;0;0;1;1;0;0;0;;;;1;0;0;1;0
19/02/2021;18:11:00;351;Acidente sem vítima;214,1;BR-101/ES;Sul;Colisão Transversal;2;0;0;0;0;0;0;;;;5;0;0;0;0
19/02/2021;19:42:00;380;Acidente sem vítima;279;BR-101/ES (Contorno de Vitória);Sul;Saída de Pista;1;0;0;0;0;0;0;;;;1;0;0;0;0
20/02/2021;06:34:00;78;Acidente com vítima;259,8;BR-101/ES;Sul;Colisão Lateral;1;0;0;1;0;0;0;;;;1;0;1;0;0
20/02/2021;14:18:00;232;Acidente sem vítima;266;BR-101/ES;Sul;Colisão Traseira;1;0;0;0;1;0;0;;;;3;0;0;0;0
20/02/2021;15:00:00;245;Acidente com vítima;262;BR-101/ES;Norte;Queda de Moto;0;0;0;1;0;0;0;;;;0;1;0;0;0
20/02/2021;15:10:00;248;Acidente sem vítima;267;BR-101/ES;Norte;Colisão Lateral;1;0;0;0;1;0;0;;;;2;0;0;0;0
20/02/2021;15:29:00;254;Acidente com vítima;305;BR-101/ES;Sul;Queda de Moto;0;0;0;1;0;0;0;;;;0;0;2;0;0
20/02/2021;23:19:00;382;Acidente sem vítima;458;BR-101/ES;Sul;Choque;0;0;0;0;0;0;0;;;;1;0;0;0;0
21/02/2021;10:26:00;117;Acidente sem vítima;212,9;BR-101/ES;Sul;Saída de Pista;1;0;0;0;0;0;0;;;;1;0;0;0;0
21/02/2021;13:48:00;191;Acidente com vítima;412,4;BR-101/ES;Sul;Colisão Lateral;0;0;0;1;0;0;0;;;;1;0;0;1;0
21/02/2021;16:49:00;230;Acidente sem vítima;171,7;BR-101/ES;Sul;Colisão Traseira;2;0;0;0;0;0;0;;;;5;0;0;0;0
21/02/2021;19:44:00;274;Acidente com vítima;297,53;BR-101/ES;Norte;Colisão com ciclista;1;1;0;0;0;0;0;;;;1;0;1;0;0
22/02/2021;10:02:00;194;Acidente com vítima;270,5;BR-101/ES;Norte;Colisão Lateral;1;0;0;1;0;0;0;;;;1;1;0;0;0
22/02/2021;13:49:00;302;Acidente com vítima;30,5;BR-101/ES;Sul;Colisão Lateral;1;0;0;1;0;0;0;;;;0;0;1;0;0
22/02/2021;17:29:00;365;Acidente sem vítima;234;BR-101/ES;Sul;Colisão Traseira;2;0;0;0;0;0;0;;;;5;0;0;0;0
22/02/2021;17:31:00;367;Acidente sem vítima;446,7;BR-101/ES;Sul;Saída de Pista;1;0;0;0;0;0;0;;;;1;0;0;0;0
23/02/2021;08:17:00;148;Acidente sem vítima;190,5;BR-101/ES;Sul;Colisão Transversal;2;0;0;0;0;0;0;;;;2;0;0;0;0
23/02/2021;09:21:00;181;Acidente sem vítima;263,1;BR-101/ES;Norte;Colisão Lateral;0;0;1;0;0;0;0;;;;2;0;0;0;0
23/02/2021;09:37:00;186;Acidente sem vítima;213,6;BR-101/ES;Norte;Capotamento;1;0;0;0;0;0;0;;;;1;0;0;0;0
23/02/2021;11:45:00;245;Acidente com vítima;392,4;BR-101/ES;Norte;Colisão Traseira;1;0;0;1;0;0;0;;;;1;0;1;0;0
23/02/2021;13:53:00;297;Acidente sem vítima;257,1;BR-101/ES;Sul;Colisão Lateral;0;0;2;0;0;0;0;;;;2;0;0;0;0
23/02/2021;14:12:00;300;Acidente sem vítima;263;BR-101/ES;Sul;Colisão Traseira;2;0;0;0;0;0;0;;;;1;0;0;0;0
23/02/2021;16:03:00;336;Acidente sem vítima;303,5;BR-101/ES;Sul;Saída de Pista;0;0;1;0;0;0;0;;;;1;0;0;0;0
23/02/2021;18:07:00;379;Acidente com vítima;288,3;BR-101/ES (Contorno de Vitória);Norte;Colisão Traseira;1;0;0;1;0;0;0;;;;2;0;1;0;0
24/02/2021;08:11:00;150;Acidente com vítima;387,5;BR-101/ES;Sul;Colisão Traseira;2;0;0;0;0;0;0;;;;1;1;0;0;0
24/02/2021;10:14:00;197;Acidente sem vítima;142;BR-101/ES;Norte;Colisão Traseira;2;0;0;0;0;0;0;;;;3;0;0;0;0
24/02/2021;12:25:00;269;Acidente sem vítima;269;BR-101/ES;Sul;Colisão Traseira;1;0;0;0;0;0;0;;;;1;0;0;0;0
24/02/2021;14:15:00;309;Acidente com vítima;258;BR-101/ES;Norte;Saída de Pista;1;0;0;0;0;0;0;;;;2;0;1;0;0
24/02/2021;14:19:00;311;Acidente sem vítima;50,9;BR-101/ES;Sul;Colisão Lateral;1;0;0;0;0;0;0;;;;4;0;0;0;0
24/02/2021;15:10:00;322;Acidente sem vítima;49,9;BR-101/ES;Norte;Colisão Traseira;2;0;0;0;0;0;0;;;;4;0;0;0;0
24/02/2021;20:48:00;426;Acidente sem vítima;263;BR-101/ES;Sul;Atropelamento de Bovino;1;0;0;0;0;0;0;;;;2;0;0;0;0
25/02/2021;04:59:00;66;Acidente com vítima;137;BR-101/ES;Sul;Queda de Bicicleta;0;1;0;0;0;0;0;;;;0;1;0;0;0
25/02/2021;07:30:00;125;Acidente sem vítima;300,5;BR-101/ES;Norte;Colisão Lateral;1;0;1;0;0;0;0;;;;2;0;0;0;0
25/02/2021;09:08:00;163;Acidente sem vítima;267,1;BR-101/ES;Sul;Colisão Traseira;1;0;0;1;0;0;0;;;;2;0;0;0;0
25/02/2021;10:56:00;206;Acidente sem vítima;145,9;BR-101/ES;Sul;Colisão Traseira;2;0;0;0;0;0;0;;;;2;0;0;0;0
25/02/2021;11:35:00;225;Acidente com vítima;12,1;BR-101/ES;Norte;Colisão Lateral;1;0;0;0;0;1;0;;;;4;0;1;0;0
25/02/2021;15:06:00;292;Acidente sem vítima;303;BR-101/ES;Norte;Saída de Pista;1;0;0;0;0;0;0;;;;2;0;0;0;0
25/02/2021;16:22:00;312;Acidente com vítima;159,8;BR-101/ES;Sul;Colisão Traseira;1;0;1;0;0;0;0;;;;1;0;1;0;0
26/02/2021;00:37:00;17;Acidente sem vítima;289;BR-101/ES (Contorno de Vitória);Sul;Colisão Traseira;1;0;1;0;0;0;0;;;;1;0;0;0;0
26/02/2021;01:16:00;22;Acidente sem vítima;270,9;BR-101/ES;Norte;Choque com Objeto Fixo;0;0;0;0;0;0;0;;;;1;0;0;0;0
26/02/2021;05:02:00;108;Acidente sem vítima;8,6;BR-101/ES;Sul;Veículo em Chamas;0;0;0;0;0;0;0;;;;1;0;0;0;0
26/02/2021;05:39:00;115;Acidente com vítima;69;BR-101/ES;Norte;Colisão Lateral;1;0;0;1;0;0;0;;;;1;1;1;0;0
26/02/2021;06:09:00;118;Acidente sem vítima;250;BR-101/ES;Norte;Saída de Pista;1;0;0;0;0;0;0;;;;1;0;0;0;0
26/02/2021;10:15:00;187;Acidente sem vítima;452;BR-101/ES;Norte;Colisão Traseira;2;0;0;0;0;0;0;;;;9;0;0;0;0
26/02/2021;10:23:00;189;Acidente com vítima;267;BR-101/ES;Sul;Colisão Traseira;1;0;0;1;0;0;0;;;;1;0;1;0;0
26/02/2021;11:07:00;213;Acidente sem vítima;294,8;BR-101/ES (Contorno de Vitória);Sul;Colisão Lateral;1;0;0;1;0;0;0;;;;1;0;0;0;0
26/02/2021;12:25:00;244;Acidente com vítima;298,1;BR-101/ES;Norte;Colisão Lateral;1;0;0;1;0;0;0;;;;1;2;0;0;0
26/02/2021;12:59:00;260;Acidente com vítima;210,3;BR-101/ES;Sul;Colisão Lateral;2;0;0;0;0;0;0;;;;1;2;0;0;0
26/02/2021;13:55:00;273;Acidente sem vítima;269;BR-101/ES;Sul;Colisão Traseira;0;0;1;0;0;0;0;;;;2;0;0;0;0
26/02/2021;15:02:00;291;Acidente sem vítima;266,7;BR-101/ES;Norte;Engavetamento;2;0;1;0;0;0;0;;;;3;0;0;0;0
26/02/2021;15:06:00;295;Acidente sem vítima;213;BR-101/ES;Norte;Engavetamento;2;0;1;0;0;0;0;;;;5;0;0;0;0
26/02/2021;16:33:00;313;Acidente com vítima;272,8;BR-101/ES (Contorno de Vitória);Norte;Colisão Traseira;3;0;0;0;0;0;0;;;;2;0;1;0;0
26/02/2021;17:20:00;332;Acidente sem vítima;146,6;BR-101/ES;Sul;Colisão Traseira;2;0;0;0;0;0;0;;;;2;0;0;0;0
26/02/2021;19:22:00;353;Acidente sem vítima;91,8;BR-101/ES;Norte;Capotamento;1;0;0;0;0;0;0;;;;1;0;0;0;0
26/02/2021;19:45:00;360;Acidente com vítima;261;BR-101/ES;Sul;Queda de Moto;0;0;0;1;0;0;0;;;;0;0;1;0;0
27/02/2021;02:59:00;70;Acidente sem vítima;266;BR-101/ES;Norte;Colisão Transversal;2;0;0;0;0;0;0;;;;4;0;0;0;0
27/02/2021;05:10:00;88;Acidente sem vítima;259,9;BR-101/ES;Sul;Choque com Objeto Fixo;1;0;0;0;0;0;0;;;;1;0;0;0;0
27/02/2021;07:35:00;116;Acidente com vítima;944,9;BR-101/BA;Sul;Queda de Moto;0;0;0;1;0;0;0;;;;0;2;0;0;0
27/02/2021;10:30:00;178;Acidente sem vítima;287,5;BR-101/ES (Contorno de Vitória);Sul;Colisão Traseira;1;0;1;0;0;0;0;;;;2;0;0;0;0
27/02/2021;11:23:00;202;Acidente com vítima;157,8;BR-101/ES;Norte;Queda de Moto;0;0;0;1;0;0;0;;;;1;0;1;0;0
27/02/2021;12:04:00;220;Acidente sem vítima;335,1;BR-101/ES;Sul;Colisão Traseira;1;0;0;0;1;0;0;;;;5;0;0;0;0
27/02/2021;13:20:00;246;Acidente com vítima;62,8;BR-101/ES;Norte;Queda de Moto;0;0;0;1;0;0;0;;;;0;0;2;0;0
27/02/2021;14:15:00;263;Acidente sem vítima;274,6;BR-101/ES (Contorno de Vitória);Sul;Choque com Objeto Fixo;1;0;0;0;0;0;0;;;;1;0;0;0;0
27/02/2021;23:52:00;440;Acidente sem vítima;263;BR-101/ES;Sul;Choque com Objeto Fixo;1;0;0;0;0;0;0;;;;1;0;0;0;0
27/02/2021;23:59:00;442;Acidente com vítima;149,3;BR-101/ES;Norte;Colisão Transversal;2;0;0;0;0;0;0;;;;1;1;0;0;0
28/02/2021;07:35:00;92;Acidente com vítima;239,9;BR-101/ES;Sul;Colisão Traseira;1;0;1;0;0;0;0;;;;2;0;1;0;0
28/02/2021;07:58:00;101;Acidente com vítima;265;BR-101/ES;Norte;Choque com Objeto Fixo;1;0;0;0;0;0;0;;;;0;0;1;0;0
28/02/2021;13:13:00;217;Acidente com vítima;235;BR-101/ES;Sul;Capotamento;1;0;0;0;0;0;0;;;;0;2;2;0;0
28/02/2021;15:03:00;243;Acidente com vítima;367,9;BR-101/ES;Sul;Colisão Frontal;2;0;0;0;0;0;0;;;;0;1;3;0;0
28/02/2021;17:03:00;283;Acidente com vítima;266,5;BR-101/ES;Sul;Colisão Transversal;1;0;0;1;0;0;0;;;;1;0;1;0;0
28/02/2021;17:59:00;301;Atropelamento sem morte;259,7;BR-101/ES;Norte;Atropelamento;0;0;0;1;0;0;0;;;;1;0;1;1;0
28/02/2021;20:44:00;337;Acidente sem vítima;11,4;BR-101/ES;Sul;Colisão Traseira;1;0;0;0;0;0;0;;;;1;0;0;0;0
28/02/2021;21:51:00;345;Acidente sem vítima;91;BR-101/ES;Sul;Colisão Traseira;2;0;0;0;0;0;0;;;;7;0;0;0;0
28/02/2021;22:04:00;348;Acidente com morte;265,5;BR-101/ES;Sul;Choque com Objeto Fixo;1;0;0;1;0;0;0;;;;2;0;0;0;1
28/02/2021;22:33:00;354;Acidente sem vítima;266;BR-101/ES;Norte;Colisão Transversal;2;0;0;0;0;0;0;;;;3;0;0;0;0
01/03/2021;03:34:00;50;Acidente sem vítima;206;BR-101/ES;Sul;Choque com Objeto Fixo;1;0;0;0;0;0;0;;;;2;0;0;0;0
01/03/2021;07:23:00;135;Acidente sem vítima;293;BR-101/ES;Norte;Colisão Lateral;1;0;0;1;0;0;0;;;;1;0;0;0;0
01/03/2021;08:05:00;148;Acidente sem vítima;304;BR-101/ES;Norte;Colisão Traseira;1;0;2;0;0;0;0;;;;5;0;0;0;0
01/03/2021;09:27:00;179;Acidente sem vítima;184,4;BR-101/ES;Norte;Engavetamento;3;0;0;0;0;0;0;;;;6;0;0;0;0
01/03/2021;12:07:00;257;Acidente sem vítima;295;BR-101/ES;Sul;Saída de Pista;1;0;0;0;0;0;0;;;;1;0;0;0;0
01/03/2021;12:29:00;264;Acidente com vítima;267,15;BR-101/ES;Norte;Colisão Lateral;1;0;0;1;0;0;0;;;;1;0;1;0;0
01/03/2021;14:10:00;297;Acidente com vítima;228;BR-101/ES;Sul;Engavetamento;3;0;1;0;0;0;0;;;;4;1;0;0;0
01/03/2021;14:24:00;304;Acidente sem vítima;286,5;BR-101/ES;Sul;Choque com Objeto Fixo;1;0;0;0;0;0;0;;;;2;0;0;0;0
01/03/2021;15:04:00;315;Acidente sem vítima;293;BR-101/ES;Sul;Colisão Traseira;2;0;0;0;0;0;0;;;;3;0;0;0;0
01/03/2021;17:18:00;358;Acidente sem vítima;214;BR-101/ES;Norte;Colisão Traseira;1;0;1;0;0;0;0;;;;4;0;0;0;0
01/03/2021;20:03:00;396;Acidente com vítima;222,8;BR-101/ES;Norte;Saída de Pista;1;0;0;0;0;0;0;;;;0;1;1;0;0
01/03/2021;20:22:00;399;Acidente com vítima;441,9;BR-101/ES;Sul;Saída de Pista;1;0;0;0;0;0;0;;;;0;0;1;0;0
01/03/2021;23:42:00;459;Acidente sem vítima;300;BR-101/ES;Sul;Queda de Moto;0;0;0;1;0;0;0;;;;1;0;0;0;0
02/03/2021;00:41:00;12;Acidente sem vítima;383,8;BR-101/ES;Sul;Saída de Pista;1;0;1;0;0;0;0;;;;2;0;0;0;0
02/03/2021;07:21:00;122;Acidente sem vítima;442;BR-101/ES;Sul;Colisão Lateral;0;0;3;0;0;0;0;;;;2;0;0;0;0
02/03/2021;12:16:00;225;Acidente sem vítima;264;BR-101/ES;Norte;Colisão Traseira;1;0;1;0;0;0;0;;;;2;0;0;0;0
02/03/2021;12:51:00;234;Acidente sem vítima;452;BR-101/ES;Sul;Colisão Traseira;1;0;2;0;0;0;0;;;;2;0;0;0;0
02/03/2021;15:50:00;288;Acidente sem vítima;262;BR-101/ES;Sul;Colisão Traseira;2;0;0;0;0;0;0;;;;2;0;0;0;0
02/03/2021;20:29:00;356;Acidente sem vítima;111,5;BR-101/ES;Norte;Saída de Pista;1;0;0;0;0;0;0;;;;1;0;0;0;0
03/03/2021;06:38:00;119;Acidente sem vítima;317,7;BR-101/ES;Sul;Veículo em Chamas;1;0;0;0;0;0;0;;;;3;0;0;0;0
03/03/2021;10:37:00;226;Acidente com vítima;292,1;BR-101/ES;Norte;Colisão Traseira;1;0;0;1;0;0;0;;;;1;1;0;0;0
03/03/2021;11:27:00;253;Acidente sem vítima;264;BR-101/ES;Norte;Colisão Transversal;2;0;0;0;0;0;0;;;;2;0;0;0;0
03/03/2021;11:51:00;260;Acidente sem vítima;206,7;BR-101/ES;Norte;Choque com Objeto Fixo;0;0;2;0;0;0;0;;;;1;0;0;0;0
03/03/2021;11:56:00;264;Acidente sem vítima;222,6;BR-101/ES;Sul;Colisão Traseira;2;0;0;0;0;0;0;;;;6;0;0;0;0
03/03/2021;12:25:00;274;Acidente sem vítima;298,6;BR-101/ES;Sul;Choque com Objeto Fixo;0;0;2;0;0;0;0;;;;1;0;0;0;0
03/03/2021;12:29:00;280;Acidente com vítima;279,7;BR-101/ES;Norte;Colisão Transversal;1;0;0;1;0;0;0;;;;1;0;1;0;0
03/03/2021;12:52:00;289;Acidente com vítima;266,3;BR-101/ES;Norte;Colisão Transversal;1;0;0;1;0;0;0;;;;4;0;1;0;0
03/03/2021;17:18:00;378;Atropelamento sem morte;270,1;BR-101/ES;Sul;Atropelamento;0;0;0;1;0;0;0;;;;1;0;2;0;0
03/03/2021;18:39:00;397;Acidente sem vítima;213;BR-101/ES;Sul;Queda de Moto;0;0;0;1;0;0;0;;;;1;0;0;0;0
03/03/2021;22:52:00;461;Acidente com vítima;139;BR-101/ES;Norte;Queda de Moto;0;0;0;1;0;0;0;;;;0;1;0;0;0
04/03/2021;00:20:00;10;Acidente sem vítima;48;BR-101/ES;Sul;Choque com Objeto Fixo;1;0;0;0;0;0;0;;;;1;0;0;0;0
04/03/2021;03:55:00;65;Acidente com vítima;402,8;BR-101/ES;Norte;Queda de Moto;0;0;0;1;0;0;0;;;;0;1;0;0;0
04/03/2021;06:59:00;124;Acidente sem vítima;272,8;BR-101/ES;Norte;Choque com Objeto Fixo;1;0;0;0;0;0;0;;;;2;0;0;0;0
04/03/2021;07:16:00;132;Acidente sem vítima;266;BR-101/ES;Sul;Colisão Lateral;1;0;2;0;0;0;0;;;;2;0;0;0;0
04/03/2021;07:28:00;136;Acidente com vítima;266,3;BR-101/ES;Sul;Colisão Lateral;0;0;0;2;0;0;0;;;;1;0;1;0;0
04/03/2021;12:16:00;242;Acidente sem vítima;422;BR-101/ES;Norte;Colisão Traseira;1;0;2;0;0;0;0;;;;3;0;0;0;0
04/03/2021;13:24:00;264;Acidente sem vítima;273,5;BR-101/ES;Sul;Queda de Moto;0;0;0;1;0;0;0;;;;2;0;0;0;0
04/03/2021;14:10:00;275;Acidente sem vítima;273,5;BR-101/ES;Sul;Queda de Moto;0;0;0;1;0;0;0;;;;1;0;0;0;0
04/03/2021;14:50:00;291;Acidente sem vítima;146,5;BR-101/ES;Norte;Colisão Traseira;0;0;0;1;1;0;0;;;;2;0;0;0;0
04/03/2021;16:48:00;336;Acidente sem vítima;269;BR-101/ES;Sul;Engavetamento;3;0;2;0;0;0;0;;;;4;0;0;0;0
04/03/2021;17:35:00;352;Atropelamento sem morte;268;BR-101/ES;Sul;Atropelamento;0;0;0;1;0;0;0;;;;1;0;1;0;0
04/03/2021;17:43:00;354;Acidente com vítima;92,1;BR-101/ES;Norte;Colisão Traseira;1;0;4;0;0;0;0;;;;1;1;0;0;0
04/03/2021;18:11:00;359;Acidente sem vítima;140,5;BR-101/ES;Norte;Engavetamento;2;0;0;0;0;0;0;;;;4;0;0;0;0
05/03/2021;02:10:00;47;Acidente sem vítima;310,8;BR-101/ES;Norte;Choque;1;0;0;0;0;0;0;;;;1;0;0;0;0
05/03/2021;03:21:00;59;Acidente com vítima;380;BR-101/ES;Sul;Saída de Pista;1;0;0;0;0;0;0;;;;0;1;1;0;0
05/03/2021;10:12:00;205;Acidente sem vítima;221;BR-101/ES;Norte;Colisão Traseira;2;0;0;0;0;0;0;;;;4;0;0;0;0
05/03/2021;15:25:00;322;Acidente sem vítima;353,4;BR-101/ES;Sul;Colisão Traseira;2;0;0;0;0;0;0;;;;2;0;0;0;0
05/03/2021;17:51:00;375;Acidente sem vítima;146;BR-101/ES;Sul;Colisão Traseira;2;0;0;0;0;0;0;;;;2;0;0;0;0
05/03/2021;17:59:00;379;Acidente sem vítima;262,5;BR-101/ES;Norte;Engavetamento;3;0;0;0;0;0;0;;;;3;0;0;0;0
05/03/2021;19:50:00;416;Acidente com vítima;209,887;BR-101/ES;Sul;Choque com Veículo Estacionado;0;0;4;0;0;0;0;;;;2;0;1;1;0
05/03/2021;20:02:00;420;Atropelamento sem morte;266;BR-101/ES;Sul;Atropelamento;1;0;0;0;0;0;0;;;;3;0;1;0;0
05/03/2021;20:56:00;432;Acidente com vítima;238;BR-101/ES;Norte;Colisão Lateral;1;0;0;1;0;0;0;;;;1;0;1;0;0
06/03/2021;00:37:00;10;Acidente sem vítima;376;BR-101/ES;Sul;Choque com Veículo Estacionado;1;0;2;0;0;0;0;;;;2;0;0;0;0
06/03/2021;10:17:00;156;Acidente com vítima;135,9;BR-101/ES;Sul;Colisão Transversal;2;0;0;0;0;0;0;;;;1;0;1;0;0
06/03/2021;11:35:00;186;Acidente sem vítima;146,2;BR-101/ES;Norte;Engavetamento;3;0;0;0;0;0;0;;;;5;0;0;0;0
06/03/2021;12:23:00;208;Acidente com vítima;297,5;BR-101/ES;Norte;Colisão Lateral;1;0;4;0;0;0;0;;;;1;1;0;0;0
07/03/2021;00:59:00;21;Acidente sem vítima;355,1;BR-101/ES;Norte;Colisão Frontal;2;0;0;0;0;0;0;;;;4;0;0;0;0
07/03/2021;03:18:00;52;Acidente com vítima;67;BR-101/ES;Norte;Colisão Transversal;1;0;2;0;0;0;0;;;;1;0;1;0;0
07/03/2021;04:21:00;65;Acidente sem vítima;3;BR-101/ES;Norte;Saída de Pista;1;0;0;0;0;0;0;;;;1;0;0;0;0
07/03/2021;05:07:00;74;Acidente sem vítima;286;BR-101/ES;Norte;Choque com Objeto Fixo;1;0;0;0;0;0;0;;;;1;0;0;0;0
07/03/2021;06:18:00;99;Acidente sem vítima;149;BR-101/ES;Norte;Colisão Transversal;1;0;1;0;0;0;0;;;;4;0;0;0;0
07/03/2021;13:14:00;229;Acidente com vítima;324,1;BR-101/ES;Norte;Queda de Moto;0;0;0;1;0;0;0;;;;1;1;0;0;0
07/03/2021;13:40:00;235;Acidente sem vítima;171,8;BR-101/ES;Sul;Choque com Objeto Fixo;0;0;3;0;0;0;0;;;;1;0;0;0;0
07/03/2021;17:04:00;293;Acidente com vítima;277,8;BR-101/ES;Norte;Choque com Objeto Fixo;1;0;0;0;0;0;0;;;;0;0;2;0;0
07/03/2021;17:48:00;308;Acidente com vítima;289;BR-101/ES;Norte;Saída de Pista;1;0;0;0;0;0;0;;;;1;1;0;0;0
07/03/2021;20:19:00;347;Acidente sem vítima;313;BR-101/ES;Sul;Saída de Pista;1;0;0;0;0;0;0;;;;2;0;0;0;0
07/03/2021;20:46:00;356;Acidente sem vítima;334;BR-101/ES;Norte;Choque com Objeto Fixo;0;0;2;0;0;0;0;;;;1;0;0;0;0
07/03/2021;21:41:00;385;Acidente sem vítima;264;BR-101/ES;Norte;Colisão Transversal;1;0;1;0;0;0;0;;;;2;0;0;0;0
07/03/2021;23:08:00;409;Acidente com vítima;72;BR-101/ES;Sul;Colisão Transversal;2;0;0;0;0;0;0;;;;1;1;0;0;0
08/03/2021;02:27:00;46;Acidente com vítima;343;BR-101/ES;Norte;Saída de Pista;0;0;2;0;0;0;0;;;;0;1;0;0;0
08/03/2021;04:08:00;59;Acidente sem vítima;313;BR-101/ES;Norte;Saída de Pista;1;0;0;0;0;0;0;;;;1;0;0;0;0
08/03/2021;06:53:00;115;Atropelamento sem morte;270;BR-101/ES;Norte;Atropelamento;1;0;0;1;0;0;0;;;;1;1;2;0;0
08/03/2021;08:14:00;148;Acidente com vítima;268;BR-101/ES;Sul;Colisão Lateral;1;0;0;1;0;0;0;;;;1;1;0;0;0
08/03/2021;12:50:00;267;Acidente sem vítima;264;BR-101/ES;Norte;Colisão Transversal;2;0;0;0;0;0;0;;;;2;0;0;0;0
08/03/2021;14:03:00;298;Acidente com vítima;40,9;BR-101/ES;Norte;Queda de Moto;0;0;0;1;0;0;0;;;;0;2;0;0;0
08/03/2021;14:42:00;303;Acidente sem vítima;265,7;BR-101/ES;Sul;Colisão Traseira;2;0;0;0;0;0;0;;;;2;0;0;0;0
08/03/2021;16:13:00;320;Acidente sem vítima;415;BR-101/ES;Sul;Saída de Pista;0;0;1;0;0;0;0;;;;1;0;0;0;0
08/03/2021;16:49:00;334;Acidente sem vítima;442;BR-101/ES;Sul;Colisão Lateral;0;0;2;0;0;0;0;;;;2;0;0;0;0
08/03/2021;17:54:00;357;Acidente com vítima;270,3;BR-101/ES;Norte;Colisão Traseira;1;0;1;0;0;0;0;;;;2;0;1;0;0
08/03/2021;18:45:00;370;Acidente com morte;310,5;BR-101/ES;Norte;Colisão Frontal;1;0;1;1;0;0;0;;;;2;0;0;0;1
08/03/2021;18:56:00;371;Acidente com vítima;298;BR-101/ES;Norte;Colisão Traseira;5;0;1;1;0;0;0;;;;6;1;0;0;0
08/03/2021;23:46:00;434;Acidente com vítima;161,5;BR-101/ES;Norte;Colisão Frontal;1;0;0;1;0;0;0;;;;1;1;0;0;0
09/03/2021;07:28:00;125;Acidente com vítima;266,1;BR-101/ES;Sul;Colisão Traseira;1;0;0;1;0;0;0;;;;2;1;0;0;0
09/03/2021;09:21:00;162;Acidente com vítima;100;BR-101/ES;Sul;Queda de Moto;0;0;0;1;0;0;0;;;;0;1;0;0;0
09/03/2021;10:19:00;185;Acidente sem vítima;269;BR-101/ES;Sul;Saída de Pista;1;0;0;0;0;0;0;;;;1;0;0;0;0
09/03/2021;13:09:00;264;Acidente com vítima;147;BR-101/ES;Sul;Colisão Traseira;1;0;0;1;0;0;0;;;;1;0;1;0;0
09/03/2021;14:28:00;287;Acidente sem vítima;286;BR-101/ES;Norte;Choque com Objeto Fixo;1;0;0;0;0;0;0;;;;1;0;0;0;0
09/03/2021;14:45:00;291;Acidente sem vítima;286;BR-101/ES;Norte;Choque com Objeto Fixo;0;0;1;0;0;0;0;;;;1;0;0;0;0
09/03/2021;14:50:00;293;Acidente sem vítima;362;BR-101/ES;Norte;Colisão Traseira;1;0;1;0;0;1;0;;;;6;0;0;0;0
09/03/2021;15:14:00;302;Acidente sem vítima;283;BR-101/ES;Sul;Saída de Pista;0;0;1;0;0;0;0;;;;1;0;0;0;0
09/03/2021;15:31:00;305;Acidente sem vítima;256;BR-101/ES;Norte;Colisão Traseira;1;0;1;0;0;0;0;;;;2;0;0;0;0
09/03/2021;16:36:00;320;Acidente com morte;949;BR-101/BA;Norte;Colisão Frontal;1;0;2;0;0;0;0;;;;1;0;1;0;1
09/03/2021;19:45:00;370;Acidente sem vítima;303;BR-101/ES;Sul;Choque com Objeto Fixo;1;0;0;0;0;0;0;;;;1;0;0;0;0
09/03/2021;20:22:00;379;Acidente sem vítima;294,5;BR-101/ES;Norte;Saída de Pista;1;0;0;0;0;0;0;;;;2;0;0;0;0