data;horario;n_da_ocorrencia;tipo_de_ocorrencia;km;trecho;sentido;tipo_de_acidente;automovel;bicicleta;caminhao;moto;onibus;outros;tracao_animal;transporte_de_cargas_especiais;trator_maquinas;utilitarios;ilesos;levemente_feridos;moderadamente_feridos;gravemente_feridos;mortos
09/03/2021;20:28:00;380;Acidente sem vítima;145,9;BR-101/ES;Norte;Colisão Traseira;2;0;0;0;0;0;0;;;;2;0;0;0;0
09/03/2021;20:59:00;390;Acidente com vítima;362;BR-101/ES;Norte;Saída de Pista;1;0;0;0;0;0;0;;;;1;2;0;0;0
10/03/2021;02:49:00;93;Acidente sem vítima;316;BR-101/ES;Norte;Veículo em Chamas;1;0;0;0;0;0;0;;;;1;0;0;0;0
10/03/2021;05:47:00;123;Acidente sem vítima;233;BR-101/ES;Norte;Veículo em Chamas;0;0;2;0;0;0;0;;;;1;0;0;0;0
10/03/2021;06:27:00;129;Acidente com vítima;352;BR-101/ES;Sul;Colisão Traseira;1;0;1;0;0;0;0;;;;2;1;0;1;0
10/03/2021;06:38:00;132;Acidente sem vítima;292;BR-101/ES;Sul;Choque com Objeto Fixo;0;0;2;0;0;0;0;;;;1;0;0;0;0
10/03/2021;06:45:00;136;Acidente sem vítima;290;BR-101/ES;Sul;Colisão Traseira;2;0;0;0;0;0;0;;;;2;0;0;0;0
10/03/2021;07:51:00;154;Acidente com vítima;66;BR-101/ES;Norte;Colisão Traseira;1;0;1;0;0;0;0;;;;1;1;0;0;0
10/03/2021;09:19:00;177;Acidente sem vítima;282;BR-101/ES;Norte;Engavetamento;2;0;0;0;2;0;0;;;;4;0;0;0;0
10/03/2021;12:41:00;263;Acidente sem vítima;394;BR-101/ES;Sul;Colisão Traseira;2;0;0;0;0;0;0;;;;4;0;0;0;0
10/03/2021;13:07:00;276;Atropelamento sem morte;295,5;BR-101/ES;Norte;Atropelamento;1;0;0;0;0;0;0;;;;1;0;0;1;0
10/03/2021;14:29:00;300;Acidente sem vítima;146;BR-101/ES;Sul;Colisão Traseira;2;0;0;0;0;0;0;;;;4;0;0;0;0
10/03/2021;19:05:00;372;Acidente sem vítima;272;BR-101/ES;Sul;Colisão Traseira;0;0;2;0;0;0;0;;;;2;0;0;0;0
10/03/2021;20:57:00;391;Acidente com vítima;298;BR-101/ES;Sul;Choque;0;0;0;1;0;0;0;;;;0;0;1;0;0
10/03/2021;21:21:00;396;Acidente sem vítima;7;BR-101/ES (Contorno Iconha);Norte;Choque com Objeto Fixo;1;0;0;0;0;0;0;;;;1;0;0;0;0
10/03/2021;22:20:00;417;Acidente sem vítima;284;BR-101/ES;Norte;Saída de Pista;1;0;0;0;0;0;0;;;;1;0;0;0;0
10/03/2021;23:40:00;450;Acidente sem vítima;335;BR-101/ES;Sul;Saída de Pista;1;0;0;0;0;0;0;;;;1;0;0;0;0
11/03/2021;00:03:00;2;Acidente com vítima;197;BR-101/ES;Norte;Saída de Pista;1;0;0;0;0;0;0;;;;0;4;1;0;0
11/03/2021;01:01:00;18;Acidente sem vítima;261;BR-101/ES;Norte;Saída de Pista;1;0;0;0;0;0;0;;;;2;0;0;0;0
11/03/2021;07:53:00;144;Acidente sem vítima;267,8;BR-101/ES;Norte;Colisão Traseira;2;0;0;0;0;0;0;;;;2;0;0;0;0
11/03/2021;10:24:00;193;Acidente sem vítima;164;BR-101/ES;Sul;Tombamento;0;0;1;0;0;0;0;;;;1;0;0;0;0
11/03/2021;13:50:00;279;Acidente com vítima;71;BR-101/ES;Sul;Colisão Transversal;2;0;0;1;0;0;0;;;;2;1;0;0;0
11/03/2021;17:03:00;341;Acidente sem vítima;255,3;BR-101/ES;Sul;Colisão Traseira;2;0;0;0;0;0;0;;;;2;0;0;0;0
11/03/2021;18:13:00;362;Acidente com vítima;68;BR-101/ES;Sul;Colisão Transversal;1;0;0;1;1;0;0;;;;5;1;0;0;0
11/03/2021;18:14:00;363;Acidente sem vítima;230,1;BR-101/ES;Sul;Engavetamento;3;0;0;0;0;0;0;;;;5;0;0;0;0
11/03/2021;18:35:00;367;Acidente com vítima;310,8;BR-101/ES;Sul;Colisão Frontal;1;0;1;0;0;0;0;;;;1;1;0;0;0
11/03/2021;18:53:00;374;Acidente sem vítima;263;BR-101/ES;Norte;Choque com Objeto Fixo;1;0;0;0;0;0;0;;;;1;0;0;0;0
11/03/2021;19:47:00;385;Atropelamento sem morte;256;BR-101/ES;Norte;Atropelamento;1;0;0;0;0;0;0;;;;1;1;1;0;0
11/03/2021;21:03:00;406;Acidente sem vítima;173;BR-101/ES;Norte;Colisão Traseira;0;0;4;0;0;0;0;;;;3;0;0;0;0
11/03/2021;21:52:00;418;Acidente sem vítima;267,9;BR-101/ES;Sul;Colisão Traseira;2;0;0;0;0;0;0;;;;2;0;0;0;0
11/03/2021;23:39:00;447;Acidente sem vítima;81,8;BR-101/ES;Norte;Saída de Pista;1;0;0;0;0;0;0;;;;1;0;0;0;0
11/03/2021;23:58:00;456;Acidente sem vítima;270,5;BR-101/ES;Sul;Colisão Transversal;2;0;0;0;0;0;0;;;;2;0;0;0;0
12/03/2021;04:17:00;51;Acidente sem vítima;295;BR-101/ES;Sul;Veículo em Chamas;1;0;0;0;0;0;0;;;;1;0;0;0;0
12/03/2021;05:43:00;101;Acidente sem vítima;290;BR-101/ES;Sul;Colisão Traseira;2;0;0;0;0;0;0;;;;2;0;0;0;0
12/03/2021;06:21:00;110;Acidente sem vítima;262,3;BR-101/ES;Sul;Colisão Transversal;2;0;0;0;0;0;0;;;;3;0;0;0;0
12/03/2021;06:35:00;111;Acidente sem vítima;2,1;BR-101/ES (Contorno Iconha);Sul;Choque com Objeto Fixo;0;0;2;0;0;0;0;;;;1;0;0;0;0
12/03/2021;07:36:00;129;Acidente sem vítima;174,6;BR-101/ES;Norte;Colisão Transversal;2;0;0;0;0;0;0;;;;3;0;0;0;0
12/03/2021;08:05:00;135;Acidente sem vítima;257,9;BR-101/ES;Sul;Colisão Lateral;2;0;0;0;0;0;0;;;;2;0;0;0;0
12/03/2021;08:39:00;146;Acidente sem vítima;258,1;BR-101/ES;Norte;Colisão Lateral;1;0;1;0;0;0;0;;;;2;0;0;0;0
12/03/2021;09:42:00;169;Acidente sem vítima;101,8;BR-101/ES;Sul;Choque;0;0;3;0;0;0;0;;;;1;0;0;0;0
12/03/2021;10:27:00;180;Acidente sem vítima;295;BR-101/ES;Norte;Colisão Traseira;1;0;1;0;0;0;0;;;;1;0;0;0;0
12/03/2021;12:04:00;233;Acidente sem vítima;214,9;BR-101/ES;Norte;Colisão Traseira;2;0;0;0;0;0;0;;;;2;0;0;0;0
12/03/2021;17:24:00;343;Acidente sem vítima;270;BR-101/ES;Sul;Colisão Lateral;1;0;2;0;0;0;0;;;;2;0;0;0;0
12/03/2021;19:48:00;388;Acidente com vítima;147;BR-101/ES;Norte;Colisão Transversal;1;0;1;0;0;0;0;;;;2;1;0;0;0
12/03/2021;20:13:00;392;Acidente com vítima;252,95;BR-101/ES;Norte;Colisão Traseira;1;0;0;1;0;0;0;;;;1;1;1;0;0
12/03/2021;23:21:00;452;Acidente com vítima;296;BR-101/ES;Norte;Queda de Moto;1;0;1;2;0;0;0;;;;2;0;3;0;0
13/03/2021;05:34:00;79;Acidente sem vítima;289,9;BR-101/ES;Sul;Colisão Traseira;1;0;1;0;0;0;0;;;;2;0;0;0;0
13/03/2021;06:21:00;88;Acidente sem vítima;320;BR-101/ES;Sul;Colisão Transversal;1;0;0;0;1;0;0;;;;2;0;0;0;0
13/03/2021;08:03:00;111;Acidente sem vítima;265;BR-101/ES;Norte;Colisão Lateral;2;0;0;0;0;0;0;;;;3;0;0;0;0
13/03/2021;09:38:00;141;Atropelamento com morte;260,1;BR-101/ES;Norte;Atropelamento;0;0;2;0;0;0;0;;;;1;0;0;0;1
13/03/2021;10:56:00;160;Acidente com vítima;297,3;BR-101/ES;Sul;Colisão Lateral;1;0;0;1;0;0;0;;;;1;1;0;0;0
13/03/2021;12:47:00;218;Acidente sem vítima;8;BR-101/ES;Sul;Choque com Objeto Fixo;1;0;0;0;0;0;0;;;;1;0;0;0;0
13/03/2021;13:14:00;236;Acidente com vítima;341;BR-101/ES;Norte;Queda de Moto;0;0;0;1;0;0;0;;;;0;1;0;0;0
13/03/2021;16:08:00;278;Acidente com vítima;184;BR-101/ES;Norte;Saída de Pista;0;0;2;0;0;0;0;;;;0;1;0;0;0
14/03/2021;19:38:00;304;Acidente sem vítima;293;BR-101/ES;Sul;Saída de Pista;1;0;0;0;0;0;0;;;;1;0;0;0;0
15/03/2021;06:49:00;100;Acidente sem vítima;117;BR-101/ES;Norte;Queda de Moto;0;0;0;1;0;0;0;;;;2;0;0;0;0
15/03/2021;06:53:00;102;Acidente com vítima;159,2;BR-101/ES;Norte;Colisão Transversal;1;0;0;1;0;0;0;;;;1;0;1;0;0
15/03/2021;07:20:00;110;Acidente sem vítima;262,7;BR-101/ES;Sul;Engavetamento;1;0;3;0;1;0;0;;;;4;0;0;0;0
15/03/2021;07:46:00;124;Acidente sem vítima;262,7;BR-101/ES;Norte;Colisão Traseira;2;0;0;0;0;0;0;;;;2;0;0;0;0
15/03/2021;08:43:00;138;Acidente com vítima;338;BR-101/ES;Sul;Choque com Veículo Estacionado;2;0;0;0;0;0;0;;;;1;1;0;0;0
15/03/2021;08:59:00;146;Acidente com vítima;255,3;BR-101/ES;Norte;Colisão Transversal;1;0;3;0;0;0;0;;;;2;0;1;0;0
15/03/2021;14:28:00;266;Acidente com vítima;229;BR-101/ES;Norte;Colisão Traseira;1;0;0;1;0;0;0;;;;2;1;0;0;0
16/03/2021;08:12:00;119;Acidente sem vítima;267;BR-101/ES;Sul;Queda de Moto;0;0;1;1;0;0;0;;;;2;0;0;0;0
16/03/2021;22:36:00;402;Acidente sem vítima;299;BR-101/ES;Norte;Colisão Traseira;1;0;1;0;0;0;0;;;;2;0;0;0;0
16/03/2021;23:09:00;409;Acidente com vítima;69,2;BR-101/ES;Sul;Atropelamento Animal;0;0;0;1;0;0;0;;;;0;0;2;0;0
17/03/2021;04:42:00;55;Acidente sem vítima;269,5;BR-101/ES;Sul;Colisão Traseira;0;0;2;0;0;0;0;;;;2;0;0;0;0
17/03/2021;06:35:00;103;Acidente com vítima;262;BR-101/ES;Sul;Colisão Lateral;1;0;0;1;0;0;0;;;;2;1;0;0;0
17/03/2021;07:26:00;118;Acidente com vítima;297,5;BR-101/ES;Sul;Colisão Traseira;1;0;1;0;0;0;0;;;;1;0;1;0;0
17/03/2021;08:14:00;130;Acidente sem vítima;461;BR-101/ES;Sul;Saída de Pista;0;0;2;0;0;0;0;;;;1;0;0;0;0
17/03/2021;11:07:00;198;Acidente sem vítima;232;BR-101/ES;Norte;Engavetamento;4;0;0;0;0;0;0;;;;8;0;0;0;0
17/03/2021;11:53:00;218;Acidente sem vítima;262;BR-101/ES;Sul;Colisão Traseira;1;0;1;0;0;0;0;;;;2;0;0;0;0
17/03/2021;14:04:00;253;Acidente com vítima;166;BR-101/ES;Norte;Colisão Traseira;0;0;2;1;0;0;0;;;;1;1;0;0;0
17/03/2021;15:40:00;275;Acidente sem vítima;291;BR-101/ES;Norte;Veículo em Chamas;1;0;0;0;0;0;0;;;;2;0;0;0;0
17/03/2021;18:46:00;314;Acidente sem vítima;396;BR-101/ES;Sul;Colisão Traseira;4;0;0;0;0;0;0;;;;9;0;0;0;0
17/03/2021;19:09:00;323;Acidente com vítima;293;BR-101/ES;Sul;Queda de Moto;0;0;0;1;0;0;0;;;;0;0;1;0;0
17/03/2021;21:58:00;358;Acidente sem vítima;236,2;BR-101/ES;Sul;Choque;0;0;1;0;0;0;0;;;;1;0;0;0;0
18/03/2021;08:18:00;150;Acidente sem vítima;110;BR-101/ES;Sul;Engavetamento;1;0;5;0;0;0;0;;;;8;0;0;0;0
18/03/2021;08:37:00;155;Acidente sem vítima;264;BR-101/ES;Norte;Colisão Transversal;0;0;4;0;0;0;0;;;;2;0;0;0;0
18/03/2021;10:30:00;189;Acidente sem vítima;356;BR-101/ES;Norte;Choque;1;0;2;0;0;0;0;;;;2;0;0;0;0
18/03/2021;10:43:00;195;Acidente sem vítima;266;BR-101/ES;Sul;Engavetamento;1;0;0;0;0;0;0;;;;1;0;0;0;0
18/03/2021;11:31:00;219;Acidente com vítima;270;BR-101/ES;Sul;Queda de Moto;0;0;0;1;0;0;0;;;;0;1;0;0;0
18/03/2021;13:17:00;264;Acidente sem vítima;266,4;BR-101/ES;Sul;Tombamento;0;0;2;0;0;0;0;;;;1;0;0;0;0
18/03/2021;14:28:00;281;Acidente sem vítima;953;BR-101/BA;Norte;Choque com Objeto Fixo;1;0;0;0;0;0;0;;;;4;0;0;0;0
18/03/2021;16:15:00;300;Acidente com vítima;145,7;BR-101/ES;Sul;Colisão Traseira;0;0;1;1;0;0;0;;;;1;1;0;0;0
19/03/2021;09:11:00;154;Acidente sem vítima;252,1;BR-101/ES;Sul;Colisão Traseira;1;0;3;0;0;0;0;;;;2;0;0;0;0
19/03/2021;13:38:00;261;Acidente sem vítima;264,1;BR-101/ES;Sul;Saída de Pista;0;0;1;0;0;0;0;;;;1;0;0;0;0
19/03/2021;13:41:00;263;Acidente com morte;243,7;BR-101/ES;Norte;Colisão Frontal;2;0;0;0;0;0;0;;;;0;1;1;0;1
19/03/2021;15:14:00;289;Acidente sem vítima;270;BR-101/ES;Norte;Choque com Objeto Fixo;1;0;0;0;0;0;0;;;;2;0;0;0;0
19/03/2021;17:39:00;342;Acidente com vítima;317,6;BR-101/ES;Norte;Queda de Moto;0;0;0;1;0;0;0;;;;0;1;0;0;0
19/03/2021;17:49:00;345;Atropelamento sem morte;269;BR-101/ES;Sul;Atropelamento;0;0;0;1;0;0;0;;;;1;0;1;0;0
19/03/2021;17:56:00;346;Acidente com vítima;241,4;BR-101/ES;Sul;Colisão Lateral;1;0;0;2;0;0;0;;;;1;1;1;0;0
19/03/2021;19:29:00;370;Acidente sem vítima;179;BR-101/ES;Norte;Saída de Pista;1;0;0;0;0;0;0;;;;1;0;0;0;0
19/03/2021;20:16:00;379;Acidente com vítima;147;BR-101/ES;Sul;Colisão Transversal;1;0;0;1;0;0;0;;;;1;1;0;0;0
19/03/2021;20:28:00;385;Acidente com vítima;261,9;BR-101/ES;Norte;Colisão Transversal;1;0;0;1;0;0;0;;;;1;0;1;0;0
20/03/2021;03:48:00;46;Acidente sem vítima;209;BR-101/ES;Norte;Colisão Traseira;0;0;3;0;0;0;0;;;;2;0;0;0;0
20/03/2021;04:15:00;50;Acidente com vítima;387,1;BR-101/ES;Norte;Tombamento;0;0;2;0;0;0;0;;;;0;1;0;0;0
20/03/2021;05:38:00;84;Atropelamento sem morte;376;BR-101/ES;Norte;Atropelamento e Fuga;1;0;0;0;0;0;0;;;;0;1;0;0;0
20/03/2021;08:43:00;132;Acidente com vítima;64;BR-101/ES;Sul;Engavetamento;1;0;3;0;0;0;0;;;;2;1;1;0;0
20/03/2021;08:45:00;134;Acidente com vítima;295;BR-101/ES;Sul;Colisão Traseira;0;0;1;1;0;0;0;;;;1;0;1;0;0
20/03/2021;13:10:00;228;Acidente com vítima;190,3;BR-101/ES;Norte;Queda de Moto;0;0;0;1;0;0;0;;;;0;1;0;0;0
20/03/2021;14:42:00;258;Acidente com vítima;272,4;BR-101/ES;Norte;Colisão com ciclista;0;1;0;1;0;0;0;;;;0;0;1;1;0
20/03/2021;16:25:00;292;Acidente sem vítima;55;BR-101/ES;Sul;Colisão Lateral;2;0;0;0;0;0;0;;;;2;0;0;0;0
20/03/2021;20:03:00;347;Acidente com morte;288,9;BR-101/ES;Norte;Saída de Pista;1;0;0;0;0;0;0;;;;0;0;2;4;2
20/03/2021;23:44:00;405;Acidente sem vítima;281,8;BR-101/ES;Sul;Choque com Objeto Fixo;1;0;0;0;0;0;0;;;;1;0;0;0;0
20/03/2021;23:46:00;407;Acidente sem vítima;135;BR-101/ES;Norte;Saída de Pista;1;0;0;0;0;0;0;;;;1;0;0;0;0
21/03/2021;02:13:00;38;Acidente com vítima;939,5;BR-101/BA;Norte;Saída de Pista;0;0;0;1;0;0;0;;;;0;0;1;0;0
21/03/2021;07:06:00;81;Acidente com vítima;369,2;BR-101/ES;Sul;Capotamento;1;0;0;0;0;0;0;;;;0;1;0;0;0
21/03/2021;21:52:00;319;Acidente sem vítima;275;BR-101/ES;Norte;Saída de Pista;1;0;0;0;0;0;0;;;;1;0;0;0;0
22/03/2021;06:45:00;122;Acidente com vítima;138,8;BR-101/ES;Sul;Queda de Moto;0;0;0;1;0;0;0;;;;0;1;0;0;0
22/03/2021;07:19:00;131;Acidente com vítima;145,9;BR-101/ES;Sul;Colisão Traseira;2;0;2;0;1;0;0;;;;3;2;0;0;0
22/03/2021;11:17:00;212;Acidente com vítima;146;BR-101/ES;Norte;Colisão Traseira;1;0;0;1;0;0;0;;;;2;1;0;0;0
22/03/2021;12:02:00;230;Acidente sem vítima;8,2;BR-101/ES;Sul;Tombamento;0;0;3;0;0;0;0;;;;1;0;0;0;0
22/03/2021;14:49:00;289;Acidente com vítima;298;BR-101/ES;Sul;Colisão Lateral;0;0;0;1;0;0;0;;;;0;1;0;0;0
22/03/2021;16:26:00;309;Acidente sem vítima;263;BR-101/ES;Norte;Saída de Pista;1;0;0;0;0;0;0;;;;2;0;0;0;0
22/03/2021;17:17:00;321;Acidente com vítima;270;BR-101/ES;Norte;Colisão com ciclista;0;1;0;0;1;0;0;;;;1;0;1;0;0
23/03/2021;11:05:00;209;Acidente sem vítima;269;BR-101/ES;Sul;Colisão Traseira;1;0;2;0;0;0;0;;;;2;0;0;0;0
23/03/2021;14:59:00;284;Acidente com vítima;134,7;BR-101/ES;Norte;Queda de Moto;0;0;0;1;0;0;0;;;;0;1;0;0;0
23/03/2021;16:39:00;310;Acidente sem vítima;288;BR-101/ES;Sul;Colisão Lateral;1;0;1;0;0;0;0;;;;2;0;0;0;0
23/03/2021;17:38:00;329;Acidente sem vítima;66;BR-101/ES;Sul;Colisão Transversal;1;0;1;0;0;0;0;;;;2;0;0;0;0
23/03/2021;18:28:00;340;Acidente sem vítima;287;BR-101/ES;Sul;Atropelamento Animal;0;0;0;1;0;0;0;;;;1;0;0;0;0
23/03/2021;22:04:00;395;Acidente com vítima;265,7;BR-101/ES;Norte;Choque com Objeto Fixo;0;0;0;1;0;0;0;;;;0;0;1;0;0
23/03/2021;23:39:00;421;Acidente sem vítima;273;BR-101/ES;Norte;Colisão Transversal;2;0;0;0;0;0;0;;;;2;0;0;0;0
24/03/2021;07:05:00;125;Acidente com vítima;334;BR-101/ES;Norte;Colisão Lateral;1;0;0;1;0;0;0;;;;2;0;1;0;0
24/03/2021;09:24:00;188;Acidente sem vítima;275;BR-101/ES;Sul;Colisão Traseira;0;0;2;0;0;0;0;;;;3;0;0;0;0
24/03/2021;10:46:00;216;Acidente com vítima;292,8;BR-101/ES;Sul;Choque com Objeto Fixo;0;0;0;1;0;0;0;;;;0;0;1;0;0
24/03/2021;11:01:00;224;Acidente com vítima;264;BR-101/ES;Norte;Colisão Transversal;0;0;1;0;1;0;0;;;;3;4;1;0;0
24/03/2021;13:01:00;262;Acidente sem vítima;250,8;BR-101/ES;Norte;Queda de Moto;0;0;0;1;0;0;0;;;;1;0;0;0;0
24/03/2021;15:55:00;322;Acidente com vítima;273;BR-101/ES;Norte;Colisão Lateral;1;0;0;1;0;0;0;;;;1;1;0;0;0
24/03/2021;17:27:00;344;Acidente com vítima;316,2;BR-101/ES;Sul;Queda de Moto;0;0;0;1;0;0;0;;;;0;0;1;0;0
24/03/2021;18:51:00;361;Acidente com vítima;263,4;BR-101/ES;Sul;Choque com Veículo Estacionado;2;0;0;0;0;0;0;;;;1;0;1;0;0
24/03/2021;20:37:00;382;Acidente sem vítima;282;BR-101/ES;Sul;Atropelamento Animal;1;0;0;0;0;0;0;;;;1;0;0;0;0
24/03/2021;21:02:00;391;Acidente com vítima;63,3;BR-101/ES;Sul;Colisão Frontal;0;0;1;1;0;0;0;;;;1;0;0;1;0
25/03/2021;04:50:00;57;Acidente sem vítima;201;BR-101/ES;Sul;Colisão Traseira;1;0;1;0;0;0;0;;;;2;0;0;0;0
25/03/2021;07:05:00;108;Acidente sem vítima;277;BR-101/ES;Norte;Colisão Traseira;0;0;3;0;0;0;0;;;;2;0;0;0;0
25/03/2021;08:06:00;118;Acidente sem vítima;343,7;BR-101/ES;Sul;Colisão Traseira;0;0;5;0;0;0;0;;;;2;0;0;0;0
25/03/2021;09:08:00;140;Acidente sem vítima;344;BR-101/ES;Norte;Colisão Traseira;0;0;2;0;0;0;0;;;;2;0;0;0;0
25/03/2021;10:30:00;159;Acidente sem vítima;34;BR-101/ES;Sul;Colisão Traseira;2;0;0;0;0;0;0;;;;4;0;0;0;0
25/03/2021;16:09:00;279;Acidente sem vítima;343;BR-101/ES;Norte;Colisão Traseira;0;0;4;0;0;0;0;;;;2;0;0;0;0
25/03/2021;21:28:00;367;Acidente sem vítima;401;BR-101/ES;Norte;Colisão Lateral;0;0;3;0;0;0;0;;;;2;0;0;0;0
26/03/2021;08:54:00;141;Acidente sem vítima;263;BR-101/ES;Sul;Colisão Traseira;2;0;0;0;0;0;0;;;;1;0;0;0;0
26/03/2021;13:31:00;254;Acidente sem vítima;267;BR-101/ES;Sul;Engavetamento;2;0;1;0;0;0;0;;;;3;0;0;0;0
26/03/2021;17:13:00;310;Acidente com vítima;269;BR-101/ES;Sul;Colisão Lateral;1;0;0;1;0;0;0;;;;1;0;1;0;0
26/03/2021;19:10:00;342;Acidente com vítima;290;BR-101/ES;Sul;Colisão Lateral;0;0;1;1;0;0;0;;;;1;1;0;0;0
27/03/2021;10:04:00;160;Acidente com vítima;269,9;BR-101/ES;Norte;Colisão Transversal;1;0;0;1;0;0;0;;;;0;1;1;0;0
27/03/2021;14:23:00;261;Acidente sem vítima;270,6;BR-101/ES;Norte;Colisão Transversal;1;0;1;0;0;0;0;;;;4;0;0;0;0
27/03/2021;16:17:00;293;Acidente com vítima;135;BR-101/ES;Norte;Choque com Veículo Estacionado;1;0;2;0;0;0;0;;;;1;0;1;0;0
27/03/2021;18:33:00;327;Acidente sem vítima;380,8;BR-101/ES;Norte;Tombamento;0;0;3;0;0;0;0;;;;1;0;0;0;0
27/03/2021;18:58:00;333;Acidente com vítima;269;BR-101/ES;Sul;Colisão Transversal;0;0;0;2;0;0;0;;;;0;0;2;0;0
27/03/2021;19:42:00;342;Acidente com vítima;138;BR-101/ES;Sul;Colisão Traseira;2;0;0;0;0;0;0;;;;3;1;0;0;0
28/03/2021;01:09:00;20;Acidente sem vítima;213,7;BR-101/ES;Sul;Choque com Objeto Fixo;1;0;0;0;0;0;0;;;;1;0;0;0;0
28/03/2021;05:25:00;57;Acidente sem vítima;235,5;BR-101/ES;Norte;Choque com Objeto Fixo;1;0;0;0;0;0;0;;;;1;0;0;0;0
28/03/2021;13:36:00;197;Acidente sem vítima;335,5;BR-101/ES;Norte;Choque com Objeto Fixo;1;0;0;0;0;0;0;;;;1;0;0;0;0
28/03/2021;14:34:00;211;Acidente com vítima;230;BR-101/ES;Norte;Colisão Transversal;1;0;0;1;0;0;0;;;;2;0;2;0;0
28/03/2021;15:54:00;229;Acidente com vítima;408;BR-101/ES;Sul;Saída de Pista;1;0;0;0;0;0;0;;;;0;0;2;0;0
28/03/2021;16:28:00;240;Acidente sem vítima;399;BR-101/ES;Sul;Colisão Traseira;2;0;0;0;0;0;0;;;;2;0;0;0;0
28/03/2021;18:25:00;282;Atropelamento sem morte;219;BR-101/ES;Sul;Atropelamento e Fuga;1;0;0;0;0;0;0;;;;1;0;1;0;0
28/03/2021;20:07:00;297;Acidente com vítima;345,1;BR-101/ES;Norte;Saída de Pista;1;0;0;0;0;0;0;;;;0;1;1;0;0
28/03/2021;23:34:00;350;Acidente com morte;29,6;BR-101/ES;Sul;Colisão Traseira;0;0;0;2;0;0;0;;;;0;0;0;1;1
29/03/2021;04:36:00;57;Acidente com vítima;142,6;BR-101/ES;Sul;Colisão Traseira;0;0;5;0;0;0;0;;;;1;1;0;0;0
29/03/2021;09:59:00;167;Acidente sem vítima;27;BR-101/ES;Norte;Colisão Lateral;1;0;1;0;0;0;0;;;;2;0;0;0;0
29/03/2021;10:13:00;172;Acidente sem vítima;262;BR-101/ES;Sul;Colisão Traseira;1;0;1;0;0;0;0;;;;3;0;0;0;0
29/03/2021;11:26:00;206;Acidente sem vítima;266;BR-101/ES;Norte;Engavetamento;0;0;3;0;0;0;0;;;;3;0;0;0;0
29/03/2021;13:26:00;245;Acidente sem vítima;267,8;BR-101/ES;Sul;Engavetamento;6;0;0;0;0;0;0;;;;6;0;0;0;0
29/03/2021;16:38:00;285;Acidente sem vítima;266;BR-101/ES;Norte;Colisão Lateral;1;0;1;0;0;0;0;;;;2;0;0;0;0
29/03/2021;17:19:00;294;Acidente com vítima;283;BR-101/ES;Sul;Colisão Traseira;0;0;0;2;0;0;0;;;;0;0;2;0;0
29/03/2021;19:28:00;317;Acidente sem vítima;275;BR-101/ES;Norte;Capotamento;1;0;0;0;0;0;0;;;;1;0;0;0;0
30/03/2021;04:01:00;90;Acidente sem vítima;51;BR-101/ES;Sul;Atropelamento Animal;1;0;0;0;0;0;0;;;;2;0;0;0;0
30/03/2021;07:04:00;119;Acidente com vítima;6,9;BR-101/ES (Contorno Iconha);Sul;Colisão Lateral;0;0;7;0;0;0;0;;;;2;2;0;0;0
30/03/2021;07:52:00;134;Acidente com vítima;292;BR-101/ES;Sul;Colisão Transversal;1;0;0;1;0;0;0;;;;1;0;1;0;0
30/03/2021;11:12:00;188;Acidente sem vítima;257;BR-101/ES;Norte;Colisão Lateral;1;0;1;0;0;0;0;;;;2;0;0;0;0
30/03/2021;16:40:00;292;Acidente com vítima;253;BR-101/ES;Sul;Colisão com ciclista;1;1;0;0;0;0;0;;;;1;0;1;0;0
30/03/2021;17:42:00;313;Acidente com vítima;268,4;BR-101/ES;Norte;Colisão Lateral;1;0;0;1;0;0;0;;;;1;0;1;0;0
30/03/2021;18:33:00;322;Acidente sem vítima;303;BR-101/ES;Norte;Colisão Lateral;1;0;2;0;0;0;0;;;;2;0;0;0;0
31/03/2021;04:25:00;96;Acidente sem vítima;313;BR-101/ES;Norte;Saída de Pista;1;0;0;0;0;0;0;;;;3;0;0;0;0
31/03/2021;05:24:00;107;Acidente sem vítima;299;BR-101/ES;Norte;Colisão Traseira;0;0;3;0;0;0;0;;;;2;0;0;0;0
31/03/2021;08:46:00;162;Acidente com morte;351;BR-101/ES;Sul;Tombamento;0;0;2;0;0;0;0;;;;0;0;1;0;1
31/03/2021;10:02:00;193;Acidente com vítima;292,3;BR-101/ES;Sul;Colisão Lateral;0;0;1;1;0;0;0;;;;0;0;1;0;0
31/03/2021;10:29:00;206;Acidente sem vítima;293,9;BR-101/ES;Norte;Colisão Traseira;0;0;2;0;0;0;0;;;;1;0;0;0;0
31/03/2021;15:12:00;305;Acidente sem vítima;286;BR-101/ES;Sul;Engavetamento;2;0;4;0;0;0;0;;;;5;0;0;0;0
31/03/2021;16:24:00;323;Acidente sem vítima;275,2;BR-101/ES;Norte;Saída de Pista;0;0;1;0;0;0;0;;;;1;0;0;0;0
31/03/2021;16:44:00;331;Acidente sem vítima;275,5;BR-101/ES;Sul;Colisão Traseira;0;0;5;0;0;0;0;;;;2;0;0;0;0
31/03/2021;17:17:00;346;Acidente com vítima;269;BR-101/ES;Norte;Colisão Traseira;0;0;0;2;0;0;0;;;;1;0;1;0;0
31/03/2021;18:00:00;362;Acidente sem vítima;290;BR-101/ES;Norte;Saída de Pista;1;0;0;0;0;0;0;;;;2;0;0;0;0