data;horario;n_da_ocorrencia;tipo_de_ocorrencia;km;trecho;sentido;tipo_de_acidente;automovel;bicicleta;caminhao;moto;onibus;outros;tracao_animal;transporte_de_cargas_especiais;trator_maquinas;utilitarios;ilesos;levemente_feridos;moderadamente_feridos;gravemente_feridos;mortos
31/03/2021;21:02:00;395;Acidente sem vítima;149;BR-101/ES;Sul;Colisão Transversal;1;0;0;1;0;0;0;;;;6;0;0;0;0
01/04/2021;07:09:00;108;Atropelamento sem morte;270;BR-101/ES;Sul;Atropelamento;1;0;0;0;0;0;0;0;;;2;0;0;0;0
01/04/2021;09:53:00;162;Acidente sem vítima;297,7;BR-101/ES;Sul;Engavetamento;3;0;1;1;0;0;0;0;;;3;0;0;0;0
01/04/2021;12:36:00;242;Acidente com vítima;292;BR-101/ES;Norte;Queda de Moto;0;0;0;1;0;0;0;0;;;0;0;1;0;0
01/04/2021;13:11:00;257;Acidente sem vítima;123,1;BR-101/ES;Norte;Atropelamento Animal;1;0;0;0;0;0;0;0;;;1;0;0;0;0
01/04/2021;14:02:00;270;Acidente sem vítima;148,9;BR-101/ES;Norte;Colisão Traseira;2;0;0;0;0;0;0;0;;;2;0;0;0;0
01/04/2021;15:04:00;293;Acidente sem vítima;417,2;BR-101/ES;Sul;Saída de Pista;1;0;0;0;0;0;0;0;;;2;0;0;0;0
01/04/2021;15:55:00;311;Acidente sem vítima;42,3;BR-101/ES;Sul;Veículo em Chamas;0;0;1;0;0;0;0;0;;;1;0;0;0;0
01/04/2021;16:20:00;318;Acidente com vítima;149,5;BR-101/ES;Sul;Colisão Traseira;0;0;0;2;0;0;0;0;;;2;1;0;0;0
01/04/2021;16:36:00;326;Acidente com vítima;310,95;BR-101/ES;Sul;Queda de Moto;0;0;0;1;0;0;0;0;;;0;0;0;1;0
01/04/2021;18:20:00;360;Acidente com vítima;238,7;BR-101/ES;Norte;Colisão Transversal;1;0;0;1;0;0;0;0;;;0;1;0;2;0
01/04/2021;23:33:00;442;Acidente sem vítima;264,3;BR-101/ES;Norte;Colisão Transversal;1;0;0;1;0;0;0;0;;;2;0;0;0;0
02/04/2021;07:41:00;83;Acidente com vítima;369,2;BR-101/ES;Sul;Tombamento;0;0;2;0;0;0;0;0;;;0;0;1;0;0
02/04/2021;12:15:00;171;Acidente com vítima;294,1;BR-101/ES;Norte;Colisão Traseira;1;0;2;0;0;0;0;0;;;1;0;1;0;0
02/04/2021;14:16:00;198;Acidente sem vítima;299;BR-101/ES;Sul;Colisão Transversal;1;0;1;0;0;0;0;0;;;2;0;0;0;0
03/04/2021;08:54:00;113;Acidente com vítima;268;BR-101/ES;Norte;Colisão Transversal;1;0;0;1;0;0;0;0;;;1;1;0;0;0
03/04/2021;10:56:00;145;Acidente com vítima;90,2;BR-101/ES;Norte;Colisão Lateral;1;0;0;1;0;0;0;0;;;0;0;1;0;0
03/04/2021;14:43:00;218;Atropelamento sem morte;84;BR-101/ES;Norte;Atropelamento;1;0;0;0;0;0;0;0;;;4;0;0;1;0
03/04/2021;17:56:00;266;Acidente com vítima;125,8;BR-101/ES;Norte;Colisão Transversal;1;0;1;0;0;0;0;0;;;3;2;1;0;0
03/04/2021;18:49:00;272;Acidente com morte;22;BR-101/ES;Sul;Colisão Frontal;1;0;0;1;0;0;0;0;;;1;0;0;0;1
03/04/2021;18:53:00;273;Acidente com vítima;307,5;BR-101/ES;Sul;Queda de Moto;0;0;0;1;0;0;0;0;;;1;1;0;0;0
03/04/2021;20:05:00;282;Acidente sem vítima;269;BR-101/ES;Norte;Colisão Lateral;2;0;0;0;0;0;0;0;;;2;0;0;0;0
03/04/2021;20:53:00;291;Acidente sem vítima;375,6;BR-101/ES;Sul;Choque com Objeto Fixo;1;0;0;0;0;0;0;0;;;1;0;0;0;0
04/04/2021;01:20:00;23;Acidente sem vítima;88;BR-101/ES;Sul;Colisão Transversal;1;0;1;0;0;0;0;0;;;4;0;0;0;0
04/04/2021;03:37:00;41;Acidente sem vítima;429,7;BR-101/ES;Sul;Colisão Traseira;0;0;4;0;0;0;0;0;;;2;0;0;0;0
04/04/2021;15:29:00;222;Acidente sem vítima;398,9;BR-101/ES;Norte;Veículo em Chamas;1;0;0;0;0;0;0;0;;;3;0;0;0;0
04/04/2021;16:57:00;255;Acidente com vítima;263,9;BR-101/ES;Norte;Colisão Traseira;1;0;0;1;0;0;0;0;;;1;0;1;0;0
04/04/2021;18:50:00;287;Acidente com vítima;259;BR-101/ES;Norte;Colisão Lateral;3;0;0;0;0;0;0;0;;;2;0;1;0;0
04/04/2021;19:39:00;298;Acidente sem vítima;247;BR-101/ES;Sul;Colisão Traseira;2;0;0;0;0;0;0;0;;;2;0;0;0;0
04/04/2021;22:51:00;354;Acidente com vítima;109;BR-101/ES;Sul;Choque com Objeto Fixo;1;0;0;0;0;0;0;0;;;3;1;0;0;0
05/04/2021;04:09:00;46;Acidente com vítima;267,8;BR-101/ES;Sul;Colisão Transversal;0;0;3;0;0;0;0;0;;;1;0;1;0;0
05/04/2021;07:36:00;108;Atropelamento sem morte;265,6;BR-101/ES;Sul;Atropelamento;1;0;0;1;0;0;0;0;;;2;1;0;0;0
05/04/2021;08:11:00;119;Acidente com vítima;270;BR-101/ES;Sul;Colisão Traseira;0;0;0;1;0;0;0;0;;;0;0;1;0;0
05/04/2021;08:20:00;125;Acidente sem vítima;303;BR-101/ES;Sul;Colisão Lateral;1;0;2;0;0;0;0;0;;;4;0;0;0;0
05/04/2021;08:38:00;131;Acidente sem vítima;273;BR-101/ES;Norte;Engavetamento;3;0;4;0;0;0;0;0;;;7;0;0;0;0
05/04/2021;10:09:00;171;Acidente com vítima;423,5;BR-101/ES;Norte;Queda de Moto;0;0;0;1;0;0;0;0;;;0;0;0;1;0
05/04/2021;13:23:00;248;Acidente com vítima;375,9;BR-101/ES;Norte;Colisão Transversal;2;0;0;0;0;0;0;0;;;1;0;2;0;0
05/04/2021;13:50:00;257;Acidente sem vítima;283;BR-101/ES;Sul;Choque com Objeto Fixo;1;0;0;0;0;0;0;0;;;1;0;0;0;0
05/04/2021;16:32:00;293;Acidente com vítima;147;BR-101/ES;Sul;Colisão Lateral;1;0;0;1;0;0;0;0;;;1;1;1;0;0
05/04/2021;19:03:00;327;Acidente com morte;189;BR-101/ES;Norte;Colisão Frontal;0;0;1;1;0;0;0;0;;;1;0;0;0;1
05/04/2021;19:54:00;342;Acidente com vítima;112,9;BR-101/ES;Sul;Queda de Moto;0;0;0;1;0;0;0;0;;;0;0;1;0;0
06/04/2021;06:57:00;101;Acidente sem vítima;269,5;BR-101/ES;Sul;Engavetamento;3;0;0;0;0;0;0;0;;;3;0;0;0;0
06/04/2021;09:54:00;173;Acidente com vítima;265,7;BR-101/ES;Sul;Colisão Lateral;1;0;0;1;0;0;0;0;;;1;1;0;0;0
06/04/2021;14:47:00;285;Acidente sem vítima;1,3;BR-101/ES;Norte;Saída de Pista;1;0;0;0;0;0;0;0;;;1;0;0;0;0
06/04/2021;16:30:00;304;Acidente com vítima;61,95;BR-101/ES;Norte;Colisão Lateral;1;0;0;1;0;0;0;0;;;1;1;1;0;0
06/04/2021;17:39:00;327;Acidente sem vítima;294;BR-101/ES;Norte;Engavetamento;2;0;2;0;0;0;0;0;;;5;0;0;0;0
06/04/2021;18:48:00;345;Acidente com vítima;263;BR-101/ES;Norte;Colisão Traseira;2;0;0;0;0;0;0;0;;;1;0;1;0;0
07/04/2021;02:43:00;41;Acidente com vítima;273,9;BR-101/ES;Norte;Colisão Traseira;0;0;4;0;0;0;0;0;;;1;0;1;0;0
07/04/2021;12:17:00;228;Acidente sem vítima;414;BR-101/ES;Sul;Tombamento;0;0;2;0;0;0;0;0;;;1;0;0;0;0
07/04/2021;13:14:00;248;Acidente sem vítima;292,9;BR-101/ES;Sul;Choque com Objeto Fixo;1;0;1;0;0;0;0;0;;;2;0;0;0;0
07/04/2021;14:39:00;266;Acidente sem vítima;284,1;BR-101/ES;Norte;Saída de Pista;1;0;0;0;0;0;0;0;;;1;0;0;0;0
07/04/2021;15:26:00;277;Acidente com vítima;264,4;BR-101/ES;Sul;Colisão Lateral;1;0;1;0;0;0;0;0;;;1;0;1;0;0
07/04/2021;16:21:00;295;Acidente com vítima;159;BR-101/ES;Norte;Colisão Transversal;1;0;2;0;0;0;0;0;;;1;0;2;0;0
07/04/2021;17:06:00;304;Acidente com vítima;269;BR-101/ES;Norte;Queda de Moto;0;0;0;1;0;0;0;0;;;0;0;1;0;0
07/04/2021;20:57:00;347;Acidente sem vítima;198;BR-101/ES;Sul;Saída de Pista;1;0;0;0;0;0;0;0;;;1;0;0;0;0
08/04/2021;04:23:00;64;Acidente sem vítima;303,1;BR-101/ES;Sul;Tombamento;0;0;1;0;0;0;0;0;;;1;0;0;0;0
08/04/2021;05:16:00;80;Acidente com vítima;298;BR-101/ES;Norte;Colisão com ciclista;0;1;0;1;0;0;0;0;;;1;1;0;0;0
08/04/2021;07:32:00;116;Acidente com vítima;279,2;BR-101/ES;Norte;Colisão Lateral;2;0;0;2;0;0;0;0;;;3;0;1;0;0
08/04/2021;07:49:00;122;Acidente com vítima;279;BR-101/ES;Norte;Queda de Moto;1;0;0;1;0;0;0;0;;;0;1;1;0;0
08/04/2021;08:06:00;132;Acidente com vítima;254,8;BR-101/ES;Norte;Queda de Moto;0;0;0;1;0;0;0;0;;;0;0;1;0;0
08/04/2021;17:25:00;326;Acidente sem vítima;144,5;BR-101/ES;Norte;Colisão Traseira;2;0;0;0;0;0;0;0;;;2;0;0;0;0
08/04/2021;17:28:00;327;Acidente com vítima;290;BR-101/ES;Norte;Colisão com ciclista;1;1;0;0;0;0;0;0;;;0;0;1;0;0
08/04/2021;22:09:00;397;Acidente sem vítima;73,4;BR-101/ES;Sul;Queda de Moto;0;0;0;1;0;0;0;0;;;2;0;0;0;0
08/04/2021;22:11:00;398;Acidente com vítima;381;BR-101/ES;Norte;Colisão Lateral;0;0;2;1;0;0;0;0;;;1;0;0;1;0
09/04/2021;08:17:00;160;Acidente sem vítima;259,8;BR-101/ES;Norte;Engavetamento;3;0;0;0;0;0;0;0;;;3;0;0;0;0
09/04/2021;13:44:00;296;Acidente sem vítima;176,7;BR-101/ES;Norte;Colisão Traseira;2;0;0;0;0;0;0;0;;;2;0;0;0;0
09/04/2021;16:33:00;355;Acidente sem vítima;111,6;BR-101/ES;Norte;Colisão Traseira;2;0;0;0;0;0;0;0;;;3;0;0;0;0
09/04/2021;19:09:00;409;Acidente com vítima;39;BR-101/ES;Sul;Queda de Moto;0;0;0;1;0;0;0;0;;;0;2;0;0;0
09/04/2021;19:23:00;416;Acidente sem vítima;213;BR-101/ES;Norte;Colisão Traseira;1;0;0;1;0;0;0;0;;;2;0;0;0;0
09/04/2021;19:56:00;428;Acidente com vítima;231;BR-101/ES;Sul;Queda de Moto;0;0;0;1;0;0;0;0;;;0;1;0;0;0
09/04/2021;21:11:00;448;Acidente com vítima;15,2;BR-101/ES;Sul;Colisão Frontal;2;0;0;0;0;0;0;0;;;2;3;3;0;0
09/04/2021;23:39:00;490;Acidente com vítima;148,6;BR-101/ES;Norte;Colisão Transversal;1;0;0;1;0;0;0;0;;;1;0;1;0;0
10/04/2021;03:16:00;52;Acidente sem vítima;263,9;BR-101/ES;Sul;Colisão Lateral;2;0;0;0;0;0;0;0;;;3;0;0;0;0
10/04/2021;06:21:00;92;Acidente sem vítima;285,3;BR-101/ES;Sul;Colisão Traseira;1;0;3;0;0;0;0;0;;;3;0;0;0;0
10/04/2021;08:40:00;135;Acidente sem vítima;275;BR-101/ES;Norte;Colisão Lateral;1;0;2;0;0;0;0;0;;;5;0;0;0;0
10/04/2021;08:42:00;138;Acidente sem vítima;173,9;BR-101/ES;Sul;Veículo em Chamas;0;0;0;0;1;0;0;0;;;1;0;0;0;0
10/04/2021;11:29:00;194;Acidente sem vítima;361,1;BR-101/ES;Sul;Colisão Lateral;1;0;1;0;0;0;0;0;;;4;0;0;0;0
10/04/2021;18:13:00;302;Acidente sem vítima;7;BR-101/ES;Norte;Choque com Objeto Fixo;1;0;0;0;0;0;0;0;;;1;0;0;0;0
10/04/2021;18:21:00;305;Acidente sem vítima;266;BR-101/ES;Norte;Colisão Traseira;2;0;0;0;0;0;0;0;;;5;0;0;0;0
10/04/2021;18:31:00;306;Acidente com vítima;383;BR-101/ES;Sul;Saída de Pista;1;0;0;0;0;0;0;0;;;0;0;1;0;0
10/04/2021;18:52:00;310;Acidente com morte;63,2;BR-101/ES;Norte;Colisão Lateral;1;0;3;0;0;0;0;0;;;1;0;0;0;1
10/04/2021;21:59:00;343;Atropelamento sem morte;85,1;BR-101/ES;Sul;Atropelamento;1;0;0;0;0;0;0;0;;;0;1;0;1;0
10/04/2021;22:29:00;352;Acidente com vítima;188,5;BR-101/ES;Sul;Tombamento;0;0;2;0;0;0;0;0;;;0;2;1;0;0
11/04/2021;07:10:00;75;Acidente com vítima;267,7;BR-101/ES;Norte;Queda de Moto;0;0;0;1;0;0;0;0;;;0;0;1;0;0
11/04/2021;19:03:00;269;Acidente sem vítima;287;BR-101/ES;Sul;Veículo em Chamas;1;0;0;0;0;0;0;0;;;1;0;0;0;0
11/04/2021;20:05:00;276;Acidente com vítima;77,7;BR-101/ES;Sul;Colisão Traseira;2;0;0;0;0;0;0;0;;;2;2;0;0;0
11/04/2021;23:31:00;328;Acidente com vítima;269;BR-101/ES;Sul;Colisão Lateral;1;0;0;1;0;0;0;0;;;0;0;1;0;0
12/04/2021;04:31:00;62;Acidente sem vítima;203;BR-101/ES;Sul;Saída de Pista;1;0;0;0;0;0;0;0;;;1;0;0;0;0
12/04/2021;12:47:00;224;Acidente com vítima;274,8;BR-101/ES;Sul;Choque com Objeto Fixo;1;0;0;0;0;0;0;0;;;0;0;2;0;0
12/04/2021;13:33:00;236;Acidente com vítima;263,95;BR-101/ES;Sul;Colisão Traseira;2;0;0;0;0;0;0;0;;;2;0;1;0;0
12/04/2021;16:21:00;284;Acidente com vítima;35;BR-101/ES;Norte;Queda de Bicicleta;0;1;0;0;0;0;0;0;;;0;0;0;1;0
12/04/2021;18:20:00;319;Acidente com vítima;203;BR-101/ES;Norte;Colisão Traseira;1;0;1;0;0;0;0;0;;;1;1;0;0;0
12/04/2021;18:40:00;323;Acidente com vítima;208;BR-101/ES;Norte;Capotamento;1;0;0;0;0;0;0;0;;;0;0;5;0;0
13/04/2021;04:18:00;50;Acidente sem vítima;329;BR-101/ES;Norte;Atropelamento de Bovino;1;0;0;0;0;0;0;0;;;2;0;0;0;0
13/04/2021;07:33:00;109;Acidente sem vítima;297,8;BR-101/ES;Norte;Colisão Lateral;3;0;2;0;0;0;0;0;;;5;0;0;0;0
13/04/2021;07:39:00;112;Acidente sem vítima;266,2;BR-101/ES;Sul;Colisão Lateral;2;0;0;1;0;0;0;0;;;3;0;0;0;0
13/04/2021;08:24:00;152;Acidente sem vítima;153;BR-101/ES;Norte;Colisão Traseira;3;0;0;0;0;0;0;0;;;3;0;0;0;0
13/04/2021;09:34:00;169;Acidente com vítima;76,9;BR-101/ES;Sul;Colisão Traseira;1;0;1;0;0;0;0;0;;;4;0;1;0;0
13/04/2021;10:15:00;187;Acidente sem vítima;140,7;BR-101/ES;Sul;Colisão Traseira;2;0;0;0;0;0;0;0;;;2;0;0;0;0
13/04/2021;11:27:00;227;Atropelamento sem morte;143;BR-101/ES;Norte;Atropelamento;0;0;0;1;0;0;0;0;;;0;1;1;0;0
13/04/2021;15:31:00;311;Acidente sem vítima;301;BR-101/ES;Norte;Colisão Lateral;1;0;2;0;0;0;0;0;;;1;0;0;0;0
13/04/2021;16:14:00;319;Acidente com vítima;181,05;BR-101/ES;Norte;Colisão Transversal;2;0;0;0;0;0;0;0;;;3;1;3;0;0
13/04/2021;17:19:00;339;Acidente sem vítima;294,5;BR-101/ES;Norte;Colisão Traseira;1;0;1;0;0;0;0;0;;;2;0;0;0;0
13/04/2021;20:00:00;370;Acidente sem vítima;145;BR-101/ES;Norte;Choque com Objeto Fixo;1;0;0;0;0;0;0;0;;;1;0;0;0;0
14/04/2021;14:14:00;0;Acidente sem vítima;0;BR-101/ES;;;0;0;0;0;0;1;0;0;;;1;0;0;0;0
14/04/2021;02:46:00;44;Acidente sem vítima;129;BR-101/ES;Sul;Colisão Traseira;1;0;1;0;0;0;0;0;;;2;0;0;0;0
14/04/2021;08:14:00;160;Acidente com vítima;270,7;BR-101/ES;Norte;Engavetamento;1;0;2;0;0;0;0;0;;;4;1;0;0;0
14/04/2021;10:41:00;225;Acidente sem vítima;269,6;BR-101/ES;Sul;Colisão Traseira;3;0;0;0;0;0;0;0;;;3;0;0;0;0
14/04/2021;12:54:00;282;Acidente sem vítima;307;BR-101/ES;Sul;Saída de Pista;1;0;0;0;0;0;0;0;;;1;0;0;0;0
14/04/2021;14:40:00;308;Acidente com vítima;150;BR-101/ES;Sul;Colisão Traseira;1;0;0;1;0;0;0;0;;;1;1;0;0;0
14/04/2021;14:47:00;312;Acidente com morte;356;BR-101/ES;Norte;Engavetamento;0;0;5;0;0;0;0;0;;;3;0;1;0;1
14/04/2021;15:42:00;327;Acidente sem vítima;267,6;BR-101/ES;Norte;Colisão Traseira;1;0;3;0;0;0;0;0;;;3;0;0;0;0
14/04/2021;16:28:00;335;Acidente sem vítima;269,9;BR-101/ES;Norte;Colisão Lateral;1;0;1;0;0;0;0;0;;;2;0;0;0;0
14/04/2021;17:35:00;342;Acidente com vítima;300,2;BR-101/ES;Sul;Colisão Traseira;1;0;2;0;0;0;0;0;;;1;0;1;0;0
14/04/2021;18:49:00;359;Acidente sem vítima;276;BR-101/ES;Sul;Atropelamento de Equino;0;0;1;0;0;0;0;0;;;2;0;0;0;0
14/04/2021;20:27:00;381;Acidente sem vítima;273;BR-101/ES;Sul;Colisão Traseira;2;0;0;0;0;0;0;0;;;2;0;0;0;0
15/04/2021;04:44:00;75;Acidente sem vítima;150;BR-101/ES;Sul;Colisão Traseira;1;0;0;0;1;0;0;0;;;2;0;0;0;0
15/04/2021;07:18:00;105;Acidente com vítima;199,6;BR-101/ES;Sul;Colisão Traseira;0;0;0;1;0;0;0;0;;;0;1;1;0;0
15/04/2021;07:52:00;115;Acidente com vítima;291,9;BR-101/ES;Sul;Colisão Transversal;1;0;0;1;0;0;0;0;;;1;0;1;0;0
15/04/2021;09:34:00;155;Acidente com vítima;447,9;BR-101/ES;Norte;Tombamento;0;0;1;0;0;0;0;0;;;0;0;0;1;0
15/04/2021;10:35:00;175;Acidente sem vítima;271,8;BR-101/ES;Norte;Colisão Transversal;1;0;1;0;0;0;0;0;;;1;0;0;0;0
15/04/2021;10:54:00;186;Acidente com vítima;255,1;BR-101/ES;Sul;Colisão Traseira;2;0;1;0;0;1;0;0;;;4;2;0;0;0
15/04/2021;11:55:00;203;Acidente com vítima;266,15;BR-101/ES;Norte;Colisão Lateral;0;0;2;1;0;0;0;0;;;1;0;1;0;0
15/04/2021;13:28:00;237;Acidente com vítima;151,1;BR-101/ES;Sul;Colisão Transversal;1;0;0;1;0;0;0;0;;;2;1;1;0;0
15/04/2021;15:58:00;291;Acidente sem vítima;260;BR-101/ES;Norte;Colisão Traseira;1;0;1;0;0;0;0;0;;;5;0;0;0;0
16/04/2021;09:51:00;182;Acidente sem vítima;266,3;BR-101/ES;Sul;Engavetamento;3;0;0;0;0;0;0;0;;;3;0;0;0;0
16/04/2021;12:38:00;260;Acidente com vítima;131;BR-101/ES;Norte;Colisão Transversal;1;0;0;1;0;0;0;0;;;1;0;2;0;0
16/04/2021;13:54:00;281;Acidente sem vítima;264;BR-101/ES;Norte;Colisão Transversal;2;0;0;0;0;0;0;0;;;3;0;0;0;0
16/04/2021;16:42:00;336;Acidente com vítima;387,1;BR-101/ES;Sul;Tombamento;0;0;2;0;0;0;0;0;;;0;0;0;1;0
16/04/2021;16:48:00;338;Acidente com vítima;39,5;BR-101/ES;Sul;Queda de Moto;0;0;0;1;0;0;0;0;;;0;1;0;0;0
16/04/2021;17:14:00;343;Acidente com vítima;135,8;BR-101/ES;Sul;Colisão Transversal;2;0;0;0;0;0;0;0;;;0;3;1;0;0
16/04/2021;17:42:00;358;Acidente com vítima;137,8;BR-101/ES;Sul;Queda de Moto;0;0;0;1;0;0;0;0;;;0;1;0;0;0
16/04/2021;18:04:00;368;Acidente com vítima;122,8;BR-101/ES;Sul;Colisão Frontal;1;0;0;1;0;0;0;0;;;1;0;1;0;0
16/04/2021;19:39:00;391;Acidente com vítima;130;BR-101/ES;Sul;Queda de Moto;1;0;0;0;0;0;0;0;;;0;0;0;1;0
17/04/2021;05:27:00;70;Acidente sem vítima;287,8;BR-101/ES;Sul;Tombamento;0;0;1;0;0;0;0;0;;;1;0;0;0;0
17/04/2021;08:18:00;99;Acidente sem vítima;299;BR-101/ES;Norte;Colisão Traseira;1;0;0;0;1;0;0;0;;;2;0;0;0;0
17/04/2021;11:19:00;169;Acidente sem vítima;272,5;BR-101/ES;Norte;Choque com Objeto Fixo;1;0;0;0;0;0;0;0;;;1;0;0;0;0
17/04/2021;11:57:00;185;Acidente sem vítima;188,1;BR-101/ES;Norte;Saída de Pista;0;0;2;0;0;0;0;0;;;1;0;0;0;0
17/04/2021;12:11:00;193;Acidente com vítima;296;BR-101/ES;Sul;Queda de Moto;0;0;0;1;0;0;0;0;;;0;1;0;0;0
17/04/2021;13:08:00;209;Acidente com vítima;301;BR-101/ES;Norte;Queda de Moto;0;0;0;1;0;0;0;0;;;0;1;0;0;0
17/04/2021;15:39:00;253;Acidente sem vítima;160,7;BR-101/ES;Norte;Saída de Pista;1;0;0;0;0;0;0;0;;;2;0;0;0;0
17/04/2021;15:46:00;258;Acidente sem vítima;424,8;BR-101/ES;Norte;Saída de Pista;1;0;0;0;0;0;0;0;;;1;0;0;0;0
17/04/2021;19:29:00;324;Acidente com vítima;212;BR-101/ES;Sul;Colisão Frontal;2;0;0;0;0;0;0;0;;;3;1;0;0;0
17/04/2021;21:03:00;347;Acidente sem vítima;253;BR-101/ES;Norte;Saída de Pista;1;0;0;0;0;0;0;0;;;1;0;0;0;0
17/04/2021;21:28:00;354;Acidente com vítima;264,9;BR-101/ES;Norte;Colisão Traseira;1;0;0;0;1;0;0;0;;;1;1;0;0;0
18/04/2021;01:00:00;15;Acidente com vítima;940,1;BR-101/BA;Norte;Queda de Moto;0;0;0;1;0;0;0;0;;;0;0;1;0;0
18/04/2021;13:44:00;182;Acidente com vítima;179,8;BR-101/ES;Norte;Queda de Moto;0;0;0;1;0;0;0;0;;;0;0;1;0;0
18/04/2021;14:08:00;188;Acidente com vítima;247,1;BR-101/ES;Sul;Colisão Traseira;2;0;0;0;0;0;0;0;;;6;1;0;0;0
18/04/2021;16:49:00;227;Acidente com morte;387,2;BR-101/ES;Sul;Tombamento;0;0;5;0;0;0;0;0;;;1;1;0;0;1
18/04/2021;18:10:00;245;Acidente sem vítima;166;BR-101/ES;Norte;Colisão Traseira;0;0;6;0;0;0;0;0;;;2;0;0;0;0
18/04/2021;18:22:00;247;Acidente sem vítima;241;BR-101/ES;Sul;Engavetamento;3;0;0;0;0;0;0;0;;;5;0;0;0;0
18/04/2021;19:00:00;252;Acidente sem vítima;127;BR-101/ES;Sul;Colisão Traseira;2;0;0;0;0;0;0;0;;;4;0;0;0;0
18/04/2021;20:38:00;268;Acidente sem vítima;277;BR-101/ES;Sul;Atropelamento de Equino;2;0;0;0;0;0;0;0;;;4;0;0;0;0
18/04/2021;22:49:00;295;Acidente com vítima;353;BR-101/ES;Sul;Queda de Moto;0;0;0;1;0;0;0;0;;;0;0;2;0;0
19/04/2021;01:18:00;23;Acidente sem vítima;436;BR-101/ES;Sul;Tombamento;0;0;1;0;0;0;0;0;;;1;0;0;0;0
19/04/2021;07:42:00;110;Acidente sem vítima;237,4;BR-101/ES;Sul;Colisão Traseira;2;0;0;0;0;0;0;0;;;1;0;0;0;0
19/04/2021;08:08:00;119;Acidente sem vítima;291,9;BR-101/ES;Norte;Choque com Objeto Fixo;1;0;0;0;0;0;0;0;;;1;0;0;0;0
19/04/2021;10:10:00;157;Acidente sem vítima;199,4;BR-101/ES;Sul;Saída de Pista;1;0;0;0;0;0;0;0;;;5;0;0;0;0
19/04/2021;14:46:00;253;Acidente sem vítima;278,6;BR-101/ES;Norte;Engavetamento;3;0;0;0;0;0;0;0;;;3;0;0;0;0
19/04/2021;14:47:00;254;Acidente sem vítima;324;BR-101/ES;Norte;Choque com Objeto Fixo;1;0;0;0;0;0;0;0;;;1;0;0;0;0
19/04/2021;15:11:00;259;Acidente com vítima;285,9;BR-101/ES;Norte;Saída de Pista;1;0;0;0;0;0;0;0;;;0;0;1;0;0
19/04/2021;16:22:00;274;Acidente com vítima;198,7;BR-101/ES;Norte;Queda de Moto;0;0;0;1;0;0;0;0;;;0;2;0;0;0
19/04/2021;18:19:00;299;Acidente sem vítima;65,7;BR-101/ES;Norte;Colisão Lateral;1;0;4;0;0;0;0;0;;;2;0;0;0;0
19/04/2021;18:26:00;300;Acidente com vítima;220;BR-101/ES;Sul;Queda de Moto;0;0;0;1;0;0;0;0;;;0;0;1;0;0
19/04/2021;18:43:00;302;Acidente sem vítima;282;BR-101/ES;Sul;Choque com Objeto Fixo;1;0;0;0;0;0;0;0;;;1;0;0;0;0
19/04/2021;19:09:00;304;Acidente sem vítima;361;BR-101/ES;Norte;Saída de Pista;0;0;2;0;0;0;0;0;;;1;0;0;0;0
19/04/2021;19:13:00;305;Acidente com vítima;272,3;BR-101/ES;Norte;Queda de Moto;0;0;0;1;0;0;0;0;;;0;1;0;0;0
19/04/2021;22:13:00;343;Acidente com vítima;161;BR-101/ES;Sul;Queda de Bicicleta;0;1;0;0;0;0;0;0;;;0;0;1;0;0
20/04/2021;05:02:00;104;Acidente sem vítima;237;BR-101/ES;Sul;Queda de Moto;0;0;0;1;0;0;0;0;;;1;0;0;0;0
20/04/2021;06:36:00;120;Acidente com morte;270,4;BR-101/ES;Sul;Colisão Lateral;1;0;0;1;1;0;0;0;;;2;0;0;0;1
20/04/2021;07:23:00;129;Acidente com vítima;242;BR-101/ES;Norte;Choque com Objeto Fixo;0;0;2;0;0;0;0;0;;;2;1;0;0;0
20/04/2021;08:50:00;161;Atropelamento sem morte;267,4;BR-101/ES;Sul;Atropelamento;0;0;0;1;0;0;0;0;;;0;0;1;0;0
20/04/2021;14:00:00;308;Acidente sem vítima;368;BR-101/ES;Sul;Saída de Pista;0;0;2;0;0;0;0;0;;;1;0;0;0;0
20/04/2021;14:35:00;319;Acidente sem vítima;75,3;BR-101/ES;Norte;Colisão Lateral;1;0;1;0;0;0;0;0;;;4;0;0;0;0
20/04/2021;15:04:00;326;Acidente sem vítima;294,3;BR-101/ES;Norte;Colisão Frontal;2;0;0;0;0;0;0;0;;;2;0;0;0;0
20/04/2021;19:40:00;401;Acidente sem vítima;362;BR-101/ES;Norte;Atropelamento Animal;2;0;0;0;0;0;0;0;;;2;0;0;0;0
21/04/2021;01:47:00;28;Acidente sem vítima;325;BR-101/ES;Sul;Choque com Objeto Fixo;1;0;0;0;0;0;0;0;;;2;0;0;0;0
21/04/2021;09:31:00;131;Acidente sem vítima;0,1;BR-101/ES;Norte;Choque com Objeto Fixo;1;0;0;0;0;0;0;0;;;1;0;0;0;0
21/04/2021;10:20:00;141;Acidente sem vítima;276;BR-101/ES;Sul;Colisão Transversal;2;0;0;0;0;1;0;0;;;2;0;0;0;0
21/04/2021;13:30:00;216;Acidente com vítima;19,1;BR-101/ES;Sul;Colisão Traseira;0;0;2;1;0;0;0;0;;;1;0;1;0;0
21/04/2021;20:06:00;314;Acidente sem vítima;204;BR-101/ES;Norte;Queda de Moto;0;0;0;1;0;0;0;0;;;1;0;0;0;0