data;horario;n_da_ocorrencia;tipo_de_ocorrencia;km;trecho;sentido;tipo_de_acidente;automovel;bicicleta;caminhao;moto;onibus;outros;tracao_animal;transporte_de_cargas_especiais;trator_maquinas;utilitarios;ilesos;levemente_feridos;moderadamente_feridos;gravemente_feridos;mortos
21/04/2021;21:41:00;337;Acidente sem vítima;66;BR-101/ES;Norte;Atropelamento Animal;1;0;0;0;0;0;0;0;;;4;0;0;0;0
22/04/2021;05:50:00;83;Acidente com vítima;265,7;BR-101/ES;Sul;Colisão com ciclista;0;1;0;0;1;0;0;0;;;1;0;1;0;0
22/04/2021;06:38:00;91;Acidente sem vítima;385,8;BR-101/ES;Norte;Colisão Lateral;0;0;5;0;0;0;0;0;;;3;0;0;0;0
22/04/2021;07:11:00;102;Acidente sem vítima;276,5;BR-101/ES;Norte;Saída de Pista;1;0;0;0;0;0;0;0;;;1;0;0;0;0
22/04/2021;08:27:00;130;Acidente com vítima;269,8;BR-101/ES;Sul;Colisão Lateral;1;0;0;2;0;0;0;0;;;0;2;0;0;0
22/04/2021;08:29:00;135;Acidente com vítima;264,6;BR-101/ES;Norte;Colisão Traseira;0;0;1;1;0;0;0;0;;;1;1;0;0;0
22/04/2021;13:05:00;247;Acidente sem vítima;268;BR-101/ES;Norte;Colisão Lateral;0;0;3;1;0;0;0;0;;;2;0;0;0;0
22/04/2021;13:46:00;259;Acidente sem vítima;270,9;BR-101/ES;Sul;Colisão Lateral;1;0;1;0;0;0;0;0;;;4;0;0;0;0
22/04/2021;14:19:00;268;Acidente com morte;260,2;BR-101/ES;Norte;Colisão Traseira;0;0;1;1;0;0;0;0;;;1;0;0;0;1
22/04/2021;15:17:00;275;Acidente com vítima;279,6;BR-101/ES;Norte;Colisão Transversal;1;0;2;0;0;0;0;0;;;1;0;1;0;0
22/04/2021;15:46:00;285;Acidente com vítima;307,5;BR-101/ES;Sul;Queda de Moto;0;0;0;1;0;0;0;0;;;0;0;2;0;0
22/04/2021;16:16:00;290;Acidente sem vítima;278,8;BR-101/ES;Sul;Colisão Frontal;1;0;3;0;0;0;0;0;;;2;0;0;0;0
22/04/2021;16:32:00;293;Acidente com vítima;144,2;BR-101/ES;Sul;Colisão Traseira;2;0;0;0;0;0;0;0;;;1;1;0;0;0
22/04/2021;17:16:00;300;Acidente com vítima;292,1;BR-101/ES;Norte;Colisão Traseira;2;0;0;1;0;0;0;0;;;2;0;1;0;0
22/04/2021;17:47:00;311;Acidente com vítima;283,6;BR-101/ES;Norte;Engavetamento;7;0;3;0;0;0;0;0;;;8;1;0;0;0
22/04/2021;19:29:00;328;Acidente sem vítima;231,8;BR-101/ES;Norte;Saída de Pista;1;0;0;0;0;0;0;0;;;1;0;0;0;0
22/04/2021;19:29:00;329;Acidente sem vítima;261,9;BR-101/ES;Norte;Colisão Traseira;3;0;0;0;0;0;0;0;;;5;0;0;0;0
23/04/2021;03:29:00;39;Acidente sem vítima;275;BR-101/ES;Norte;Saída de Pista;1;0;0;0;0;0;0;0;;;1;0;0;0;0
23/04/2021;14:24:00;251;Acidente sem vítima;256,5;BR-101/ES;Norte;Colisão Transversal;2;0;0;0;0;0;0;0;;;2;0;0;0;0
23/04/2021;14:42:00;259;Acidente sem vítima;238,4;BR-101/ES;Norte;Colisão Traseira;0;0;2;0;0;0;0;0;;;2;0;0;0;0
23/04/2021;15:39:00;271;Acidente com vítima;281,6;BR-101/ES;Norte;Colisão Traseira;1;0;0;1;0;0;0;0;;;1;2;0;0;0
23/04/2021;16:34:00;291;Acidente sem vítima;243;BR-101/ES;Norte;Colisão Traseira;2;0;0;0;0;0;0;0;;;3;0;0;0;0
23/04/2021;18:21:00;321;Acidente com vítima;212;BR-101/ES;Sul;Colisão Transversal;1;0;0;1;0;0;0;0;;;2;0;1;0;0
23/04/2021;18:23:00;322;Acidente sem vítima;296,5;BR-101/ES;Sul;Colisão Traseira;3;0;0;0;0;0;0;0;;;3;0;0;0;0
24/04/2021;00:43:00;12;Acidente sem vítima;939;BR-101/BA;Norte;Saída de Pista;1;0;0;0;0;0;0;0;;;1;0;0;0;0
24/04/2021;07:19:00;89;Acidente com vítima;260,2;BR-101/ES;Norte;Colisão Lateral;2;0;0;0;0;0;0;0;;;2;0;3;0;0
24/04/2021;10:52:00;171;Acidente sem vítima;145;BR-101/ES;Sul;Colisão Transversal;2;0;0;0;0;0;0;0;;;4;0;0;0;0
24/04/2021;12:25:00;212;Acidente com vítima;258,1;BR-101/ES;Norte;Queda de ciclista;0;1;0;0;0;0;0;0;;;0;0;1;0;0
24/04/2021;13:38:00;237;Acidente com vítima;393;BR-101/ES;Sul;Colisão Lateral;1;0;0;1;0;0;0;0;;;1;0;0;1;0
24/04/2021;15:17:00;263;Acidente com vítima;151;BR-101/ES;Sul;Queda de ciclista;0;1;0;0;0;0;0;0;;;0;1;0;0;0
24/04/2021;15:49:00;270;Acidente com vítima;109,4;BR-101/ES;Sul;Colisão Lateral;2;0;0;0;0;0;0;0;;;3;1;0;0;0
24/04/2021;18:39:00;324;Acidente sem vítima;430;BR-101/ES;Norte;Queda de Moto;0;0;0;1;0;0;0;0;;;1;0;0;0;0
24/04/2021;19:54:00;337;Acidente com vítima;268,3;BR-101/ES;Norte;Colisão Lateral;1;0;2;0;0;0;0;0;;;3;1;0;0;0
24/04/2021;20:49:00;351;Acidente sem vítima;147;BR-101/ES;Norte;Colisão Transversal;2;0;0;0;0;0;0;0;;;2;0;0;0;0
24/04/2021;22:56:00;387;Acidente com vítima;146;BR-101/ES;Sul;Colisão Traseira;2;0;0;0;0;0;0;0;;;0;3;0;0;0
25/04/2021;00:10:00;6;Acidente com vítima;288,4;BR-101/ES;Sul;Choque com Objeto Fixo;1;0;0;0;0;0;0;0;;;0;0;0;1;0
25/04/2021;06:04:00;75;Atropelamento sem morte;270;BR-101/ES;Sul;Atropelamento;1;0;0;0;0;0;0;0;;;1;0;0;1;0
25/04/2021;06:37:00;76;Acidente com vítima;65,7;BR-101/ES;Norte;Colisão Transversal;1;0;0;1;0;0;0;0;;;4;0;1;0;0
25/04/2021;07:58:00;101;Acidente com vítima;36,2;BR-101/ES;Sul;Queda de ciclista;0;1;0;0;0;0;0;0;;;0;0;1;0;0
25/04/2021;11:55:00;204;Acidente com vítima;298,3;BR-101/ES;Norte;Queda de Moto;0;0;0;1;0;0;0;0;;;0;1;1;0;0
25/04/2021;15:09:00;255;Acidente com vítima;246,8;BR-101/ES;Norte;Colisão Transversal;1;0;1;0;0;0;0;0;;;4;1;0;0;0
25/04/2021;15:20:00;258;Acidente com vítima;290;BR-101/ES;Norte;Queda de Moto;0;0;0;1;0;0;0;0;;;0;1;1;0;0
25/04/2021;16:58:00;283;Acidente sem vítima;293;BR-101/ES;Sul;Saída de Pista;1;0;0;0;0;0;0;0;;;3;0;0;0;0
25/04/2021;18:07:00;318;Acidente sem vítima;298;BR-101/ES;Sul;Colisão Lateral;3;0;0;0;0;0;0;0;;;3;0;0;0;0
25/04/2021;18:09:00;319;Acidente com vítima;253;BR-101/ES;Norte;Colisão Traseira;2;0;0;0;0;0;0;0;;;2;1;0;0;0
25/04/2021;18:18:00;320;Acidente sem vítima;110,2;BR-101/ES;Sul;Colisão Traseira;1;0;0;0;0;0;0;0;;;5;0;0;0;0
25/04/2021;21:06:00;345;Acidente sem vítima;956;BR-101/BA;Sul;Saída de Pista;1;0;0;0;0;0;0;0;;;2;0;0;0;0
26/04/2021;10:54:00;160;Acidente sem vítima;147,5;BR-101/ES;Sul;Colisão Traseira;2;0;0;0;0;0;0;0;;;2;0;0;0;0
26/04/2021;14:13:00;238;Acidente com vítima;264,4;BR-101/ES;Norte;Colisão Traseira;1;0;2;0;0;0;0;0;;;2;1;0;0;0
26/04/2021;17:23:00;283;Acidente sem vítima;64,5;BR-101/ES;Sul;Colisão Lateral;1;0;1;0;0;0;0;0;;;3;0;0;0;0
26/04/2021;17:31:00;285;Acidente sem vítima;281,3;BR-101/ES;Norte;Engavetamento;3;0;0;0;0;0;0;0;;;3;0;0;0;0
26/04/2021;17:49:00;292;Acidente com vítima;262,8;BR-101/ES;Sul;Colisão Lateral;0;0;1;1;0;0;0;0;;;1;0;1;0;0
26/04/2021;18:04:00;294;Acidente com vítima;15;BR-101/ES;Sul;Colisão Traseira;1;0;0;1;0;0;0;0;;;1;1;0;0;0
26/04/2021;19:04:00;304;Acidente sem vítima;263;BR-101/ES;Norte;Colisão Traseira;3;0;0;0;0;0;0;0;;;5;0;0;0;0
26/04/2021;19:54:00;316;Acidente com vítima;117;BR-101/ES;Norte;Queda de Moto;0;0;0;1;0;0;0;0;;;0;0;1;0;0
26/04/2021;20:54:00;325;Acidente sem vítima;269;BR-101/ES;Norte;Colisão Lateral;1;0;2;0;0;0;0;0;;;3;0;0;0;0
27/04/2021;06:29:00;101;Acidente com vítima;287,4;BR-101/ES;Sul;Colisão Lateral;1;0;0;1;0;0;0;0;;;1;0;1;0;0
27/04/2021;07:54:00;115;Atropelamento sem morte;268,7;BR-101/ES;Sul;Atropelamento;1;0;0;1;0;0;0;0;;;2;0;0;2;0
27/04/2021;10:05:00;167;Acidente sem vítima;257,4;BR-101/ES;Norte;Colisão Lateral;1;0;0;0;1;0;0;0;;;2;0;0;0;0
27/04/2021;20:08:00;333;Acidente com vítima;392,5;BR-101/ES;Norte;Colisão Transversal;1;0;1;0;0;0;0;0;;;1;1;0;0;0
27/04/2021;23:01:00;375;Acidente com vítima;310,8;BR-101/ES;Norte;Capotamento;0;0;1;0;0;0;0;0;;;0;1;0;0;0
27/04/2021;23:43:00;386;Acidente com vítima;292;BR-101/ES;Norte;Queda de Moto;0;0;0;1;0;0;0;0;;;0;1;0;0;0
28/04/2021;08:06:00;145;Acidente com vítima;292,8;BR-101/ES;Norte;Colisão Lateral;0;0;2;1;0;0;0;0;;;1;0;1;0;0
28/04/2021;18:26:00;358;Atropelamento com morte;445,5;BR-101/ES;Sul;Atropelamento;0;0;1;0;0;0;0;0;;;1;0;0;0;1
28/04/2021;19:07:00;367;Acidente sem vítima;244;BR-101/ES;Sul;Saída de Pista;1;0;0;0;0;0;0;0;;;1;0;0;0;0
29/04/2021;08:37:00;161;Acidente com vítima;265;BR-101/ES;Norte;Colisão Traseira;0;0;1;1;0;0;0;0;;;1;0;2;0;0
29/04/2021;09:04:00;171;Acidente sem vítima;270,6;BR-101/ES;Norte;Engavetamento;1;0;2;0;0;0;0;0;;;3;0;0;0;0
29/04/2021;10:26:00;198;Acidente sem vítima;294;BR-101/ES;Norte;Colisão Traseira;2;0;0;0;0;0;0;0;;;2;0;0;0;0
29/04/2021;14:33:00;291;Acidente sem vítima;392,5;BR-101/ES;Norte;Saída de Pista;1;0;0;0;0;0;0;0;;;1;0;0;0;0
29/04/2021;15:35:00;306;Acidente sem vítima;387,6;BR-101/ES;Sul;Saída de Pista;0;0;2;0;0;0;0;0;;;1;0;0;0;0
29/04/2021;17:43:00;340;Acidente com vítima;180,4;BR-101/ES;Sul;Colisão Traseira;1;0;0;1;0;0;0;0;;;1;0;0;1;0
29/04/2021;20:58:00;374;Acidente com vítima;337,5;BR-101/ES;Sul;Colisão Lateral;0;0;3;0;0;0;0;0;;;2;0;1;0;0
29/04/2021;21:00:00;375;Acidente sem vítima;270,3;BR-101/ES;Sul;Colisão Traseira;1;0;3;0;0;0;0;0;;;2;0;0;0;0
29/04/2021;23:09:00;393;Acidente sem vítima;264,7;BR-101/ES;Sul;Colisão Lateral;1;0;2;0;0;0;0;0;;;2;0;0;0;0
30/04/2021;00:29:00;3;Acidente com vítima;296;BR-101/ES;Norte;Choque com Objeto Fixo;0;0;0;1;0;0;0;0;;;0;0;2;0;0
30/04/2021;07:40:00;122;Acidente com vítima;266,6;BR-101/ES;Sul;Queda de Moto;0;0;0;1;0;0;0;0;;;0;1;0;0;0
30/04/2021;09:37:00;163;Acidente sem vítima;450,1;BR-101/ES;Sul;Saída de Pista;0;0;2;0;0;0;0;0;;;1;0;0;0;0
30/04/2021;10:41:00;183;Acidente com vítima;289,2;BR-101/ES;Norte;Colisão Traseira;0;0;4;0;0;0;0;0;;;3;1;1;1;0
30/04/2021;12:47:00;234;Acidente sem vítima;234;BR-101/ES;Norte;Saída de Pista;1;0;0;0;0;0;0;0;;;1;0;0;0;0
30/04/2021;13:32:00;252;Acidente sem vítima;255;BR-101/ES;Sul;Colisão Traseira;2;0;0;0;0;0;0;0;;;2;0;0;0;0
30/04/2021;15:43:00;285;Acidente sem vítima;271,5;BR-101/ES;Sul;Colisão Traseira;1;0;1;0;0;0;0;0;;;2;0;0;0;0
30/04/2021;15:53:00;287;Acidente com vítima;276,7;BR-101/ES;Sul;Colisão Traseira;2;0;0;1;0;0;0;0;;;5;0;1;0;0
30/04/2021;16:44:00;299;Acidente com vítima;271,5;BR-101/ES;Sul;Colisão Traseira;0;0;0;2;0;0;0;0;;;0;2;0;0;0
30/04/2021;18:42:00;325;Acidente com vítima;414;BR-101/ES;Sul;Colisão com ciclista;1;1;0;0;0;0;0;0;;;2;1;0;0;0
30/04/2021;18:49:00;327;Acidente com vítima;304,5;BR-101/ES;Sul;Colisão Traseira;1;0;0;1;0;0;0;0;;;1;1;1;0;0
30/04/2021;18:51:00;329;Atropelamento sem morte;270,7;BR-101/ES;Norte;Atropelamento;1;0;0;1;0;0;0;0;;;2;0;1;0;0
30/04/2021;19:54:00;340;Acidente sem vítima;127;BR-101/ES;Norte;Colisão Lateral;2;0;0;0;0;0;0;0;;;2;0;0;0;0
30/04/2021;20:31:00;348;Acidente com vítima;291;BR-101/ES;Norte;Colisão Traseira;1;0;0;1;0;0;0;0;;;3;0;1;0;0
30/04/2021;20:48:00;354;Acidente sem vítima;264;BR-101/ES;Norte;Colisão Transversal;2;0;0;0;0;0;0;0;;;4;0;0;0;0
30/04/2021;22:37:00;373;Acidente sem vítima;366,5;BR-101/ES;Norte;Saída de Pista;1;0;0;0;0;0;0;0;;;2;0;0;0;0
30/04/2021;23:28:00;383;Acidente sem vítima;410;BR-101/ES;Sul;Saída de Pista;1;0;0;0;0;0;0;0;;;3;0;0;0;0
01/05/2021;00:49:00;16;Acidente sem vítima;214;BR-101/ES;Norte;Choque com Objeto Fixo;1;0;0;0;0;0;0;0;;;1;0;0;0;0
01/05/2021;05:33:00;74;Acidente com vítima;227;BR-101/ES;Norte;Saída de Pista;1;0;0;0;0;0;0;0;;;0;0;1;0;0
01/05/2021;12:52:00;184;Acidente sem vítima;97;BR-101/ES;Sul;Veículo em Chamas;0;0;0;0;0;1;0;0;;;1;0;0;0;0
01/05/2021;14:51:00;206;Acidente sem vítima;296,2;BR-101/ES;Norte;Choque com Objeto Fixo;1;0;1;0;0;0;0;0;;;2;0;0;0;0
01/05/2021;15:33:00;217;Acidente sem vítima;947,3;BR-101/BA;Sul;Tombamento;0;0;3;0;0;0;0;0;;;1;0;0;0;0
02/05/2021;03:27:00;46;Acidente sem vítima;85;BR-101/ES;Sul;Choque com Objeto Fixo;0;0;1;0;0;0;0;0;;;1;0;0;0;0
02/05/2021;06:35:00;78;Acidente sem vítima;304,4;BR-101/ES;Sul;Choque com Objeto Fixo;1;0;0;0;0;0;0;0;;;5;0;0;0;0
02/05/2021;08:21:00;101;Acidente sem vítima;373;BR-101/ES;Norte;Capotamento;1;0;0;0;0;0;0;0;;;2;0;0;0;0
02/05/2021;08:58:00;111;Acidente com vítima;274,4;BR-101/ES;Sul;Saída de Pista;1;0;0;0;0;0;0;0;;;0;0;2;0;0
02/05/2021;12:55:00;199;Acidente com vítima;66;BR-101/ES;Sul;Colisão Traseira;2;0;0;0;0;0;0;0;;;0;0;1;0;0
02/05/2021;16:26:00;246;Acidente sem vítima;266;BR-101/ES;Norte;Colisão Traseira;2;0;0;0;0;0;0;0;;;2;0;0;0;0
02/05/2021;17:19:00;261;Acidente sem vítima;392,2;BR-101/ES;Norte;Colisão Lateral;1;0;2;0;0;0;0;0;;;2;0;0;0;0
02/05/2021;17:24:00;265;Acidente sem vítima;252,8;BR-101/ES;Sul;Colisão Traseira;2;0;0;0;0;0;0;0;;;2;0;0;0;0
02/05/2021;17:44:00;273;Acidente sem vítima;293,8;BR-101/ES;Sul;Choque com Objeto Fixo;1;0;0;0;0;0;0;0;;;1;0;0;0;0
02/05/2021;21:13:00;322;Acidente com vítima;237;BR-101/ES;Sul;Engavetamento;2;0;0;2;0;0;0;0;;;4;1;0;0;0
02/05/2021;23:20:00;349;Acidente com vítima;441;BR-101/ES;Sul;Colisão Lateral;0;0;2;1;0;0;0;0;;;1;0;0;1;0
03/05/2021;09:14:00;165;Acidente sem vítima;48,2;BR-101/ES;Sul;Saída de Pista;1;0;0;0;0;0;0;0;;;4;0;0;0;0
03/05/2021;10:09:00;188;Acidente com vítima;225,4;BR-101/ES;Norte;Colisão Traseira;4;0;0;0;0;0;0;0;;;1;3;1;0;0
03/05/2021;12:26:00;260;Acidente com vítima;157,7;BR-101/ES;Norte;Colisão Lateral;1;0;0;1;0;0;0;0;;;2;1;1;0;0
03/05/2021;15:21:00;316;Acidente sem vítima;149;BR-101/ES;Sul;Colisão Lateral;1;0;2;0;0;0;0;0;;;3;0;0;0;0
03/05/2021;17:17:00;355;Acidente sem vítima;264;BR-101/ES;Sul;Colisão Frontal;1;0;0;1;0;0;0;0;;;2;0;0;0;0
03/05/2021;20:19:00;392;Acidente com vítima;438,9;BR-101/ES;Sul;Colisão Transversal;1;0;1;0;0;0;0;0;;;2;0;2;0;0
03/05/2021;21:19:00;411;Acidente sem vítima;319;BR-101/ES;Norte;Saída de Pista;0;0;2;0;0;0;0;0;;;1;0;0;0;0
04/05/2021;04:23:00;81;Atropelamento sem morte;228;BR-101/ES;Sul;Atropelamento;0;0;2;0;0;0;0;0;;;1;0;0;1;0
04/05/2021;08:13:00;135;Acidente com vítima;269;BR-101/ES;Sul;Colisão Traseira;1;0;0;1;0;0;0;0;;;1;0;1;0;0
04/05/2021;08:15:00;136;Acidente sem vítima;147,4;BR-101/ES;Sul;Colisão Lateral;1;0;1;0;0;0;0;0;;;2;0;0;0;0
04/05/2021;11:08:00;202;Acidente sem vítima;49,85;BR-101/ES;Norte;Colisão Transversal;2;0;0;0;0;0;0;0;;;6;0;0;0;0
04/05/2021;14:32:00;274;Acidente com vítima;246,2;BR-101/ES;Sul;Colisão Lateral;0;0;3;0;0;0;0;0;;;2;0;3;0;0
04/05/2021;17:02:00;324;Acidente com vítima;314;BR-101/ES;Norte;Queda de Moto;0;0;1;1;0;0;0;0;;;1;0;2;0;0
04/05/2021;17:06:00;325;Acidente com vítima;269;BR-101/ES;Norte;Colisão Lateral;1;0;0;1;0;0;0;0;;;2;0;1;0;0
04/05/2021;18:31:00;341;Acidente com vítima;288;BR-101/ES;Sul;Colisão Traseira;1;0;0;1;0;0;0;0;;;4;0;1;0;0
04/05/2021;19:31:00;356;Acidente sem vítima;260;BR-101/ES;Sul;Queda de Moto;0;0;0;1;0;0;0;0;;;1;0;0;0;0
04/05/2021;20:52:00;372;Acidente com vítima;213;BR-101/ES;Norte;Queda de Moto;0;0;0;1;0;0;0;0;;;0;1;0;0;0
05/05/2021;07:23:00;104;Acidente sem vítima;147,5;BR-101/ES;Sul;Engavetamento;3;0;0;1;0;0;0;0;;;4;0;0;0;0
05/05/2021;07:25:00;105;Acidente sem vítima;147,3;BR-101/ES;Sul;Engavetamento;3;0;0;0;0;0;0;0;;;3;0;0;0;0
05/05/2021;12:02:00;208;Acidente sem vítima;158;BR-101/ES;Sul;Veículo em Chamas;1;0;0;0;0;0;0;0;;;3;0;0;0;0
05/05/2021;15:22:00;262;Acidente com vítima;8,3;BR-101/ES;Sul;Tombamento;0;0;4;0;0;0;0;0;;;0;1;0;0;0
05/05/2021;16:54:00;284;Acidente com vítima;144;BR-101/ES;Sul;Colisão Transversal;2;0;0;0;0;0;0;0;;;1;1;1;0;0
05/05/2021;18:03:00;305;Acidente sem vítima;403;BR-101/ES;Norte;Atropelamento de Equino;1;0;0;0;0;0;0;0;;;2;0;0;0;0
05/05/2021;18:51:00;315;Atropelamento com morte;308,5;BR-101/ES;Sul;Atropelamento;0;0;1;0;0;0;0;0;;;1;0;0;0;1
06/05/2021;04:56:00;77;Acidente sem vítima;228;BR-101/ES;Sul;Saída de Pista;1;0;0;0;0;0;0;0;;;1;0;0;0;0
06/05/2021;07:17:00;102;Acidente com vítima;414;BR-101/ES;Sul;Queda de Moto;0;0;0;1;0;0;0;0;;;0;1;0;0;0
06/05/2021;10:05:00;166;Acidente sem vítima;331,7;BR-101/ES;Norte;Choque com Objeto Fixo;0;0;1;0;0;0;0;0;;;1;0;0;0;0
06/05/2021;10:33:00;175;Acidente sem vítima;299,1;BR-101/ES;Norte;Choque com Objeto Fixo;0;0;2;0;0;0;0;0;;;1;0;0;0;0
06/05/2021;12:12:00;231;Acidente com morte;266,4;BR-101/ES;Sul;Colisão Transversal;2;0;1;1;0;0;0;0;;;4;0;0;0;1
06/05/2021;15:57:00;315;Acidente sem vítima;221;BR-101/ES;Norte;Colisão Traseira;2;0;0;0;0;0;0;0;;;2;0;0;0;0
06/05/2021;17:08:00;343;Acidente com morte;269,8;BR-101/ES;Norte;Colisão Lateral;1;0;1;1;0;0;0;0;;;2;0;0;0;1
06/05/2021;18:09:00;363;Acidente sem vítima;155;BR-101/ES;Sul;Colisão Traseira;0;0;3;0;0;0;0;0;;;3;0;0;0;0
06/05/2021;21:55:00;409;Acidente sem vítima;294;BR-101/ES;Norte;Colisão Traseira;1;0;0;0;0;0;0;0;;;1;0;0;0;0
07/05/2021;07:07:00;107;Acidente com vítima;17,8;BR-101/ES;Norte;Tombamento;0;0;3;0;0;0;0;0;;;1;1;0;0;0
07/05/2021;09:22:00;160;Acidente com vítima;270,5;BR-101/ES;Sul;Colisão com ciclista;1;1;0;0;0;0;0;0;;;1;0;1;0;0
07/05/2021;12:12:00;238;Acidente sem vítima;262;BR-101/ES;Norte;Veículo em Chamas;0;0;0;0;1;0;0;0;;;1;0;0;0;0
07/05/2021;13:46:00;271;Acidente com vítima;357,6;BR-101/ES;Sul;Choque;0;0;0;1;0;0;0;0;;;0;1;0;0;0
07/05/2021;14:29:00;281;Acidente sem vítima;264,3;BR-101/ES;Sul;Colisão Traseira;2;0;0;0;0;0;0;0;;;2;0;0;0;0
07/05/2021;15:08:00;290;Acidente sem vítima;109,8;BR-101/ES;Norte;Colisão Traseira;0;0;4;0;0;0;0;0;;;2;0;0;0;0
07/05/2021;17:37:00;338;Acidente sem vítima;203,4;BR-101/ES;Norte;Colisão Transversal;2;0;0;0;0;0;0;0;;;4;0;0;0;0
07/05/2021;19:09:00;356;Acidente sem vítima;421;BR-101/ES;Sul;Saída de Pista;1;0;0;0;0;0;0;0;;;1;0;0;0;0
07/05/2021;19:12:00;357;Acidente com vítima;125;BR-101/ES;Norte;Colisão Traseira;1;0;0;1;0;0;0;0;;;1;1;0;1;0
07/05/2021;19:27:00;362;Acidente sem vítima;269,95;BR-101/ES;Sul;Engavetamento;4;0;0;0;0;0;0;0;;;4;0;0;0;0
07/05/2021;19:29:00;363;Acidente sem vítima;208,9;BR-101/ES;Norte;Colisão Traseira;2;0;0;0;0;0;0;0;;;2;0;0;0;0
07/05/2021;19:50:00;371;Acidente sem vítima;364;BR-101/ES;Sul;Saída de Pista;1;0;0;0;0;0;0;0;;;1;0;0;0;0
07/05/2021;20:44:00;383;Acidente sem vítima;140;BR-101/ES;Sul;Colisão Traseira;1;0;0;1;0;0;0;0;;;5;0;0;0;0
07/05/2021;23:58:00;450;Acidente sem vítima;284;BR-101/ES;Norte;Saída de Pista;1;0;0;0;0;0;0;0;;;1;0;0;0;0
08/05/2021;00:07:00;1;Acidente sem vítima;163,2;BR-101/ES;Sul;Capotamento;1;0;0;0;0;0;0;0;;;1;0;0;0;0
08/05/2021;05:12:00;65;Acidente com vítima;117;BR-101/ES;Norte;Queda de ciclista;0;1;0;0;0;0;0;0;;;0;1;0;0;0
08/05/2021;05:45:00;73;Acidente sem vítima;285;BR-101/ES;Norte;Capotamento;1;0;0;0;0;0;0;0;;;1;0;0;0;0
08/05/2021;05:55:00;85;Acidente sem vítima;285;BR-101/ES;Norte;Colisão Traseira;2;0;0;0;0;0;0;0;;;2;0;0;0;0
08/05/2021;06:02:00;87;Acidente sem vítima;285;BR-101/ES;Norte;Saída de Pista;1;0;0;0;0;0;0;0;;;1;0;0;0;0
08/05/2021;09:05:00;131;Acidente com vítima;239;BR-101/ES;Norte;Colisão Traseira;0;0;1;1;0;0;0;0;;;4;1;0;0;0
08/05/2021;10:39:00;175;Acidente com vítima;230;BR-101/ES;Sul;Colisão Traseira;2;0;0;0;0;0;0;0;;;2;1;0;0;0
08/05/2021;14:09:00;260;Acidente com vítima;270;BR-101/ES;Sul;Engavetamento;3;0;1;0;0;0;0;0;;;9;1;1;0;0
08/05/2021;16:05:00;295;Acidente sem vítima;337;BR-101/ES;Norte;Saída de Pista;1;0;0;0;0;0;0;0;;;2;0;0;0;0
08/05/2021;17:26:00;328;Acidente sem vítima;270;BR-101/ES;Norte;Colisão Lateral;1;0;1;0;0;0;0;0;;;2;0;0;0;0
08/05/2021;18:19:00;335;Acidente sem vítima;231,4;BR-101/ES;Norte;Colisão Traseira;0;0;3;0;0;0;0;0;;;2;0;0;0;0
08/05/2021;19:32:00;348;Acidente sem vítima;231;BR-101/ES;Sul;Colisão Traseira;2;0;0;0;0;0;0;0;;;2;0;0;0;0
08/05/2021;23:11:00;405;Acidente com vítima;87;BR-101/ES;Sul;Colisão Frontal;2;0;0;0;0;0;0;0;;;1;0;1;0;0
09/05/2021;04:46:00;67;Acidente com vítima;270;BR-101/ES;Sul;Choque com Objeto Fixo;1;0;0;0;0;0;0;0;;;2;1;0;0;0
09/05/2021;09:18:00;110;Acidente sem vítima;327,9;BR-101/ES;Norte;Atropelamento Animal;1;0;0;0;0;0;0;0;;;1;0;0;0;0
09/05/2021;11:43:00;166;Acidente com vítima;420;BR-101/ES;Norte;Queda de Moto;0;0;0;1;0;0;0;0;;;0;2;0;0;0
09/05/2021;12:05:00;173;Acidente com morte;143,7;BR-101/ES;Norte;Colisão Traseira;2;0;0;0;0;0;0;0;;;0;0;3;0;1
09/05/2021;13:08:00;192;Acidente sem vítima;380,2;BR-101/ES;Norte;Capotamento;1;0;0;0;0;0;0;0;;;2;0;0;0;0
09/05/2021;15:19:00;222;Acidente sem vítima;400;BR-101/ES;Norte;Capotamento;1;0;0;0;0;0;0;0;;;1;0;0;0;0
09/05/2021;16:08:00;237;Acidente sem vítima;392;BR-101/ES;Sul;Colisão Lateral;1;0;2;0;0;0;0;0;;;4;0;0;0;0
09/05/2021;16:16:00;240;Atropelamento sem morte;150,6;BR-101/ES;Sul;Atropelamento;1;0;0;0;0;0;0;0;;;1;0;0;1;0
09/05/2021;16:56:00;254;Acidente sem vítima;306;BR-101/ES;Sul;Capotamento;1;0;0;0;0;0;0;0;;;1;0;0;0;0
09/05/2021;16:57:00;255;Acidente sem vítima;149;BR-101/ES;Sul;Veículo em Chamas;1;0;0;0;0;0;0;0;;;1;0;0;0;0
09/05/2021;17:37:00;270;Acidente com vítima;263,6;BR-101/ES;Sul;Queda de Moto;0;0;0;1;0;0;0;0;;;0;0;1;0;0
09/05/2021;18:52:00;291;Acidente sem vítima;254;BR-101/ES;Sul;Saída de Pista;1;0;0;0;0;0;0;0;;;1;0;0;0;0
09/05/2021;19:10:00;296;Acidente sem vítima;101,9;BR-101/ES;Sul;Colisão Traseira;2;0;0;0;0;0;0;0;;;8;0;0;0;0
09/05/2021;19:16:00;299;Acidente sem vítima;228;BR-101/ES;Sul;Engavetamento;3;0;1;0;0;0;0;0;;;6;0;0;0;0
09/05/2021;20:16:00;308;Acidente sem vítima;340;BR-101/ES;Sul;Tombamento;0;0;1;0;0;0;0;0;;;2;0;0;0;0
09/05/2021;20:35:00;312;Acidente com vítima;264;BR-101/ES;Norte;Queda de Moto;0;0;0;1;0;0;0;0;;;0;0;1;0;0