data;horario;n_da_ocorrencia;tipo_de_ocorrencia;km;trecho;sentido;tipo_de_acidente;automovel;bicicleta;caminhao;moto;onibus;outros;tracao_animal;transporte_de_cargas_especiais;trator_maquinas;utilitarios;ilesos;levemente_feridos;moderadamente_feridos;gravemente_feridos;mortos
11/06/2021;09:38:00;196;Acidente com vítima;146,6;BR-101/ES;Norte;Colisão Traseira;1;0;0;1;0;0;0;0;;;1;1;0;0;0
11/06/2021;10:32:00;220;Acidente sem vítima;232,8;BR-101/ES;Sul;Colisão Traseira;2;0;0;0;0;0;0;0;;;5;0;0;0;0
11/06/2021;11:34:00;258;Acidente com vítima;270;BR-101/ES;Sul;Colisão Lateral;1;0;0;0;1;0;0;0;;;2;2;0;0;0
11/06/2021;16:35:00;363;Acidente com vítima;291;BR-101/ES;Norte;Colisão Traseira;0;0;0;1;0;0;0;0;;;0;0;1;0;0
11/06/2021;18:19:00;399;Acidente com vítima;292;BR-101/ES;Sul;Colisão Transversal;0;0;1;1;0;0;0;0;;;2;1;0;0;0
11/06/2021;18:30:00;401;Acidente com vítima;93;BR-101/ES;Sul;Queda de Moto;0;0;0;1;0;0;0;0;;;0;0;1;0;0
11/06/2021;23:06:00;473;Acidente com vítima;159;BR-101/ES;Sul;Colisão Traseira;1;0;0;1;0;0;0;0;;;3;0;1;0;0
12/06/2021;05:04:00;55;Acidente com vítima;57;BR-101/ES;Sul;Queda de Moto;0;0;0;1;0;0;0;0;;;0;0;1;0;0
12/06/2021;05:31:00;60;Acidente sem vítima;184,1;BR-101/ES;Norte;Saída de Pista;0;0;2;0;0;0;0;0;;;1;0;0;0;0
12/06/2021;09:25:00;129;Acidente com vítima;320,8;BR-101/ES;Norte;Colisão Traseira;0;0;3;0;0;0;0;0;;;1;0;2;0;0
12/06/2021;10:12:00;143;Acidente sem vítima;446;BR-101/ES;Norte;Atropelamento Animal;1;0;0;0;0;0;0;0;;;1;0;0;0;0
12/06/2021;13:21:00;228;Acidente com vítima;295,7;BR-101/ES;Norte;Colisão Traseira;1;0;2;0;0;0;0;0;;;1;0;1;0;0
12/06/2021;13:26:00;230;Acidente com vítima;257,6;BR-101/ES;Sul;Colisão com ciclista;0;1;0;1;0;0;0;0;;;0;0;2;0;0
12/06/2021;16:52:00;281;Acidente sem vítima;74,5;BR-101/ES;Sul;Capotamento;1;0;0;0;0;0;0;0;;;1;0;0;0;0
12/06/2021;17:26:00;287;Acidente com morte;124,5;BR-101/ES;Norte;Colisão Frontal;1;0;0;1;0;0;0;0;;;0;1;0;0;1
12/06/2021;17:53:00;295;Acidente sem vítima;151;BR-101/ES;Sul;Colisão Lateral;2;0;0;0;0;0;0;0;;;8;0;0;0;0
13/06/2021;04:39:00;44;Acidente sem vítima;293,9;BR-101/ES;Sul;Colisão Lateral;1;0;2;0;0;0;0;0;;;4;0;0;0;0
13/06/2021;10:42:00;119;Acidente com vítima;142,9;BR-101/ES;Norte;Colisão Traseira;1;0;0;1;0;0;0;0;;;1;1;1;0;0
13/06/2021;13:34:00;179;Acidente sem vítima;384,5;BR-101/ES;Sul;Saída de Pista;1;0;0;0;0;0;0;0;;;4;0;0;0;0
13/06/2021;14:56:00;204;Acidente sem vítima;67,4;BR-101/ES;Norte;Colisão Traseira;0;0;8;0;0;0;0;0;;;2;0;0;0;0
14/06/2021;06:23:00;92;Acidente com vítima;337,3;BR-101/ES;Sul;Tombamento;0;0;2;0;0;0;0;0;;;0;1;0;0;0
14/06/2021;06:32:00;94;Acidente com vítima;60,3;BR-101/ES;Sul;Colisão Transversal;1;0;0;1;0;0;0;0;;;1;1;0;0;0
14/06/2021;07:15:00;109;Acidente com morte;339,1;BR-101/ES;Sul;Colisão Traseira;2;0;2;0;0;0;0;0;;;3;1;1;2;1
14/06/2021;07:55:00;122;Acidente com vítima;269,8;BR-101/ES;Norte;Colisão Traseira;0;0;1;1;0;0;0;0;;;0;1;1;0;0
14/06/2021;08:17:00;126;Acidente com vítima;67;BR-101/ES;Sul;Colisão Lateral;0;0;1;1;0;0;0;0;;;1;0;1;0;0
14/06/2021;10:19:00;167;Acidente sem vítima;267,7;BR-101/ES;Sul;Colisão Lateral;1;0;2;0;0;0;0;0;;;2;0;0;0;0
14/06/2021;14:27:00;253;Acidente sem vítima;130,9;BR-101/ES;Norte;Queda de Moto;0;0;0;1;0;0;0;0;;;2;0;0;0;0
14/06/2021;15:27:00;268;Acidente com vítima;286,8;BR-101/ES;Norte;Queda de Moto;0;0;0;1;0;0;0;0;;;0;2;0;0;0
14/06/2021;17:40:00;304;Acidente com vítima;266,7;BR-101/ES;Norte;Colisão Lateral;1;0;0;1;0;0;0;0;;;1;1;0;0;0
14/06/2021;18:52:00;318;Acidente com vítima;414;BR-101/ES;Norte;Queda de Moto;0;0;0;1;0;0;0;0;;;0;1;0;0;0
14/06/2021;21:50:00;357;Acidente sem vítima;227;BR-101/ES;Sul;Saída de Pista;1;0;0;0;0;0;0;0;;;2;0;0;0;0
15/06/2021;06:08:00;120;Acidente sem vítima;335,1;BR-101/ES;Norte;Choque com Objeto Fixo;1;0;0;0;0;0;0;0;;;3;0;0;0;0
15/06/2021;06:56:00;126;Acidente sem vítima;270,7;BR-101/ES;Norte;Engavetamento;2;0;3;0;0;0;0;0;;;4;0;0;0;0
15/06/2021;07:44:00;146;Acidente sem vítima;270,7;BR-101/ES;Sul;Colisão Traseira;1;0;2;0;0;0;0;0;;;3;0;0;0;0
15/06/2021;08:11:00;153;Acidente com vítima;269;BR-101/ES;Norte;Colisão com ciclista;0;1;0;1;0;0;0;0;;;0;1;2;0;0
15/06/2021;10:40:00;224;Acidente sem vítima;394;BR-101/ES;Sul;Saída de Pista;0;0;1;0;0;0;0;0;;;1;0;0;0;0
15/06/2021;18:06:00;369;Acidente sem vítima;85,8;BR-101/ES;Norte;Colisão Traseira;2;0;0;0;0;0;0;0;;;2;0;0;0;0
15/06/2021;18:07:00;370;Acidente sem vítima;253;BR-101/ES;Sul;Engavetamento;3;0;1;0;0;0;0;0;;;5;0;0;0;0
15/06/2021;20:37:00;397;Acidente sem vítima;137,8;BR-101/ES;Norte;Saída de Pista;1;0;0;0;0;0;0;0;;;2;0;0;0;0
16/06/2021;06:32:00;108;Acidente com vítima;262,2;BR-101/ES;Sul;Queda de Moto;0;0;0;1;0;0;0;0;;;0;1;0;0;0
16/06/2021;06:37:00;109;Acidente sem vítima;109,9;BR-101/ES;Sul;Saída de Pista;1;0;0;0;0;0;0;0;;;1;0;0;0;0
16/06/2021;09:00:00;139;Acidente com vítima;263,9;BR-101/ES;Sul;Colisão Lateral;1;0;0;1;0;0;0;0;;;1;1;0;0;0
16/06/2021;21:31:00;402;Acidente sem vítima;310,5;BR-101/ES;Sul;Capotamento;1;0;0;0;0;0;0;0;;;2;0;0;0;0
17/06/2021;06:52:00;115;Acidente sem vítima;119,7;BR-101/ES;Norte;Colisão Traseira;1;0;1;0;0;0;0;0;;;2;0;0;0;0
17/06/2021;08:12:00;149;Acidente com vítima;268,4;BR-101/ES;Sul;Colisão Lateral;1;0;0;1;0;0;0;0;;;2;0;1;0;0
17/06/2021;10:32:00;211;Acidente com vítima;396;BR-101/ES;Norte;Queda de ciclista;0;1;0;0;0;0;0;0;;;0;1;0;0;0
17/06/2021;13:11:00;285;Acidente com vítima;65,3;BR-101/ES;Sul;Colisão Lateral;1;0;0;1;0;0;0;0;;;1;0;1;0;0
17/06/2021;16:33:00;356;Acidente sem vítima;125,9;BR-101/ES;Norte;Colisão Traseira;1;0;1;0;0;0;0;0;;;2;0;0;0;0
17/06/2021;21:52:00;445;Acidente com vítima;65;BR-101/ES;Norte;Colisão Traseira;1;0;0;1;0;0;0;0;;;1;0;0;1;0
18/06/2021;07:34:00;127;Acidente sem vítima;293,2;BR-101/ES;Norte;Colisão Traseira;1;0;1;0;0;0;0;0;;;2;0;0;0;0
18/06/2021;11:31:00;227;Acidente sem vítima;448,1;BR-101/ES;Sul;Capotamento;1;0;0;0;0;0;0;0;;;1;0;0;0;0
18/06/2021;11:58:00;236;Acidente sem vítima;297,6;BR-101/ES;Norte;Colisão Traseira;1;0;1;0;0;0;0;0;;;2;0;0;0;0
18/06/2021;17:22:00;377;Atropelamento sem morte;269;BR-101/ES;Sul;Atropelamento;0;0;0;1;0;0;0;0;;;0;1;1;0;0
18/06/2021;18:19:00;391;Acidente sem vítima;267,5;BR-101/ES;Sul;Engavetamento;3;0;0;0;0;0;0;0;;;3;0;0;0;0
18/06/2021;18:35:00;395;Acidente com vítima;228;BR-101/ES;Norte;Colisão Frontal;1;0;1;0;0;0;0;0;;;1;1;0;0;0
18/06/2021;20:24:00;423;Atropelamento sem morte;100;BR-101/ES;Norte;Atropelamento e Fuga;1;0;0;0;0;0;0;0;;;1;0;0;1;0
19/06/2021;02:34:00;65;Acidente com morte;413,1;BR-101/ES;Sul;Colisão com ciclista;1;1;0;0;0;0;0;0;;;1;0;0;0;1
19/06/2021;02:58:00;69;Acidente sem vítima;279,7;BR-101/ES;Sul;Saída de Pista;1;0;0;0;0;0;0;0;;;1;0;0;0;0
19/06/2021;03:18:00;72;Acidente sem vítima;266;BR-101/ES;Norte;Colisão Traseira;2;0;0;0;0;1;0;0;;;2;0;0;0;0
19/06/2021;04:31:00;82;Acidente com vítima;137;BR-101/ES;Sul;Colisão Traseira;1;0;0;1;0;0;0;0;;;1;0;1;0;0
19/06/2021;07:08:00;104;Acidente sem vítima;945;BR-101/BA;Sul;Saída de Pista;1;0;0;0;0;0;0;0;;;5;0;0;0;0
19/06/2021;07:09:00;105;Acidente com vítima;126;BR-101/ES;Sul;Queda de Moto;0;0;0;1;0;0;0;0;;;0;1;0;0;0
19/06/2021;13:21:00;236;Acidente sem vítima;259,7;BR-101/ES;Sul;Colisão Lateral;2;0;0;0;0;0;0;0;;;2;0;0;0;0
19/06/2021;14:43:00;259;Acidente com vítima;267,8;BR-101/ES;Norte;Colisão com ciclista;1;1;0;0;0;0;0;0;;;1;1;0;0;0
19/06/2021;14:51:00;263;Acidente com vítima;289;BR-101/ES;Sul;Tombamento;0;0;2;0;0;0;0;0;;;0;1;0;0;0
19/06/2021;17:16:00;301;Acidente sem vítima;68,2;BR-101/ES;Norte;Colisão Traseira;2;0;0;0;0;0;0;0;;;2;0;0;0;0
19/06/2021;23:33:00;398;Acidente sem vítima;452,5;BR-101/ES;Sul;Saída de Pista;1;0;0;0;0;0;0;0;;;3;0;0;0;0
20/06/2021;00:09:00;1;Acidente sem vítima;307;BR-101/ES;Sul;Choque com Objeto Fixo;1;0;0;0;0;0;0;0;;;1;0;0;0;0
20/06/2021;01:51:00;36;Acidente sem vítima;206;BR-101/ES;Norte;Choque com Objeto Fixo;1;0;0;0;0;0;0;0;;;1;0;0;0;0
20/06/2021;04:22:00;59;Acidente com vítima;441;BR-101/ES;Sul;Queda de Moto;0;0;0;1;0;0;0;0;;;0;0;1;0;0
20/06/2021;07:34:00;109;Acidente sem vítima;149;BR-101/ES;Norte;Saída de Pista;1;0;0;0;0;0;0;0;;;1;0;0;0;0
20/06/2021;11:00:00;200;Acidente sem vítima;368,5;BR-101/ES;Sul;Queda de Moto;0;0;1;1;0;0;0;0;;;2;0;0;0;0
20/06/2021;12:41:00;241;Acidente sem vítima;301;BR-101/ES;Norte;Colisão Lateral;1;0;1;0;0;0;0;0;;;2;0;0;0;0
20/06/2021;14:01:00;262;Acidente sem vítima;55;BR-101/ES;Norte;Colisão Lateral;2;0;0;0;0;0;0;0;;;2;0;0;0;0
20/06/2021;15:57:00;294;Acidente sem vítima;254;BR-101/ES;Sul;Engavetamento;3;0;0;0;0;0;0;0;;;3;0;0;0;0
20/06/2021;18:18:00;357;Acidente sem vítima;291;BR-101/ES;Norte;Atropelamento Animal;0;0;0;1;0;0;0;0;;;1;0;0;0;0
20/06/2021;21:30:00;408;Acidente com vítima;298;BR-101/ES;Norte;Colisão Transversal;2;0;0;0;0;0;0;0;;;2;1;1;0;0
20/06/2021;23:58:00;447;Acidente com vítima;293;BR-101/ES;Norte;Queda de ciclista;0;1;0;0;0;0;0;0;;;0;0;1;0;0
21/06/2021;09:07:00;156;Acidente sem vítima;287,5;BR-101/ES;Sul;Colisão Traseira;2;0;2;0;0;0;0;0;;;3;0;0;0;0
21/06/2021;12:20:00;256;Acidente com vítima;269,8;BR-101/ES;Norte;Colisão Traseira;1;0;0;1;0;0;0;0;;;3;1;0;0;0
21/06/2021;12:51:00;267;Acidente com vítima;213,4;BR-101/ES;Sul;Queda de Moto;0;0;0;1;0;0;0;0;;;0;1;1;0;0
21/06/2021;15:13:00;299;Acidente com vítima;305,7;BR-101/ES;Norte;Choque com Objeto Fixo;1;0;0;0;0;0;0;0;;;0;1;0;0;0
21/06/2021;17:33:00;330;Acidente sem vítima;264,4;BR-101/ES;Sul;Colisão Traseira;2;0;0;0;0;0;0;0;;;2;0;0;0;0
21/06/2021;17:55:00;337;Acidente com vítima;176,4;BR-101/ES;Sul;Colisão Frontal;2;0;0;0;0;0;0;0;;;2;0;1;0;0
21/06/2021;19:58:00;356;Acidente sem vítima;277;BR-101/ES;Norte;Colisão Transversal;1;0;2;0;0;0;0;0;;;2;0;0;0;0
21/06/2021;20:36:00;364;Acidente sem vítima;255;BR-101/ES;Sul;Colisão Traseira;2;0;0;0;0;0;0;0;;;2;0;0;0;0
21/06/2021;20:41:00;367;Acidente sem vítima;277;BR-101/ES;Norte;Colisão Traseira;1;0;2;0;0;0;0;0;;;3;0;0;0;0
21/06/2021;23:29:00;416;Acidente sem vítima;372;BR-101/ES;Norte;Saída de Pista;1;0;0;0;0;0;0;0;;;2;0;0;0;0
22/06/2021;06:29:00;98;Acidente com vítima;361;BR-101/ES;Sul;Tombamento;0;0;7;0;0;0;0;0;;;3;0;0;1;0
22/06/2021;07:00:00;115;Acidente com vítima;142,9;BR-101/ES;Norte;Queda de Moto;0;0;0;1;0;0;0;0;;;0;0;1;0;0
22/06/2021;08:31:00;139;Acidente sem vítima;258,4;BR-101/ES;Sul;Colisão Traseira;3;0;0;0;0;0;0;0;;;5;0;0;0;0
22/06/2021;08:46:00;145;Acidente com vítima;277,9;BR-101/ES;Norte;Colisão Transversal;0;0;0;1;1;0;0;0;;;1;0;0;1;0
22/06/2021;12:59:00;245;Acidente com vítima;288,9;BR-101/ES;Norte;Queda de Moto;0;0;0;1;0;0;0;0;;;0;1;0;0;0
22/06/2021;17:09:00;318;Acidente com vítima;266,4;BR-101/ES;Sul;Colisão Traseira;0;0;1;1;0;0;0;0;;;1;0;1;0;0
22/06/2021;23:42:00;420;Acidente sem vítima;111;BR-101/ES;Norte;Choque;1;0;0;0;0;0;0;0;;;3;0;0;0;0
23/06/2021;08:13:00;148;Acidente sem vítima;180,3;BR-101/ES;Norte;Colisão Traseira;2;0;0;0;0;0;0;0;;;2;0;0;0;0
23/06/2021;09:26:00;177;Acidente sem vítima;305;BR-101/ES;Sul;Colisão Transversal;1;0;2;0;0;0;0;0;;;2;0;0;0;0
23/06/2021;10:00:00;193;Acidente sem vítima;229;BR-101/ES;Sul;Engavetamento;2;0;2;0;0;0;0;0;;;3;0;0;0;0
23/06/2021;10:19:00;201;Acidente com vítima;284,5;BR-101/ES;Sul;Queda de Moto;0;0;0;1;0;0;0;0;;;0;1;1;0;0
23/06/2021;12:08:00;262;Acidente sem vítima;268;BR-101/ES;Norte;Colisão Traseira;2;0;0;0;0;0;0;0;;;3;0;0;0;0
23/06/2021;13:57:00;294;Acidente sem vítima;298,4;BR-101/ES;Norte;Colisão Lateral;1;0;3;0;0;0;0;0;;;4;0;0;0;0
23/06/2021;14:04:00;298;Acidente com vítima;21;BR-101/ES;Sul;Choque com Objeto Fixo;1;0;0;0;0;0;0;0;;;0;1;0;0;0
23/06/2021;15:04:00;316;Acidente sem vítima;85,8;BR-101/ES;Sul;Colisão Traseira;2;0;0;0;0;0;0;0;;;3;0;0;0;0
23/06/2021;17:10:00;363;Acidente sem vítima;101,3;BR-101/ES;Norte;Colisão Traseira;1;0;1;0;0;0;0;0;;;2;0;0;0;0
23/06/2021;17:31:00;371;Acidente sem vítima;291,3;BR-101/ES;Sul;Queda de Moto;0;0;0;1;0;0;0;0;;;1;0;0;0;0
23/06/2021;17:40:00;374;Acidente com vítima;124,1;BR-101/ES;Sul;Colisão com ciclista;0;1;0;1;0;0;0;0;;;1;1;0;0;0
23/06/2021;19:59:00;397;Atropelamento com morte;285,3;BR-101/ES;Norte;Atropelamento;0;0;0;1;0;0;0;0;;;0;0;0;1;1
24/06/2021;05:45:00;106;Acidente sem vítima;212;BR-101/ES;Sul;Colisão Traseira;1;0;5;0;0;0;0;0;;;3;0;0;0;0
24/06/2021;07:05:00;118;Acidente com vítima;264,3;BR-101/ES;Norte;Colisão com ciclista;0;1;0;1;0;0;0;0;;;1;0;1;0;0
24/06/2021;11:14:00;222;Acidente sem vítima;215;BR-101/ES;Sul;Colisão Transversal;2;0;0;0;0;0;0;0;;;4;0;0;0;0
24/06/2021;12:44:00;258;Acidente com vítima;268,5;BR-101/ES;Sul;Choque com Objeto Fixo;1;0;0;0;0;0;0;0;;;1;0;1;0;0
24/06/2021;15:37:00;316;Acidente sem vítima;139,5;BR-101/ES;Sul;Colisão Lateral;1;0;1;0;0;0;0;0;;;5;0;0;0;0
24/06/2021;17:55:00;357;Acidente sem vítima;314;BR-101/ES;Norte;Engavetamento;3;0;0;0;0;0;0;0;;;6;0;0;0;0
24/06/2021;19:41:00;383;Acidente sem vítima;232,9;BR-101/ES;Norte;Saída de Pista;1;0;0;0;0;0;0;0;;;1;0;0;0;0
25/06/2021;02:26:00;41;Acidente sem vítima;437;BR-101/ES;Sul;Atropelamento de Bovino;0;0;2;0;0;0;0;0;;;1;0;0;0;0
25/06/2021;04:48:00;56;Acidente sem vítima;267,5;BR-101/ES;Sul;Capotamento;1;0;0;0;0;0;0;0;;;1;0;0;0;0
25/06/2021;06:18:00;104;Acidente sem vítima;371;BR-101/ES;Norte;Veículo em Chamas;0;0;1;0;0;0;0;0;;;1;0;0;0;0
25/06/2021;09:34:00;169;Acidente sem vítima;269;BR-101/ES;Sul;Colisão Traseira;1;0;0;0;1;0;0;0;;;2;0;0;0;0
25/06/2021;13:19:00;247;Acidente sem vítima;269,7;BR-101/ES;Norte;Colisão Lateral;1;0;2;0;0;0;0;0;;;2;0;0;0;0
25/06/2021;13:47:00;256;Acidente com vítima;264,5;BR-101/ES;Norte;Colisão Traseira;1;0;0;1;0;0;0;0;;;1;1;0;0;0
25/06/2021;15:14:00;278;Acidente sem vítima;205,6;BR-101/ES;Norte;Colisão Traseira;2;0;0;0;0;0;0;0;;;2;0;0;0;0
25/06/2021;15:54:00;290;Acidente com vítima;159,9;BR-101/ES;Sul;Colisão Transversal;1;0;0;1;0;0;0;0;;;2;0;0;1;0
25/06/2021;18:11:00;330;Acidente sem vítima;262;BR-101/ES;Sul;Colisão Traseira;2;0;0;0;0;0;0;0;;;2;0;0;0;0
25/06/2021;18:31:00;333;Acidente com vítima;201,5;BR-101/ES;Sul;Colisão Lateral;1;0;2;0;0;0;0;0;;;1;0;2;0;0
25/06/2021;18:52:00;338;Acidente sem vítima;290;BR-101/ES;Norte;Capotamento;1;0;0;0;0;0;0;0;;;1;0;0;0;0
25/06/2021;19:17:00;343;Acidente com vítima;285;BR-101/ES;Sul;Colisão Transversal;2;0;0;0;0;0;0;0;;;2;0;2;0;0
25/06/2021;20:19:00;356;Atropelamento sem morte;270;BR-101/ES;Norte;Atropelamento;0;0;0;1;0;0;0;0;;;1;0;1;0;0
25/06/2021;20:29:00;360;Acidente sem vítima;257;BR-101/ES;Sul;Colisão Traseira;2;0;0;0;0;0;0;0;;;2;0;0;0;0
26/06/2021;07:04:00;94;Acidente sem vítima;282;BR-101/ES;Norte;Choque;0;0;0;1;0;0;0;0;;;1;0;0;0;0
26/06/2021;07:42:00;105;Acidente sem vítima;340,1;BR-101/ES;Sul;Choque;1;0;0;0;0;0;0;0;;;1;0;0;0;0
26/06/2021;15:27:00;263;Acidente com vítima;285,1;BR-101/ES;Sul;Colisão Transversal;1;0;0;1;0;0;0;0;;;1;1;1;0;0
26/06/2021;18:15:00;307;Acidente com vítima;176;BR-101/ES;Sul;Colisão Lateral;1;0;0;1;0;0;0;0;;;1;0;1;0;0
26/06/2021;19:09:00;319;Acidente sem vítima;346;BR-101/ES;Sul;Colisão Transversal;0;0;0;2;0;0;0;0;;;3;0;0;0;0
26/06/2021;23:22:00;403;Acidente com vítima;268;BR-101/ES;Sul;Choque com Objeto Fixo;1;0;0;0;0;0;0;0;;;0;1;0;0;0
27/06/2021;02:22:00;51;Acidente com morte;136;BR-101/ES;Norte;Capotamento;1;0;0;0;0;0;0;0;;;0;0;0;0;1
27/06/2021;08:22:00;96;Acidente com vítima;13,5;BR-101/ES;Norte;Queda de Moto;0;0;0;1;0;0;0;0;;;0;0;0;1;0
27/06/2021;11:16:00;162;Acidente sem vítima;248,9;BR-101/ES;Norte;Saída de Pista;1;0;0;0;0;0;0;0;;;2;0;0;0;0
27/06/2021;14:19:00;225;Acidente sem vítima;59,9;BR-101/ES;Norte;Saída de Pista;1;0;0;0;0;0;0;0;;;3;0;0;0;0
27/06/2021;17:24:00;286;Acidente sem vítima;312,4;BR-101/ES;Sul;Tombamento;1;0;0;0;0;1;0;0;;;1;0;0;0;0
27/06/2021;19:06:00;309;Acidente com vítima;301,8;BR-101/ES;Sul;Colisão Traseira;1;0;0;1;0;0;0;0;;;4;0;1;0;0
27/06/2021;22:16:00;356;Acidente sem vítima;270;BR-101/ES;Norte;Colisão Lateral;1;0;1;0;0;0;0;0;;;2;0;0;0;0
28/06/2021;02:36:00;34;Acidente sem vítima;272,2;BR-101/ES;Norte;Choque com Objeto Fixo;1;0;0;0;0;0;0;0;;;1;0;0;0;0
28/06/2021;03:10:00;45;Acidente com vítima;269,5;BR-101/ES;Norte;Colisão Transversal;1;0;1;0;0;0;0;0;;;1;0;1;0;0
28/06/2021;04:50:00;55;Acidente com vítima;231,7;BR-101/ES;Sul;Colisão Lateral;0;0;2;1;0;0;0;0;;;1;0;0;1;0
28/06/2021;05:46:00;63;Acidente sem vítima;86,1;BR-101/ES;Sul;Saída de Pista;0;0;1;0;0;0;0;0;;;1;0;0;0;0
28/06/2021;05:49:00;64;Acidente com vítima;285;BR-101/ES;Norte;Colisão Lateral;1;0;0;1;0;0;0;0;;;1;0;1;0;0
28/06/2021;07:57:00;123;Acidente sem vítima;951,4;BR-101/BA;Sul;Saída de Pista;1;0;0;0;0;0;0;0;;;2;0;0;0;0
28/06/2021;08:28:00;134;Acidente com vítima;291,2;BR-101/ES;Norte;Colisão Transversal;0;0;0;2;0;0;0;0;;;0;0;2;0;0
28/06/2021;11:27:00;211;Acidente sem vítima;242;BR-101/ES;Norte;Choque;1;0;0;0;0;0;0;0;;;1;0;0;0;0
28/06/2021;12:04:00;225;Acidente sem vítima;257;BR-101/ES;Norte;Colisão Traseira;2;0;0;0;0;0;0;0;;;2;0;0;0;0
28/06/2021;12:04:00;226;Acidente com vítima;294,6;BR-101/ES;Norte;Colisão Traseira;0;0;1;1;0;0;0;0;;;0;0;2;0;0
28/06/2021;12:52:00;242;Acidente com vítima;139,4;BR-101/ES;Sul;Colisão Transversal;0;0;2;0;0;0;0;0;;;3;1;0;0;0
28/06/2021;15:02:00;280;Acidente sem vítima;79;BR-101/ES;Norte;Colisão Traseira;1;0;1;0;0;0;0;0;;;2;0;0;0;0
28/06/2021;15:26:00;289;Acidente sem vítima;68,6;BR-101/ES;Norte;Choque com Veículo Estacionado;1;0;1;0;0;0;0;0;;;2;0;0;0;0
28/06/2021;15:57:00;300;Acidente sem vítima;149,1;BR-101/ES;Sul;Colisão Transversal;2;0;0;1;0;0;0;0;;;3;0;0;0;0
28/06/2021;16:00:00;302;Acidente com vítima;302,6;BR-101/ES;Sul;Queda de Moto;0;0;0;1;0;0;0;0;;;0;0;1;0;0
28/06/2021;17:08:00;322;Acidente sem vítima;150;BR-101/ES;Sul;Colisão Lateral;1;0;1;0;0;0;0;0;;;6;0;0;0;0
28/06/2021;17:12:00;324;Acidente com vítima;395;BR-101/ES;Norte;Colisão Transversal;2;0;0;0;0;0;0;0;;;6;4;1;0;0
28/06/2021;22:37:00;403;Acidente com morte;235;BR-101/ES;Sul;Colisão Lateral;0;0;1;1;0;0;0;0;;;1;0;0;0;1
29/06/2021;03:03:00;44;Acidente com vítima;939;BR-101/BA;Norte;Tombamento;0;0;3;0;0;0;0;0;;;0;0;1;0;0
29/06/2021;07:50:00;126;Acidente com vítima;266,5;BR-101/ES;Sul;Colisão Traseira;1;0;0;1;0;0;0;0;;;0;0;1;0;0
29/06/2021;10:45:00;185;Acidente com vítima;226;BR-101/ES;Sul;Engavetamento;2;0;5;0;0;0;0;0;;;11;0;1;0;0
29/06/2021;12:22:00;216;Acidente com vítima;147,7;BR-101/ES;Norte;Colisão Transversal;2;0;0;0;0;0;0;0;;;0;1;0;0;0
29/06/2021;17:08:00;280;Acidente sem vítima;351;BR-101/ES;Sul;Colisão Traseira;2;0;0;0;0;0;0;0;;;2;0;0;0;0
29/06/2021;18:50:00;300;Atropelamento sem morte;270;BR-101/ES;Norte;Atropelamento;0;0;0;0;1;0;0;0;;;1;0;1;0;0
29/06/2021;18:55:00;302;Acidente sem vítima;288;BR-101/ES;Sul;Choque;0;0;2;0;0;0;0;0;;;1;0;0;0;0
29/06/2021;19:34:00;308;Acidente sem vítima;189;BR-101/ES;Norte;Colisão Lateral;1;0;1;0;0;0;0;0;;;2;0;0;0;0
30/06/2021;06:28:00;105;Acidente sem vítima;361;BR-101/ES;Sul;Colisão Lateral;1;0;1;0;0;0;0;0;;;1;0;0;0;0
30/06/2021;07:09:00;113;Acidente com vítima;267,5;BR-101/ES;Norte;Queda de Moto;0;0;0;1;0;0;0;0;;;0;1;1;0;0
30/06/2021;16:11:00;282;Acidente sem vítima;354;BR-101/ES;Sul;Colisão Lateral;1;0;1;0;0;0;0;0;;;4;0;0;0;0
30/06/2021;18:27:00;319;Acidente sem vítima;359;BR-101/ES;Norte;Choque com Objeto Fixo;1;0;0;0;0;0;0;0;;;2;0;0;0;0
30/06/2021;18:35:00;320;Acidente com vítima;270,5;BR-101/ES;Norte;Colisão Traseira;1;0;0;1;0;0;0;0;;;1;1;0;0;0
30/06/2021;21:24:00;363;Acidente sem vítima;288;BR-101/ES;Sul;Capotamento;1;0;0;0;0;0;0;0;;;1;0;0;0;0
01/07/2021;07:11:00;96;Acidente sem vítima;260;BR-101/ES;Sul;Queda de Moto;0;0;0;1;0;0;0;0;;;1;0;0;0;0
01/07/2021;07:15:00;99;Acidente sem vítima;67;BR-101/ES;Norte;Colisão Lateral;0;0;1;0;1;0;0;0;;;4;0;0;0;0
01/07/2021;07:40:00;109;Acidente com vítima;148;BR-101/ES;Norte;Colisão Lateral;0;0;2;1;0;0;0;0;;;1;1;0;0;0
01/07/2021;09:02:00;150;Acidente sem vítima;41,5;BR-101/ES;Norte;Colisão Traseira;1;0;2;0;0;0;0;0;;;2;0;0;0;0
01/07/2021;09:36:00;163;Acidente com vítima;253;BR-101/ES;Sul;Colisão Transversal;1;0;0;1;0;0;0;0;;;1;0;1;0;0
01/07/2021;12:59:00;274;Acidente com vítima;246,9;BR-101/ES;Norte;Queda de Moto;0;0;0;1;0;0;0;0;;;0;2;0;0;0
01/07/2021;13:57:00;292;Acidente com vítima;297,3;BR-101/ES;Sul;Colisão Traseira;1;0;0;1;0;0;0;0;;;2;1;0;0;0
01/07/2021;16:17:00;347;Acidente sem vítima;255,3;BR-101/ES;Sul;Colisão Traseira;2;0;0;0;0;0;0;0;;;2;0;0;0;0
01/07/2021;17:57:00;372;Atropelamento sem morte;270,8;BR-101/ES;Norte;Atropelamento;1;0;0;1;0;0;0;0;;;2;1;1;0;0