data;horario;n_da_ocorrencia;tipo_de_ocorrencia;km;trecho;sentido;tipo_de_acidente;automovel;bicicleta;caminhao;moto;onibus;outros;tracao_animal;transporte_de_cargas_especiais;trator_maquinas;utilitarios;ilesos;levemente_feridos;moderadamente_feridos;gravemente_feridos;mortos
01/07/2021;18:14:00;375;Acidente sem vítima;946;BR-101/BA;Norte;Atropelamento de Equino;1;0;0;0;0;0;0;0;;;4;0;0;0;0
01/07/2021;18:24:00;377;Acidente sem vítima;266,3;BR-101/ES;Norte;Colisão Lateral;0;0;0;2;0;0;0;0;;;2;0;0;0;0
01/07/2021;18:56:00;380;Atropelamento sem morte;38;BR-101/ES;Sul;Atropelamento e Fuga;1;0;0;0;0;0;0;0;;;1;0;0;1;0
01/07/2021;19:22:00;384;Acidente sem vítima;295,6;BR-101/ES;Norte;Engavetamento;3;0;0;0;0;0;0;0;;;1;0;0;0;0
01/07/2021;22:40:00;436;Acidente sem vítima;414,2;BR-101/ES;Sul;Tombamento;0;0;1;0;0;0;0;0;;;1;0;0;0;0
01/07/2021;22:56:00;438;Acidente sem vítima;6;BR-101/ES;Norte;Colisão Lateral;1;0;1;0;0;0;0;0;;;2;0;0;0;0
01/07/2021;23:16:00;445;Acidente sem vítima;207;BR-101/ES;Sul;Colisão Traseira;0;0;2;0;0;0;0;0;;;2;0;0;0;0
02/07/2021;06:30:00;97;Acidente sem vítima;130;BR-101/ES;Sul;Colisão Lateral;1;0;3;0;0;0;0;0;;;2;0;0;0;0
02/07/2021;06:51:00;107;Acidente com vítima;400;BR-101/ES;Sul;Colisão Transversal;0;0;1;1;0;0;0;0;;;2;0;1;1;0
02/07/2021;09:12:00;163;Acidente sem vítima;293;BR-101/ES;Sul;Choque com Objeto Fixo;0;0;2;0;0;0;0;0;;;1;0;0;0;0
02/07/2021;10:59:00;214;Acidente sem vítima;268;BR-101/ES;Norte;Colisão Traseira;1;0;2;0;0;0;0;0;;;2;0;0;0;0
02/07/2021;17:10:00;377;Acidente com morte;286,9;BR-101/ES;Sul;Colisão Transversal;1;0;0;1;0;0;0;0;;;1;0;1;0;1
02/07/2021;19:30:00;408;Acidente com vítima;125,4;BR-101/ES;Sul;Queda de Moto;1;0;0;1;0;0;0;0;;;1;1;0;0;0
02/07/2021;19:53:00;414;Acidente sem vítima;243,4;BR-101/ES;Sul;Colisão Traseira;1;0;1;0;0;0;0;0;;;6;0;0;0;0
02/07/2021;20:18:00;419;Acidente sem vítima;396;BR-101/ES;Norte;Colisão Traseira;2;0;0;0;0;0;0;0;;;1;0;0;0;0
02/07/2021;20:23:00;420;Acidente sem vítima;321;BR-101/ES;Sul;Colisão Traseira;0;0;4;0;0;0;0;0;;;3;0;0;0;0
02/07/2021;21:47:00;435;Atropelamento sem morte;66,5;BR-101/ES;Norte;Atropelamento;0;0;0;1;0;0;0;0;;;0;2;0;0;0
02/07/2021;23:07:00;459;Acidente sem vítima;15,6;BR-101/ES;Sul;Colisão Lateral;1;0;3;0;0;0;0;0;;;2;0;0;0;0
03/07/2021;00:25:00;7;Acidente com vítima;296;BR-101/ES;Sul;Choque com Objeto Fixo;0;0;0;1;0;0;0;0;;;0;0;2;0;0
03/07/2021;03:56:00;54;Acidente sem vítima;292;BR-101/ES;Sul;Choque com Objeto Fixo;1;0;0;0;0;0;0;0;;;1;0;0;0;0
03/07/2021;05:48:00;89;Acidente com vítima;220,3;BR-101/ES;Sul;Queda de ciclista;0;1;0;0;0;0;0;0;;;0;0;1;0;0
03/07/2021;10:10:00;176;Acidente com vítima;95,5;BR-101/ES;Sul;Queda de Moto;0;0;0;1;0;0;0;0;;;0;0;1;0;0
03/07/2021;12:58:00;252;Acidente sem vítima;294;BR-101/ES;Norte;Colisão Traseira;1;0;1;0;0;0;0;0;;;2;0;0;0;0
03/07/2021;14:29:00;278;Acidente com morte;101,85;BR-101/ES;Sul;Saída de Pista;1;0;0;0;0;0;0;0;;;0;0;0;0;1
03/07/2021;17:54:00;332;Acidente com vítima;153,6;BR-101/ES;Sul;Queda de Moto;0;0;0;1;0;0;0;0;;;0;0;2;0;0
03/07/2021;19:08:00;350;Acidente sem vítima;213;BR-101/ES;Norte;Colisão Traseira;2;0;0;0;0;0;0;0;;;2;0;0;0;0
03/07/2021;19:37:00;355;Acidente sem vítima;141;BR-101/ES;Norte;Colisão Traseira;1;0;4;0;0;0;0;0;;;2;0;0;0;0
03/07/2021;21:36:00;392;Acidente sem vítima;295;BR-101/ES;Sul;Choque;1;0;0;0;0;0;0;0;;;1;0;0;0;0
04/07/2021;03:31:00;61;Acidente com vítima;425;BR-101/ES;Norte;Saída de Pista;0;0;2;0;0;0;0;0;;;0;1;0;0;0
04/07/2021;04:28:00;70;Acidente sem vítima;0,8;BR-101/ES;Sul;Choque;1;0;0;0;0;0;0;0;;;1;0;0;0;0
04/07/2021;08:33:00;105;Acidente com vítima;219,5;BR-101/ES;Norte;Colisão Lateral;1;0;0;1;0;0;0;0;;;3;1;1;0;0
04/07/2021;16:26:00;276;Acidente sem vítima;262,2;BR-101/ES;Sul;Choque com Objeto Fixo;1;0;0;0;0;0;0;0;;;1;0;0;0;0
04/07/2021;17:07:00;302;Acidente sem vítima;255,1;BR-101/ES;Sul;Engavetamento;3;0;0;0;0;0;0;0;;;7;0;0;0;0
04/07/2021;22:14:00;369;Acidente sem vítima;948;BR-101/BA;Norte;Colisão Traseira;2;0;0;0;0;0;0;0;;;3;0;0;0;0
04/07/2021;22:17:00;370;Acidente com vítima;78;BR-101/ES;Norte;Colisão Traseira;1;0;2;0;0;0;0;0;;;4;0;1;0;0
04/07/2021;22:29:00;378;Acidente com vítima;258;BR-101/ES;Norte;Colisão Traseira;1;0;0;1;0;0;0;0;;;2;0;1;0;0
05/07/2021;06:32:00;101;Atropelamento com morte;385,8;BR-101/ES;Norte;Atropelamento e Fuga;1;0;0;0;0;0;0;0;;;0;0;0;0;1
05/07/2021;06:49:00;108;Acidente sem vítima;276;BR-101/ES;Norte;Engavetamento;2;0;0;0;0;1;0;0;;;6;0;0;0;0
05/07/2021;10:31:00;187;Acidente com vítima;211,3;BR-101/ES;Norte;Colisão Traseira;0;0;1;1;0;0;0;0;;;1;0;1;0;0
05/07/2021;10:34:00;196;Acidente sem vítima;329;BR-101/ES;Norte;Choque com Veículo Estacionado;1;0;0;0;0;0;0;0;;;1;0;0;0;0
05/07/2021;11:49:00;228;Acidente com vítima;146;BR-101/ES;Norte;Engavetamento;2;0;0;1;0;0;0;0;;;2;1;0;0;0
05/07/2021;15:22:00;296;Acidente sem vítima;162,3;BR-101/ES;Sul;Engavetamento;3;0;1;0;0;0;0;0;;;4;0;0;0;0
05/07/2021;17:42:00;346;Acidente com vítima;291;BR-101/ES;Sul;Colisão Traseira;0;0;0;1;0;0;0;0;;;0;1;0;0;0
05/07/2021;17:57:00;352;Atropelamento sem morte;269,3;BR-101/ES;Sul;Atropelamento;0;0;0;1;0;0;0;0;;;1;0;1;0;0
06/07/2021;02:35:00;42;Atropelamento com morte;224;BR-101/ES;Norte;Atropelamento e Fuga;1;0;0;0;0;0;0;0;;;1;0;0;0;1
06/07/2021;09:18:00;180;Acidente com vítima;174;BR-101/ES;Sul;Colisão Transversal;1;0;0;1;0;0;0;0;;;1;1;0;0;0
06/07/2021;14:37:00;324;Acidente sem vítima;315,5;BR-101/ES;Sul;Veículo em Chamas;0;0;2;0;0;0;0;0;;;1;0;0;0;0
06/07/2021;14:41:00;327;Acidente sem vítima;164;BR-101/ES;Sul;Colisão Transversal;0;0;2;0;1;0;0;0;;;2;0;0;0;0
06/07/2021;15:11:00;335;Acidente sem vítima;275,6;BR-101/ES;Sul;Colisão Lateral;0;0;3;0;0;0;0;0;;;3;0;0;0;0
06/07/2021;16:56:00;362;Atropelamento sem morte;302;BR-101/ES;Norte;Atropelamento;0;0;0;1;0;0;0;0;;;0;1;1;0;0
06/07/2021;16:56:00;363;Acidente com vítima;269,6;BR-101/ES;Norte;Colisão Traseira;1;0;0;1;0;0;0;0;;;2;0;1;0;0
06/07/2021;17:18:00;366;Acidente sem vítima;292;BR-101/ES;Sul;Colisão Traseira;2;0;0;0;0;0;0;0;;;1;0;0;0;0
06/07/2021;20:38:00;406;Acidente com vítima;8,2;BR-101/ES;Sul;Tombamento;0;0;3;0;0;0;0;0;;;1;0;1;0;0
07/07/2021;04:58:00;78;Acidente sem vítima;242;BR-101/ES;Sul;Atropelamento Animal;1;0;0;0;0;0;0;0;;;1;0;0;0;0
07/07/2021;06:33:00;88;Acidente com vítima;292,1;BR-101/ES;Norte;Colisão Traseira;1;0;0;1;0;0;0;0;;;2;0;1;0;0
07/07/2021;11:43:00;188;Acidente com vítima;286,9;BR-101/ES;Norte;Colisão Lateral;0;0;1;1;0;0;0;0;;;1;1;0;0;0
07/07/2021;14:43:00;241;Acidente sem vítima;266,3;BR-101/ES;Norte;Colisão Lateral;1;0;1;0;0;0;0;0;;;2;0;0;0;0
07/07/2021;16:37:00;281;Acidente sem vítima;287;BR-101/ES;Sul;Choque;1;0;0;0;0;0;0;0;;;4;0;0;0;0
07/07/2021;17:00:00;285;Acidente com vítima;159,1;BR-101/ES;Sul;Colisão Transversal;1;0;0;1;0;0;0;0;;;1;0;1;0;0
07/07/2021;17:06:00;288;Acidente com vítima;284,3;BR-101/ES;Sul;Colisão Traseira;1;0;0;1;0;0;0;0;;;2;0;1;0;0
07/07/2021;18:16:00;309;Acidente com vítima;264,5;BR-101/ES;Norte;Colisão Traseira;1;0;0;1;0;0;0;0;;;1;1;0;0;0
07/07/2021;18:22:00;310;Acidente sem vítima;291;BR-101/ES;Norte;Saída de Pista;1;0;0;0;0;0;0;0;;;2;0;0;0;0
07/07/2021;18:30:00;311;Acidente sem vítima;279;BR-101/ES;Sul;Colisão Traseira;0;0;3;0;0;0;0;0;;;2;0;0;0;0
07/07/2021;19:09:00;318;Acidente sem vítima;291;BR-101/ES;Sul;Colisão Lateral;1;0;0;0;1;0;0;0;;;2;0;0;0;0
07/07/2021;19:26:00;320;Atropelamento sem morte;271;BR-101/ES;Sul;Atropelamento;1;0;0;0;0;0;0;0;;;2;1;0;0;0
08/07/2021;00:10:00;3;Acidente sem vítima;215;BR-101/ES;Sul;Choque;1;0;0;0;0;0;0;0;;;1;0;0;0;0
08/07/2021;02:58:00;37;Acidente sem vítima;208;BR-101/ES;Sul;Saída de Pista;0;0;2;0;0;0;0;0;;;1;0;0;0;0
08/07/2021;04:42:00;51;Acidente sem vítima;264;BR-101/ES;Sul;Colisão Transversal;1;0;1;0;0;0;0;0;;;2;0;0;0;0
08/07/2021;06:16:00;105;Acidente sem vítima;265;BR-101/ES;Norte;Engavetamento;3;0;0;0;0;0;0;0;;;5;0;0;0;0
08/07/2021;07:25:00;122;Acidente sem vítima;269,7;BR-101/ES;Sul;Engavetamento;3;0;0;0;0;0;0;0;;;4;0;0;0;0
08/07/2021;11:29:00;238;Acidente sem vítima;204,8;BR-101/ES;Sul;Colisão Lateral;2;0;0;0;0;0;0;0;;;2;0;0;0;0
08/07/2021;12:34:00;264;Acidente com vítima;301,9;BR-101/ES;Sul;Colisão Lateral;1;0;0;1;0;0;0;0;;;1;0;1;0;0
08/07/2021;14:08:00;295;Acidente sem vítima;257,5;BR-101/ES;Norte;Colisão Traseira;1;0;2;0;0;0;0;0;;;2;0;0;0;0
08/07/2021;16:39:00;335;Acidente com morte;148,8;BR-101/ES;Sul;Colisão com ciclista;0;1;3;0;0;0;0;0;;;0;1;0;0;1
08/07/2021;18:32:00;365;Acidente sem vítima;298;BR-101/ES;Norte;Colisão Traseira;2;0;0;0;0;0;0;0;;;2;0;0;0;0
08/07/2021;18:36:00;367;Atropelamento sem morte;255;BR-101/ES;Norte;Atropelamento;1;0;0;0;0;0;0;0;;;2;0;1;0;0
08/07/2021;23:29:00;443;Acidente sem vítima;135,9;BR-101/ES;Sul;Saída de Pista;1;0;0;0;0;0;0;0;;;1;0;0;0;0
09/07/2021;00:20:00;8;Acidente com vítima;349;BR-101/ES;Norte;Colisão Frontal;2;0;0;0;0;0;0;0;;;5;0;2;0;0
09/07/2021;00:51:00;18;Acidente sem vítima;263;BR-101/ES;Sul;Colisão Lateral;2;0;0;0;0;0;0;0;;;2;0;0;0;0
09/07/2021;06:32:00;100;Acidente com morte;338,1;BR-101/ES;Norte;Colisão Lateral;1;0;1;0;0;0;0;0;;;1;2;1;0;1
09/07/2021;09:23:00;143;Acidente sem vítima;268,8;BR-101/ES;Sul;Colisão Traseira;2;0;0;0;0;0;0;0;;;2;0;0;0;0
09/07/2021;10:24:00;172;Acidente sem vítima;61;BR-101/ES;Norte;Colisão Lateral;1;0;2;0;0;0;0;0;;;3;0;0;0;0
09/07/2021;11:35:00;213;Acidente sem vítima;281;BR-101/ES;Sul;Choque;1;0;0;0;0;0;0;0;;;1;0;0;0;0
09/07/2021;13:16:00;251;Acidente sem vítima;269,6;BR-101/ES;Sul;Engavetamento;2;0;1;0;0;0;0;0;;;4;0;0;0;0
09/07/2021;13:18:00;252;Acidente sem vítima;151,7;BR-101/ES;Norte;Colisão Transversal;1;0;0;1;0;0;0;0;;;2;0;0;0;0
09/07/2021;13:50:00;265;Acidente com morte;2,5;BR-101/ES;Norte;Colisão com ciclista;0;1;0;1;0;0;0;0;;;0;0;0;0;2
09/07/2021;15:59:00;307;Acidente sem vítima;358;BR-101/ES;Sul;Colisão Traseira;2;0;0;0;0;0;0;0;;;2;0;0;0;0
09/07/2021;18:42:00;349;Acidente sem vítima;32;BR-101/ES;Sul;Tombamento;0;0;2;0;0;0;0;0;;;1;0;0;0;0
09/07/2021;19:05:00;353;Acidente sem vítima;276;BR-101/ES;Norte;Colisão Traseira;0;0;2;0;0;0;0;0;;;2;0;0;0;0
09/07/2021;20:46:00;386;Acidente sem vítima;32;BR-101/ES;Norte;Colisão Traseira;1;0;0;1;0;0;0;0;;;2;0;0;0;0
10/07/2021;00:45:00;11;Acidente com vítima;296,2;BR-101/ES;Norte;Choque com Objeto Fixo;1;0;0;0;0;0;0;0;;;0;0;4;1;0
10/07/2021;02:11:00;39;Acidente sem vítima;274;BR-101/ES;Norte;Atropelamento Animal;1;0;0;0;0;0;0;0;;;2;0;0;0;0
10/07/2021;09:01:00;152;Acidente sem vítima;250;BR-101/ES;Norte;Saída de Pista;1;0;0;0;0;0;0;0;;;2;0;0;0;0
10/07/2021;13:19:00;259;Acidente com vítima;6;BR-101/ES;Sul;Colisão Lateral;1;0;1;0;0;0;0;0;;;1;0;1;0;0
10/07/2021;14:23:00;277;Acidente sem vítima;294;BR-101/ES;Norte;Colisão Traseira;2;0;0;0;0;0;0;0;;;5;0;0;0;0
10/07/2021;18:51:00;371;Acidente sem vítima;149,3;BR-101/ES;Norte;Colisão Lateral;1;0;0;1;0;0;0;0;;;2;0;0;0;0
10/07/2021;22:34:00;413;Acidente sem vítima;269,5;BR-101/ES;Norte;Colisão Transversal;1;0;0;1;0;0;0;0;;;2;0;0;0;0
10/07/2021;23:39:00;437;Atropelamento com morte;299,2;BR-101/ES;Sul;Atropelamento;1;1;0;0;0;0;0;0;;;1;0;0;0;1
11/07/2021;08:11:00;94;Acidente sem vítima;264,3;BR-101/ES;Norte;Colisão Traseira;2;0;0;0;0;0;0;0;;;2;0;0;0;0
11/07/2021;09:02:00;110;Atropelamento sem morte;298,3;BR-101/ES;Sul;Atropelamento;1;0;0;0;0;0;0;0;;;1;0;0;1;0
11/07/2021;10:30:00;135;Acidente com vítima;296,2;BR-101/ES;Sul;Queda de Moto;0;0;0;1;0;0;0;0;;;0;0;2;0;0
11/07/2021;13:52:00;203;Acidente sem vítima;204,9;BR-101/ES;Sul;Colisão Traseira;2;0;0;0;0;0;0;0;;;1;0;0;0;0
11/07/2021;14:13:00;209;Acidente com morte;123,6;BR-101/ES;Sul;Colisão Lateral;0;0;1;1;0;0;0;0;;;0;0;0;0;1
11/07/2021;15:21:00;225;Acidente com vítima;68,2;BR-101/ES;Norte;Colisão Traseira;1;0;0;1;0;0;0;0;;;1;0;0;1;0
11/07/2021;18:11:00;275;Acidente sem vítima;261;BR-101/ES;Sul;Saída de Pista;1;0;0;0;0;0;0;0;;;1;0;0;0;0
11/07/2021;22:44:00;344;Acidente sem vítima;253;BR-101/ES;Sul;Saída de Pista;1;0;0;0;0;0;0;0;;;1;0;0;0;0
12/07/2021;03:45:00;56;Acidente com vítima;426,95;BR-101/ES;Sul;Tombamento;0;0;2;0;0;0;0;0;;;0;1;0;0;0
12/07/2021;04:55:00;70;Acidente sem vítima;364;BR-101/ES;Sul;Atropelamento Animal;1;0;0;0;0;0;0;0;;;1;0;0;0;0
12/07/2021;08:09:00;103;Acidente sem vítima;368,8;BR-101/ES;Norte;Colisão Lateral;0;0;4;0;0;0;0;0;;;2;0;0;0;0
12/07/2021;09:49:00;135;Acidente sem vítima;254;BR-101/ES;Sul;Colisão Traseira;2;0;0;0;0;0;0;0;;;2;0;0;0;0
12/07/2021;12:47:00;224;Acidente sem vítima;173,8;BR-101/ES;Norte;Colisão Traseira;2;0;0;0;0;0;0;0;;;2;0;0;0;0
12/07/2021;13:01:00;229;Acidente com morte;952,9;BR-101/BA;Sul;Colisão Frontal;1;0;1;0;0;0;0;0;;;0;2;0;0;1
12/07/2021;13:35:00;237;Acidente sem vítima;230,3;BR-101/ES;Sul;Colisão Traseira;1;0;0;0;1;0;0;0;;;2;0;0;0;0
13/07/2021;05:14:00;81;Acidente sem vítima;267,6;BR-101/ES;Sul;Colisão Traseira;0;0;4;0;0;0;0;0;;;2;0;0;0;0
13/07/2021;05:40:00;86;Acidente sem vítima;171;BR-101/ES;Sul;Choque;1;0;0;0;0;0;0;0;;;1;0;0;0;0
13/07/2021;05:47:00;87;Acidente sem vítima;18;BR-101/ES;Sul;Danos Eventuais;0;0;2;0;0;0;0;0;;;1;0;0;0;0
13/07/2021;09:03:00;148;Acidente com vítima;83,5;BR-101/ES;Sul;Engavetamento;2;0;0;1;0;0;0;0;;;3;1;0;0;0
13/07/2021;10:03:00;164;Acidente com vítima;157,1;BR-101/ES;Sul;Colisão Traseira;1;0;0;0;1;0;0;0;;;3;2;0;0;0
13/07/2021;10:22:00;172;Acidente sem vítima;147;BR-101/ES;Norte;Engavetamento;0;0;5;0;0;0;0;0;;;3;0;0;0;0
13/07/2021;12:09:00;229;Acidente sem vítima;188;BR-101/ES;Sul;Choque com Objeto Fixo;1;0;0;0;0;0;0;0;;;1;0;0;0;0
13/07/2021;15:58:00;308;Acidente sem vítima;69;BR-101/ES;Norte;Colisão Traseira;1;0;1;0;0;0;0;0;;;2;0;0;0;0
13/07/2021;20:47:00;384;Acidente sem vítima;302,7;BR-101/ES;Sul;Tombamento;0;0;2;0;0;0;0;0;;;1;0;0;0;0
14/07/2021;05:46:00;70;Acidente sem vítima;149,6;BR-101/ES;Sul;Colisão Traseira;1;0;3;0;0;0;0;0;;;5;0;0;0;0
14/07/2021;08:50:00;127;Acidente sem vítima;304,7;BR-101/ES;Sul;Choque com Objeto Fixo;0;0;1;0;0;1;0;0;;;1;0;0;0;0
14/07/2021;14:11:00;258;Acidente sem vítima;238,3;BR-101/ES;Sul;Choque;1;0;0;0;0;0;0;0;;;1;0;0;0;0
14/07/2021;15:39:00;291;Acidente com vítima;267,6;BR-101/ES;Sul;Colisão Lateral;1;0;0;1;0;0;0;0;;;1;0;1;0;0
14/07/2021;16:24:00;304;Acidente sem vítima;254,8;BR-101/ES;Sul;Engavetamento;4;0;0;0;0;0;0;0;;;4;0;0;0;0
14/07/2021;16:25:00;305;Acidente com vítima;17,8;BR-101/ES;Norte;Tombamento;0;0;2;0;0;0;0;0;;;0;1;0;0;0
14/07/2021;16:38:00;307;Acidente sem vítima;291,9;BR-101/ES;Norte;Colisão Traseira;2;0;0;0;0;0;0;0;;;2;0;0;0;0
14/07/2021;18:05:00;334;Acidente com vítima;273,3;BR-101/ES;Norte;Colisão Traseira;1;0;0;2;0;0;0;0;;;2;0;1;0;0
14/07/2021;22:16:00;399;Acidente com vítima;435,9;BR-101/ES;Norte;Tombamento;0;0;2;0;0;0;0;0;;;0;0;0;1;0
15/07/2021;06:50:00;100;Acidente com vítima;185,9;BR-101/ES;Norte;Colisão Traseira;2;0;0;1;0;0;0;0;;;2;0;1;0;0
15/07/2021;11:44:00;219;Acidente sem vítima;327,8;BR-101/ES;Sul;Colisão Lateral;1;0;1;0;0;0;0;0;;;4;0;0;0;0
15/07/2021;12:25:00;236;Acidente com vítima;356;BR-101/ES;Sul;Colisão Lateral;1;0;2;0;0;0;0;0;;;1;0;2;0;0
15/07/2021;13:26:00;259;Acidente sem vítima;269,6;BR-101/ES;Sul;Colisão Traseira;3;0;0;0;0;0;0;0;;;4;0;0;0;0
15/07/2021;15:12:00;298;Acidente com vítima;254,7;BR-101/ES;Sul;Colisão Traseira;1;0;0;1;0;0;0;0;;;1;0;1;0;0
15/07/2021;18:08:00;337;Acidente sem vítima;138;BR-101/ES;Sul;Saída de Pista;1;0;0;0;0;0;0;0;;;2;0;0;0;0
15/07/2021;19:04:00;349;Acidente sem vítima;326;BR-101/ES;Sul;Atropelamento Animal;1;0;0;0;0;0;0;0;;;1;0;0;0;0
15/07/2021;20:04:00;363;Acidente sem vítima;255;BR-101/ES;Sul;Colisão Lateral;1;0;2;1;0;0;0;0;;;3;0;0;0;0
15/07/2021;20:07:00;365;Acidente sem vítima;267;BR-101/ES;Norte;Colisão Lateral;1;0;2;0;0;0;0;0;;;2;0;0;0;0
16/07/2021;03:10:00;56;Acidente sem vítima;269;BR-101/ES;Norte;Colisão Traseira;2;0;0;0;0;0;0;0;;;2;0;0;0;0
16/07/2021;03:53:00;62;Acidente com vítima;278,2;BR-101/ES;Norte;Choque com Objeto Fixo;3;0;0;0;0;0;0;0;;;4;0;1;0;0
16/07/2021;04:46:00;71;Acidente sem vítima;266;BR-101/ES;Sul;Colisão Traseira;1;0;0;0;1;1;0;0;;;2;0;0;0;0
16/07/2021;08:23:00;133;Acidente com vítima;334,9;BR-101/ES;Sul;Queda de Moto;0;0;0;1;0;0;0;0;;;0;0;1;0;0
16/07/2021;08:34:00;139;Acidente com vítima;294,8;BR-101/ES;Sul;Queda de Moto;0;0;0;1;0;0;0;0;;;0;0;1;0;0
16/07/2021;09:42:00;160;Acidente sem vítima;299,1;BR-101/ES;Sul;Colisão Lateral;0;0;1;0;1;0;0;0;;;2;0;0;0;0
16/07/2021;10:24:00;183;Acidente sem vítima;297,6;BR-101/ES;Norte;Danos Eventuais;0;0;2;0;0;0;0;0;;;1;0;0;0;0
16/07/2021;10:33:00;187;Acidente com vítima;298,6;BR-101/ES;Sul;Colisão Traseira;0;0;1;1;0;0;0;0;;;2;0;1;0;0
16/07/2021;12:02:00;228;Acidente sem vítima;256;BR-101/ES;Norte;Colisão Traseira;0;0;5;0;0;0;0;0;;;2;0;0;0;0
16/07/2021;12:17:00;235;Acidente sem vítima;256;BR-101/ES;Norte;Colisão Lateral;1;0;1;0;0;0;0;0;;;3;0;0;0;0
16/07/2021;12:37:00;247;Acidente sem vítima;276,8;BR-101/ES;Norte;Colisão Traseira;0;0;3;0;0;0;0;0;;;2;0;0;0;0
16/07/2021;13:30:00;268;Acidente com vítima;202,1;BR-101/ES;Sul;Colisão Lateral;0;0;4;0;0;0;0;0;;;0;0;1;1;0
16/07/2021;18:08:00;343;Acidente com vítima;358,1;BR-101/ES;Sul;Colisão Lateral;1;0;2;0;0;0;0;0;;;2;2;0;0;0
16/07/2021;19:23:00;361;Acidente com vítima;61,6;BR-101/ES;Norte;Queda de Moto;0;0;0;1;0;0;0;0;;;0;0;1;0;0
16/07/2021;19:25:00;362;Acidente sem vítima;117;BR-101/ES;Sul;Colisão Frontal;2;0;0;0;0;0;0;0;;;2;0;0;0;0
16/07/2021;20:09:00;370;Acidente sem vítima;25;BR-101/ES;Sul;Saída de Pista;1;0;0;0;0;0;0;0;;;4;0;0;0;0
17/07/2021;02:12:00;38;Acidente com vítima;117;BR-101/ES;Sul;Queda de Moto;0;0;0;1;0;0;0;0;;;0;2;0;0;0
17/07/2021;03:27:00;52;Atropelamento sem morte;339;BR-101/ES;Sul;Atropelamento e Fuga;1;0;0;0;0;0;0;0;;;1;0;0;1;0
17/07/2021;04:03:00;62;Acidente sem vítima;187;BR-101/ES;Norte;Choque com Objeto Fixo;1;0;0;0;0;0;0;0;;;1;0;0;0;0
17/07/2021;04:13:00;70;Atropelamento sem morte;233;BR-101/ES;Sul;Atropelamento;0;0;2;0;0;0;0;0;;;1;0;1;0;0
17/07/2021;04:19:00;76;Acidente com vítima;11;BR-101/ES;Norte;Saída de Pista;1;0;0;0;0;0;0;0;;;1;1;2;1;0
17/07/2021;05:31:00;88;Acidente sem vítima;6,8;BR-101/ES;Norte;Atropelamento de Bovino;0;0;1;0;0;0;0;0;;;2;0;0;0;0
17/07/2021;07:00:00;101;Acidente com vítima;190,5;BR-101/ES;Norte;Queda de Moto;0;0;0;1;0;0;0;0;;;0;1;0;0;0
17/07/2021;07:38:00;113;Acidente com vítima;108,8;BR-101/ES;Norte;Colisão Traseira;0;0;1;1;0;0;0;0;;;2;1;0;0;0
17/07/2021;08:20:00;127;Acidente com vítima;66,1;BR-101/ES;Sul;Colisão Traseira;1;0;0;1;0;0;0;0;;;1;1;0;0;0
17/07/2021;15:44:00;285;Acidente com vítima;262;BR-101/ES;Norte;Colisão Lateral;1;0;0;1;0;0;0;0;;;2;0;1;0;0
17/07/2021;16:39:00;303;Acidente sem vítima;144,1;BR-101/ES;Sul;Tombamento;0;0;2;0;0;0;0;0;;;1;0;0;0;0
17/07/2021;16:44:00;305;Acidente com vítima;414;BR-101/ES;Sul;Queda de Moto;0;0;0;1;0;0;0;0;;;0;2;0;0;0
17/07/2021;17:53:00;330;Acidente sem vítima;395;BR-101/ES;Sul;Choque;1;0;0;0;0;0;0;0;;;1;0;0;0;0
17/07/2021;17:53:00;331;Atropelamento sem morte;359,7;BR-101/ES;Norte;Atropelamento;1;0;0;0;0;0;0;0;;;4;0;0;1;0
17/07/2021;19:44:00;356;Acidente sem vítima;348;BR-101/ES;Sul;Choque;1;0;1;0;0;0;0;0;;;2;0;0;0;0
18/07/2021;07:48:00;90;Acidente com vítima;81,1;BR-101/ES;Norte;Saída de Pista;1;0;0;0;0;0;0;0;;;0;1;0;0;0
18/07/2021;08:16:00;100;Acidente com vítima;260;BR-101/ES;Sul;Colisão Frontal;2;0;0;0;0;0;0;0;;;1;0;0;1;0
18/07/2021;12:22:00;200;Acidente com vítima;145,1;BR-101/ES;Norte;Queda de Moto;0;0;0;1;0;0;0;0;;;0;1;0;0;0
18/07/2021;16:33:00;282;Acidente sem vítima;270,5;BR-101/ES;Norte;Colisão Lateral;1;0;0;1;0;0;0;0;;;2;0;0;0;0
18/07/2021;16:50:00;288;Acidente sem vítima;253;BR-101/ES;Sul;Colisão Traseira;2;0;0;0;0;0;0;0;;;2;0;0;0;0
18/07/2021;17:56:00;310;Acidente com vítima;128;BR-101/ES;Norte;Queda de Moto;0;0;0;1;0;0;0;0;;;0;0;0;1;0
18/07/2021;18:10:00;313;Acidente com vítima;355,3;BR-101/ES;Sul;Colisão com ciclista;0;1;2;0;0;0;0;0;;;1;1;0;0;0
18/07/2021;18:16:00;315;Acidente sem vítima;290;BR-101/ES;Norte;Colisão Traseira;2;0;1;0;0;0;0;0;;;2;0;0;0;0
18/07/2021;18:36:00;318;Acidente com vítima;226,1;BR-101/ES;Sul;Colisão Lateral;2;0;0;0;0;0;0;0;;;4;1;2;0;0
18/07/2021;22:30:00;371;Acidente com vítima;219,2;BR-101/ES;Norte;Choque com Objeto Fixo;2;0;1;0;0;0;0;0;;;4;2;0;1;0
18/07/2021;22:52:00;376;Acidente sem vítima;223,5;BR-101/ES;Sul;Tombamento;0;0;1;0;0;0;0;0;;;1;0;0;0;0
19/07/2021;00:18:00;1;Acidente sem vítima;266,9;BR-101/ES;Sul;Capotamento;1;0;0;0;0;0;0;0;;;1;0;0;0;0