data;horario;n_da_ocorrencia;tipo_de_ocorrencia;km;trecho;sentido;tipo_de_acidente;automovel;bicicleta;caminhao;moto;onibus;outros;tracao_animal;transporte_de_cargas_especiais;trator_maquinas;utilitarios;ilesos;levemente_feridos;moderadamente_feridos;gravemente_feridos;mortos
19/07/2021;01:52:00;18;Acidente sem vítima;72;BR-101/ES;Norte;Saída de Pista;1;0;0;0;0;0;0;0;;;1;0;0;0;0
19/07/2021;05:54:00;74;Atropelamento sem morte;295;BR-101/ES;Norte;Atropelamento;0;0;0;1;0;0;0;0;;;2;0;0;0;0
19/07/2021;07:47:00;103;Acidente com vítima;295,8;BR-101/ES;Sul;Colisão Transversal;2;0;0;0;0;0;0;0;;;1;0;1;0;0
19/07/2021;08:37:00;121;Acidente sem vítima;264,4;BR-101/ES;Sul;Colisão Traseira;2;0;0;0;0;1;0;0;;;2;0;0;0;0
19/07/2021;11:35:00;191;Acidente com vítima;166,7;BR-101/ES;Norte;Colisão Traseira;1;0;2;0;0;0;0;0;;;2;1;1;0;0
19/07/2021;12:49:00;215;Acidente com morte;343,9;BR-101/ES;Sul;Colisão com ciclista;1;1;0;0;0;0;0;0;;;3;0;0;0;1
19/07/2021;15:06:00;240;Acidente sem vítima;23,2;BR-101/ES;Sul;Choque com Veículo Estacionado;1;0;1;0;0;0;0;0;;;1;0;0;0;0
19/07/2021;17:02:00;270;Acidente com vítima;372,4;BR-101/ES;Norte;Queda de Moto;0;0;0;1;0;0;0;0;;;0;1;1;0;0
19/07/2021;18:39:00;285;Acidente sem vítima;192;BR-101/ES;Norte;Colisão Lateral;1;0;0;0;1;0;0;0;;;3;0;0;0;0
19/07/2021;20:35:00;306;Acidente com vítima;252,5;BR-101/ES;Sul;Colisão Traseira;0;0;4;0;0;0;0;0;;;1;1;0;0;0
19/07/2021;21:36:00;320;Acidente com vítima;457;BR-101/ES;Sul;Colisão Transversal;1;0;2;0;0;0;0;0;;;1;1;0;0;0
20/07/2021;07:00:00;90;Acidente sem vítima;414;BR-101/ES;Sul;Colisão Traseira;2;0;1;0;0;0;0;0;;;3;0;0;0;0
20/07/2021;09:29:00;139;Acidente sem vítima;340,5;BR-101/ES;Sul;Tombamento;0;0;1;0;0;0;0;0;;;1;0;0;0;0
20/07/2021;18:33:00;327;Acidente com vítima;233;BR-101/ES;Norte;Colisão Frontal;1;0;1;0;0;0;0;0;;;1;0;1;0;0
20/07/2021;22:10:00;374;Acidente sem vítima;230;BR-101/ES;Sul;Colisão Lateral;1;0;2;0;0;0;0;0;;;2;0;0;0;0
21/07/2021;06:51:00;96;Acidente com vítima;398,9;BR-101/ES;Norte;Colisão Traseira;0;0;3;0;0;0;0;0;;;1;1;0;0;0
21/07/2021;09:49:00;164;Acidente com vítima;212,1;BR-101/ES;Norte;Colisão Transversal;1;0;0;1;0;0;0;0;;;1;0;2;0;0
21/07/2021;10:17:00;177;Acidente com vítima;300,4;BR-101/ES;Sul;Colisão Lateral;0;0;2;1;0;0;0;0;;;1;1;0;0;0
21/07/2021;11:20:00;206;Acidente sem vítima;439;BR-101/ES;Sul;Colisão Transversal;1;0;2;0;0;0;0;0;;;5;0;0;0;0
21/07/2021;12:56:00;243;Acidente sem vítima;324,9;BR-101/ES;Sul;Colisão Lateral;1;0;1;0;0;0;0;0;;;3;0;0;0;0
21/07/2021;14:11:00;264;Acidente com vítima;271,5;BR-101/ES;Norte;Colisão Traseira;1;0;0;1;0;0;0;0;;;1;0;1;0;0
21/07/2021;17:58:00;336;Acidente sem vítima;170;BR-101/ES;Norte;Atropelamento Animal;1;0;0;0;0;0;0;0;;;1;0;0;0;0
21/07/2021;18:55:00;343;Acidente com vítima;295,6;BR-101/ES;Norte;Colisão com ciclista;1;1;0;0;0;0;0;0;;;2;1;0;0;0
21/07/2021;19:17:00;347;Acidente sem vítima;23,8;BR-101/ES;Sul;Atropelamento de Bovino;1;0;0;0;0;0;0;0;;;1;0;0;0;0
21/07/2021;19:37:00;355;Acidente sem vítima;414,9;BR-101/ES;Norte;Colisão Traseira;0;0;2;0;1;0;0;0;;;2;0;0;0;0
22/07/2021;02:47:00;34;Acidente sem vítima;440,1;BR-101/ES;Sul;Colisão Lateral;0;0;2;0;0;0;0;0;;;3;0;0;0;0
22/07/2021;05:09:00;60;Acidente com vítima;32;BR-101/ES;Norte;Colisão Traseira;0;0;0;1;0;0;0;0;;;0;1;0;0;0
22/07/2021;07:14:00;101;Acidente com vítima;268;BR-101/ES;Sul;Colisão Lateral;1;0;0;1;0;0;0;0;;;1;0;1;0;0
22/07/2021;07:59:00;124;Acidente com vítima;268;BR-101/ES;Norte;Colisão Traseira;0;0;0;1;2;0;0;0;;;2;2;0;0;0
22/07/2021;11:57:00;236;Acidente com vítima;267,1;BR-101/ES;Norte;Queda de Bicicleta;0;1;0;0;0;0;0;0;;;0;1;0;0;0
22/07/2021;12:16:00;241;Acidente com vítima;143;BR-101/ES;Norte;Queda de Moto;0;0;0;1;0;0;0;0;;;1;1;0;0;0
22/07/2021;14:43:00;290;Acidente sem vítima;119,6;BR-101/ES;Sul;Colisão Traseira;1;0;2;0;0;0;0;0;;;2;0;0;0;0
22/07/2021;18:15:00;360;Acidente sem vítima;286;BR-101/ES;Norte;Colisão Traseira;1;0;1;0;0;0;0;0;;;2;0;0;0;0
23/07/2021;00:33:00;16;Acidente sem vítima;278;BR-101/ES;Norte;Capotamento;1;0;0;0;0;0;0;0;;;1;0;0;0;0
23/07/2021;03:54:00;74;Acidente com vítima;209,6;BR-101/ES;Sul;Capotamento;1;0;0;0;0;0;0;0;;;0;0;1;0;0
23/07/2021;05:20:00;84;Acidente sem vítima;262,1;BR-101/ES;Sul;Colisão Traseira;0;0;5;0;0;0;0;0;;;2;0;0;0;0
23/07/2021;05:45:00;91;Acidente com vítima;270,4;BR-101/ES;Norte;Colisão Traseira;2;0;1;0;0;0;0;0;;;2;0;1;0;0
23/07/2021;10:23:00;182;Acidente sem vítima;272,4;BR-101/ES;Norte;Veículo em Chamas;1;0;0;0;0;0;0;0;;;1;0;0;0;0
23/07/2021;11:13:00;213;Acidente sem vítima;264,4;BR-101/ES;Norte;Colisão Traseira;0;0;4;0;0;0;0;0;;;2;0;0;0;0
23/07/2021;12:09:00;234;Acidente com vítima;143,3;BR-101/ES;Norte;Colisão Traseira;2;0;0;0;0;0;0;0;;;2;1;0;0;0
23/07/2021;12:12:00;235;Acidente sem vítima;64,6;BR-101/ES;Sul;Colisão Traseira;1;0;3;0;0;0;0;0;;;2;0;0;0;0
23/07/2021;15:56:00;304;Acidente com vítima;294,1;BR-101/ES;Norte;Queda de Moto;0;0;0;1;0;0;0;0;;;0;1;0;0;0
23/07/2021;16:33:00;309;Acidente sem vítima;269,7;BR-101/ES;Norte;Colisão Lateral;1;0;1;0;0;0;0;0;;;1;0;0;0;0
23/07/2021;17:06:00;319;Acidente com vítima;44,8;BR-101/ES;Norte;Queda de Moto;0;0;0;1;0;0;0;0;;;0;1;0;0;0
23/07/2021;17:20:00;323;Acidente com vítima;295,7;BR-101/ES;Sul;Colisão Traseira;0;0;0;2;0;0;0;0;;;1;0;1;0;0
23/07/2021;18:03:00;333;Acidente sem vítima;157,3;BR-101/ES;Norte;Colisão Traseira;1;0;0;0;1;0;0;0;;;2;0;0;0;0
23/07/2021;20:21:00;362;Acidente sem vítima;266,5;BR-101/ES;Sul;Colisão Traseira;1;0;0;1;0;0;0;0;;;2;0;0;0;0
24/07/2021;02:09:00;49;Acidente com vítima;55,3;BR-101/ES;Sul;Colisão Lateral;1;0;3;0;0;0;0;0;;;1;0;1;0;0
24/07/2021;05:17:00;76;Acidente sem vítima;305;BR-101/ES;Norte;Choque com Objeto Fixo;1;0;0;0;0;0;0;0;;;2;0;0;0;0
24/07/2021;05:34:00;81;Acidente sem vítima;269;BR-101/ES;Norte;Saída de Pista;1;0;0;0;0;0;0;0;;;1;0;0;0;0
24/07/2021;07:05:00;93;Acidente sem vítima;334,1;BR-101/ES;Sul;Choque com Veículo Estacionado;1;0;1;0;0;0;0;0;;;2;0;0;0;0
24/07/2021;08:04:00;111;Acidente com vítima;293,6;BR-101/ES;Norte;Colisão Transversal;2;0;0;0;0;0;0;0;;;2;0;1;0;0
24/07/2021;09:07:00;128;Acidente sem vítima;297;BR-101/ES;Sul;Colisão Lateral;1;0;1;0;0;0;0;0;;;2;0;0;0;0
24/07/2021;10:10:00;148;Acidente com vítima;301,8;BR-101/ES;Norte;Colisão Traseira;1;0;0;1;0;0;0;0;;;3;0;2;0;0
24/07/2021;14:30:00;238;Acidente com vítima;383,9;BR-101/ES;Norte;Saída de Pista;0;0;1;0;0;0;0;0;;;0;0;1;0;0
24/07/2021;21:42:00;336;Acidente com vítima;139,6;BR-101/ES;Sul;Colisão Traseira;0;0;1;1;0;0;0;0;;;1;1;0;1;0
24/07/2021;23:09:00;359;Acidente sem vítima;258;BR-101/ES;Sul;Colisão Traseira;2;0;1;0;0;0;0;0;;;3;0;0;0;0
25/07/2021;01:00:00;17;Acidente sem vítima;293;BR-101/ES;Norte;Colisão Traseira;2;0;0;0;0;0;0;0;;;2;0;0;0;0
25/07/2021;05:49:00;79;Acidente sem vítima;44,3;BR-101/ES;Norte;Saída de Pista;1;0;0;0;0;0;0;0;;;2;0;0;0;0
25/07/2021;10:03:00;127;Acidente sem vítima;211;BR-101/ES;Norte;Choque;1;0;0;0;0;0;0;0;;;1;0;0;0;0
25/07/2021;14:52:00;233;Acidente com vítima;228,9;BR-101/ES;Norte;Saída de Pista;1;0;0;0;0;0;0;0;;;0;3;0;0;0
25/07/2021;15:21:00;244;Acidente com vítima;253;BR-101/ES;Sul;Colisão Traseira;1;0;0;1;0;0;0;0;;;2;0;1;0;0
26/07/2021;07:28:00;102;Acidente sem vítima;269,8;BR-101/ES;Sul;Engavetamento;3;0;0;0;0;0;0;0;;;3;0;0;0;0
26/07/2021;07:41:00;106;Acidente sem vítima;193;BR-101/ES;Norte;Choque com Objeto Fixo;1;0;0;0;0;0;0;0;;;4;0;0;0;0
26/07/2021;08:35:00;124;Acidente sem vítima;121,1;BR-101/ES;Sul;Colisão Traseira;1;0;1;0;0;0;0;0;;;2;0;0;0;0
26/07/2021;09:20:00;143;Acidente com vítima;290,6;BR-101/ES;Sul;Queda de Moto;0;0;0;1;0;0;0;0;;;0;0;1;0;0
26/07/2021;09:23:00;145;Acidente com vítima;453,7;BR-101/ES;Sul;Saída de Pista;0;0;3;0;0;0;0;0;;;0;0;1;0;0
26/07/2021;11:22:00;195;Acidente sem vítima;305,6;BR-101/ES;Sul;Choque com Objeto Fixo;1;0;0;0;0;0;0;0;;;1;0;0;0;0
26/07/2021;11:52:00;211;Acidente sem vítima;309,6;BR-101/ES;Sul;Engavetamento;1;0;3;0;0;0;0;0;;;6;0;0;0;0
26/07/2021;12:12:00;220;Acidente sem vítima;270,5;BR-101/ES;Norte;Colisão Lateral;1;0;1;1;0;0;0;0;;;4;0;0;0;0
26/07/2021;13:48:00;254;Acidente com vítima;283,4;BR-101/ES;Norte;Queda de Moto;0;0;0;1;0;0;0;0;;;0;1;0;0;0
26/07/2021;15:17:00;275;Acidente com vítima;134,1;BR-101/ES;Norte;Choque com Objeto Fixo;1;0;0;0;0;0;0;0;;;0;1;0;0;0
26/07/2021;17:55:00;335;Acidente sem vítima;74,9;BR-101/ES;Sul;Colisão Lateral;0;0;2;1;0;0;0;0;;;3;0;0;0;0
26/07/2021;18:01:00;336;Acidente sem vítima;265,3;BR-101/ES;Sul;Colisão Lateral;1;0;1;0;0;0;0;0;;;2;0;0;0;0
26/07/2021;19:41:00;347;Acidente com vítima;267,7;BR-101/ES;Norte;Colisão Traseira;1;0;2;0;1;0;0;0;;;3;1;0;0;0
27/07/2021;02:06:00;36;Acidente sem vítima;5;BR-101/ES;Norte;Atropelamento Animal;1;0;0;0;0;0;0;0;;;2;0;0;0;0
27/07/2021;07:00:00;98;Acidente com vítima;146,3;BR-101/ES;Sul;Colisão Traseira;1;0;0;1;0;0;0;0;;;0;1;0;0;0
27/07/2021;10:22:00;180;Acidente sem vítima;329,7;BR-101/ES;Sul;Saída de Pista;1;0;0;0;0;0;0;0;;;2;0;0;0;0
27/07/2021;11:42:00;214;Acidente com vítima;241;BR-101/ES;Norte;Colisão Transversal;1;0;0;1;0;0;0;0;;;1;0;1;0;0
27/07/2021;12:09:00;227;Acidente sem vítima;240,3;BR-101/ES;Norte;Danos Eventuais;0;0;2;0;0;0;0;0;;;1;0;0;0;0
27/07/2021;17:33:00;329;Acidente sem vítima;285,5;BR-101/ES;Norte;Colisão Lateral;0;0;1;1;0;0;0;0;;;3;0;0;0;0
27/07/2021;17:45:00;332;Acidente com vítima;149,8;BR-101/ES;Sul;Colisão Lateral;1;0;1;0;0;0;0;0;;;1;1;0;0;0
27/07/2021;20:05:00;357;Acidente sem vítima;270;BR-101/ES;Norte;Colisão Lateral;1;0;2;0;0;0;0;0;;;2;0;0;0;0
28/07/2021;02:36:00;62;Acidente com vítima;8,9;BR-101/ES;Sul;Queda de Moto;0;0;0;1;0;0;0;0;;;0;0;0;1;0
28/07/2021;04:13:00;73;Acidente sem vítima;23,5;BR-101/ES;Sul;Colisão Lateral;1;0;1;0;0;0;0;0;;;2;0;0;0;0
28/07/2021;10:16:00;190;Acidente com vítima;354,2;BR-101/ES;Sul;Colisão Traseira;1;0;2;0;0;0;0;0;;;1;1;0;0;0
28/07/2021;10:30:00;197;Acidente sem vítima;241;BR-101/ES;Norte;Veículo em Chamas;1;0;0;0;0;0;0;0;;;1;0;0;0;0
28/07/2021;11:50:00;238;Acidente com vítima;220,7;BR-101/ES;Sul;Queda de Moto;0;0;0;1;0;0;0;0;;;0;1;0;0;0
28/07/2021;11:53:00;240;Acidente sem vítima;256,7;BR-101/ES;Norte;Engavetamento;3;0;0;0;0;0;0;0;;;4;0;0;0;0
28/07/2021;15:50:00;313;Acidente com vítima;176,2;BR-101/ES;Sul;Colisão Traseira;1;0;2;0;0;0;0;0;;;2;0;1;0;0
28/07/2021;15:55:00;314;Acidente sem vítima;270,8;BR-101/ES;Norte;Colisão Traseira;0;0;3;0;0;0;0;0;;;2;0;0;0;0
29/07/2021;01:14:00;20;Acidente sem vítima;229,3;BR-101/ES;Sul;Choque com Objeto Fixo;1;0;0;0;0;0;0;0;;;1;0;0;0;0
29/07/2021;05:13:00;83;Acidente sem vítima;294;BR-101/ES;Norte;Atropelamento de Equino;0;0;1;0;0;0;0;0;;;1;0;0;0;0
29/07/2021;11:21:00;206;Acidente com vítima;3,5;BR-101/ES;Sul;Choque com Objeto Fixo;1;0;0;0;0;0;0;0;;;1;1;0;0;0
29/07/2021;14:01:00;255;Acidente com vítima;217,5;BR-101/ES;Norte;Colisão Lateral;2;0;0;0;0;0;0;0;;;0;4;0;0;0
29/07/2021;18:15:00;332;Acidente sem vítima;289,8;BR-101/ES;Sul;Engavetamento;2;0;1;0;0;0;0;0;;;3;0;0;0;0
29/07/2021;18:26:00;334;Acidente com vítima;224,2;BR-101/ES;Sul;Engavetamento;1;0;4;0;0;0;0;0;;;1;3;0;0;0
29/07/2021;23:13:00;390;Acidente com vítima;270,1;BR-101/ES;Sul;Colisão Traseira;0;0;0;1;1;0;0;0;;;1;0;1;0;0
30/07/2021;05:38:00;87;Acidente sem vítima;264,4;BR-101/ES;Sul;Colisão Transversal;2;0;0;0;0;0;0;0;;;1;0;0;0;0
30/07/2021;07:42:00;112;Acidente com vítima;317;BR-101/ES;Sul;Colisão Traseira;1;0;3;0;0;0;0;0;;;1;1;0;0;0
30/07/2021;08:19:00;132;Acidente sem vítima;293,6;BR-101/ES;Sul;Colisão Lateral;0;0;2;0;0;0;0;0;;;2;0;0;0;0
30/07/2021;10:23:00;184;Acidente sem vítima;149;BR-101/ES;Norte;Colisão Traseira;1;0;0;1;0;0;0;0;;;2;0;0;0;0
30/07/2021;10:31:00;190;Acidente sem vítima;287,1;BR-101/ES;Sul;Colisão Lateral;1;0;0;0;1;0;0;0;;;3;0;0;0;0
30/07/2021;13:46:00;271;Acidente sem vítima;420,1;BR-101/ES;Sul;Colisão Traseira;1;0;0;0;1;0;0;0;;;6;0;0;0;0
30/07/2021;13:55:00;277;Acidente sem vítima;214,6;BR-101/ES;Sul;Colisão Traseira;2;0;0;0;0;0;0;0;;;7;0;0;0;0
30/07/2021;15:18:00;310;Acidente com vítima;266;BR-101/ES;Sul;Colisão Traseira;1;0;0;1;0;0;0;0;;;1;0;1;0;0
30/07/2021;16:44:00;333;Atropelamento sem morte;269,9;BR-101/ES;Norte;Atropelamento;1;0;0;1;0;0;0;0;;;3;0;0;0;0
30/07/2021;18:22:00;366;Acidente com vítima;263;BR-101/ES;Norte;Colisão Traseira;1;0;0;1;0;0;0;0;;;1;0;1;0;0
30/07/2021;18:55:00;371;Acidente com vítima;264,6;BR-101/ES;Sul;Queda de Moto;0;0;0;1;0;0;0;0;;;1;1;0;0;0
30/07/2021;19:37:00;384;Acidente com vítima;79;BR-101/ES;Sul;Choque com Objeto Fixo;1;0;0;0;0;0;0;0;;;0;4;0;0;0
30/07/2021;21:34:00;406;Acidente sem vítima;271;BR-101/ES;Sul;Colisão Lateral;0;0;3;0;0;0;0;0;;;2;0;0;0;0
30/07/2021;21:48:00;410;Acidente sem vítima;94,2;BR-101/ES;Sul;Colisão Transversal;0;0;3;0;0;0;0;0;;;2;0;0;0;0
31/07/2021;06:47:00;90;Acidente com vítima;77,9;BR-101/ES;Norte;Colisão Traseira;1;0;0;1;0;0;0;0;;;1;0;0;2;0
31/07/2021;07:10:00;95;Acidente sem vítima;16,6;BR-101/ES;Sul;Colisão Transversal;2;0;0;0;0;0;0;0;;;5;0;0;0;0
31/07/2021;07:41:00;105;Acidente com vítima;118,3;BR-101/ES;Norte;Colisão Traseira;0;0;1;1;0;0;0;0;;;2;0;1;0;0
31/07/2021;13:04:00;209;Acidente sem vítima;49,1;BR-101/ES;Norte;Colisão Traseira;2;0;0;0;0;0;0;0;;;5;0;0;0;0
31/07/2021;13:59:00;227;Acidente sem vítima;85,8;BR-101/ES;Norte;Colisão Lateral;1;0;1;0;0;0;0;0;;;4;0;0;0;0
31/07/2021;15:01:00;241;Acidente com vítima;298,3;BR-101/ES;Norte;Colisão Lateral;0;0;2;1;0;0;0;0;;;1;1;1;0;0
31/07/2021;17:31:00;272;Acidente sem vítima;264;BR-101/ES;Norte;Engavetamento;3;0;0;0;0;0;0;0;;;3;0;0;0;0
31/07/2021;18:59:00;303;Acidente sem vítima;265;BR-101/ES;Sul;Colisão Transversal;2;0;0;0;0;0;0;0;;;2;0;0;0;0
31/07/2021;19:13:00;304;Acidente sem vítima;321;BR-101/ES;Norte;Choque com Objeto Fixo;1;0;0;0;0;0;0;0;;;3;0;0;0;0
31/07/2021;19:53:00;309;Acidente sem vítima;208;BR-101/ES;Sul;Colisão Transversal;2;0;0;0;0;0;0;0;;;2;0;0;0;0
31/07/2021;23:36:00;361;Acidente com morte;376;BR-101/ES;Norte;Queda de Moto;0;0;0;1;0;0;0;0;;;0;1;0;0;1
01/08/2021;00:31:00;6;Acidente sem vítima;147;BR-101/ES;Sul;Colisão Traseira;2;0;0;0;0;0;0;0;;;3;0;0;0;0
01/08/2021;01:58:00;27;Acidente com vítima;942;BR-101/BA;Norte;Colisão Traseira;2;0;0;0;0;0;0;0;;;1;0;2;0;0
01/08/2021;05:17:00;59;Acidente sem vítima;291;BR-101/ES;Sul;Atropelamento de Equino;1;0;0;0;0;0;0;0;;;2;0;0;0;0
01/08/2021;12:31:00;191;Acidente com vítima;146,7;BR-101/ES;Norte;Queda de Moto;0;0;0;1;0;0;0;0;;;0;1;0;0;0
01/08/2021;12:51:00;198;Acidente sem vítima;266,5;BR-101/ES;Norte;Colisão Traseira;2;0;0;0;0;0;0;0;;;3;0;0;0;0
01/08/2021;16:48:00;257;Acidente com vítima;114,3;BR-101/ES;Norte;Saída de Pista;1;0;0;0;0;0;0;0;;;0;0;1;0;0
01/08/2021;20:01:00;296;Acidente sem vítima;294;BR-101/ES;Sul;Saída de Pista;1;0;0;0;0;0;0;0;;;1;0;0;0;0
02/08/2021;05:44:00;76;Acidente com vítima;939,4;BR-101/BA;Sul;Colisão Transversal;1;0;0;1;0;0;0;0;;;5;1;0;0;0
02/08/2021;07:18:00;95;Acidente sem vítima;152,2;BR-101/ES;Norte;Colisão Traseira;1;0;0;0;1;0;0;0;;;2;0;0;0;0
02/08/2021;08:20:00;119;Acidente sem vítima;188,1;BR-101/ES;Norte;Saída de Pista;1;0;0;0;0;0;0;0;;;1;0;0;0;0
02/08/2021;09:30:00;145;Acidente com vítima;290,5;BR-101/ES;Sul;Colisão Transversal;1;0;1;0;0;0;0;0;;;2;2;1;0;0
02/08/2021;13:10:00;241;Acidente com vítima;388,7;BR-101/ES;Norte;Tombamento;0;0;3;0;0;0;0;0;;;0;1;0;0;0
02/08/2021;15:42:00;292;Acidente sem vítima;359;BR-101/ES;Norte;Choque;1;0;0;0;0;0;0;0;;;1;0;0;0;0
02/08/2021;16:29:00;302;Acidente sem vítima;149,2;BR-101/ES;Sul;Colisão Traseira;1;0;1;0;0;0;0;0;;;2;0;0;0;0
02/08/2021;18:05:00;327;Acidente sem vítima;388,9;BR-101/ES;Sul;Colisão Lateral;1;0;5;0;0;0;0;0;;;7;0;0;0;0
02/08/2021;18:19:00;330;Acidente sem vítima;213,5;BR-101/ES;Sul;Colisão Lateral;1;0;0;1;0;0;0;0;;;2;0;0;0;0
02/08/2021;19:47:00;341;Acidente com vítima;295,5;BR-101/ES;Norte;Colisão Traseira;0;0;1;1;0;0;0;0;;;1;0;1;0;0
03/08/2021;11:53:00;245;Acidente com vítima;65,5;BR-101/ES;Sul;Colisão Traseira;1;0;0;1;0;0;0;0;;;1;0;1;0;0
03/08/2021;11:56:00;246;Acidente sem vítima;276,3;BR-101/ES;Sul;Colisão Traseira;1;0;2;0;0;0;0;0;;;2;0;0;0;0
03/08/2021;13:40:00;286;Acidente sem vítima;398,9;BR-101/ES;Norte;Colisão Traseira;1;0;1;0;0;0;0;0;;;3;0;0;0;0
03/08/2021;14:17:00;297;Acidente com vítima;132;BR-101/ES;Sul;Colisão Traseira;1;0;0;1;0;0;0;0;;;1;0;1;0;0
03/08/2021;14:42:00;309;Acidente com vítima;147,1;BR-101/ES;Sul;Engavetamento;4;0;0;0;0;0;0;0;;;3;1;0;0;0
03/08/2021;17:15:00;363;Acidente com vítima;255;BR-101/ES;Sul;Colisão Transversal;1;0;0;1;0;0;0;0;;;1;0;1;0;0
03/08/2021;17:19:00;364;Acidente com vítima;135,9;BR-101/ES;Sul;Colisão Traseira;3;0;0;0;0;0;0;0;;;5;1;1;0;0
03/08/2021;19:34:00;388;Acidente sem vítima;322;BR-101/ES;Sul;Queda de Moto;0;0;0;1;0;0;0;0;;;2;0;0;0;0
03/08/2021;20:01:00;392;Atropelamento sem morte;299,2;BR-101/ES;Norte;Atropelamento;1;0;0;0;0;0;0;0;;;1;0;1;0;0
04/08/2021;03:46:00;48;Acidente com vítima;284;BR-101/ES;Sul;Queda de Moto;0;0;0;1;0;0;0;0;;;0;0;1;0;0
04/08/2021;06:39:00;88;Acidente sem vítima;432,2;BR-101/ES;Sul;Veículo em Chamas;1;0;0;0;0;0;0;0;;;1;0;0;0;0
04/08/2021;07:14:00;96;Acidente sem vítima;65,6;BR-101/ES;Norte;Engavetamento;5;0;0;0;0;0;0;0;;;8;0;0;0;0
04/08/2021;08:07:00;115;Acidente sem vítima;147;BR-101/ES;Norte;Colisão Lateral;1;0;1;0;0;0;0;0;;;1;0;0;0;0
04/08/2021;09:19:00;148;Acidente sem vítima;66;BR-101/ES;Sul;Colisão Lateral;2;0;2;0;0;0;0;0;;;6;0;0;0;0
04/08/2021;12:22:00;223;Acidente com vítima;314,1;BR-101/ES;Sul;Colisão Lateral;2;0;0;0;0;0;0;0;;;6;1;0;0;0
04/08/2021;14:05:00;255;Acidente sem vítima;120,5;BR-101/ES;Norte;Colisão Traseira;1;0;2;0;0;0;0;0;;;2;0;0;0;0
04/08/2021;14:07:00;256;Acidente com vítima;269,8;BR-101/ES;Norte;Choque com Veículo Estacionado;0;1;2;0;0;0;0;0;;;1;1;0;0;0
04/08/2021;14:53:00;270;Acidente sem vítima;67;BR-101/ES;Sul;Colisão Lateral;1;0;1;0;0;0;0;0;;;1;0;0;0;0
04/08/2021;16:18:00;300;Acidente com vítima;296,2;BR-101/ES;Sul;Queda de Moto;0;0;0;1;0;0;0;0;;;0;0;1;0;0
04/08/2021;19:28:00;343;Acidente sem vítima;124;BR-101/ES;Norte;Atropelamento Animal;1;0;0;0;0;0;0;0;;;1;0;0;0;0
04/08/2021;21:01:00;364;Acidente com vítima;291;BR-101/ES;Norte;Choque;0;0;0;1;0;0;0;0;;;0;0;1;0;0
04/08/2021;21:19:00;369;Acidente com vítima;197;BR-101/ES;Sul;Saída de Pista;1;0;0;0;0;0;0;0;;;1;1;2;0;0
05/08/2021;04:55:00;86;Acidente sem vítima;391;BR-101/ES;Norte;Colisão Lateral;2;0;0;0;0;0;0;0;;;3;0;0;0;0
05/08/2021;06:56:00;107;Acidente sem vítima;294,9;BR-101/ES;Norte;Colisão Traseira;1;0;1;0;0;0;0;0;;;2;0;0;0;0
05/08/2021;10:15:00;178;Acidente sem vítima;293,6;BR-101/ES;Norte;Saída de Pista;0;0;1;0;0;0;0;0;;;1;0;0;0;0
05/08/2021;11:28:00;206;Acidente sem vítima;269,9;BR-101/ES;Sul;Colisão Traseira;2;0;0;0;0;0;0;0;;;2;0;0;0;0
05/08/2021;12:19:00;227;Acidente sem vítima;369;BR-101/ES;Sul;Colisão Traseira;2;0;0;0;0;0;0;0;;;2;0;0;0;0
05/08/2021;13:08:00;246;Acidente sem vítima;269,6;BR-101/ES;Sul;Colisão Traseira;0;0;3;0;0;0;0;0;;;2;0;0;0;0
05/08/2021;15:16:00;276;Acidente com vítima;358;BR-101/ES;Sul;Queda de Moto;0;0;0;1;0;0;0;0;;;0;0;1;0;0
05/08/2021;17:44:00;312;Acidente sem vítima;146;BR-101/ES;Norte;Colisão Lateral;2;0;0;0;0;0;0;0;;;4;0;0;0;0
05/08/2021;18:50:00;322;Acidente sem vítima;253;BR-101/ES;Sul;Colisão Traseira;2;0;0;0;0;0;0;0;;;2;0;0;0;0
05/08/2021;19:55:00;333;Acidente com vítima;65;BR-101/ES;Sul;Colisão com ciclista;0;1;2;0;0;0;0;0;;;1;0;1;0;0
05/08/2021;22:54:00;368;Acidente sem vítima;303;BR-101/ES;Sul;Choque;1;0;0;0;0;0;0;0;;;1;0;0;0;0
05/08/2021;23:16:00;373;Acidente sem vítima;287;BR-101/ES;Sul;Choque;1;0;0;0;0;0;0;0;;;1;0;0;0;0
06/08/2021;01:55:00;60;Acidente sem vítima;412,8;BR-101/ES;Sul;Atropelamento de Bovino;0;0;1;0;0;0;0;0;;;1;0;0;0;0
06/08/2021;04:51:00;88;Acidente com vítima;387,7;BR-101/ES;Norte;Colisão Lateral;4;0;2;0;0;0;0;0;;;2;2;4;0;0
06/08/2021;08:53:00;137;Acidente sem vítima;342;BR-101/ES;Norte;Tombamento;0;0;0;0;0;1;0;0;;;1;0;0;0;0
06/08/2021;10:25:00;181;Acidente sem vítima;335,2;BR-101/ES;Sul;Colisão Lateral;2;0;0;0;0;0;0;0;;;3;0;0;0;0
06/08/2021;10:54:00;196;Acidente sem vítima;398,9;BR-101/ES;Sul;Choque;1;0;0;0;0;0;0;0;;;2;0;0;0;0
06/08/2021;14:04:00;277;Acidente sem vítima;266,1;BR-101/ES;Sul;Engavetamento;1;0;4;0;0;0;0;0;;;3;0;0;0;0
06/08/2021;14:35:00;291;Acidente com vítima;282,6;BR-101/ES;Sul;Queda de Moto;0;0;0;1;0;0;0;0;;;0;0;1;0;0
06/08/2021;15:33:00;308;Acidente sem vítima;94,2;BR-101/ES;Sul;Colisão Transversal;2;0;0;0;0;0;0;0;;;4;0;0;0;0