data;horario;n_da_ocorrencia;tipo_de_ocorrencia;km;trecho;sentido;tipo_de_acidente;automovel;bicicleta;caminhao;moto;onibus;outros;tracao_animal;transporte_de_cargas_especiais;trator_maquinas;utilitarios;ilesos;levemente_feridos;moderadamente_feridos;gravemente_feridos;mortos
06/08/2021;16:16:00;318;Acidente com vítima;281;BR-101/ES;Sul;Queda de Moto;0;0;0;1;0;0;0;0;;;0;2;0;0;0
06/08/2021;16:26:00;321;Acidente com vítima;146;BR-101/ES;Sul;Colisão Traseira;1;0;0;1;0;0;0;0;;;2;1;0;0;0
06/08/2021;17:26:00;337;Acidente sem vítima;290,9;BR-101/ES;Sul;Colisão Traseira;2;0;0;0;0;0;0;0;;;3;0;0;0;0
06/08/2021;18:00:00;352;Acidente com vítima;358,3;BR-101/ES;Norte;Saída de Pista;0;0;0;1;0;0;0;0;;;0;0;1;0;0
06/08/2021;18:08:00;355;Acidente sem vítima;28;BR-101/ES;Sul;Capotamento;1;0;0;0;0;0;0;0;;;2;0;0;0;0
06/08/2021;18:16:00;358;Acidente sem vítima;299;BR-101/ES;Norte;Colisão Traseira;1;0;0;1;0;0;0;0;;;2;0;0;0;0
06/08/2021;19:02:00;370;Acidente com vítima;301;BR-101/ES;Sul;Colisão com ciclista;0;1;0;1;0;0;0;0;;;0;0;2;0;0
06/08/2021;23:58:00;435;Acidente com vítima;295;BR-101/ES;Norte;Queda de ciclista;0;1;0;0;0;0;0;0;;;0;0;1;0;0
07/08/2021;00:33:00;7;Acidente com morte;272,4;BR-101/ES;Norte;Colisão Frontal;0;0;1;1;0;0;0;0;;;2;0;0;0;1
07/08/2021;00:42:00;11;Acidente sem vítima;304;BR-101/ES;Sul;Saída de Pista;1;0;0;0;0;0;0;0;;;1;0;0;0;0
07/08/2021;02:26:00;37;Acidente com vítima;276;BR-101/ES;Norte;Colisão Traseira;2;0;0;0;0;0;0;0;;;3;1;3;0;0
07/08/2021;03:39:00;46;Acidente sem vítima;356;BR-101/ES;Norte;Saída de Pista;1;0;0;0;0;0;0;0;;;1;0;0;0;0
07/08/2021;04:27:00;55;Acidente sem vítima;293,6;BR-101/ES;Sul;Saída de Pista;1;0;0;0;0;0;0;0;;;1;0;0;0;0
07/08/2021;05:38:00;64;Acidente com vítima;268,7;BR-101/ES;Norte;Colisão com ciclista;0;1;0;1;0;0;0;0;;;1;0;1;0;0
07/08/2021;06:36:00;88;Acidente sem vítima;260;BR-101/ES;Sul;Saída de Pista;1;0;0;0;0;0;0;0;;;2;0;0;0;0
07/08/2021;07:32:00;95;Acidente sem vítima;142,9;BR-101/ES;Sul;Colisão Traseira;2;0;0;0;0;0;0;0;;;10;0;0;0;0
07/08/2021;10:05:00;139;Acidente com vítima;146,1;BR-101/ES;Sul;Colisão Traseira;2;0;0;1;0;0;0;0;;;1;1;0;0;0
07/08/2021;11:44:00;188;Acidente sem vítima;270,5;BR-101/ES;Sul;Colisão Traseira;1;0;1;0;0;0;0;0;;;2;0;0;0;0
07/08/2021;13:20:00;224;Acidente com vítima;265,8;BR-101/ES;Norte;Engavetamento;3;0;0;0;0;0;0;0;;;5;1;0;0;0
07/08/2021;14:34:00;246;Acidente sem vítima;40,4;BR-101/ES;Norte;Queda de Moto;0;0;0;1;0;0;0;0;;;2;0;0;0;0
07/08/2021;18:27:00;304;Acidente sem vítima;262;BR-101/ES;Norte;Colisão Traseira;1;0;0;0;0;0;0;0;;;1;0;0;0;0
07/08/2021;18:39:00;305;Acidente com vítima;289;BR-101/ES;Norte;Queda de Moto;3;0;0;1;0;0;0;0;;;3;0;2;0;0
07/08/2021;18:46:00;306;Acidente com vítima;300;BR-101/ES;Norte;Colisão Lateral;1;0;0;1;0;0;0;0;;;1;0;1;0;0
07/08/2021;20:21:00;315;Acidente com vítima;271,3;BR-101/ES;Sul;Colisão Traseira;1;0;0;1;0;0;0;0;;;1;0;1;0;0
08/08/2021;04:50:00;60;Atropelamento sem morte;174;BR-101/ES;Sul;Atropelamento e Fuga;1;0;0;0;0;0;0;0;;;1;0;1;0;0
08/08/2021;07:21:00;86;Acidente sem vítima;383,5;BR-101/ES;Norte;Saída de Pista;0;0;1;0;0;0;0;0;;;1;0;0;0;0
08/08/2021;14:45:00;193;Acidente sem vítima;203,6;BR-101/ES;Norte;Saída de Pista;1;0;0;0;0;0;0;0;;;1;0;0;0;0
08/08/2021;16:08:00;210;Acidente sem vítima;261;BR-101/ES;Sul;Colisão Traseira;1;0;0;1;0;0;0;0;;;3;0;0;0;0
08/08/2021;17:58:00;250;Acidente sem vítima;263;BR-101/ES;Sul;Choque com Objeto Fixo;1;0;0;0;0;0;0;0;;;1;0;0;0;0
08/08/2021;18:43:00;256;Acidente sem vítima;254;BR-101/ES;Sul;Colisão Traseira;2;0;0;0;0;0;0;0;;;2;0;0;0;0
08/08/2021;19:15:00;265;Acidente com vítima;261;BR-101/ES;Sul;Colisão Traseira;1;0;1;0;1;0;0;0;;;10;5;0;0;0
08/08/2021;19:46:00;273;Acidente com vítima;274;BR-101/ES;Sul;Capotamento;1;0;0;0;0;0;0;0;;;0;0;0;1;0
08/08/2021;22:16:00;300;Acidente sem vítima;265,9;BR-101/ES;Sul;Colisão Lateral;2;0;0;0;0;0;0;0;;;2;0;0;0;0
08/08/2021;22:46:00;314;Acidente com vítima;264;BR-101/ES;Norte;Colisão Lateral;1;0;0;1;0;0;0;0;;;5;1;0;0;0
08/08/2021;23:38:00;327;Acidente com vítima;246;BR-101/ES;Sul;Colisão Traseira;2;0;0;0;0;0;0;0;;;6;3;1;0;0
09/08/2021;07:19:00;109;Acidente sem vítima;360;BR-101/ES;Sul;Colisão Traseira;2;0;0;0;0;0;0;0;;;4;0;0;0;0
09/08/2021;07:56:00;125;Acidente sem vítima;288,3;BR-101/ES;Sul;Colisão Transversal;1;0;2;0;0;0;0;0;;;2;0;0;0;0
09/08/2021;11:50:00;208;Acidente com vítima;946;BR-101/BA;Sul;Queda de Moto;0;0;0;1;0;0;0;0;;;0;1;0;0;0
09/08/2021;13:28:00;235;Acidente com vítima;148;BR-101/ES;Norte;Colisão Traseira;1;0;0;1;0;0;0;0;;;1;0;1;0;0
09/08/2021;15:01:00;263;Acidente com vítima;259,4;BR-101/ES;Norte;Tombamento;0;0;2;0;0;0;0;0;;;0;1;0;0;0
09/08/2021;16:14:00;278;Acidente com vítima;287;BR-101/ES;Sul;Colisão Lateral;1;0;0;1;0;0;0;0;;;1;0;1;0;0
09/08/2021;18:23:00;309;Acidente sem vítima;258;BR-101/ES;Sul;Engavetamento;2;0;1;0;0;0;0;0;;;4;0;0;0;0
09/08/2021;19:33:00;322;Acidente sem vítima;421;BR-101/ES;Norte;Choque;1;0;0;0;0;0;0;0;;;1;0;0;0;0
10/08/2021;06:53:00;102;Acidente sem vítima;294;BR-101/ES;Norte;Colisão Traseira;1;0;0;0;0;0;0;0;;;1;0;0;0;0
10/08/2021;07:31:00;112;Acidente sem vítima;269;BR-101/ES;Norte;Colisão Traseira;0;0;0;2;0;0;0;0;;;1;0;0;0;0
10/08/2021;08:09:00;123;Acidente com vítima;147;BR-101/ES;Sul;Colisão Transversal;1;0;0;1;0;0;0;0;;;1;1;0;0;0
10/08/2021;08:15:00;125;Acidente sem vítima;270,3;BR-101/ES;Sul;Colisão Traseira;1;0;0;1;0;0;0;0;;;2;0;0;0;0
10/08/2021;11:36:00;212;Acidente com vítima;34;BR-101/ES;Sul;Queda de Moto;0;0;0;1;0;0;0;0;;;0;0;1;0;0
10/08/2021;11:47:00;220;Acidente com vítima;233;BR-101/ES;Sul;Colisão Frontal;2;0;0;0;0;0;0;0;;;0;0;2;5;0
10/08/2021;11:54:00;223;Acidente com vítima;137;BR-101/ES;Norte;Colisão com ciclista;1;1;0;0;0;0;0;0;;;1;1;0;0;0
10/08/2021;14:45:00;284;Acidente sem vítima;231,1;BR-101/ES;Norte;Engavetamento;2;0;0;0;0;1;0;0;;;3;0;0;0;0
10/08/2021;18:28:00;351;Acidente com vítima;117,1;BR-101/ES;Sul;Colisão Traseira;1;0;1;0;0;0;0;0;;;1;0;1;0;0
10/08/2021;18:45:00;355;Acidente sem vítima;292;BR-101/ES;Norte;Engavetamento;4;0;0;0;0;0;0;0;;;6;0;0;0;0
10/08/2021;18:50:00;357;Acidente sem vítima;116,8;BR-101/ES;Norte;Colisão Traseira;0;0;2;0;0;0;0;0;;;2;0;0;0;0
10/08/2021;19:13:00;361;Acidente sem vítima;297;BR-101/ES;Sul;Colisão Traseira;1;0;0;1;0;0;0;0;;;2;0;0;0;0
10/08/2021;21:17:00;381;Acidente sem vítima;294;BR-101/ES;Norte;Colisão Traseira;2;0;0;0;0;0;0;0;;;2;0;0;0;0
11/08/2021;01:43:00;35;Acidente sem vítima;294;BR-101/ES;Sul;Choque com Objeto Fixo;1;0;0;0;0;0;0;0;;;1;0;0;0;0
11/08/2021;06:58:00;104;Acidente com vítima;268,85;BR-101/ES;Sul;Colisão Lateral;1;0;0;1;0;0;0;0;;;0;0;1;0;0
11/08/2021;07:07:00;108;Acidente sem vítima;267;BR-101/ES;Norte;Colisão Lateral;1;0;2;0;0;0;0;0;;;2;0;0;0;0
11/08/2021;07:37:00;113;Acidente sem vítima;390;BR-101/ES;Sul;Engavetamento;0;0;3;0;1;0;0;0;;;26;0;0;0;0
11/08/2021;07:55:00;120;Acidente sem vítima;946;BR-101/BA;Norte;Saída de Pista;1;0;0;0;0;0;0;0;;;1;0;0;0;0
11/08/2021;09:34:00;154;Acidente sem vítima;321;BR-101/ES;Norte;Choque;1;0;0;0;0;0;0;0;;;1;0;0;0;0
11/08/2021;09:36:00;155;Acidente com vítima;213,5;BR-101/ES;Norte;Colisão Transversal;1;0;0;1;0;0;0;0;;;2;1;0;0;0
11/08/2021;10:28:00;180;Acidente sem vítima;370;BR-101/ES;Norte;Choque com Objeto Fixo;1;0;0;0;0;0;0;0;;;2;0;0;0;0
11/08/2021;12:01:00;224;Acidente sem vítima;268;BR-101/ES;Norte;Colisão Traseira;2;0;0;0;0;0;0;0;;;5;0;0;0;0
11/08/2021;12:02:00;225;Acidente com vítima;135,9;BR-101/ES;Norte;Colisão Transversal;2;0;0;0;0;0;0;0;;;1;0;2;0;0
11/08/2021;14:43:00;276;Atropelamento sem morte;231;BR-101/ES;Sul;Atropelamento e Fuga;0;0;1;0;0;0;0;0;;;1;0;1;0;0
11/08/2021;16:25:00;303;Acidente sem vítima;0,8;BR-101/ES;Sul;Choque com Objeto Fixo;1;0;0;0;0;0;0;0;;;1;0;0;0;0
11/08/2021;17:29:00;323;Acidente com vítima;271,2;BR-101/ES;Sul;Colisão Lateral;1;0;0;1;0;0;0;0;;;1;0;1;0;0
11/08/2021;18:07:00;329;Acidente sem vítima;278;BR-101/ES;Sul;Colisão Transversal;2;0;0;0;0;0;0;0;;;2;0;0;0;0
11/08/2021;23:12:00;388;Acidente sem vítima;267,9;BR-101/ES;Norte;Colisão Traseira;2;0;0;0;0;0;0;0;;;4;0;0;0;0
12/08/2021;06:23:00;96;Acidente com vítima;291,6;BR-101/ES;Norte;Colisão Lateral;1;0;0;1;0;0;0;0;;;1;0;1;0;0
12/08/2021;07:16:00;105;Acidente sem vítima;266,5;BR-101/ES;Sul;Colisão Lateral;1;0;2;0;0;0;0;0;;;3;0;0;0;0
12/08/2021;18:27:00;313;Acidente com vítima;345;BR-101/ES;Sul;Engavetamento;1;0;3;0;0;0;0;0;;;6;2;0;0;0
12/08/2021;19:52:00;330;Acidente sem vítima;276;BR-101/ES;Norte;Choque com Objeto Fixo;1;0;0;0;0;0;0;0;;;1;0;0;0;0
12/08/2021;22:54:00;369;Acidente sem vítima;269;BR-101/ES;Norte;Saída de Pista;1;0;0;0;0;0;0;0;;;3;0;0;0;0
12/08/2021;23:46:00;377;Acidente com vítima;76;BR-101/ES;Sul;Colisão Traseira;2;0;0;0;0;0;0;0;;;2;1;0;0;0
13/08/2021;00:51:00;8;Acidente com vítima;69;BR-101/ES;Sul;Colisão Traseira;2;0;0;0;0;0;0;0;;;1;3;0;0;0
13/08/2021;06:35:00;83;Acidente com vítima;324,3;BR-101/ES;Norte;Queda de Moto;0;0;0;1;0;0;0;0;;;0;2;0;0;0
13/08/2021;07:55:00;97;Acidente sem vítima;297,2;BR-101/ES;Norte;Colisão Traseira;1;0;1;0;0;0;0;0;;;1;0;0;0;0
13/08/2021;09:13:00;134;Acidente sem vítima;212,9;BR-101/ES;Sul;Colisão Traseira;1;0;0;1;0;0;0;0;;;4;0;0;0;0
13/08/2021;16:47:00;288;Acidente com vítima;243,2;BR-101/ES;Sul;Queda de Moto;1;0;0;1;0;0;0;0;;;1;1;0;0;0
13/08/2021;17:45:00;304;Atropelamento sem morte;126,3;BR-101/ES;Sul;Atropelamento;1;0;0;0;0;0;0;0;;;2;1;0;0;0
13/08/2021;18:03:00;309;Acidente sem vítima;180;BR-101/ES;Norte;Choque com Objeto Fixo;1;0;0;0;0;0;0;0;;;1;0;0;0;0
13/08/2021;18:23:00;314;Acidente sem vítima;366;BR-101/ES;Sul;Colisão Transversal;1;0;2;0;0;0;0;0;;;2;0;0;0;0
13/08/2021;18:55:00;321;Acidente com vítima;95;BR-101/ES;Sul;Queda de Moto;0;0;0;1;0;0;0;0;;;0;1;0;0;0
13/08/2021;19:30:00;329;Acidente com vítima;271,5;BR-101/ES;Norte;Queda de Moto;0;0;0;1;0;0;0;0;;;0;1;0;0;0
13/08/2021;20:18:00;342;Acidente com vítima;279;BR-101/ES;Sul;Colisão Traseira;1;0;2;0;0;0;0;0;;;2;0;1;0;0
13/08/2021;21:34:00;363;Acidente sem vítima;285;BR-101/ES;Norte;Queda de Moto;0;0;0;1;0;0;0;0;;;1;0;0;0;0
14/08/2021;05:25:00;64;Acidente com vítima;264,4;BR-101/ES;Norte;Colisão Transversal;2;0;0;0;0;0;0;0;;;1;0;1;0;0
14/08/2021;06:53:00;90;Acidente com vítima;392,7;BR-101/ES;Sul;Saída de Pista;1;0;0;0;0;0;0;0;;;0;1;0;0;0
14/08/2021;07:16:00;96;Acidente com vítima;266,7;BR-101/ES;Norte;Queda de Moto;1;0;0;1;0;0;0;0;;;0;0;1;0;0
14/08/2021;07:20:00;98;Acidente sem vítima;169;BR-101/ES;Norte;Choque;1;0;1;0;0;0;0;0;;;1;0;0;0;0
14/08/2021;07:26:00;99;Acidente sem vítima;266,7;BR-101/ES;Norte;Colisão Lateral;0;0;2;0;1;0;0;0;;;2;0;0;0;0
14/08/2021;09:29:00;145;Atropelamento com morte;297,4;BR-101/ES;Norte;Atropelamento;1;0;0;0;0;0;0;0;;;1;0;0;0;1
14/08/2021;11:02:00;190;Acidente sem vítima;58;BR-101/ES;Sul;Colisão Traseira;1;0;1;0;0;0;0;0;;;1;0;0;0;0
14/08/2021;11:54:00;206;Acidente sem vítima;264,2;BR-101/ES;Sul;Colisão Traseira;1;0;1;0;0;0;0;0;;;3;0;0;0;0
14/08/2021;16:23:00;292;Acidente com vítima;188,9;BR-101/ES;Norte;Colisão Transversal;1;0;0;1;0;0;0;0;;;1;0;1;1;0
14/08/2021;18:00:00;322;Acidente sem vítima;346;BR-101/ES;Sul;Choque com Veículo Estacionado;2;0;0;0;0;0;0;0;;;2;0;0;0;0
14/08/2021;22:51:00;380;Acidente com vítima;296;BR-101/ES;Norte;Colisão Traseira;1;0;0;1;0;0;0;0;;;2;0;1;0;0
15/08/2021;01:25:00;21;Acidente sem vítima;63;BR-101/ES;Norte;Atropelamento de Equino;0;0;1;0;0;0;0;0;;;1;0;0;0;0
15/08/2021;07:53:00;68;Acidente sem vítima;289;BR-101/ES;Sul;Queda de Moto;0;0;0;1;0;0;0;0;;;1;0;0;0;0
15/08/2021;11:57:00;160;Acidente sem vítima;204,8;BR-101/ES;Sul;Colisão Transversal;2;0;0;0;0;0;0;0;;;4;0;0;0;0
15/08/2021;14:31:00;206;Acidente com vítima;426;BR-101/ES;Norte;Colisão Lateral;1;0;2;0;0;0;0;0;;;1;0;0;1;0
15/08/2021;15:03:00;209;Acidente sem vítima;425,9;BR-101/ES;Norte;Choque;0;0;2;0;0;0;0;0;;;1;0;0;0;0
15/08/2021;15:16:00;213;Acidente sem vítima;133,2;BR-101/ES;Norte;Capotamento;1;0;0;0;0;0;0;0;;;3;0;0;0;0
15/08/2021;15:36:00;219;Acidente sem vítima;300,7;BR-101/ES;Sul;Saída de Pista;1;0;0;0;0;0;0;0;;;3;0;0;0;0
15/08/2021;16:45:00;237;Acidente sem vítima;266,4;BR-101/ES;Sul;Queda de Moto;0;0;0;1;0;0;0;0;;;1;0;0;0;0
15/08/2021;16:52:00;241;Acidente sem vítima;262;BR-101/ES;Sul;Colisão Traseira;2;0;0;0;0;0;0;0;;;2;0;0;0;0
15/08/2021;19:14:00;277;Acidente sem vítima;171;BR-101/ES;Sul;Colisão Lateral;2;0;0;0;0;0;0;0;;;12;0;0;0;0
15/08/2021;21:47:00;299;Acidente com vítima;302;BR-101/ES;Norte;Colisão Traseira;0;0;2;1;0;0;0;0;;;1;0;1;0;0
15/08/2021;22:15:00;304;Acidente sem vítima;260;BR-101/ES;Sul;Veículo em Chamas;1;0;0;0;0;0;0;0;;;2;0;0;0;0
15/08/2021;22:54:00;312;Acidente sem vítima;70;BR-101/ES;Sul;Choque com Veículo Estacionado;1;0;0;1;0;0;0;0;;;1;0;0;0;0
15/08/2021;23:22:00;317;Atropelamento com morte;397,2;BR-101/ES;Norte;Atropelamento e Fuga;1;0;0;0;0;0;0;0;;;0;0;0;0;1
16/08/2021;00:18:00;3;Acidente com vítima;268;BR-101/ES;Norte;Queda de Moto;0;0;0;1;0;0;0;0;;;0;0;1;0;0
16/08/2021;06:03:00;78;Acidente sem vítima;233;BR-101/ES;Sul;Colisão Traseira;2;0;0;0;0;0;0;0;;;2;0;0;0;0
16/08/2021;07:13:00;88;Acidente com vítima;177;BR-101/ES;Norte;Queda de Moto;0;0;0;1;0;0;0;0;;;0;0;1;0;0
16/08/2021;07:54:00;101;Acidente sem vítima;351;BR-101/ES;Sul;Choque com Objeto Fixo;1;0;0;0;0;0;0;0;;;1;0;0;0;0
16/08/2021;08:09:00;104;Acidente com vítima;262,3;BR-101/ES;Sul;Colisão Lateral;1;0;0;1;0;0;0;0;;;1;1;0;0;0
16/08/2021;08:25:00;108;Atropelamento sem morte;268,8;BR-101/ES;Sul;Atropelamento;0;0;0;1;0;0;0;0;;;0;1;1;0;0
16/08/2021;09:27:00;126;Acidente com vítima;268,2;BR-101/ES;Sul;Colisão Lateral;1;0;0;1;0;0;0;0;;;1;1;0;0;0
16/08/2021;10:30:00;157;Acidente sem vítima;181,1;BR-101/ES;Sul;Colisão Transversal;2;0;0;0;0;0;0;0;;;2;0;0;0;0
16/08/2021;13:21:00;221;Acidente sem vítima;249;BR-101/ES;Norte;Saída de Pista;1;0;0;0;0;0;0;0;;;2;0;0;0;0
16/08/2021;15:01:00;251;Acidente com vítima;146,8;BR-101/ES;Norte;Colisão Traseira;2;0;0;0;0;0;0;0;;;1;1;0;0;0
16/08/2021;18:43:00;304;Acidente com vítima;66;BR-101/ES;Sul;Colisão Transversal;1;0;0;1;0;0;0;0;;;1;0;1;0;0
16/08/2021;19:08:00;307;Acidente com vítima;297;BR-101/ES;Sul;Colisão com ciclista;1;1;0;0;0;0;0;0;;;1;0;1;0;0
16/08/2021;19:49:00;311;Acidente sem vítima;133,5;BR-101/ES;Norte;Colisão Frontal;2;0;0;0;0;0;0;0;;;2;0;0;0;0
16/08/2021;22:32:00;347;Acidente sem vítima;30,3;BR-101/ES;Sul;Tombamento;0;0;3;0;0;0;0;0;;;1;0;0;0;0
16/08/2021;22:36:00;355;Acidente sem vítima;291;BR-101/ES;Sul;Saída de Pista;0;0;1;0;0;0;0;0;;;1;0;0;0;0
16/08/2021;22:49:00;359;Acidente sem vítima;320;BR-101/ES;Norte;Colisão Traseira;2;0;0;0;0;0;0;0;;;2;0;0;0;0
17/08/2021;02:25:00;40;Acidente sem vítima;288;BR-101/ES;Sul;Saída de Pista;1;0;0;0;0;0;0;0;;;1;0;0;0;0
17/08/2021;08:20:00;117;Acidente sem vítima;270,7;BR-101/ES;Sul;Colisão Traseira;0;0;3;0;0;0;0;0;;;2;0;0;0;0
17/08/2021;11:46:00;206;Acidente sem vítima;288;BR-101/ES;Norte;Colisão Lateral;1;0;2;0;0;0;0;0;;;2;0;0;0;0
17/08/2021;14:17:00;251;Acidente com vítima;122;BR-101/ES;Sul;Saída de Pista;1;0;0;0;0;0;0;0;;;4;1;0;0;0
17/08/2021;14:50:00;259;Acidente sem vítima;262,4;BR-101/ES;Norte;Colisão Traseira;2;0;0;0;0;0;0;0;;;2;0;0;0;0
17/08/2021;18:00:00;318;Acidente sem vítima;266,3;BR-101/ES;Sul;Colisão Traseira;2;0;0;0;0;0;0;0;;;4;0;0;0;0
17/08/2021;18:26:00;327;Atropelamento sem morte;376;BR-101/ES;Sul;Atropelamento;0;0;0;1;0;0;0;0;;;0;2;1;0;0
17/08/2021;19:13:00;332;Acidente com vítima;270;BR-101/ES;Sul;Queda de Moto;0;0;0;1;0;0;0;0;;;0;1;0;0;0
17/08/2021;22:33:00;380;Acidente sem vítima;403,9;BR-101/ES;Norte;Choque;1;0;0;0;0;0;0;0;;;1;0;0;0;0
18/08/2021;00:29:00;11;Acidente com vítima;424,6;BR-101/ES;Norte;Choque com Objeto Fixo;0;0;1;0;0;0;0;0;;;0;0;0;1;0
18/08/2021;02:18:00;31;Acidente sem vítima;299;BR-101/ES;Sul;Choque;1;0;2;0;0;0;0;0;;;2;0;0;0;0
18/08/2021;07:03:00;93;Acidente sem vítima;245,5;BR-101/ES;Sul;Capotamento;1;0;0;0;0;0;0;0;;;1;0;0;0;0
18/08/2021;09:58:00;151;Acidente sem vítima;267,5;BR-101/ES;Norte;Colisão Transversal;1;0;1;0;0;0;0;0;;;2;0;0;0;0
18/08/2021;12:46:00;232;Acidente sem vítima;297;BR-101/ES;Sul;Colisão Lateral;2;0;1;0;0;0;0;0;;;2;0;0;0;0
18/08/2021;13:21:00;245;Acidente com vítima;298,1;BR-101/ES;Sul;Queda de Moto;0;0;0;1;0;0;0;0;;;0;1;0;0;0
18/08/2021;14:15:00;266;Acidente com vítima;144;BR-101/ES;Norte;Colisão Transversal;1;0;3;0;0;0;0;0;;;1;1;0;0;0
18/08/2021;15:21:00;291;Acidente com vítima;288,8;BR-101/ES;Norte;Queda de Moto;0;0;0;1;0;0;0;0;;;0;0;1;0;0
18/08/2021;17:24:00;332;Acidente com vítima;289,3;BR-101/ES;Sul;Queda de Moto;0;0;0;1;0;0;0;0;;;0;0;1;0;0
18/08/2021;18:37:00;342;Acidente sem vítima;245;BR-101/ES;Sul;Saída de Pista;1;0;0;0;0;0;0;0;;;2;0;0;0;0
18/08/2021;22:39:00;385;Acidente sem vítima;266;BR-101/ES;Sul;Colisão Traseira;1;0;2;0;0;0;0;0;;;2;0;0;0;0
19/08/2021;04:26:00;48;Acidente com vítima;131,99;BR-101/ES;Sul;Colisão Frontal;1;0;2;0;0;0;0;0;;;0;1;1;1;0
19/08/2021;05:07:00;55;Acidente com vítima;253,7;BR-101/ES;Sul;Colisão Lateral;1;0;2;0;0;0;0;0;;;2;0;1;0;0
19/08/2021;05:29:00;57;Acidente sem vítima;268;BR-101/ES;Sul;Colisão Traseira;0;0;1;0;0;0;0;0;;;1;0;0;0;0
19/08/2021;05:40:00;71;Acidente sem vítima;332,4;BR-101/ES;Sul;Saída de Pista;0;0;2;0;0;0;0;0;;;1;0;0;0;0
19/08/2021;07:11:00;90;Acidente com vítima;277,8;BR-101/ES;Norte;Colisão Transversal;0;0;2;1;0;0;0;0;;;1;0;0;1;0
19/08/2021;08:12:00;104;Acidente sem vítima;270;BR-101/ES;Sul;Colisão Traseira;1;0;1;0;0;0;0;0;;;2;0;0;0;0
19/08/2021;13:43:00;241;Acidente com vítima;450,1;BR-101/ES;Norte;Tombamento;0;0;2;0;0;0;0;0;;;0;1;0;0;0
19/08/2021;14:09:00;246;Acidente com vítima;143;BR-101/ES;Norte;Colisão Traseira;2;0;0;0;0;0;0;0;;;1;1;0;0;0
19/08/2021;19:10:00;334;Acidente sem vítima;181,3;BR-101/ES;Sul;Choque;1;0;0;0;0;0;0;0;;;1;0;0;0;0
19/08/2021;20:56:00;359;Acidente sem vítima;460,5;BR-101/ES;Norte;Saída de Pista;1;0;0;0;0;0;0;0;;;1;0;0;0;0
19/08/2021;21:07:00;362;Acidente sem vítima;297;BR-101/ES;Sul;Colisão Traseira;1;0;0;0;0;0;0;0;;;1;0;0;0;0
19/08/2021;22:07:00;372;Acidente com vítima;150;BR-101/ES;Sul;Queda de Moto;0;0;0;1;0;0;0;0;;;1;1;0;0;0
19/08/2021;23:33:00;386;Acidente sem vítima;218;BR-101/ES;Norte;Saída de Pista;1;0;0;0;0;0;0;0;;;2;0;0;0;0
20/08/2021;04:41:00;48;Acidente com vítima;146;BR-101/ES;Norte;Colisão Transversal;1;0;0;1;0;0;0;0;;;4;1;0;0;0
20/08/2021;08:51:00;115;Acidente sem vítima;68,4;BR-101/ES;Norte;Colisão Transversal;1;0;2;0;0;0;0;0;;;2;0;0;0;0
20/08/2021;09:39:00;126;Acidente com vítima;260,5;BR-101/ES;Norte;Engavetamento;4;0;0;0;0;0;0;0;;;3;0;1;0;0
20/08/2021;11:49:00;175;Acidente com vítima;145,5;BR-101/ES;Norte;Colisão Lateral;1;0;1;1;0;0;0;0;;;1;1;0;0;0
20/08/2021;13:43:00;230;Acidente com vítima;164,2;BR-101/ES;Norte;Colisão Transversal;1;0;0;1;0;0;0;0;;;0;1;0;0;0
20/08/2021;14:33:00;251;Acidente com vítima;287,3;BR-101/ES;Sul;Colisão Lateral;1;0;0;1;0;0;0;0;;;2;1;1;0;0
20/08/2021;14:42:00;255;Acidente com vítima;260,5;BR-101/ES;Norte;Colisão Traseira;1;0;0;1;0;0;0;0;;;2;0;1;0;0
20/08/2021;18:24:00;303;Acidente com vítima;298;BR-101/ES;Norte;Colisão Traseira;2;0;0;1;0;0;0;0;;;2;1;0;0;0
20/08/2021;18:48:00;309;Acidente com vítima;266;BR-101/ES;Sul;Colisão Lateral;1;0;0;1;0;0;0;0;;;1;0;1;0;0
20/08/2021;18:49:00;310;Acidente com vítima;209;BR-101/ES;Sul;Colisão Traseira;2;0;0;0;0;0;0;0;;;4;1;0;0;0
20/08/2021;22:15:00;358;Acidente sem vítima;310;BR-101/ES;Sul;Choque com Objeto Fixo;1;0;0;0;0;0;0;0;;;1;0;0;0;0
21/08/2021;05:10:00;71;Acidente sem vítima;439;BR-101/ES;Norte;Atropelamento de Bovino;0;0;0;1;0;0;0;0;;;1;0;0;0;0
21/08/2021;07:27:00;105;Acidente com vítima;143,1;BR-101/ES;Norte;Colisão Traseira;1;0;0;1;0;0;0;0;;;1;0;1;0;0
21/08/2021;10:10:00;151;Acidente sem vítima;220,2;BR-101/ES;Sul;Colisão Traseira;2;0;0;0;0;0;0;0;;;5;0;0;0;0
21/08/2021;10:36:00;157;Acidente com vítima;268,9;BR-101/ES;Norte;Colisão com ciclista;0;1;1;0;0;0;0;0;;;1;0;1;0;0
21/08/2021;12:08:00;204;Acidente com vítima;337,2;BR-101/ES;Sul;Colisão Traseira;2;0;0;0;0;0;0;0;;;3;0;1;0;0
21/08/2021;12:57:00;224;Acidente sem vítima;297;BR-101/ES;Sul;Colisão Traseira;1;0;1;0;0;0;0;0;;;3;0;0;0;0
21/08/2021;15:43:00;279;Acidente sem vítima;152,2;BR-101/ES;Norte;Veículo em Chamas;0;0;4;0;0;0;0;0;;;1;0;0;0;0
21/08/2021;18:49:00;335;Acidente sem vítima;265,7;BR-101/ES;Sul;Colisão Traseira;3;0;0;0;0;0;0;0;;;3;0;0;0;0