data;horario;n_da_ocorrencia;tipo_de_ocorrencia;km;trecho;sentido;tipo_de_acidente;automovel;bicicleta;caminhao;moto;onibus;outros;tracao_animal;transporte_de_cargas_especiais;trator_maquinas;utilitarios;ilesos;levemente_feridos;moderadamente_feridos;gravemente_feridos;mortos
21/08/2021;19:10:00;341;Acidente sem vítima;30,8;BR-101/ES;Sul;Colisão Traseira;2;0;0;0;0;0;0;0;;;3;0;0;0;0
22/08/2021;01:17:00;17;Acidente sem vítima;293;BR-101/ES;Norte;Choque com Objeto Fixo;1;0;0;0;0;0;0;0;;;1;0;0;0;0
22/08/2021;05:06:00;54;Acidente com vítima;147,3;BR-101/ES;Sul;Engavetamento;4;0;0;0;0;0;0;0;;;5;1;0;0;0
22/08/2021;12:21:00;179;Acidente com vítima;117;BR-101/ES;Sul;Saída de Pista;1;0;0;0;0;0;0;0;;;1;2;1;0;0
22/08/2021;16:10:00;240;Acidente sem vítima;270;BR-101/ES;Sul;Colisão Lateral;1;0;0;1;0;0;0;0;;;3;0;0;0;0
22/08/2021;16:43:00;250;Acidente com vítima;65;BR-101/ES;Norte;Colisão Traseira;1;0;0;1;0;0;0;0;;;1;0;1;0;0
22/08/2021;19:35:00;289;Atropelamento sem morte;190;BR-101/ES;Norte;Atropelamento;1;0;0;0;0;0;0;0;;;2;0;1;0;0
22/08/2021;21:16:00;310;Acidente sem vítima;271;BR-101/ES;Norte;Choque com Objeto Fixo;1;0;0;0;0;0;0;0;;;1;0;0;0;0
22/08/2021;22:10:00;317;Acidente com vítima;335;BR-101/ES;Norte;Queda de Moto;0;0;0;1;0;0;0;0;;;0;1;0;0;0
22/08/2021;23:52:00;356;Acidente com vítima;205,7;BR-101/ES;Norte;Choque com Objeto Fixo;1;0;0;0;0;0;0;0;;;0;0;1;0;0
23/08/2021;00:01:00;1;Acidente sem vítima;282;BR-101/ES;Norte;Choque com Objeto Fixo;1;0;0;0;0;0;0;0;;;1;0;0;0;0
23/08/2021;00:53:00;14;Acidente com vítima;261;BR-101/ES;Sul;Queda de Moto;0;0;0;1;0;0;0;0;;;0;2;0;0;0
23/08/2021;06:52:00;74;Acidente sem vítima;298;BR-101/ES;Norte;Colisão Transversal;0;0;0;1;0;0;0;0;;;2;0;0;0;0
23/08/2021;07:36:00;89;Acidente com vítima;269;BR-101/ES;Sul;Colisão com ciclista;0;1;0;1;0;0;0;0;;;0;0;2;0;0
23/08/2021;07:36:00;90;Acidente com vítima;125;BR-101/ES;Sul;Colisão Traseira;1;0;0;1;0;0;0;0;;;1;1;0;0;0
23/08/2021;08:43:00;113;Acidente sem vítima;268;BR-101/ES;Sul;Colisão Traseira;1;0;1;0;0;0;0;0;;;3;0;0;0;0
23/08/2021;13:39:00;243;Acidente sem vítima;32,4;BR-101/ES;Sul;Saída de Pista;0;0;1;0;0;0;0;0;;;1;0;0;0;0
23/08/2021;18:48:00;322;Acidente com vítima;292,1;BR-101/ES;Norte;Colisão com ciclista;1;1;0;0;0;0;0;0;;;1;0;1;0;0
23/08/2021;19:11:00;326;Acidente sem vítima;314;BR-101/ES;Sul;Atropelamento Animal;1;0;0;0;0;0;0;0;;;5;0;0;0;0
24/08/2021;06:38:00;88;Acidente sem vítima;298;BR-101/ES;Norte;Colisão Traseira;1;0;0;1;0;0;0;0;;;1;0;0;0;0
24/08/2021;07:38:00;116;Acidente com vítima;297;BR-101/ES;Sul;Colisão Traseira;1;0;0;1;0;0;0;0;;;1;0;1;0;0
24/08/2021;08:21:00;131;Acidente sem vítima;285,6;BR-101/ES;Norte;Colisão Lateral;1;0;2;0;0;0;0;0;;;4;0;0;0;0
24/08/2021;10:30:00;179;Acidente sem vítima;259,7;BR-101/ES;Sul;Saída de Pista;1;0;0;0;0;0;0;0;;;1;0;0;0;0
24/08/2021;10:51:00;189;Acidente com vítima;269,5;BR-101/ES;Norte;Colisão Traseira;2;0;0;0;0;0;0;0;;;4;0;1;0;0
24/08/2021;11:28:00;206;Acidente com vítima;269,7;BR-101/ES;Sul;Queda de Moto;0;0;0;1;0;0;0;0;;;0;0;1;0;0
24/08/2021;13:16:00;244;Acidente sem vítima;204,1;BR-101/ES;Sul;Colisão Transversal;2;0;0;0;0;0;0;0;;;2;0;0;0;0
24/08/2021;15:52:00;286;Acidente sem vítima;96,8;BR-101/ES;Sul;Saída de Pista;1;0;0;0;0;0;0;0;;;3;0;0;0;0
24/08/2021;19:02:00;331;Acidente sem vítima;263;BR-101/ES;Norte;Colisão Traseira;2;0;0;0;0;0;0;0;;;3;0;0;0;0
24/08/2021;19:25:00;335;Acidente sem vítima;263;BR-101/ES;Norte;Choque com Objeto Fixo;0;0;1;0;0;0;0;0;;;2;0;0;0;0
24/08/2021;20:02:00;342;Atropelamento sem morte;240;BR-101/ES;Norte;Atropelamento;0;0;0;0;1;0;0;0;;;14;0;1;0;0
25/08/2021;07:10:00;77;Acidente com vítima;267,6;BR-101/ES;Sul;Colisão Lateral;1;0;0;1;0;0;0;0;;;1;0;1;0;0
25/08/2021;13:12:00;222;Acidente sem vítima;136,8;BR-101/ES;Norte;Veículo em Chamas;1;0;0;0;0;0;0;0;;;3;0;0;0;0
25/08/2021;15:46:00;261;Acidente com vítima;255,1;BR-101/ES;Sul;Colisão Traseira;2;0;0;0;0;0;0;0;;;2;0;1;0;0
25/08/2021;19:11:00;321;Acidente sem vítima;457,7;BR-101/ES;Sul;Colisão Lateral;1;0;1;0;0;0;0;0;;;5;0;0;0;0
25/08/2021;20:09:00;331;Acidente sem vítima;171;BR-101/ES;Sul;Danos Eventuais;0;0;1;0;0;0;0;0;;;1;0;0;0;0
25/08/2021;22:07:00;351;Acidente sem vítima;10;BR-101/ES;Sul;Choque com Objeto Fixo;1;0;0;0;0;0;0;0;;;1;0;0;0;0
26/08/2021;00:01:00;1;Acidente sem vítima;321;BR-101/ES;Norte;Choque com Objeto Fixo;0;0;1;0;0;0;0;0;;;1;0;0;0;0
26/08/2021;00:20:00;6;Acidente sem vítima;266;BR-101/ES;Sul;Colisão Traseira;2;0;0;0;0;0;0;0;;;2;0;0;0;0
26/08/2021;01:28:00;12;Acidente sem vítima;171;BR-101/ES;Sul;Colisão Traseira;1;0;1;0;0;0;0;0;;;2;0;0;0;0
26/08/2021;05:44:00;83;Acidente com vítima;272,1;BR-101/ES;Norte;Colisão Lateral;0;0;0;2;0;0;0;0;;;0;1;1;0;0
26/08/2021;07:13:00;106;Acidente com vítima;293;BR-101/ES;Sul;Colisão Lateral;1;0;0;1;0;0;0;0;;;0;0;1;0;0
26/08/2021;07:29:00;113;Acidente sem vítima;264;BR-101/ES;Sul;Colisão Transversal;1;0;2;0;0;0;0;0;;;2;0;0;0;0
26/08/2021;09:22:00;159;Acidente com vítima;5;BR-101/ES;Sul;Colisão Traseira;1;0;2;0;0;0;0;0;;;5;1;0;0;0
26/08/2021;13:07:00;261;Acidente sem vítima;241;BR-101/ES;Norte;Choque;1;0;0;0;0;0;0;0;;;1;0;0;0;0
26/08/2021;19:40:00;375;Atropelamento sem morte;90;BR-101/ES;Sul;Atropelamento;1;0;0;0;0;0;0;0;;;1;0;1;0;0
26/08/2021;22:10:00;400;Acidente com vítima;294;BR-101/ES;Sul;Tombamento;0;0;1;0;0;0;0;0;;;0;0;1;0;0
26/08/2021;22:58:00;411;Acidente com vítima;296,9;BR-101/ES;Norte;Saída de Pista;1;0;0;0;0;0;0;0;;;0;1;0;0;0
26/08/2021;23:26:00;420;Acidente sem vítima;296,9;BR-101/ES;Sul;Colisão Traseira;2;0;0;0;0;0;0;0;;;2;0;0;0;0
27/08/2021;05:38:00;80;Acidente sem vítima;260;BR-101/ES;Norte;Choque com Objeto Fixo;1;0;0;0;0;0;0;0;;;1;0;0;0;0
27/08/2021;06:35:00;89;Acidente sem vítima;121;BR-101/ES;Sul;Colisão Traseira;1;0;0;1;0;0;0;0;;;4;0;0;0;0
27/08/2021;06:49:00;91;Acidente sem vítima;150;BR-101/ES;Norte;Choque com Objeto Fixo;1;0;0;0;0;0;0;0;;;2;0;0;0;0
27/08/2021;13:00:00;254;Acidente sem vítima;244;BR-101/ES;Sul;Saída de Pista;0;0;2;0;0;0;0;0;;;1;0;0;0;0
27/08/2021;15:26:00;303;Acidente sem vítima;296,9;BR-101/ES;Norte;Colisão Lateral;2;0;0;0;0;0;0;0;;;2;0;0;0;0
27/08/2021;16:12:00;323;Acidente sem vítima;149;BR-101/ES;Norte;Choque com Objeto Fixo;1;0;1;0;0;0;0;0;;;1;0;0;0;0
27/08/2021;17:47:00;362;Acidente sem vítima;134,5;BR-101/ES;Sul;Engavetamento;3;0;0;0;0;0;0;0;;;5;0;0;0;0
27/08/2021;18:42:00;375;Acidente sem vítima;151;BR-101/ES;Sul;Colisão Traseira;1;0;1;0;0;0;0;0;;;2;0;0;0;0
27/08/2021;18:57:00;380;Acidente com vítima;234;BR-101/ES;Norte;Colisão Frontal;2;0;0;0;0;0;0;0;;;0;1;0;1;0
27/08/2021;20:38:00;403;Acidente com vítima;297;BR-101/ES;Sul;Colisão Lateral;0;0;0;2;0;0;0;0;;;1;0;1;0;0
27/08/2021;22:59:00;434;Atropelamento com morte;299,4;BR-101/ES;Sul;Atropelamento;1;0;0;0;0;0;0;0;;;1;0;0;0;1
28/08/2021;01:58:00;31;Acidente sem vítima;6,5;BR-101/ES;Norte;Choque com Objeto Fixo;0;0;2;0;0;0;0;0;;;1;0;0;0;0
28/08/2021;02:18:00;34;Acidente com vítima;125;BR-101/ES;Sul;Colisão Transversal;1;0;0;1;0;0;0;0;;;2;0;1;0;0
28/08/2021;04:14:00;44;Acidente sem vítima;311;BR-101/ES;Norte;Colisão Lateral;1;0;2;0;0;0;0;0;;;2;0;0;0;0
28/08/2021;08:05:00;91;Acidente sem vítima;289,3;BR-101/ES;Sul;Colisão Lateral;1;0;1;0;0;0;0;0;;;2;0;0;0;0
28/08/2021;08:59:00;109;Acidente com vítima;70,2;BR-101/ES;Norte;Colisão Lateral;2;0;0;0;0;0;0;0;;;5;2;0;0;0
28/08/2021;14:05:00;221;Acidente sem vítima;262;BR-101/ES;Norte;Engavetamento;3;0;0;0;0;0;0;0;;;4;0;0;0;0
28/08/2021;14:28:00;227;Acidente com vítima;287,4;BR-101/ES;Sul;Colisão Lateral;0;0;1;1;0;0;0;0;;;1;0;1;1;0
28/08/2021;16:37:00;254;Acidente sem vítima;233,5;BR-101/ES;Norte;Engavetamento;3;0;0;0;0;0;0;0;;;6;0;0;0;0
28/08/2021;17:09:00;267;Acidente sem vítima;109,6;BR-101/ES;Norte;Queda de Moto;0;0;0;1;0;0;0;0;;;2;0;0;0;0
28/08/2021;19:34:00;297;Acidente com vítima;263;BR-101/ES;Norte;Atropelamento Animal;0;0;0;1;0;0;0;0;;;0;1;0;0;0
28/08/2021;20:22:00;304;Atropelamento sem morte;66,4;BR-101/ES;Sul;Atropelamento e Fuga;0;1;0;1;0;0;0;0;;;1;0;1;0;0
28/08/2021;20:28:00;305;Acidente com vítima;290;BR-101/ES;Sul;Colisão Lateral;1;0;0;1;0;0;0;0;;;2;0;1;0;0
28/08/2021;21:25:00;317;Acidente sem vítima;210,4;BR-101/ES;Sul;Saída de Pista;1;0;0;0;0;0;0;0;;;1;0;0;0;0
29/08/2021;04:19:00;52;Acidente com vítima;296;BR-101/ES;Norte;Queda de Moto;0;0;0;1;0;0;0;0;;;0;0;1;0;0
29/08/2021;09:08:00;114;Acidente com vítima;388,6;BR-101/ES;Sul;Tombamento;0;0;2;0;0;0;0;0;;;0;1;0;0;0
29/08/2021;14:29:00;225;Acidente sem vítima;142;BR-101/ES;Sul;Colisão Lateral;1;0;0;0;1;0;0;0;;;2;0;0;0;0
29/08/2021;18:27:00;281;Acidente com vítima;371;BR-101/ES;Sul;Choque com Objeto Fixo;0;0;0;1;0;0;0;0;;;0;0;1;0;0
29/08/2021;18:31:00;282;Acidente sem vítima;358;BR-101/ES;Sul;Saída de Pista;1;0;0;0;0;0;0;0;;;1;0;0;0;0
29/08/2021;18:44:00;286;Acidente com vítima;346;BR-101/ES;Norte;Colisão Traseira;1;0;0;1;0;0;0;0;;;2;0;1;0;0
29/08/2021;19:42:00;302;Acidente com vítima;38,7;BR-101/ES;Norte;Saída de Pista;1;0;0;0;0;0;0;0;;;0;2;1;1;0
29/08/2021;21:38:00;325;Acidente sem vítima;203;BR-101/ES;Norte;Saída de Pista;1;0;0;0;0;0;0;0;;;1;0;0;0;0
29/08/2021;23:13:00;341;Acidente sem vítima;54;BR-101/ES;Sul;Choque;1;0;0;0;0;0;0;0;;;7;0;0;0;0
30/08/2021;00:08:00;2;Acidente sem vítima;248;BR-101/ES;Sul;Colisão Lateral;2;0;0;0;0;0;0;0;;;6;0;0;0;0
30/08/2021;06:46:00;88;Acidente com vítima;345,9;BR-101/ES;Sul;Queda de Moto;0;0;0;1;0;0;0;0;;;0;0;1;0;0
30/08/2021;07:50:00;101;Acidente sem vítima;285;BR-101/ES;Sul;Veículo em Chamas;0;0;1;0;0;0;0;0;;;1;0;0;0;0
30/08/2021;09:05:00;118;Acidente com vítima;143,5;BR-101/ES;Sul;Saída de Pista;1;0;0;0;0;0;0;0;;;0;1;0;0;0
30/08/2021;09:23:00;129;Acidente com vítima;423,2;BR-101/ES;Norte;Queda de Moto;0;0;0;1;0;0;0;0;;;0;0;1;0;0
30/08/2021;15:45:00;279;Acidente sem vítima;265;BR-101/ES;Norte;Veículo em Chamas;1;0;0;0;0;0;0;0;;;1;0;0;0;0
30/08/2021;16:49:00;301;Acidente sem vítima;396;BR-101/ES;Norte;Tombamento;0;0;2;0;0;0;0;0;;;1;0;0;0;0
30/08/2021;17:26:00;312;Acidente com vítima;291;BR-101/ES;Norte;Engavetamento;3;0;0;0;0;0;0;0;;;7;2;0;0;0
30/08/2021;17:45:00;319;Acidente sem vítima;291;BR-101/ES;Sul;Colisão Transversal;0;0;5;0;0;0;0;0;;;2;0;0;0;0
30/08/2021;17:50:00;323;Acidente com vítima;295;BR-101/ES;Norte;Queda de Moto;0;0;0;1;0;0;0;0;;;0;1;0;0;0
30/08/2021;18:32:00;335;Acidente com vítima;18,8;BR-101/ES;Sul;Colisão Frontal;2;0;0;0;0;0;0;0;;;2;2;1;0;0
30/08/2021;20:07:00;347;Acidente com vítima;278;BR-101/ES;Sul;Capotamento;1;0;0;0;0;0;0;0;;;0;0;1;0;0
30/08/2021;20:16:00;349;Acidente sem vítima;219;BR-101/ES;Sul;Capotamento;1;0;0;0;0;0;0;0;;;2;0;0;0;0
30/08/2021;22:56:00;392;Acidente sem vítima;207,9;BR-101/ES;Sul;Choque com Objeto Fixo;1;0;0;0;0;0;0;0;;;6;0;0;0;0
31/08/2021;05:28:00;83;Acidente sem vítima;266;BR-101/ES;Norte;Colisão Traseira;2;0;0;0;0;0;0;0;;;2;0;0;0;0
31/08/2021;07:40:00;108;Acidente com vítima;264;BR-101/ES;Sul;Colisão com ciclista;1;1;0;0;0;0;0;0;;;1;0;1;0;0
31/08/2021;11:30:00;209;Acidente sem vítima;264;BR-101/ES;Norte;Colisão Traseira;1;0;2;0;0;0;0;0;;;4;0;0;0;0
31/08/2021;11:58:00;218;Acidente sem vítima;383;BR-101/ES;Norte;Saída de Pista;1;0;0;0;0;0;0;0;;;1;0;0;0;0
31/08/2021;13:14:00;247;Acidente com vítima;443,6;BR-101/ES;Norte;Saída de Pista;0;0;1;0;0;0;0;0;;;1;1;0;0;0
31/08/2021;13:59:00;258;Acidente sem vítima;370;BR-101/ES;Sul;Colisão Traseira;1;0;0;1;0;0;0;0;;;2;0;0;0;0
31/08/2021;15:11:00;286;Acidente sem vítima;276;BR-101/ES;Sul;Choque;0;0;1;0;0;0;0;0;;;1;0;0;0;0
31/08/2021;17:09:00;327;Acidente sem vítima;298;BR-101/ES;Norte;Colisão Traseira;1;0;1;1;0;0;0;0;;;4;0;0;0;0
01/09/2021;03:31:00;43;Acidente sem vítima;255;BR-101/ES;Sul;Saída de Pista;1;0;0;0;0;0;0;0;;;1;0;0;0;0
01/09/2021;04:57:00;59;Acidente sem vítima;448;BR-101/ES;Norte;Saída de Pista;1;0;0;0;0;0;0;0;;;2;0;0;0;0
01/09/2021;06:11:00;88;Acidente sem vítima;265,9;BR-101/ES;Norte;Colisão Traseira;1;0;1;0;0;0;0;0;;;1;0;0;0;0
01/09/2021;06:33:00;91;Acidente com vítima;268,7;BR-101/ES;Norte;Queda de Moto;0;0;2;1;0;0;0;0;;;1;0;1;0;0
01/09/2021;07:47:00;106;Acidente sem vítima;264,6;BR-101/ES;Norte;Colisão Transversal;2;0;0;0;0;0;0;0;;;2;0;0;0;0
01/09/2021;07:55:00;109;Acidente sem vítima;284,3;BR-101/ES;Norte;Choque com Objeto Fixo;2;0;0;0;0;0;0;0;;;2;0;0;0;0
01/09/2021;08:13:00;116;Acidente sem vítima;262,9;BR-101/ES;Norte;Capotamento;1;0;0;0;0;0;0;0;;;1;0;0;0;0
01/09/2021;09:02:00;134;Acidente sem vítima;278;BR-101/ES;Sul;Choque com Objeto Fixo;1;0;0;0;0;0;0;0;;;1;0;0;0;0
01/09/2021;10:24:00;164;Acidente com vítima;233,2;BR-101/ES;Sul;Saída de Pista;0;0;0;1;0;0;0;0;;;0;0;1;0;0
01/09/2021;11:31:00;201;Acidente sem vítima;269,6;BR-101/ES;Norte;Engavetamento;2;0;0;0;0;0;0;0;;;2;0;0;0;0
01/09/2021;15:01:00;275;Acidente sem vítima;270,4;BR-101/ES;Sul;Colisão Traseira;0;0;3;0;0;0;0;0;;;1;0;0;0;0
01/09/2021;15:24:00;280;Acidente sem vítima;254,5;BR-101/ES;Sul;Engavetamento;3;0;0;0;0;0;0;0;;;3;0;0;0;0
01/09/2021;17:10:00;302;Acidente sem vítima;285,8;BR-101/ES;Norte;Capotamento;1;0;0;0;0;0;0;0;;;1;0;0;0;0
01/09/2021;18:59:00;321;Acidente sem vítima;271;BR-101/ES;Sul;Colisão Lateral;1;0;0;1;0;0;0;0;;;2;0;0;0;0
01/09/2021;19:41:00;330;Acidente sem vítima;254,4;BR-101/ES;Sul;Engavetamento;3;0;0;0;0;0;0;0;;;3;0;0;0;0
01/09/2021;21:40:00;353;Acidente sem vítima;139;BR-101/ES;Norte;Choque com Objeto Fixo;1;0;0;0;0;0;0;0;;;1;0;0;0;0
01/09/2021;22:56:00;371;Acidente com vítima;421;BR-101/ES;Sul;Tombamento;0;0;1;0;0;0;0;0;;;0;1;0;0;0
01/09/2021;23:03:00;373;Acidente sem vítima;399,7;BR-101/ES;Sul;Atropelamento Animal;1;0;0;0;0;0;0;0;;;1;0;0;0;0
02/09/2021;06:44:00;81;Acidente sem vítima;220,2;BR-101/ES;Sul;Colisão Traseira;1;0;1;0;0;0;0;0;;;2;0;0;0;0
02/09/2021;08:19:00;99;Acidente sem vítima;254,1;BR-101/ES;Sul;Engavetamento;0;0;5;0;0;0;0;0;;;4;0;0;0;0
02/09/2021;09:15:00;114;Acidente sem vítima;414;BR-101/ES;Norte;Colisão Traseira;0;0;2;0;0;0;0;0;;;1;0;0;0;0
03/09/2021;08:21:00;107;Acidente sem vítima;292,1;BR-101/ES;Norte;Colisão Traseira;0;0;3;0;0;0;0;0;;;2;0;0;0;0
03/09/2021;10:09:00;149;Acidente sem vítima;320;BR-101/ES;Norte;Choque;1;0;0;0;0;0;0;0;;;1;0;0;0;0
03/09/2021;10:10:00;151;Acidente sem vítima;942;BR-101/BA;Sul;Colisão Lateral;1;0;4;0;0;0;0;0;;;2;0;0;0;0
03/09/2021;11:50:00;203;Acidente sem vítima;352;BR-101/ES;Norte;Choque;1;0;0;0;0;0;0;0;;;1;0;0;0;0
03/09/2021;12:46:00;232;Acidente com vítima;370;BR-101/ES;Sul;Colisão Transversal;1;0;2;0;0;0;0;0;;;1;1;0;0;0
03/09/2021;13:24:00;246;Acidente sem vítima;66,1;BR-101/ES;Sul;Colisão Traseira;0;0;4;0;0;0;0;0;;;2;0;0;0;0
03/09/2021;13:54:00;255;Acidente sem vítima;117;BR-101/ES;Norte;Saída de Pista;1;0;0;0;0;0;0;0;;;1;0;0;0;0
03/09/2021;15:57:00;291;Acidente com vítima;217,6;BR-101/ES;Sul;Choque com Objeto Fixo;2;0;0;0;0;0;0;0;;;0;2;0;0;0
03/09/2021;16:24:00;299;Acidente sem vítima;269,2;BR-101/ES;Sul;Saída de Pista;1;0;0;0;0;0;0;0;;;1;0;0;0;0
03/09/2021;17:17:00;320;Atropelamento sem morte;298;BR-101/ES;Norte;Atropelamento;0;0;0;1;0;0;0;0;;;0;1;0;0;0
03/09/2021;17:29:00;322;Acidente com vítima;268;BR-101/ES;Norte;Colisão Lateral;1;0;0;1;0;0;0;0;;;0;0;1;0;0
03/09/2021;17:30:00;323;Acidente com vítima;258;BR-101/ES;Norte;Colisão Lateral;0;0;1;1;0;0;0;0;;;0;1;0;0;0
03/09/2021;21:59:00;394;Acidente sem vítima;96,1;BR-101/ES;Norte;Colisão Lateral;2;0;0;0;0;0;0;0;;;2;0;0;0;0
04/09/2021;00:39:00;8;Acidente com morte;93,7;BR-101/ES;Norte;Colisão Frontal;1;0;2;0;0;0;0;0;;;1;0;0;0;1
04/09/2021;00:54:00;13;Acidente sem vítima;262;BR-101/ES;Norte;Choque com Objeto Fixo;1;0;0;0;0;0;0;0;;;1;0;0;0;0
04/09/2021;01:55:00;26;Acidente sem vítima;266;BR-101/ES;Sul;Colisão Transversal;2;0;0;0;0;0;0;0;;;2;0;0;0;0
04/09/2021;05:27:00;61;Acidente sem vítima;67,5;BR-101/ES;Sul;Saída de Pista;1;0;0;0;0;0;0;0;;;1;0;0;0;0
04/09/2021;06:56:00;88;Acidente sem vítima;176,6;BR-101/ES;Norte;Engavetamento;3;0;0;0;0;0;0;0;;;8;0;0;0;0
04/09/2021;09:07:00;132;Acidente com vítima;414,2;BR-101/ES;Norte;Tombamento;0;0;2;0;0;0;0;0;;;0;1;0;0;0
04/09/2021;10:46:00;175;Acidente sem vítima;215;BR-101/ES;Sul;Colisão Transversal;2;0;0;0;0;0;0;0;;;4;0;0;0;0
04/09/2021;10:49:00;177;Acidente sem vítima;457;BR-101/ES;Sul;Colisão Transversal;1;0;2;0;0;0;0;0;;;4;0;0;0;0
04/09/2021;13:13:00;236;Acidente sem vítima;140,8;BR-101/ES;Sul;Colisão Lateral;2;0;0;0;0;0;0;0;;;6;0;0;0;0
04/09/2021;19:41:00;335;Acidente sem vítima;451;BR-101/ES;Norte;Saída de Pista;1;0;0;0;0;0;0;0;;;1;0;0;0;0
04/09/2021;23:45:00;391;Acidente com vítima;292,1;BR-101/ES;Norte;Colisão Lateral;0;0;0;2;0;0;0;0;;;0;1;1;0;0
05/09/2021;01:41:00;30;Acidente sem vítima;142;BR-101/ES;Sul;Colisão Traseira;2;0;0;0;0;0;0;0;;;5;0;0;0;0
05/09/2021;03:31:00;44;Acidente sem vítima;46,6;BR-101/ES;Sul;Colisão Traseira;1;0;0;0;0;0;0;0;;;1;0;0;0;0
05/09/2021;08:00:00;82;Acidente com vítima;372,7;BR-101/ES;Norte;Colisão Transversal;1;0;0;1;0;0;0;0;;;0;1;1;0;0
05/09/2021;19:19:00;282;Acidente com vítima;292;BR-101/ES;Norte;Choque com Objeto Fixo;0;0;0;1;0;0;0;0;;;0;0;1;0;0
06/09/2021;01:32:00;32;Acidente sem vítima;156;BR-101/ES;Sul;Saída de Pista;1;0;0;0;0;0;0;0;;;1;0;0;0;0
06/09/2021;07:34:00;102;Acidente sem vítima;270,46;BR-101/ES;Norte;Colisão Lateral;2;0;2;0;0;0;0;0;;;3;0;0;0;0
06/09/2021;10:09:00;150;Acidente com vítima;147,8;BR-101/ES;Sul;Queda de Moto;0;0;0;1;0;0;0;0;;;0;1;0;0;0
06/09/2021;10:52:00;166;Acidente com vítima;257,6;BR-101/ES;Sul;Colisão Lateral;2;0;0;1;0;0;0;0;;;2;1;0;0;0
06/09/2021;11:02:00;174;Acidente sem vítima;260,3;BR-101/ES;Sul;Colisão Lateral;0;0;3;0;1;0;0;0;;;3;0;0;0;0
06/09/2021;17:24:00;302;Acidente sem vítima;290,5;BR-101/ES;Norte;Colisão Lateral;1;0;2;0;0;0;0;0;;;2;0;0;0;0
06/09/2021;17:38:00;307;Acidente com vítima;160,9;BR-101/ES;Norte;Queda de Moto;0;0;0;1;0;0;0;0;;;0;1;0;0;0
06/09/2021;19:36:00;331;Acidente com vítima;147;BR-101/ES;Norte;Colisão Transversal;1;0;0;1;0;0;0;0;;;1;1;0;0;0
07/09/2021;04:28:00;62;Acidente com vítima;360,9;BR-101/ES;Norte;Saída de Pista;0;0;1;0;0;0;0;0;;;0;0;0;1;0
07/09/2021;12:25:00;198;Acidente sem vítima;255,3;BR-101/ES;Sul;Saída de Pista;1;0;0;0;0;0;0;0;;;3;0;0;0;0
07/09/2021;12:47:00;203;Acidente sem vítima;306;BR-101/ES;Sul;Saída de Pista;1;0;0;0;0;0;0;0;;;2;0;0;0;0
08/09/2021;04:50:00;52;Acidente sem vítima;293,8;BR-101/ES;Sul;Saída de Pista;1;0;0;0;0;0;0;0;;;2;0;0;0;0
08/09/2021;04:52:00;54;Acidente sem vítima;293;BR-101/ES;Norte;Colisão Traseira;1;0;0;0;0;0;0;0;;;1;0;0;0;0
08/09/2021;05:27:00;58;Acidente sem vítima;265;BR-101/ES;Sul;Choque com Objeto Fixo;0;0;0;0;1;0;0;0;;;1;0;0;0;0
08/09/2021;06:23:00;71;Acidente sem vítima;265;BR-101/ES;Sul;Colisão Traseira;1;0;0;0;1;0;0;0;;;2;0;0;0;0
08/09/2021;10:12:00;128;Acidente com vítima;112;BR-101/ES;Sul;Capotamento;1;0;0;0;0;0;0;0;;;0;1;0;0;0
08/09/2021;12:59:00;211;Acidente sem vítima;285;BR-101/ES;Norte;Engavetamento;3;0;0;0;0;0;0;0;;;3;0;0;0;0
08/09/2021;14:41:00;239;Acidente sem vítima;190;BR-101/ES;Norte;Colisão Transversal;1;0;0;1;0;0;0;0;;;6;0;0;0;0
08/09/2021;18:49:00;299;Acidente com vítima;147;BR-101/ES;Sul;Colisão Traseira;1;0;0;1;0;0;0;0;;;1;1;0;0;0
08/09/2021;19:00:00;305;Acidente com vítima;298;BR-101/ES;Norte;Colisão Traseira;1;0;0;1;0;0;0;0;;;2;1;1;0;0
08/09/2021;21:25:00;324;Acidente sem vítima;270;BR-101/ES;Norte;Colisão Lateral;1;0;1;0;0;0;0;0;;;2;0;0;0;0
08/09/2021;22:00:00;330;Acidente com vítima;946;BR-101/BA;Sul;Atropelamento de Equino;0;0;0;1;0;0;0;0;;;0;0;1;0;0
09/09/2021;07:52:00;79;Acidente com vítima;382,8;BR-101/ES;Sul;Queda de Moto;0;0;0;1;0;0;0;0;;;0;0;1;0;0
09/09/2021;18:51:00;270;Acidente com vítima;117;BR-101/ES;Norte;Saída de Pista;1;0;0;0;0;0;0;0;;;0;0;1;0;0
09/09/2021;19:07:00;273;Atropelamento com morte;295,5;BR-101/ES;Norte;Atropelamento;2;0;0;0;0;0;0;0;;;2;0;0;0;1
09/09/2021;22:25:00;304;Acidente com vítima;134;BR-101/ES;Norte;Colisão Traseira;1;0;0;1;0;0;0;0;;;1;1;0;0;0
10/09/2021;14:16:00;242;Acidente sem vítima;185,7;BR-101/ES;Sul;Colisão Traseira;0;0;3;0;0;0;0;0;;;2;0;0;0;0
10/09/2021;17:45:00;311;Acidente com vítima;334,2;BR-101/ES;Norte;Saída de Pista;1;0;0;0;0;0;0;0;;;0;5;0;0;0
10/09/2021;19:20:00;327;Acidente sem vítima;298;BR-101/ES;Norte;Engavetamento;3;0;0;0;0;0;0;0;;;3;0;0;0;0
10/09/2021;19:37:00;330;Acidente sem vítima;61;BR-101/ES;Sul;Colisão Traseira;1;0;0;1;0;0;0;0;;;2;0;0;0;0