data;horario;n_da_ocorrencia;tipo_de_ocorrencia;km;trecho;sentido;tipo_de_acidente;automovel;bicicleta;caminhao;moto;onibus;outros;tracao_animal;transporte_de_cargas_especiais;trator_maquinas;utilitarios;ilesos;levemente_feridos;moderadamente_feridos;gravemente_feridos;mortos
18/10/2021;09:47:00;132;Acidente sem vítima;14,3;BR-101/ES;Norte;Colisão Lateral;2;0;0;0;0;0;0;0;;;3;0;0;0;0
18/10/2021;11:30:00;172;Acidente com vítima;297;BR-101/ES;Norte;Queda de Moto;0;0;0;1;0;0;0;0;;;0;1;0;0;0
18/10/2021;14:09:00;229;Acidente com vítima;213,3;BR-101/ES;Norte;Colisão Lateral;1;0;1;0;0;0;0;0;;;1;2;1;0;0
18/10/2021;15:21:00;250;Acidente sem vítima;66,1;BR-101/ES;Norte;Colisão Transversal;0;0;0;1;0;0;0;0;;;1;0;0;0;0
18/10/2021;19:10:00;312;Acidente com vítima;287;BR-101/ES;Sul;Colisão Traseira;0;0;1;1;1;0;0;0;;;2;0;1;0;0
18/10/2021;19:16:00;316;Acidente com vítima;295;BR-101/ES;Norte;Queda de ciclista;0;1;0;0;0;0;0;0;;;0;1;0;0;0
18/10/2021;19:55:00;327;Acidente sem vítima;260,5;BR-101/ES;Sul;Saída de Pista;1;0;0;0;0;0;0;0;;;1;0;0;0;0
18/10/2021;22:45:00;359;Acidente sem vítima;267,8;BR-101/ES;Norte;Colisão Traseira;1;0;0;0;1;0;0;0;;;5;0;0;0;0
19/10/2021;06:34:00;67;Acidente sem vítima;197,1;BR-101/ES;Norte;Saída de Pista;1;0;0;0;0;0;0;0;;;1;0;0;0;0
19/10/2021;08:30:00;99;Acidente sem vítima;279;BR-101/ES;Norte;Colisão Traseira;0;0;2;0;0;0;0;0;;;1;0;0;0;0
19/10/2021;09:26:00;119;Acidente sem vítima;275,4;BR-101/ES;Norte;Saída de Pista;1;0;0;0;0;0;0;0;;;1;0;0;0;0
19/10/2021;10:32:00;144;Acidente sem vítima;394,9;BR-101/ES;Sul;Colisão Lateral;1;0;2;0;0;0;0;0;;;2;0;0;0;0
19/10/2021;14:51:00;241;Acidente sem vítima;265;BR-101/ES;Norte;Colisão Traseira;2;0;0;0;0;0;0;0;;;2;0;0;0;0
19/10/2021;14:55:00;243;Acidente com vítima;270,7;BR-101/ES;Sul;Queda de Moto;0;0;0;1;0;0;0;0;;;0;0;1;0;0
19/10/2021;15:32:00;250;Acidente sem vítima;217,5;BR-101/ES;Norte;Choque com Objeto Fixo;1;0;0;0;0;0;0;0;;;2;0;0;0;0
19/10/2021;16:56:00;268;Acidente com vítima;369,4;BR-101/ES;Norte;Saída de Pista;1;0;0;0;0;0;0;0;;;0;2;0;0;0
19/10/2021;20:25:00;311;Acidente sem vítima;170,5;BR-101/ES;Sul;Choque com Veículo Estacionado;2;0;0;0;0;0;0;0;;;2;0;0;0;0
20/10/2021;02:00:00;32;Acidente sem vítima;262,1;BR-101/ES;Sul;Choque com Objeto Fixo;1;0;0;0;0;0;0;0;;;1;0;0;0;0
20/10/2021;10:13:00;145;Acidente sem vítima;169,2;BR-101/ES;Norte;Colisão Traseira;1;0;1;0;0;0;0;0;;;5;0;0;0;0
20/10/2021;11:42:00;186;Acidente sem vítima;399,8;BR-101/ES;Norte;Danos Eventuais;0;0;2;0;0;0;0;0;;;1;0;0;0;0
20/10/2021;13:14:00;218;Acidente com vítima;288,3;BR-101/ES;Sul;Queda de Moto;0;0;0;1;0;0;0;0;;;0;1;0;0;0
20/10/2021;15:17:00;240;Acidente com vítima;204,8;BR-101/ES;Sul;Colisão Transversal;1;0;1;0;0;0;0;0;;;4;1;0;0;0
20/10/2021;15:38:00;248;Acidente sem vítima;270,4;BR-101/ES;Sul;Engavetamento;3;0;0;0;0;0;0;0;;;3;0;0;0;0
20/10/2021;18:37:00;293;Acidente sem vítima;214;BR-101/ES;Sul;Choque;0;0;2;0;0;0;0;0;;;1;0;0;0;0
20/10/2021;19:38:00;303;Acidente sem vítima;255;BR-101/ES;Sul;Colisão Traseira;1;0;2;0;1;0;0;0;;;3;0;0;0;0
20/10/2021;21:36:00;322;Atropelamento sem morte;299;BR-101/ES;Sul;Atropelamento;0;0;2;0;0;0;0;0;;;1;0;1;0;0
21/10/2021;05:55:00;96;Acidente sem vítima;121;BR-101/ES;Norte;Choque com Objeto Fixo;1;0;0;0;0;0;0;0;;;4;0;0;0;0
21/10/2021;10:15:00;175;Acidente sem vítima;387,9;BR-101/ES;Norte;Choque;0;0;2;0;0;0;0;0;;;1;0;0;0;0
21/10/2021;10:56:00;202;Acidente com vítima;264,4;BR-101/ES;Sul;Colisão Lateral;1;0;0;1;0;0;0;0;;;1;1;0;0;0
21/10/2021;14:16:00;289;Acidente sem vítima;271,8;BR-101/ES;Norte;Colisão Traseira;1;0;1;0;0;0;0;0;;;2;0;0;0;0
21/10/2021;22:22:00;421;Acidente com vítima;261;BR-101/ES;Sul;Queda de Moto;0;0;0;1;0;0;0;0;;;0;1;0;0;0
22/10/2021;01:16:00;22;Acidente com vítima;144;BR-101/ES;Norte;Capotamento;1;0;0;0;0;0;0;0;;;0;1;0;0;0
22/10/2021;07:44:00;104;Acidente com vítima;279,3;BR-101/ES;Norte;Queda de Moto;0;0;0;1;0;0;0;0;;;0;1;0;0;0
22/10/2021;08:42:00;115;Acidente com vítima;140;BR-101/ES;Sul;Colisão Lateral;1;0;0;1;0;0;0;0;;;1;1;0;0;0
22/10/2021;10:56:00;172;Acidente com vítima;285;BR-101/ES;Norte;Queda de Moto;0;0;0;1;0;0;0;0;;;0;0;1;0;0
22/10/2021;13:09:00;230;Acidente com vítima;280;BR-101/ES;Sul;Engavetamento;2;0;0;1;0;0;0;0;;;2;1;1;0;0
22/10/2021;14:27:00;256;Acidente sem vítima;426;BR-101/ES;Norte;Choque;1;0;0;0;0;0;0;0;;;1;0;0;0;0
22/10/2021;15:09:00;271;Acidente sem vítima;283;BR-101/ES;Norte;Choque;1;0;0;0;0;0;0;0;;;2;0;0;0;0
22/10/2021;15:12:00;273;Acidente sem vítima;141,2;BR-101/ES;Sul;Colisão Traseira;2;0;0;0;0;0;0;0;;;2;0;0;0;0
22/10/2021;15:29:00;278;Acidente sem vítima;288;BR-101/ES;Sul;Colisão Lateral;0;0;4;0;0;0;0;0;;;2;0;0;0;0
22/10/2021;16:22:00;292;Acidente com vítima;270;BR-101/ES;Sul;Colisão Traseira;1;0;0;1;0;0;0;0;;;1;1;1;0;0
22/10/2021;18:34:00;330;Acidente com morte;312;BR-101/ES;Norte;Colisão com ciclista;1;1;0;0;0;0;0;0;;;1;0;0;0;1
22/10/2021;19:23:00;341;Acidente sem vítima;65;BR-101/ES;Sul;Colisão Traseira;2;0;0;0;0;0;0;0;;;5;0;0;0;0
22/10/2021;19:36:00;343;Acidente sem vítima;73;BR-101/ES;Sul;Colisão Lateral;0;0;2;0;0;1;0;0;;;2;0;0;0;0
22/10/2021;22:31:00;381;Acidente sem vítima;213,4;BR-101/ES;Norte;Colisão Transversal;2;0;0;0;0;0;0;0;;;3;0;0;0;0
22/10/2021;23:02:00;389;Acidente sem vítima;424;BR-101/ES;Sul;Choque;1;0;0;0;0;0;0;0;;;2;0;0;0;0
23/10/2021;04:37:00;59;Acidente com vítima;287;BR-101/ES;Sul;Queda de Moto;0;0;0;1;0;0;0;0;;;0;1;1;0;0
23/10/2021;04:53:00;63;Acidente sem vítima;334;BR-101/ES;Sul;Choque com Objeto Fixo;1;0;0;0;0;0;0;0;;;1;0;0;0;0
23/10/2021;10:41:00;171;Acidente sem vítima;163;BR-101/ES;Norte;Colisão Transversal;2;0;0;0;0;0;0;0;;;2;0;0;0;0
23/10/2021;16:42:00;305;Acidente sem vítima;153;BR-101/ES;Sul;Veículo em Chamas;1;0;0;0;0;0;0;0;;;1;0;0;0;0
23/10/2021;18:07:00;328;Acidente sem vítima;244;BR-101/ES;Sul;Colisão Traseira;2;0;0;0;0;0;0;0;;;2;0;0;0;0
24/10/2021;02:52:00;50;Acidente sem vítima;298;BR-101/ES;Sul;Choque com Objeto Fixo;1;0;0;0;0;0;0;0;;;1;0;0;0;0
24/10/2021;07:32:00;86;Acidente com vítima;371,8;BR-101/ES;Sul;Colisão Frontal;1;0;2;0;0;0;0;0;;;4;0;0;1;0
24/10/2021;12:25:00;184;Acidente com vítima;295,8;BR-101/ES;Sul;Colisão Lateral;1;0;0;1;0;0;0;0;;;2;0;1;0;0
24/10/2021;13:58:00;214;Acidente sem vítima;426,9;BR-101/ES;Sul;Tombamento;0;0;2;0;0;0;0;0;;;1;0;0;0;0
24/10/2021;17:19:00;260;Acidente com vítima;277,2;BR-101/ES;Norte;Choque com Objeto Fixo;0;0;0;1;0;0;0;0;;;0;0;0;1;0
24/10/2021;20:36:00;289;Acidente sem vítima;267;BR-101/ES;Norte;Choque com Objeto Fixo;0;0;1;0;0;0;0;0;;;1;0;0;0;0
24/10/2021;21:48:00;303;Acidente sem vítima;123;BR-101/ES;Sul;Choque com Veículo Estacionado;1;0;1;0;0;0;0;0;;;5;0;0;0;0
24/10/2021;21:55:00;306;Acidente com vítima;372,3;BR-101/ES;Norte;Colisão Frontal;1;0;0;1;0;0;0;0;;;1;0;0;1;0
24/10/2021;23:09:00;314;Acidente sem vítima;271;BR-101/ES;Norte;Choque com Objeto Fixo;1;0;0;0;0;0;0;0;;;2;0;0;0;0
25/10/2021;00:03:00;1;Acidente sem vítima;264;BR-101/ES;Norte;Colisão Traseira;2;0;0;0;0;0;0;0;;;2;0;0;0;0
25/10/2021;06:40:00;106;Acidente com vítima;206,2;BR-101/ES;Norte;Queda de Moto;0;0;0;1;0;0;0;0;;;0;1;0;0;0
25/10/2021;07:09:00;120;Acidente sem vítima;144;BR-101/ES;Norte;Colisão Traseira;1;0;1;0;0;1;0;0;;;2;0;0;0;0
25/10/2021;11:18:00;204;Acidente com vítima;265,3;BR-101/ES;Norte;Colisão Transversal;1;0;0;1;0;0;0;0;;;1;0;1;0;0
25/10/2021;11:52:00;215;Acidente com vítima;332,5;BR-101/ES;Norte;Choque com Objeto Fixo;1;0;0;0;0;0;0;0;;;2;0;1;0;0
25/10/2021;15:44:00;293;Acidente sem vítima;451,9;BR-101/ES;Norte;Choque;1;0;0;0;0;0;0;0;;;1;0;0;0;0
25/10/2021;17:53:00;336;Acidente com vítima;246,5;BR-101/ES;Norte;Choque;1;0;0;1;0;0;0;0;;;2;0;1;0;0
25/10/2021;17:59:00;337;Acidente sem vítima;276,6;BR-101/ES;Norte;Veículo em Chamas;1;0;0;0;0;0;0;0;;;2;0;0;0;0
26/10/2021;07:09:00;104;Acidente sem vítima;8;BR-101/ES;Norte;Choque;0;0;1;0;0;0;0;0;;;1;0;0;0;0
26/10/2021;10:40:00;184;Acidente sem vítima;209;BR-101/ES;Sul;Choque com Objeto Fixo;1;0;0;0;0;1;0;0;;;2;0;0;0;0
26/10/2021;14:08:00;284;Acidente sem vítima;3,2;BR-101/ES (Contorno Iconha);Norte;Choque;1;0;0;0;0;0;0;0;;;2;0;0;0;0
26/10/2021;14:23:00;287;Acidente com vítima;381;BR-101/ES;Sul;Choque;1;0;0;0;0;0;0;0;;;1;1;0;0;0
26/10/2021;15:07:00;299;Acidente com vítima;391;BR-101/ES;Norte;Colisão Traseira;1;0;6;0;0;0;0;0;;;1;3;0;0;0
26/10/2021;17:30:00;343;Acidente sem vítima;163,9;BR-101/ES;Sul;Engavetamento;3;0;0;0;0;0;0;0;;;5;0;0;0;0
27/10/2021;07:28:00;86;Acidente com vítima;354,5;BR-101/ES;Sul;Colisão Traseira;2;0;0;0;0;0;0;0;;;13;1;0;0;0
27/10/2021;18:33:00;311;Acidente com vítima;270,5;BR-101/ES;Sul;Colisão Lateral;1;0;0;1;0;0;0;0;;;1;0;1;0;0
28/10/2021;07:44:00;106;Acidente com vítima;269,7;BR-101/ES;Sul;Queda de ciclista;0;1;0;0;0;0;0;0;;;0;0;1;0;0
28/10/2021;11:03:00;165;Acidente sem vítima;190,1;BR-101/ES;Norte;Choque;1;0;1;0;0;0;0;0;;;1;0;0;0;0
28/10/2021;13:00:00;203;Acidente sem vítima;271,8;BR-101/ES;Norte;Colisão Lateral;1;0;1;0;0;0;0;0;;;1;0;0;0;0
28/10/2021;14:49:00;229;Acidente sem vítima;298;BR-101/ES;Norte;Engavetamento;3;0;0;0;0;0;0;0;;;3;0;0;0;0
28/10/2021;17:14:00;270;Acidente sem vítima;127;BR-101/ES;Sul;Colisão Lateral;2;0;0;0;0;0;0;0;;;2;0;0;0;0
28/10/2021;18:18:00;293;Acidente sem vítima;284;BR-101/ES;Sul;Choque com Objeto Fixo;1;0;0;0;0;0;0;0;;;1;0;0;0;0
28/10/2021;18:22:00;296;Atropelamento sem morte;201;BR-101/ES;Sul;Atropelamento e Fuga;1;0;0;0;0;0;0;0;;;1;0;0;1;0
28/10/2021;18:49:00;303;Acidente sem vítima;265,4;BR-101/ES;Norte;Engavetamento;4;0;0;0;0;0;0;0;;;4;0;0;0;0
28/10/2021;19:31:00;309;Acidente com vítima;275;BR-101/ES;Sul;Atropelamento Animal;0;0;0;1;0;0;0;0;;;0;1;0;0;0
28/10/2021;22:06:00;343;Acidente com vítima;146;BR-101/ES;Norte;Colisão Traseira;1;0;0;1;0;0;0;0;;;1;1;0;0;0
28/10/2021;22:25:00;346;Acidente sem vítima;292;BR-101/ES;Sul;Veículo em Chamas;0;0;1;0;0;0;0;0;;;1;0;0;0;0
29/10/2021;00:14:00;1;Acidente sem vítima;176;BR-101/ES;Norte;Colisão Traseira;0;0;2;0;0;0;0;0;;;2;0;0;0;0
29/10/2021;06:45:00;96;Acidente com vítima;75,1;BR-101/ES;Sul;Queda de Moto;0;0;0;1;0;0;0;0;;;0;0;1;0;0
29/10/2021;08:49:00;141;Acidente sem vítima;414;BR-101/ES;Norte;Colisão Lateral;0;0;1;0;1;0;0;0;;;2;0;0;0;0
29/10/2021;09:18:00;151;Acidente sem vítima;291,7;BR-101/ES;Norte;Colisão Lateral;0;0;2;0;0;0;0;0;;;2;0;0;0;0
29/10/2021;11:09:00;208;Acidente com vítima;270,4;BR-101/ES;Norte;Colisão Traseira;1;0;1;0;0;0;0;0;;;3;0;1;0;0
29/10/2021;12:00:00;235;Acidente sem vítima;32;BR-101/ES;Norte;Colisão Transversal;2;0;0;0;0;0;0;0;;;2;0;0;0;0
29/10/2021;13:22:00;270;Acidente sem vítima;441;BR-101/ES;Sul;Engavetamento;1;0;4;0;0;0;0;0;;;3;0;0;0;0
29/10/2021;15:23:00;314;Atropelamento sem morte;240,9;BR-101/ES;Sul;Atropelamento;1;0;1;0;0;0;0;0;;;5;1;0;0;0
29/10/2021;16:05:00;332;Acidente com vítima;293,3;BR-101/ES;Norte;Colisão com ciclista;0;1;1;0;0;0;0;0;;;1;0;1;0;0
29/10/2021;16:18:00;339;Acidente com vítima;266;BR-101/ES;Norte;Colisão Traseira;1;0;0;1;0;0;0;0;;;1;0;1;0;0
29/10/2021;20:48:00;405;Acidente sem vítima;282;BR-101/ES;Sul;Saída de Pista;1;0;0;0;0;0;0;0;;;1;0;0;0;0
30/10/2021;03:06:00;43;Acidente sem vítima;368;BR-101/ES;Norte;Choque com Objeto Fixo;1;0;0;0;0;0;0;0;;;1;0;0;0;0
30/10/2021;07:37:00;93;Acidente com vítima;436;BR-101/ES;Sul;Saída de Pista;1;0;0;0;0;0;0;0;;;2;1;1;0;0
30/10/2021;10:27:00;139;Acidente com vítima;162,9;BR-101/ES;Norte;Colisão Transversal;1;0;0;1;0;0;0;0;;;1;1;0;0;0
30/10/2021;11:03:00;150;Acidente com vítima;357,3;BR-101/ES;Norte;Colisão Frontal;1;0;1;0;0;0;0;0;;;1;4;0;0;0
30/10/2021;12:19:00;194;Acidente sem vítima;304,4;BR-101/ES;Sul;Colisão Traseira;0;0;2;0;0;0;0;0;;;1;0;0;0;0
30/10/2021;14:04:00;245;Acidente sem vítima;208,1;BR-101/ES;Sul;Choque com Objeto Fixo;1;0;0;0;0;0;0;0;;;1;0;0;0;0
30/10/2021;14:25:00;253;Acidente com vítima;344;BR-101/ES;Sul;Capotamento;1;0;0;0;0;0;0;0;;;0;1;0;0;0
30/10/2021;14:41:00;258;Acidente sem vítima;209;BR-101/ES;Norte;Queda de Moto;0;0;0;1;0;0;0;0;;;2;0;0;0;0
30/10/2021;15:16:00;266;Acidente com vítima;233,6;BR-101/ES;Sul;Capotamento;1;0;0;0;0;0;0;0;;;0;2;0;0;0
30/10/2021;15:27:00;273;Acidente com vítima;183,9;BR-101/ES;Norte;Saída de Pista;1;0;0;0;0;0;0;0;;;1;1;0;0;0
30/10/2021;15:33:00;277;Acidente com vítima;354,1;BR-101/ES;Norte;Colisão Lateral;2;0;0;0;0;0;0;0;;;1;0;1;0;0
30/10/2021;16:22:00;288;Acidente sem vítima;942,5;BR-101/BA;Norte;Saída de Pista;1;0;0;0;0;0;0;0;;;1;0;0;0;0
30/10/2021;16:47:00;304;Acidente com vítima;207,8;BR-101/ES;Norte;Capotamento;1;0;0;0;0;0;0;0;;;2;1;1;0;0
30/10/2021;17:38:00;321;Acidente sem vítima;258;BR-101/ES;Norte;Colisão Traseira;2;0;0;0;0;0;0;0;;;2;0;0;0;0
30/10/2021;23:17:00;380;Atropelamento sem morte;129;BR-101/ES;Sul;Atropelamento;1;0;0;0;0;0;0;0;;;1;0;0;1;0
31/10/2021;00:33:00;7;Acidente com vítima;103,6;BR-101/ES;Sul;Saída de Pista;1;0;0;0;0;0;0;0;;;0;1;0;0;0
31/10/2021;14:53:00;226;Acidente sem vítima;944;BR-101/BA;Norte;Saída de Pista;1;0;0;0;0;0;0;0;;;1;0;0;0;0
31/10/2021;19:02:00;272;Acidente com vítima;31;BR-101/ES;Norte;Colisão Frontal;1;0;2;0;0;0;0;0;;;1;0;0;2;0
31/10/2021;20:07:00;280;Acidente com morte;286,4;BR-101/ES;Sul;Queda de Moto;0;0;0;1;0;0;0;0;;;0;0;0;0;1
01/11/2021;06:55:00;83;Sem vítima;269,400;BR-101/ES;Crescente;Colisão transversal;1;0;0;0;0;0;0;0;0;0;1;0;0;0;0
01/11/2021;07:17:00;88;Sem vítima;264,400;BR-101/ES;Crescente;Colisão traseira;1;0;0;0;0;0;0;0;0;0;1;0;0;0;0
01/11/2021;07:22:00;90;Sem vítima;255,000;BR-101/ES;Crescente;Colisão traseira;1;0;0;0;0;0;0;0;0;1;3;0;0;0;0
01/11/2021;18:31:00;281;Sem vítima;290,000;BR-101/ES;Crescente;Choque;1;0;0;0;0;0;0;0;0;0;1;0;0;0;0
02/11/2021;01:50:00;35;Sem vítima;293,000;BR-101/ES;Crescente;Saída de pista;0;0;1;0;0;0;0;0;0;0;0;0;0;0;0
02/11/2021;03:19:00;55;Sem vítima;149,300;BR-101/ES;Crescente;Colisão transversal;1;0;0;0;0;0;0;0;0;0;1;0;0;0;0
02/11/2021;11:23:00;182;Sem vítima;245,000;BR-101/ES;Decrescente;Choque;1;0;0;0;0;0;0;0;0;0;1;0;0;0;0
02/11/2021;12:37:00;217;Sem vítima;294,200;BR-101/ES;Crescente;Choque;1;0;0;0;0;0;0;0;0;0;1;0;0;0;0
02/11/2021;15:37:00;265;Com vítima;255,300;BR-101/ES;Crescente;Engavetamento;2;0;0;0;0;0;0;0;0;0;1;0;0;0;0
02/11/2021;22:12:00;369;Sem vítima;118,000;BR-101/ES;Decrescente;Colisão lateral no mesmo sentido;0;0;1;0;0;0;0;0;0;1;3;0;0;0;0
02/11/2021;22:52:00;380;Com vítima;414,000;BR-101/ES;Decrescente;Queda de moto;0;0;0;1;0;0;0;0;0;0;0;1;0;0;0
03/11/2021;07:13:00;84;Com vítima;287,000;BR-101/ES;Decrescente;Colisão transversal;1;0;0;1;0;0;0;0;0;0;1;0;1;0;0
03/11/2021;07:23:00;86;Sem vítima;143,500;BR-101/ES;Decrescente;Colisão traseira;1;0;1;0;0;0;0;0;0;0;2;0;0;0;0
03/11/2021;11:45:00;197;Sem vítima;266,300;BR-101/ES;Decrescente;Colisão traseira;1;0;2;0;0;0;0;0;0;0;2;0;0;0;0
03/11/2021;13:54:00;249;Com vítima;248,500;BR-101/ES;Crescente;Colisão transversal;1;0;0;1;0;0;0;0;0;0;1;0;1;0;0
03/11/2021;16:08:00;281;Com vítima;267,700;BR-101/ES;Decrescente;Colisão lateral no mesmo sentido;0;0;2;1;0;0;0;0;0;0;1;1;0;0;0
03/11/2021;18:43:00;321;Com vítima;87,800;BR-101/ES;Crescente;Colisão lateral no mesmo sentido;2;0;1;0;0;0;0;0;0;0;1;3;0;1;0
03/11/2021;19:00:00;324;Com vítima;149,000;BR-101/ES;Decrescente;Colisão traseira;2;0;0;0;0;0;0;0;0;0;1;1;0;0;0
03/11/2021;20:52:00;344;Com vítima;187,000;BR-101/ES;Crescente;Saída de pista;1;0;0;0;0;0;0;0;0;0;0;0;1;0;0
04/11/2021;06:37:00;80;Com vítima;270,400;BR-101/ES;Decrescente;Colisão lateral no mesmo sentido;1;0;2;1;0;0;0;0;0;0;2;0;1;0;0
04/11/2021;08:40:00;117;Com vítima;109,900;BR-101/ES;Crescente;Saída de pista;0;0;0;1;0;0;0;0;0;0;0;1;1;0;0
04/11/2021;08:58:00;127;Sem vítima;265,750;BR-101/ES;Crescente;Colisão traseira;0;0;2;1;0;0;0;0;0;0;2;0;0;0;0
04/11/2021;09:02:00;132;Sem vítima;292,000;BR-101/ES;Decrescente;Colisão lateral no mesmo sentido;0;0;1;0;0;0;0;0;0;1;2;0;0;0;0
04/11/2021;15:36:00;263;Com vítima;294,600;BR-101/ES;Decrescente;Colisão lateral no mesmo sentido;1;0;0;1;0;0;0;0;0;0;0;1;0;0;0
04/11/2021;17:31:00;303;Sem vítima;146,000;BR-101/ES;Crescente;Engavetamento;2;0;0;0;0;0;0;0;0;1;2;0;0;0;0
04/11/2021;20:57:00;354;Sem vítima;31,000;BR-101/ES;Decrescente;Colisão traseira;0;0;3;0;0;0;0;0;0;0;0;0;0;0;0
04/11/2021;21:55:00;366;Sem vítima;181,000;BR-101/ES;Crescente;Choque;1;0;0;0;0;0;0;0;0;0;2;0;0;0;0
05/11/2021;05:35:00;87;Sem vítima;320,000;BR-101/ES;Decrescente;Colisão traseira;0;0;2;0;0;0;0;0;0;0;1;0;0;0;0
05/11/2021;05:57:00;93;Sem vítima;210,000;BR-101/ES;Decrescente;Queda de moto;0;0;0;1;0;0;0;0;0;0;2;0;0;0;0
05/11/2021;06:09:00;95;Com vítima;215,000;BR-101/ES;Crescente;Queda de moto;0;0;0;1;0;0;0;0;0;0;0;1;0;0;0
05/11/2021;08:50:00;132;Com vítima;67,600;BR-101/ES;Decrescente;Colisão transversal;1;0;0;1;0;0;0;0;0;0;1;0;1;0;0
05/11/2021;11:11:00;185;Com vítima;295,400;BR-101/ES;Crescente;Atropelamento de pedestre;0;0;0;0;0;0;0;0;0;0;0;0;1;0;0
05/11/2021;16:31:00;302;Com vítima;263,300;BR-101/ES;Decrescente;Queda de moto;0;0;0;1;0;0;0;0;0;0;0;0;1;0;0
05/11/2021;18:18:00;327;Com vítima;229,000;BR-101/ES;Crescente;Colisão transversal;1;0;0;1;0;0;0;0;0;0;1;1;0;0;0
05/11/2021;18:46:00;335;Com vítima;383,700;BR-101/ES;Decrescente;Colisão transversal;1;0;0;1;0;0;0;0;0;0;0;2;2;0;0
05/11/2021;19:12:00;340;Com vítima;286,000;BR-101/ES;Crescente;Atropelamento de animal;0;0;1;0;0;0;0;0;0;0;3;0;0;0;0
05/11/2021;19:42:00;344;Com vítima;187,000;BR-101/ES;Crescente;Atropelamento de animal;0;0;0;0;0;0;0;0;0;0;0;0;0;0;0
05/11/2021;22:49:00;379;Sem vítima;435,000;BR-101/ES;Crescente;Choque;1;0;0;0;0;0;0;0;0;0;1;0;0;0;0
05/11/2021;22:50:00;380;Com vítima;266,000;BR-101/ES;Decrescente;Queda de bicicleta;0;1;0;0;0;0;0;0;0;0;0;1;0;0;0
06/11/2021;01:51:00;34;Com vítima;183,900;BR-101/ES;Decrescente;Saída de pista;0;0;0;0;0;0;0;0;0;1;0;2;0;0;0
06/11/2021;03:10:00;48;Sem vítima;331,000;BR-101/ES;Decrescente;Saída de pista;0;0;2;0;0;0;0;0;0;0;1;0;0;0;0
06/11/2021;06:09:00;83;Sem vítima;130,000;BR-101/ES;Decrescente;Colisão lateral no mesmo sentido;1;0;2;0;0;0;0;0;0;0;5;0;0;0;0
06/11/2021;11:43:00;204;Com vítima;339,000;BR-101/ES;Decrescente;Queda de bicicleta;0;1;0;0;0;0;0;0;0;0;0;0;1;0;0
06/11/2021;14:18:00;258;Sem vítima;210,000;BR-101/ES;Decrescente;Choque;0;0;0;0;0;0;0;0;0;1;1;0;0;0;0
06/11/2021;14:25:00;260;Sem vítima;257,900;BR-101/ES;Decrescente;Colisão lateral no mesmo sentido;1;0;0;0;1;0;0;0;0;0;1;0;0;0;0
06/11/2021;14:34:00;262;Com vítima;261,300;BR-101/ES;Decrescente;Queda de moto;0;0;0;1;0;0;0;0;0;0;0;0;1;0;0
06/11/2021;16:16:00;291;Com vítima;395,000;BR-101/ES;Crescente;Colisão transversal;0;0;0;2;0;0;0;0;0;0;1;0;1;0;0
06/11/2021;18:40:00;330;Sem vítima;387,000;BR-101/ES;Crescente;Choque;1;0;0;0;0;0;0;0;0;0;2;0;0;0;0
06/11/2021;19:41:00;345;Sem vítima;31,100;BR-101/ES;Decrescente;Colisão transversal;1;0;3;0;0;0;0;0;0;0;2;0;0;0;0
06/11/2021;20:39:00;349;Com vítima;73,400;BR-101/ES;Decrescente;Capotamento;1;0;0;0;0;0;0;0;0;0;0;2;0;0;0
06/11/2021;22:26:00;369;Com vítima;80,800;BR-101/ES;Crescente;Colisão transversal;0;0;0;0;0;0;0;0;0;1;3;1;1;0;0
06/11/2021;23:06:00;379;Sem vítima;94,000;BR-101/ES;Decrescente;Atropelamento de animal;1;0;0;0;0;0;0;0;0;0;1;0;0;0;0
07/11/2021;05:23:00;60;Sem vítima;168,000;BR-101/ES;Crescente;Colisão traseira;1;0;0;0;0;0;0;0;0;0;2;0;0;0;0
07/11/2021;05:51:00;68;Sem vítima;293,000;BR-101/ES;Crescente;Choque;1;0;0;0;0;0;0;0;0;0;1;0;0;0;0
07/11/2021;06:14:00;72;Sem vítima;267,000;BR-101/ES;Crescente;Colisão traseira;2;0;0;0;0;0;0;0;0;0;2;0;0;0;0
07/11/2021;07:18:00;75;Sem vítima;299,500;BR-101/ES;Crescente;Colisão lateral no mesmo sentido;1;0;2;0;0;0;0;0;0;0;1;0;0;0;0
07/11/2021;10:05:00;112;Com vítima;145,900;BR-101/ES;Decrescente;Colisão transversal;1;0;0;1;0;1;0;0;0;0;2;1;0;0;0
07/11/2021;10:51:00;129;Com vítima;140,900;BR-101/ES;Decrescente;Queda de moto;0;0;0;1;0;0;0;0;0;0;0;1;0;0;0
07/11/2021;16:44:00;267;Sem vítima;241,500;BR-101/ES;Crescente;Colisão traseira;2;0;0;0;0;0;0;0;0;0;5;0;0;0;0
07/11/2021;17:13:00;275;Sem vítima;955,800;BR-101/ES;Crescente;Acidentes de outra natureza;1;0;0;0;0;0;0;0;0;0;0;0;0;0;0
07/11/2021;18:02:00;288;Sem vítima;398,900;BR-101/ES;Crescente;Colisão lateral no mesmo sentido;1;0;1;0;0;0;0;0;0;0;1;0;0;0;0
07/11/2021;18:36:00;294;Com vítima;298,000;BR-101/ES;Decrescente;Queda de moto;0;0;0;1;0;0;0;0;0;0;0;1;1;0;0
08/11/2021;09:28:00;119;Com vítima;122,700;BR-101/ES;Crescente;Engavetamento;1;0;0;0;0;0;0;0;0;0;1;0;0;0;0