data;horario;n_da_ocorrencia;tipo_de_ocorrencia;km;trecho;sentido;tipo_de_acidente;automovel;bicicleta;caminhao;moto;onibus;outros;tracao_animal;transporte_de_cargas_especiais;trator_maquinas;utilitarios;ilesos;levemente_feridos;moderadamente_feridos;gravemente_feridos;mortos
08/11/2021;09:43:00;122;Com vítima;120,000;BR-101/ES;Crescente;Saída de pista;1;0;0;0;0;0;0;0;0;0;0;1;0;0;0
08/11/2021;10:35:00;134;Com vítima;277,900;BR-101/ES;Decrescente;Atropelamento de animal;0;0;0;0;0;0;0;0;0;0;0;0;0;0;0
08/11/2021;11:39:00;174;Com vítima;213,000;BR-101/ES;Crescente;Colisão transversal;0;0;0;1;0;0;0;0;0;0;0;1;0;0;0
08/11/2021;15:49:00;257;Sem vítima;268,100;BR-101/ES;Decrescente;Engavetamento;1;0;0;0;0;0;0;0;0;0;1;0;0;0;0
08/11/2021;16:39:00;270;Com vítima;320,800;BR-101/ES;Crescente;Colisão traseira;0;0;2;1;0;0;0;0;0;0;1;1;0;0;0
08/11/2021;17:03:00;275;Com vítima;256,200;BR-101/ES;Crescente;Colisão frontal;1;0;0;0;0;0;0;0;0;0;0;0;0;0;1
08/11/2021;17:46:00;291;Com vítima;31,000;BR-101/ES;Crescente;Colisão lateral no mesmo sentido;1;0;0;1;0;0;0;0;0;0;1;0;1;0;0
08/11/2021;23:36:00;363;Com vítima;31,600;BR-101/ES;Decrescente;Queda de moto;0;0;0;1;0;0;0;0;0;0;0;0;1;0;0
09/11/2021;02:11:00;41;Com vítima;257,500;BR-101/ES;Decrescente;Atropelamento de animal;0;0;0;0;0;0;0;0;0;1;0;0;0;0;0
09/11/2021;06:50:00;87;Sem vítima;176,600;BR-101/ES;Decrescente;Colisão traseira;0;0;1;0;1;0;0;0;0;0;4;0;0;0;0
09/11/2021;07:13:00;96;Sem vítima;261,900;BR-101/ES;Crescente;Colisão traseira;2;0;0;0;0;0;0;0;0;0;2;0;0;0;0
09/11/2021;07:15:00;98;Sem vítima;296,300;BR-101/ES;Decrescente;Colisão lateral no mesmo sentido;1;0;1;0;0;0;0;0;0;0;1;0;0;0;0
09/11/2021;08:04:00;118;Com vítima;297,200;BR-101/ES;Decrescente;Queda de moto;0;0;0;1;0;0;0;0;0;0;0;0;1;0;0
09/11/2021;10:21:00;154;Com vítima;295,900;BR-101/ES;Decrescente;Colisão lateral no mesmo sentido;0;0;0;1;0;0;0;0;0;1;1;0;1;0;0
09/11/2021;10:53:00;166;Com vítima;387,100;BR-101/ES;Crescente;Tombamento;0;0;1;0;0;0;0;0;0;0;0;1;0;0;0
09/11/2021;13:23:00;218;Sem vítima;276,400;BR-101/ES;Decrescente;Colisão traseira;0;0;0;0;0;0;0;0;0;1;1;0;0;0;0
09/11/2021;18:59:00;303;Sem vítima;215,000;BR-101/ES;Decrescente;Choque;1;0;0;0;0;0;0;0;0;0;1;0;0;0;0
09/11/2021;21:27:00;332;Sem vítima;367,000;BR-101/ES;Decrescente;Saída de pista;1;0;0;0;0;0;0;0;0;0;2;0;0;0;0
10/11/2021;05:47:00;80;Sem vítima;8,300;BR-101/ES;Crescente;Choque;0;0;1;0;0;0;0;0;0;0;1;0;0;0;0
10/11/2021;07:29:00;101;Com vítima;266,500;BR-101/ES;Crescente;Colisão lateral no mesmo sentido;1;0;0;1;0;0;0;0;0;0;1;0;1;0;0
10/11/2021;09:12:00;123;Sem vítima;403,500;BR-101/ES;Crescente;Colisão lateral no mesmo sentido;0;0;3;0;0;0;0;0;0;0;2;0;0;0;0
10/11/2021;10:06:00;144;Sem vítima;270,900;BR-101/ES;Decrescente;Colisão traseira;1;0;0;0;0;0;0;0;0;0;1;0;0;0;0
10/11/2021;11:36:00;193;Com vítima;344,800;BR-101/ES;Decrescente;Tombamento;0;0;1;0;0;0;0;0;0;0;0;0;1;0;0
10/11/2021;11:53:00;195;Com vítima;281,300;BR-101/ES;Crescente;Colisão lateral no mesmo sentido;0;0;0;1;0;0;0;0;0;0;0;0;2;0;0
10/11/2021;12:34:00;210;Com vítima;146,500;BR-101/ES;Decrescente;Colisão transversal;0;0;1;1;0;0;0;0;0;0;1;0;1;0;0
10/11/2021;13:23:00;225;Com vítima;66,000;BR-101/ES;Decrescente;Queda de moto;0;0;0;1;0;0;0;0;0;0;0;1;1;0;0
10/11/2021;13:56:00;234;Com vítima;288,900;BR-101/ES;Decrescente;Colisão transversal;1;0;1;0;0;0;0;0;0;0;1;0;1;0;0
10/11/2021;14:44:00;249;Sem vítima;145,000;BR-101/ES;Decrescente;Colisão lateral no mesmo sentido;2;0;0;0;0;0;0;0;0;0;2;0;0;0;0
10/11/2021;15:26:00;260;Sem vítima;171,600;BR-101/ES;Crescente;Choque;0;0;1;0;0;0;0;0;0;0;1;0;0;0;0
10/11/2021;18:23:00;308;Com vítima;265,000;BR-101/ES;Decrescente;Colisão lateral no mesmo sentido;1;0;0;1;1;0;0;0;0;0;3;1;0;0;0
10/11/2021;19:06:00;321;Sem vítima;399,000;BR-101/ES;Decrescente;Engavetamento;2;0;0;0;0;0;0;0;0;0;3;0;0;0;0
10/11/2021;19:16:00;323;Sem vítima;435,000;BR-101/ES;Decrescente;Saída de pista;1;0;0;0;0;0;0;0;0;0;1;0;0;0;0
10/11/2021;23:05:00;371;Sem vítima;233,000;BR-101/ES;Crescente;Colisão traseira;1;0;2;0;0;0;0;0;0;0;2;0;0;0;0
11/11/2021;06:52:00;66;Com vítima;290,500;BR-101/ES;Decrescente;Engavetamento;3;0;0;0;0;0;0;0;0;0;2;0;1;0;0
11/11/2021;08:47:00;102;Sem vítima;125,500;BR-101/ES;Crescente;Colisão traseira;0;0;3;0;0;0;0;0;0;0;1;0;0;0;0
11/11/2021;09:07:00;109;Sem vítima;67,000;BR-101/ES;Decrescente;Colisão transversal;1;0;1;0;0;0;0;0;0;0;4;0;0;0;0
11/11/2021;09:25:00;115;Sem vítima;64,000;BR-101/ES;Crescente;Queda de moto;0;0;0;1;0;0;0;0;0;0;1;0;0;0;0
11/11/2021;10:37:00;137;Sem vítima;359,700;BR-101/ES;Crescente;Choque;1;0;0;0;0;0;0;0;0;0;1;0;0;0;0
11/11/2021;13:06:00;209;Sem vítima;250,000;BR-101/ES;Decrescente;Choque;1;0;0;0;0;0;0;0;0;0;2;0;0;0;0
11/11/2021;13:45:00;225;Sem vítima;264,500;BR-101/ES;Crescente;Colisão traseira;0;0;3;0;0;0;0;0;0;0;2;0;0;0;0
11/11/2021;15:23:00;246;Sem vítima;174,600;BR-101/ES;Decrescente;Colisão transversal;1;0;0;0;1;0;0;0;0;0;5;0;0;0;0
11/11/2021;18:28:00;298;Sem vítima;169,500;BR-101/ES;Decrescente;Colisão traseira;0;0;3;0;0;0;0;0;0;0;2;0;0;0;0
11/11/2021;18:42:00;301;Com vítima;181,000;BR-101/ES;Decrescente;Saída de pista;1;0;0;0;0;0;0;0;0;0;0;1;0;0;0
11/11/2021;18:50:00;304;Com vítima;293,000;BR-101/ES;Decrescente;Colisão lateral no mesmo sentido;1;0;0;1;0;0;0;0;0;0;0;0;1;0;0
12/11/2021;00:00:00;1;Sem vítima;256,000;BR-101/ES;Crescente;Choque;1;0;0;0;0;0;0;0;0;0;1;0;0;0;0
12/11/2021;01:13:00;20;Sem vítima;291,500;BR-101/ES;Crescente;Choque;0;0;1;0;0;0;0;0;0;0;1;0;0;0;0
12/11/2021;07:22:00;95;Sem vítima;285,400;BR-101/ES;Crescente;Colisão traseira;0;0;1;0;0;0;0;0;0;0;2;0;0;0;0
12/11/2021;09:08:00;120;Com vítima;267,000;BR-101/ES;Decrescente;Saída de pista;1;0;0;0;0;0;0;0;0;0;0;1;0;0;0
12/11/2021;12:06:00;184;Sem vítima;357,900;BR-101/ES;Decrescente;Colisão traseira;1;0;1;0;0;0;0;0;0;0;1;0;0;0;0
12/11/2021;12:21:00;188;Com vítima;436,000;BR-101/ES;Crescente;Saída de pista;1;0;0;0;0;0;0;0;0;0;0;1;0;0;0
12/11/2021;13:00:00;201;Sem vítima;207,200;BR-101/ES;Decrescente;Colisão traseira;1;0;0;0;0;0;0;0;0;1;2;0;0;0;0
12/11/2021;13:24:00;211;Com vítima;212,700;BR-101/ES;Crescente;Engavetamento;1;0;2;0;1;0;0;0;0;1;4;0;0;0;0
12/11/2021;14:21:00;231;Sem vítima;337,500;BR-101/ES;Crescente;Colisão lateral no mesmo sentido;0;0;0;0;1;0;0;0;0;1;2;0;0;0;0
12/11/2021;15:24:00;245;Sem vítima;7,000;Contorno de Iconha/ES;Crescente;Colisão traseira;1;0;0;0;0;1;0;0;0;0;3;0;0;0;0
12/11/2021;16:48:00;267;Com vítima;256,700;BR-101/ES;Decrescente;Colisão traseira;1;0;1;0;0;0;0;0;0;1;0;2;1;0;0
12/11/2021;17:28:00;278;Com vítima;436,700;BR-101/ES;Decrescente;Saída de pista;0;0;2;0;0;0;0;0;0;0;0;0;0;1;0
12/11/2021;17:53:00;285;Com vítima;207,900;BR-101/ES;Decrescente;Colisão traseira;0;0;2;0;0;0;0;0;0;0;0;0;0;1;0
12/11/2021;19:45:00;320;Sem vítima;382,800;BR-101/ES;Decrescente;Saída de pista;0;0;1;0;0;0;0;0;0;0;1;0;0;0;0
12/11/2021;22:55:00;386;Com vítima;208,000;BR-101/ES;Crescente;Queda de moto;0;0;0;1;0;0;0;0;0;0;0;2;0;0;0
12/11/2021;23:37:00;397;Sem vítima;217,000;BR-101/ES;Decrescente;Choque;1;0;0;0;0;0;0;0;0;0;2;0;0;0;0
13/11/2021;01:13:00;18;Com vítima;66,000;BR-101/ES;Decrescente;Choque;0;0;0;1;0;0;0;0;0;0;0;1;0;0;0
13/11/2021;04:36:00;83;Sem vítima;270,000;BR-101/ES;Decrescente;Colisão traseira;1;0;3;0;0;0;0;0;0;0;2;0;0;0;0
13/11/2021;11:19:00;184;Com vítima;256,700;BR-101/ES;Decrescente;Colisão traseira;0;0;0;1;0;0;0;0;0;0;0;0;1;0;0
13/11/2021;18:15:00;319;Com vítima;66,000;BR-101/ES;Decrescente;Colisão traseira;1;0;0;1;0;0;0;0;0;0;0;0;1;1;0
14/11/2021;04:40:00;60;Sem vítima;52,000;BR-101/ES;Crescente;Saída de pista;1;0;0;0;0;0;0;0;0;0;3;0;0;0;0
14/11/2021;08:04:00;85;Sem vítima;940,000;BR-101/ES;Crescente;Saída de pista;1;0;0;0;0;0;0;0;0;0;1;0;0;0;0
14/11/2021;09:44:00;103;Com vítima;304,700;BR-101/ES;Crescente;Queda de bicicleta;0;1;0;0;0;0;0;0;0;0;0;1;0;0;0
14/11/2021;10:07:00;111;Sem vítima;145,900;BR-101/ES;Decrescente;Colisão traseira;1;0;0;0;0;0;0;0;0;1;5;0;0;0;0
14/11/2021;11:09:00;142;Com vítima;113,000;BR-101/ES;Crescente;Queda de moto;0;0;0;1;0;0;0;0;0;0;0;2;0;0;0
14/11/2021;11:37:00;153;Com vítima;256,000;BR-101/ES;Crescente;Queda de moto;0;0;0;1;0;0;0;0;0;0;0;2;0;0;0
14/11/2021;16:35:00;226;Com vítima;189,000;BR-101/ES;Decrescente;Choque;1;0;0;0;0;0;0;0;0;0;0;2;0;0;0
14/11/2021;18:51:00;259;Com vítima;269,000;BR-101/ES;Crescente;Colisão transversal;1;0;0;1;0;0;0;0;0;0;2;0;1;1;0
14/11/2021;19:27:00;267;Sem vítima;171,000;BR-101/ES;Decrescente;Atropelamento de animal;1;0;0;0;0;0;0;0;0;0;1;0;0;0;0
14/11/2021;23:33:00;310;Com vítima;286,000;BR-101/ES;Decrescente;Saída de pista;1;0;0;0;0;0;0;0;0;0;0;2;0;0;0
14/11/2021;23:50:00;318;Sem vítima;213,000;BR-101/ES;Crescente;Choque;1;0;0;0;0;0;0;0;0;0;1;0;0;0;0
15/11/2021;02:29:00;38;Com vítima;146,000;BR-101/ES;Crescente;Colisão traseira;2;0;0;0;0;0;0;0;0;0;1;1;0;0;0
15/11/2021;03:09:00;45;Com vítima;270,000;BR-101/ES;Crescente;Choque;1;0;0;0;0;0;0;0;0;0;0;0;0;1;0
15/11/2021;07:08:00;72;Sem vítima;401,000;BR-101/ES;Crescente;Choque;1;0;0;0;0;0;0;0;0;0;1;0;0;0;0
15/11/2021;08:47:00;89;Com vítima;350,000;BR-101/ES;Crescente;Saída de pista;0;0;0;0;0;0;0;0;0;1;0;0;1;1;0
15/11/2021;09:30:00;103;Com vítima;54,100;BR-101/ES;Crescente;Saída de pista;0;0;0;0;0;0;0;0;0;1;2;1;0;0;0
15/11/2021;15:23:00;229;Sem vítima;144,900;BR-101/ES;Decrescente;Colisão traseira;1;0;0;0;0;0;0;0;0;1;3;0;0;0;0
15/11/2021;17:10:00;260;Sem vítima;90,700;BR-101/ES;Decrescente;Colisão traseira;1;0;0;0;0;1;0;0;0;0;3;0;0;0;0
16/11/2021;06:28:00;62;Com vítima;18,500;BR-101/ES;Decrescente;Queda de moto;0;0;0;1;0;0;0;0;0;0;0;1;0;0;0
16/11/2021;07:10:00;67;Sem vítima;301,000;BR-101/ES;Decrescente;Choque;0;0;1;0;0;0;0;0;0;0;0;0;0;0;0
16/11/2021;10:42:00;166;Sem vítima;211,300;BR-101/ES;Crescente;Colisão traseira;0;0;0;0;0;0;0;0;0;1;1;0;0;0;0
16/11/2021;15:09:00;244;Com vítima;262,000;BR-101/ES;Decrescente;Colisão traseira;1;0;0;0;0;0;0;0;0;0;1;0;0;0;0
16/11/2021;15:49:00;251;Sem vítima;124,000;BR-101/ES;Decrescente;Choque;1;0;1;0;0;0;0;0;0;0;2;0;0;0;0
16/11/2021;17:04:00;271;Sem vítima;449,800;BR-101/ES;Crescente;Choque;0;0;0;0;0;0;0;0;0;1;1;0;0;0;0
16/11/2021;19:15:00;306;Sem vítima;268,900;BR-101/ES;Crescente;Colisão traseira;0;0;0;0;1;0;0;0;0;0;1;0;0;0;0
17/11/2021;08:16:00;125;Com vítima;96,500;BR-101/ES;Crescente;Queda de moto;0;0;0;1;0;0;0;0;0;0;0;1;0;0;0
17/11/2021;09:17:00;142;Sem vítima;294,100;BR-101/ES;Decrescente;Colisão lateral no mesmo sentido;1;0;3;0;0;0;0;0;0;0;2;0;0;0;0
17/11/2021;10:03:00;154;Sem vítima;79,000;BR-101/ES;Crescente;Colisão traseira;1;0;0;0;0;0;0;0;0;0;1;0;0;0;0
17/11/2021;14:25:00;255;Sem vítima;171,000;BR-101/ES;Decrescente;Colisão traseira;0;0;3;0;0;0;0;0;0;0;1;0;0;0;0
17/11/2021;15:44:00;280;Com vítima;283,500;BR-101/ES;Decrescente;Queda de moto;0;0;0;1;0;0;0;0;0;0;0;0;1;0;0
17/11/2021;16:27:00;297;Sem vítima;349,400;BR-101/ES;Crescente;Saída de pista;0;0;2;0;0;0;0;0;0;0;1;0;0;0;0
17/11/2021;17:21:00;309;Sem vítima;262,200;BR-101/ES;Crescente;Colisão lateral no mesmo sentido;1;0;0;0;1;0;0;0;0;0;2;0;0;0;0
17/11/2021;22:17:00;371;Com vítima;297,000;BR-101/ES;Decrescente;Queda de moto;0;0;0;1;0;0;0;0;0;0;0;0;1;0;0
18/11/2021;05:44:00;83;Sem vítima;280,200;BR-101/ES;Decrescente;Choque;0;0;2;1;0;0;0;0;0;0;2;0;0;0;0
18/11/2021;07:15:00;99;Com vítima;260,300;BR-101/ES;Decrescente;Colisão traseira;1;0;0;1;0;0;0;0;0;0;0;1;0;0;0
18/11/2021;07:40:00;108;Sem vítima;213,300;BR-101/ES;Crescente;Colisão traseira;1;0;1;0;0;0;0;0;0;0;2;0;0;0;0
18/11/2021;09:47:00;153;Sem vítima;424,400;BR-101/ES;Decrescente;Choque;1;0;2;0;0;0;0;0;0;0;3;0;0;0;0
18/11/2021;10:45:00;183;Sem vítima;394,400;BR-101/ES;Crescente;Tombamento;0;0;1;0;0;0;0;0;0;0;1;0;0;0;0
18/11/2021;12:38:00;237;Com vítima;255,000;BR-101/ES;Crescente;Colisão traseira;0;0;0;1;0;0;0;0;0;0;0;0;1;0;0
18/11/2021;15:22:00;304;Sem vítima;361,000;BR-101/ES;Decrescente;Colisão traseira;1;0;0;0;0;0;0;0;0;0;1;0;0;0;0
18/11/2021;16:11:00;320;Sem vítima;324,000;BR-101/ES;Decrescente;Choque;1;0;0;0;0;0;0;0;0;0;1;0;0;0;0
18/11/2021;21:28:00;389;Com vítima;299,150;BR-101/ES;Decrescente;Atropelamento de pedestre;1;0;0;0;0;0;0;0;0;0;2;0;0;0;1
19/11/2021;08:36:00;117;Com vítima;377,800;BR-101/ES;Crescente;Colisão traseira;1;0;0;1;0;0;0;0;0;0;2;1;0;0;0
19/11/2021;08:40:00;120;Sem vítima;263,800;BR-101/ES;Crescente;Colisão traseira;1;0;0;0;0;0;0;0;0;0;1;0;0;0;0
19/11/2021;09:55:00;149;Sem vítima;363,000;BR-101/ES;Decrescente;Colisão traseira;1;0;0;0;0;0;0;0;0;1;1;0;0;0;0
19/11/2021;10:30:00;154;Sem vítima;269,200;BR-101/ES;Decrescente;Choque;1;0;0;0;0;0;0;0;0;0;1;0;0;0;0
19/11/2021;11:07:00;172;Sem vítima;268,000;BR-101/ES;Decrescente;Choque;1;0;0;0;0;0;0;0;0;0;1;0;0;0;0
19/11/2021;15:13:00;262;Com vítima;277,200;BR-101/ES;Crescente;Tombamento;0;0;1;0;0;0;0;0;0;0;0;1;0;0;0
19/11/2021;16:32:00;289;Com vítima;276,000;BR-101/ES;Decrescente;Colisão transversal;1;0;0;1;0;0;0;0;0;0;1;0;1;0;0
19/11/2021;17:25:00;306;Com vítima;294,000;BR-101/ES;Decrescente;Colisão traseira;1;0;1;0;0;0;0;0;0;0;1;0;1;0;0
19/11/2021;19:25:00;342;Com vítima;146,000;BR-101/ES;Crescente;Colisão traseira;0;0;0;1;0;0;0;0;0;0;0;0;1;0;0
19/11/2021;22:56:00;389;Sem vítima;240,000;BR-101/ES;Crescente;Saída de pista;1;0;0;0;0;0;0;0;0;0;1;0;0;0;0
20/11/2021;06:53:00;81;Sem vítima;396,000;BR-101/ES;Decrescente;Choque;1;0;0;0;0;0;0;0;0;0;1;0;0;0;0
20/11/2021;09:13:00;115;Sem vítima;289,000;BR-101/ES;Crescente;Choque;1;0;0;0;0;0;0;0;0;0;1;0;0;0;0
20/11/2021;10:23:00;136;Sem vítima;258,000;BR-101/ES;Crescente;Choque;1;0;0;0;0;0;0;0;0;0;1;0;0;0;0
20/11/2021;11:24:00;162;Sem vítima;265,800;BR-101/ES;Crescente;Engavetamento;4;0;0;0;0;0;0;0;0;0;3;0;0;0;0
20/11/2021;12:06:00;173;Com vítima;87,000;BR-101/ES;Decrescente;Queda de moto;0;0;0;1;0;0;0;0;0;0;0;1;1;0;0
20/11/2021;12:27:00;187;Sem vítima;265,900;BR-101/ES;Crescente;Engavetamento;3;0;0;0;0;0;0;0;0;0;3;0;0;0;0
20/11/2021;12:41:00;191;Com vítima;266,000;BR-101/ES;Crescente;Queda de moto;0;0;0;1;0;0;0;0;0;0;0;1;0;0;0
20/11/2021;13:40:00;211;Sem vítima;323,000;BR-101/ES;Decrescente;Saída de pista;0;0;0;0;0;0;0;0;0;1;1;0;0;0;0
20/11/2021;15:51:00;257;Sem vítima;242,300;BR-101/ES;Crescente;Saída de pista;0;0;1;0;0;0;0;0;0;1;2;0;0;0;0
20/11/2021;16:09:00;264;Sem vítima;266,000;BR-101/ES;Decrescente;Engavetamento;1;0;1;0;0;0;0;0;0;0;2;0;0;0;0
20/11/2021;17:38:00;290;Com vítima;208,000;BR-101/ES;Crescente;Choque;1;0;0;0;0;0;0;0;0;0;0;0;1;0;0
20/11/2021;22:46:00;354;Com vítima;167,800;BR-101/ES;Decrescente;Colisão transversal;1;0;0;0;0;0;0;0;0;0;0;2;0;1;0
20/11/2021;23:10:00;358;Sem vítima;229,150;BR-101/ES;Decrescente;Choque;1;0;0;0;0;0;0;0;0;0;2;0;0;0;0
20/11/2021;23:26:00;360;Sem vítima;284,800;BR-101/ES;Decrescente;Choque;0;0;3;0;0;0;0;0;0;0;1;0;0;0;0
20/11/2021;23:37:00;362;Com vítima;214,100;BR-101/ES;Crescente;Queda de moto;0;0;0;1;0;0;0;0;0;0;0;1;1;0;0
21/11/2021;07:17:00;89;Com vítima;354,000;BR-101/ES;Decrescente;Saída de pista;1;0;0;0;0;0;0;0;0;0;0;1;0;0;0
21/11/2021;07:19:00;90;Com vítima;174,600;BR-101/ES;Decrescente;Colisão transversal;1;0;3;0;0;0;0;0;0;0;1;0;1;0;0
21/11/2021;08:11:00;96;Sem vítima;445,000;BR-101/ES;Decrescente;Capotamento;1;0;0;0;0;0;0;0;0;0;1;0;0;0;0
21/11/2021;09:39:00;113;Com vítima;282,900;BR-101/ES;Decrescente;Saída de pista;1;0;0;0;0;0;0;0;0;0;0;1;0;0;0
21/11/2021;10:15:00;118;Sem vítima;219,000;BR-101/ES;Crescente;Choque;1;0;0;0;0;0;0;0;0;0;1;0;0;0;0
21/11/2021;11:03:00;127;Sem vítima;234,000;BR-101/ES;Decrescente;Queda de moto;0;0;0;1;0;0;0;0;0;0;2;0;0;0;0
21/11/2021;11:09:00;136;Com vítima;218,700;BR-101/ES;Crescente;Atropelamento de animal;0;0;0;0;0;0;0;0;0;0;0;0;0;0;0
21/11/2021;13:25:00;190;Sem vítima;264,000;BR-101/ES;Crescente;Colisão traseira;1;0;0;0;0;0;0;0;0;1;2;0;0;0;0
21/11/2021;14:10:00;202;Com vítima;291,000;BR-101/ES;Decrescente;Queda de moto;0;0;0;1;0;0;0;0;0;0;0;0;2;0;0
21/11/2021;15:05:00;210;Com vítima;439,000;BR-101/ES;Crescente;Colisão transversal;0;0;0;2;0;0;0;0;0;0;0;1;1;0;0
21/11/2021;15:59:00;228;Sem vítima;305,300;BR-101/ES;Decrescente;Saída de pista;1;0;0;0;0;0;0;0;0;0;1;0;0;0;0
21/11/2021;20:04:00;282;Sem vítima;266,000;BR-101/ES;Decrescente;Colisão lateral no mesmo sentido;1;0;0;0;0;0;0;0;0;0;1;0;0;0;0
21/11/2021;20:05:00;283;Com vítima;380,700;BR-101/ES;Crescente;Colisão traseira;0;0;1;0;0;0;0;0;0;0;0;0;0;0;0
22/11/2021;06:45:00;83;Com vítima;59,000;BR-101/ES;Decrescente;Colisão lateral no mesmo sentido;1;0;0;0;0;0;0;0;0;0;0;0;0;0;0
22/11/2021;07:01:00;86;Sem vítima;150,000;BR-101/ES;Crescente;Colisão traseira;1;0;0;0;1;0;0;0;0;0;2;0;0;0;0
22/11/2021;07:33:00;102;Com vítima;278,500;BR-101/ES;Decrescente;Choque;1;0;0;0;0;0;0;0;0;0;1;0;1;0;0
22/11/2021;08:10:00;117;Sem vítima;105,700;BR-101/ES;Decrescente;Colisão traseira;2;0;0;0;0;0;0;0;0;0;2;0;0;0;0
22/11/2021;08:45:00;138;Com vítima;268,700;BR-101/ES;Crescente;Atropelamento de pedestre;1;0;0;1;0;0;0;0;0;0;0;0;2;0;0
22/11/2021;09:44:00;156;Sem vítima;270,000;BR-101/ES;Crescente;Colisão lateral no mesmo sentido;1;0;0;0;0;0;0;0;0;0;1;0;0;0;0
22/11/2021;13:14:00;255;Sem vítima;85,000;BR-101/ES;Decrescente;Choque;1;0;0;0;0;0;0;0;0;0;1;0;0;0;0
22/11/2021;14:48:00;297;Sem vítima;221,000;BR-101/ES;Crescente;Saída de pista;0;0;1;0;0;0;0;0;0;0;1;0;0;0;0
22/11/2021;15:58:00;314;Com vítima;315,000;BR-101/ES;Crescente;Queda de moto;0;0;0;1;0;0;0;0;0;0;0;1;0;0;0
22/11/2021;17:58:00;348;Sem vítima;398,900;BR-101/ES;Crescente;Colisão traseira;0;0;0;0;0;0;0;0;0;1;1;0;0;0;0
22/11/2021;19:09:00;363;Sem vítima;270,000;BR-101/ES;Decrescente;Saída de pista;1;0;0;0;0;0;0;0;0;0;1;0;0;0;0
23/11/2021;09:51:00;147;Com vítima;229,100;BR-101/ES;Crescente;Atropelamento de ciclista;1;1;0;0;0;0;0;0;0;0;1;0;1;0;0
23/11/2021;10:10:00;155;Sem vítima;126,300;BR-101/ES;Crescente;Engavetamento;1;0;0;0;0;0;0;0;0;0;1;0;0;0;0
23/11/2021;12:55:00;235;Com vítima;127,000;BR-101/ES;Crescente;Atropelamento de pedestre;1;0;0;0;0;0;0;0;0;0;1;1;0;0;0
23/11/2021;14:02:00;256;Com vítima;353,600;BR-101/ES;Crescente;Colisão lateral no mesmo sentido;2;0;0;0;0;0;0;0;0;0;1;1;0;0;0
23/11/2021;18:01:00;329;Sem vítima;283,000;BR-101/ES;Crescente;Colisão traseira;1;0;0;0;0;0;0;0;0;0;2;0;0;0;0
24/11/2021;06:34:00;70;Sem vítima;148,000;BR-101/ES;Crescente;Colisão transversal;1;0;1;0;0;0;0;0;0;0;1;0;0;0;0
24/11/2021;07:06:00;76;Com vítima;331,000;BR-101/ES;Decrescente;Queda de moto;0;0;0;1;0;0;0;0;0;0;0;0;2;0;0
24/11/2021;10:11:00;142;Com vítima;290,000;BR-101/ES;Crescente;Colisão lateral no mesmo sentido;0;0;0;1;0;0;0;0;0;1;1;0;1;0;0
24/11/2021;11:24:00;178;Com vítima;362,000;BR-101/ES;Crescente;Colisão lateral no mesmo sentido;0;0;1;0;0;0;0;0;0;0;1;0;0;0;0
24/11/2021;17:54:00;296;Sem vítima;296,000;BR-101/ES;Decrescente;Colisão traseira;1;0;2;0;0;0;0;0;0;0;2;0;0;0;0
24/11/2021;18:59:00;306;Sem vítima;296,000;BR-101/ES;Decrescente;Colisão lateral no mesmo sentido;0;0;1;0;0;0;0;0;0;1;3;0;0;0;0
25/11/2021;07:15:00;104;Com vítima;269,600;BR-101/ES;Decrescente;Colisão transversal;1;0;2;1;0;0;0;0;0;0;2;1;0;0;0
25/11/2021;07:46:00;115;Com vítima;292,100;BR-101/ES;Decrescente;Atropelamento de pedestre;0;0;0;1;0;0;0;0;0;0;0;0;0;1;0
25/11/2021;12:54:00;231;Sem vítima;285,600;BR-101/ES;Decrescente;Colisão traseira;1;0;1;0;0;0;0;0;0;0;2;0;0;0;0
25/11/2021;13:45:00;247;Com vítima;270,000;BR-101/ES;Crescente;Atropelamento de pedestre;0;0;0;0;0;0;0;0;0;0;0;0;1;0;0
25/11/2021;14:01:00;256;Sem vítima;145,000;BR-101/ES;Decrescente;Engavetamento;2;0;0;0;0;0;0;0;0;1;2;0;0;0;0
25/11/2021;14:06:00;257;Sem vítima;33,000;BR-101/ES;Crescente;Colisão transversal;1;0;0;0;0;0;0;0;0;1;2;0;0;0;0
25/11/2021;15:55:00;281;Com vítima;294,500;BR-101/ES;Crescente;Choque;1;0;0;0;0;0;0;0;0;1;2;0;1;0;0
25/11/2021;17:27:00;308;Com vítima;270,500;BR-101/ES;Decrescente;Atropelamento de ciclista;0;1;0;0;1;0;0;0;0;0;1;0;1;0;0
25/11/2021;19:09:00;330;Com vítima;282,900;BR-101/ES;Decrescente;Queda de moto;0;0;0;1;0;0;0;0;0;0;0;2;0;0;0
25/11/2021;20:28:00;344;Com vítima;167,800;BR-101/ES;Decrescente;Colisão transversal;0;0;0;1;0;0;0;0;0;1;1;1;0;1;0
26/11/2021;03:39:00;51;Sem vítima;320,800;BR-101/ES;Decrescente;Choque;0;0;2;0;0;0;0;0;0;0;1;0;0;0;0
26/11/2021;06:47:00;100;Sem vítima;281,000;BR-101/ES;Crescente;Choque;1;0;0;0;0;0;0;0;0;0;1;0;0;0;0
26/11/2021;07:03:00;109;Sem vítima;281,000;BR-101/ES;Crescente;Choque;1;0;0;0;0;0;0;0;0;0;1;0;0;0;0