data;horario;n_da_ocorrencia;tipo_de_ocorrencia;km;trecho;sentido;tipo_de_acidente;automovel;bicicleta;caminhao;moto;onibus;outros;tracao_animal;transporte_de_cargas_especiais;trator_maquinas;utilitarios;ilesos;levemente_feridos;moderadamente_feridos;gravemente_feridos;mortos
26/11/2021;09:05:00;160;Com vítima;269,500;BR-101/ES;Crescente;Colisão lateral no mesmo sentido;1;0;0;1;0;0;0;0;0;0;0;0;1;0;0
26/11/2021;10:31:00;193;Com vítima;130,000;BR-101/ES;Decrescente;Engavetamento;1;0;0;0;0;0;0;0;0;0;0;1;0;0;0
26/11/2021;10:57:00;215;Sem vítima;293,000;BR-101/ES;Crescente;Colisão traseira;0;0;2;0;0;0;0;0;0;0;1;0;0;0;0
26/11/2021;12:32:00;256;Sem vítima;346,500;BR-101/ES;Crescente;Choque;0;0;0;0;0;0;0;0;0;1;1;0;0;0;0
26/11/2021;12:39:00;261;Sem vítima;242,000;BR-101/ES;Crescente;Colisão traseira;0;0;0;0;0;0;0;0;0;1;1;0;0;0;0
26/11/2021;13:33:00;282;Sem vítima;310,700;BR-101/ES;Decrescente;Choque;1;0;0;0;0;0;0;0;0;0;1;0;0;0;0
26/11/2021;21:20:00;402;Sem vítima;372,000;BR-101/ES;Crescente;Saída de pista;1;0;2;0;0;0;0;0;0;0;2;0;0;0;0
26/11/2021;21:55:00;409;Sem vítima;264,000;BR-101/ES;Crescente;Colisão traseira;0;0;2;0;0;0;0;0;0;0;1;0;0;0;0
26/11/2021;22:07:00;413;Com vítima;230,000;BR-101/ES;Decrescente;Atropelamento de animal;0;0;0;1;0;0;0;0;0;0;1;0;0;0;0
27/11/2021;05:37:00;61;Sem vítima;371,300;BR-101/ES;Decrescente;Colisão traseira;0;0;1;0;0;0;0;0;0;0;1;0;0;0;0
27/11/2021;07:09:00;89;Sem vítima;126,000;BR-101/ES;Crescente;Colisão traseira;0;0;3;0;0;0;0;0;0;0;1;0;0;0;0
27/11/2021;09:24:00;125;Sem vítima;289,000;BR-101/ES;Crescente;Choque;1;0;0;0;0;0;0;0;0;0;1;0;0;0;0
27/11/2021;12:30:00;192;Com vítima;127,000;BR-101/ES;Crescente;Colisão transversal;0;0;0;1;0;0;0;0;0;1;1;1;1;0;0
27/11/2021;14:41:00;232;Com vítima;296,300;BR-101/ES;Crescente;Colisão traseira;1;0;0;1;0;0;0;0;0;0;0;0;1;0;0
27/11/2021;17:10:00;277;Com vítima;269,500;BR-101/ES;Decrescente;Atropelamento de ciclista;1;1;0;0;0;0;0;0;0;0;1;0;1;0;0
27/11/2021;19:39:00;301;Com vítima;142,000;BR-101/ES;Crescente;Queda de moto;0;0;0;1;0;0;0;0;0;0;0;1;0;0;0
28/11/2021;00:19:00;5;Sem vítima;247,000;BR-101/ES;Decrescente;Atropelamento de animal;1;0;0;0;0;0;0;0;0;0;1;0;0;0;0
28/11/2021;02:52:00;39;Sem vítima;294,000;BR-101/ES;Crescente;Choque;1;0;0;0;0;0;0;0;0;0;1;0;0;0;0
28/11/2021;05:56:00;67;Sem vítima;287,500;BR-101/ES;Crescente;Saída de pista;1;0;0;0;0;0;0;0;0;0;1;0;0;0;0
28/11/2021;07:13:00;76;Com vítima;262,000;BR-101/ES;Crescente;Colisão traseira;1;0;0;0;0;0;0;0;0;0;1;0;0;0;0
28/11/2021;10:21:00;119;Sem vítima;6,000;Contorno de Iconha/ES;Decrescente;Saída de pista;1;0;0;0;0;0;0;0;0;0;2;0;0;0;0
28/11/2021;12:39:00;172;Sem vítima;255,500;BR-101/ES;Crescente;Colisão lateral no mesmo sentido;1;0;1;0;0;0;0;0;0;0;3;0;0;0;0
28/11/2021;13:31:00;193;Com vítima;273,000;BR-101/ES;Decrescente;Choque;1;0;0;0;0;0;0;0;0;0;1;0;1;0;0
28/11/2021;15:17:00;231;Sem vítima;267,000;BR-101/ES;Decrescente;Colisão traseira;2;0;0;0;0;0;0;0;0;0;1;0;0;0;0
28/11/2021;15:22:00;234;Com vítima;381,000;BR-101/ES;Crescente;Choque;0;0;0;0;0;0;0;0;0;1;0;0;1;0;0
28/11/2021;15:42:00;241;Sem vítima;161,000;BR-101/ES;Crescente;Choque;1;0;0;0;0;0;0;0;0;0;1;0;0;0;0
28/11/2021;16:14:00;248;Sem vítima;294,000;BR-101/ES;Decrescente;Colisão traseira;2;0;0;0;0;0;0;0;0;0;1;0;0;0;0
28/11/2021;17:43:00;270;Com vítima;144,000;BR-101/ES;Crescente;Queda de moto;0;0;0;1;0;0;0;0;0;0;0;1;0;0;0
28/11/2021;19:12:00;292;Sem vítima;137,000;BR-101/ES;Crescente;Choque;1;0;0;0;0;0;0;0;0;0;2;0;0;0;0
28/11/2021;19:36:00;299;Com vítima;98,600;BR-101/ES;Crescente;Colisão frontal;1;0;0;0;0;0;0;0;0;0;0;0;0;1;0
28/11/2021;22:59:00;342;Com vítima;158,000;BR-101/ES;Decrescente;Colisão traseira;1;0;1;0;0;0;0;0;0;0;3;0;0;0;0
29/11/2021;03:56:00;60;Com vítima;293,000;BR-101/ES;Crescente;Queda de moto;0;0;0;1;0;0;0;0;0;0;0;1;0;0;0
29/11/2021;06:32:00;91;Com vítima;299,200;BR-101/ES;Decrescente;Colisão traseira;0;0;0;1;1;0;0;0;0;0;1;0;1;0;0
29/11/2021;07:01:00;95;Sem vítima;80,500;BR-101/ES;Decrescente;Capotamento;1;0;0;0;0;0;0;0;0;0;1;0;0;0;0
29/11/2021;09:28:00;136;Sem vítima;297,800;BR-101/ES;Crescente;Colisão traseira;1;0;1;0;0;0;0;0;0;0;2;0;0;0;0
29/11/2021;09:40:00;143;Sem vítima;380,000;BR-101/ES;Crescente;Colisão lateral no mesmo sentido;0;0;0;0;0;0;0;0;0;1;2;0;0;0;0
29/11/2021;10:06:00;153;Sem vítima;387,000;BR-101/ES;Crescente;Choque;1;0;0;0;0;0;0;0;0;0;1;0;0;0;0
29/11/2021;10:12:00;155;Sem vítima;267,000;BR-101/ES;Crescente;Colisão traseira;2;0;0;0;0;0;0;0;0;0;2;0;0;0;0
29/11/2021;12:54:00;234;Sem vítima;268,000;BR-101/ES;Crescente;Colisão lateral no mesmo sentido;1;0;1;0;0;0;0;0;0;0;5;0;0;0;0
29/11/2021;13:02:00;238;Sem vítima;264,900;BR-101/ES;Decrescente;Choque;1;0;0;0;0;0;0;0;0;0;1;0;0;0;0
29/11/2021;16:18:00;287;Sem vítima;264,900;BR-101/ES;Crescente;Engavetamento;2;0;0;0;0;1;0;0;0;0;2;0;0;0;0
29/11/2021;16:19:00;288;Sem vítima;270,400;BR-101/ES;Crescente;Colisão traseira;1;0;1;0;0;0;0;0;0;0;1;0;0;0;0
29/11/2021;17:45:00;320;Com vítima;267,900;BR-101/ES;Decrescente;Colisão lateral no mesmo sentido;1;0;0;1;0;0;0;0;0;0;1;1;0;0;0
30/11/2021;02:24:00;39;Sem vítima;371,000;BR-101/ES;Decrescente;Choque;0;0;0;0;0;0;0;0;0;1;1;0;0;0;0
30/11/2021;06:27:00;87;Com vítima;278,500;BR-101/ES;Decrescente;Queda de moto;0;0;0;1;0;0;0;0;0;0;0;1;0;0;0
30/11/2021;07:33:00;101;Sem vítima;61,000;BR-101/ES;Decrescente;Colisão traseira;1;0;0;1;0;0;0;0;0;0;3;0;0;0;0
30/11/2021;08:50:00;121;Sem vítima;370,500;BR-101/ES;Crescente;Colisão transversal;1;0;1;0;0;0;0;0;0;0;5;0;0;0;0
30/11/2021;09:16:00;133;Com vítima;146,600;BR-101/ES;Crescente;Atropelamento de ciclista;0;1;2;0;0;0;0;0;0;0;0;2;0;0;0
30/11/2021;10:54:00;180;Com vítima;127,000;BR-101/ES;Crescente;Colisão lateral no mesmo sentido;0;0;0;1;0;0;0;0;0;1;1;1;0;0;0
30/11/2021;14:08:00;251;Sem vítima;127,000;BR-101/ES;Crescente;Colisão traseira;1;0;1;0;0;0;0;0;0;0;1;0;0;0;0
30/11/2021;21:41:00;386;Sem vítima;253,000;BR-101/ES;Decrescente;Saída de pista;0;0;2;0;0;0;0;0;0;0;1;0;0;0;0
01/12/2021;01:43:00;6;Com vítima;366,000;BR-101/ES;Decrescente;Queda de moto;0;0;0;1;0;0;0;0;0;0;0;1;0;0;0
01/12/2021;02:25:00;13;Sem vítima;242,000;BR-101/ES;Crescente;Colisão traseira;0;0;1;0;0;0;0;0;0;0;1;0;0;0;0
01/12/2021;05:44:00;22;Com vítima;284,000;BR-101/ES;Decrescente;Saída de pista;1;0;0;0;0;0;0;0;0;0;0;0;1;0;0
01/12/2021;06:07:00;26;Sem vítima;171,000;BR-101/ES;Decrescente;Colisão traseira;0;0;1;0;0;0;0;0;0;0;1;0;0;0;0
01/12/2021;06:45:00;30;Com vítima;266,000;BR-101/ES;Crescente;Colisão traseira;0;0;0;1;0;0;0;0;0;0;0;0;1;0;0
01/12/2021;07:38:00;40;Sem vítima;272,000;BR-101/ES;Crescente;Saída de pista;1;0;0;0;0;0;0;0;0;0;1;0;0;0;0
01/12/2021;07:56:00;43;Sem vítima;267,000;BR-101/ES;Crescente;Colisão lateral no mesmo sentido;1;0;0;1;0;0;0;0;0;0;2;0;0;0;0
01/12/2021;10:13:00;73;Sem vítima;123,000;BR-101/ES;Decrescente;Colisão traseira;1;0;1;0;0;0;0;0;0;0;1;0;0;0;0
01/12/2021;12:33:00;97;Com vítima;438,000;BR-101/ES;Crescente;Colisão transversal;0;0;0;1;0;1;0;0;0;0;1;0;1;0;0
01/12/2021;13:21:00;104;Sem vítima;242,000;BR-101/ES;Decrescente;Queda de moto;0;0;0;1;0;0;0;0;0;0;1;0;0;0;0
01/12/2021;19:58:00;178;Com vítima;253,000;BR-101/ES;Crescente;Saída de pista;0;0;1;0;0;0;0;0;0;0;0;0;1;0;0
01/12/2021;23:31:00;197;Sem vítima;264,000;BR-101/ES;Decrescente;Acidentes de outra natureza;1;0;0;0;0;0;0;0;0;0;2;0;0;0;0
02/12/2021;04:32:00;14;Sem vítima;413,000;BR-101/ES;Crescente;Saída de pista;0;0;1;0;0;0;0;0;0;0;1;0;0;0;0
02/12/2021;09:48:00;76;Com vítima;330,000;BR-101/ES;Decrescente;Colisão traseira;0;0;0;2;0;0;0;0;0;0;0;0;2;0;0
02/12/2021;09:53:00;77;Sem vítima;359,000;BR-101/ES;Crescente;Colisão traseira;2;0;0;0;0;0;0;0;0;0;2;0;0;0;0
02/12/2021;11:40:00;92;Sem vítima;357,000;BR-101/ES;Decrescente;Colisão traseira;1;0;1;0;0;0;0;0;0;0;3;0;0;0;0
02/12/2021;11:49:00;94;Sem vítima;370,005;BR-101/ES;Crescente;Colisão traseira;2;0;0;0;0;0;0;0;0;0;2;0;0;0;0
02/12/2021;12:06:00;96;Sem vítima;279,000;BR-101/ES;Crescente;Colisão traseira;0;0;1;0;0;1;0;0;0;0;2;0;0;0;0
02/12/2021;16:16:00;126;Com vítima;86,006;BR-101/ES;Decrescente;Colisão traseira;1;0;0;0;0;0;0;0;0;0;1;0;0;0;0
02/12/2021;17:55:00;144;Com vítima;291,000;BR-101/ES;Decrescente;Colisão traseira;2;0;0;1;0;1;0;0;0;0;2;0;2;0;0
02/12/2021;20:05:00;169;Sem vítima;278,300;BR-101/ES;Decrescente;Saída de pista;0;0;0;1;0;1;0;0;0;0;2;0;0;0;0
02/12/2021;22:57:00;183;Com vítima;277,700;BR-101/ES;Decrescente;Capotamento;1;0;0;0;0;0;0;0;0;0;0;1;0;0;0
03/12/2021;02:25:00;10;Com vítima;413,700;BR-101/ES;Crescente;Saída de pista;1;0;0;0;0;0;0;0;0;0;0;0;1;0;0
03/12/2021;12:20:00;114;Com vítima;70,000;BR-101/ES;Decrescente;Colisão transversal;2;0;0;0;0;0;0;0;0;0;1;1;0;0;0
03/12/2021;15:02:00;137;Sem vítima;108,000;BR-101/ES;Crescente;Colisão traseira;1;0;0;0;0;0;0;0;0;0;1;0;0;0;0
03/12/2021;15:07:00;139;Sem vítima;201,200;BR-101/ES;Crescente;Colisão traseira;2;0;0;0;0;0;0;0;0;0;3;0;0;0;0
03/12/2021;15:13:00;142;Sem vítima;209,000;BR-101/ES;Decrescente;Colisão traseira;2;0;0;0;0;0;0;0;0;0;2;0;0;0;0
03/12/2021;15:26:00;146;Sem vítima;368,000;BR-101/ES;Crescente;Capotamento;1;0;0;0;0;0;0;0;0;0;1;0;0;0;0
03/12/2021;16:10:00;152;Com vítima;283,000;BR-101/ES;Decrescente;Colisão lateral no mesmo sentido;2;0;0;0;0;0;0;0;0;0;2;0;1;0;0
03/12/2021;19:13:00;185;Sem vítima;61,000;BR-101/ES;Decrescente;Colisão traseira;1;0;0;0;0;0;0;0;0;0;1;0;0;0;0
03/12/2021;19:21:00;184;Com vítima;69,000;BR-101/ES;Crescente;Colisão traseira;0;0;0;2;0;0;0;0;0;0;0;2;1;0;0
03/12/2021;19:25:00;187;Sem vítima;209,000;BR-101/ES;Decrescente;Colisão traseira;1;0;0;0;0;2;0;0;0;0;2;0;0;0;0
03/12/2021;20:15:00;198;Com vítima;80,000;BR-101/ES;Crescente;Queda de moto;0;0;0;1;0;0;0;0;0;0;0;1;0;0;0
03/12/2021;20:55:00;202;Sem vítima;254,600;BR-101/ES;Crescente;Colisão traseira;1;0;1;0;0;0;0;0;0;0;2;0;0;0;0
03/12/2021;21:06:00;203;Sem vítima;137,800;BR-101/ES;Crescente;Colisão frontal;1;0;1;0;0;0;0;0;0;0;3;0;0;0;0
03/12/2021;22:47:00;222;Com vítima;297,000;BR-101/ES;Crescente;Choque;0;0;0;1;0;0;0;0;0;0;0;0;1;0;0
03/12/2021;22:54:00;224;Sem vítima;119,000;BR-101/ES;Decrescente;Saída de pista;1;0;0;0;0;0;0;0;0;0;2;0;0;0;0
04/12/2021;01:09:00;6;Sem vítima;26,000;BR-101/ES;Crescente;Colisão traseira;1;0;0;0;0;2;0;0;0;0;1;0;0;0;0
04/12/2021;02:43:00;7;Com vítima;390,800;BR-101/ES;Crescente;Saída de pista;1;0;0;0;0;0;0;0;0;0;0;1;0;0;0
04/12/2021;09:04:00;56;Com vítima;250,900;BR-101/ES;Crescente;Colisão traseira;1;0;0;0;0;0;0;0;0;0;1;1;0;0;0
04/12/2021;11:11:00;75;Sem vítima;66,000;BR-101/ES;Decrescente;Colisão lateral no mesmo sentido;1;0;1;0;0;0;0;0;0;0;3;0;0;0;0
04/12/2021;12:14:00;87;Com vítima;68,000;BR-101/ES;Decrescente;Queda de moto;1;0;0;0;0;0;0;0;0;0;0;0;1;0;0
04/12/2021;15:50:00;128;Com vítima;271,005;BR-101/ES;Decrescente;Atropelamento de pedestre;0;0;0;0;0;0;0;0;0;0;0;0;1;0;0
04/12/2021;22:28:00;180;Sem vítima;145,000;BR-101/ES;Crescente;Saída de pista;1;0;0;0;0;0;0;0;0;0;1;0;0;0;0
04/12/2021;22:47:00;182;Com vítima;371,000;BR-101/ES;Crescente;Queda de moto;0;0;0;1;0;0;0;0;0;0;0;0;1;0;0
04/12/2021;23:07:00;185;Com vítima;371,800;BR-101/ES;Crescente;Atropelamento de ciclista;0;1;0;0;0;0;0;0;0;0;0;0;0;0;1
05/12/2021;01:24:00;4;Sem vítima;173,000;BR-101/ES;Decrescente;Queda de moto;0;0;0;1;0;0;0;0;0;0;1;0;0;0;0
05/12/2021;02:36:00;8;Com vítima;293,800;BR-101/ES;Decrescente;Capotamento;1;0;0;0;0;0;0;0;0;0;0;2;0;0;0
05/12/2021;03:15:00;13;Sem vítima;145,000;BR-101/ES;Decrescente;Colisão traseira;2;0;0;0;0;0;0;0;0;0;3;0;0;0;0
05/12/2021;05:13:00;18;Sem vítima;315,500;BR-101/ES;Decrescente;Choque;1;0;0;0;0;0;0;0;0;0;3;0;0;0;0
05/12/2021;16:40:00;130;Com vítima;383,900;BR-101/ES;Crescente;Colisão traseira;1;0;0;0;0;1;0;0;0;0;1;2;0;0;0
05/12/2021;19:47:00;157;Com vítima;265,000;BR-101/ES;Decrescente;Colisão lateral no mesmo sentido;1;0;0;1;0;0;0;0;0;0;1;0;1;0;0
06/12/2021;06:04:00;20;Sem vítima;398,000;BR-101/ES;Crescente;Choque;1;0;0;0;0;0;0;0;0;0;1;0;0;0;0
06/12/2021;07:12:00;32;Sem vítima;368,500;BR-101/ES;Decrescente;Choque;1;0;0;0;0;0;0;0;0;0;1;0;0;0;0
06/12/2021;07:21:00;36;Sem vítima;270,000;BR-101/ES;Decrescente;Colisão traseira;2;0;0;0;0;1;0;0;0;0;3;0;0;0;0
06/12/2021;08:27:00;51;Com vítima;284,000;BR-101/ES;Decrescente;Queda de moto;0;0;0;1;0;0;0;0;0;0;0;0;2;0;0
06/12/2021;13:36:00;99;Sem vítima;274,000;BR-101/ES;Crescente;Queda de moto;1;0;0;0;0;0;0;0;0;0;1;0;0;0;0
06/12/2021;14:09:00;103;Sem vítima;359,000;BR-101/ES;Crescente;Choque;1;0;0;0;0;0;0;0;0;0;1;0;0;0;0
06/12/2021;15:58:00;124;Sem vítima;265,000;BR-101/ES;Decrescente;Colisão traseira;1;0;0;0;0;0;0;0;0;1;2;0;0;0;0
06/12/2021;17:24:00;133;Sem vítima;285,000;BR-101/ES;Crescente;Acidentes de outra natureza;1;0;0;0;0;0;0;0;0;0;1;0;0;0;0
06/12/2021;19:53:00;154;Sem vítima;271,500;BR-101/ES;Crescente;Colisão traseira;1;0;0;0;0;0;0;0;0;0;0;0;0;0;0
06/12/2021;20:18:00;156;Sem vítima;270,150;BR-101/ES;Decrescente;Colisão lateral no mesmo sentido;1;0;0;0;0;2;0;0;0;0;2;0;0;0;0
07/12/2021;04:25:00;13;Com vítima;274,900;BR-101/ES;Crescente;Atropelamento de animal;1;0;1;0;0;0;0;0;0;0;3;0;0;0;0
07/12/2021;06:13:00;23;Com vítima;277,000;BR-101/ES;Decrescente;Colisão transversal;0;0;1;0;0;1;0;0;0;0;0;0;2;0;0
07/12/2021;10:49:00;72;Sem vítima;264,800;BR-101/ES;Crescente;Saída de pista;1;0;0;0;0;0;0;0;0;0;1;0;0;0;0
07/12/2021;11:22:00;81;Com vítima;347,000;BR-101/ES;Decrescente;Colisão traseira;2;0;1;0;0;0;0;0;0;0;3;1;1;0;0
07/12/2021;12:13:00;91;Sem vítima;440,000;BR-101/ES;Crescente;Saída de pista;1;0;0;0;0;0;0;0;0;0;1;0;0;0;0
07/12/2021;12:17:00;93;Sem vítima;206,000;BR-101/ES;Decrescente;Saída de pista;1;0;0;0;0;0;0;0;0;0;1;0;0;0;0
07/12/2021;12:40:00;99;Sem vítima;144,000;BR-101/ES;Crescente;Saída de pista;1;0;0;0;0;0;0;0;0;0;1;0;0;0;0
07/12/2021;13:23:00;109;Com vítima;264,000;BR-101/ES;Crescente;Colisão traseira;2;0;0;0;0;0;0;0;0;0;2;1;0;0;0
07/12/2021;16:05:00;132;Sem vítima;286,000;BR-101/ES;Decrescente;Saída de pista;1;0;0;0;0;0;0;0;0;0;1;0;0;0;0
07/12/2021;16:32:00;135;Com vítima;422,000;BR-101/ES;Crescente;Saída de pista;1;0;0;0;0;0;0;0;0;0;0;1;0;0;0
07/12/2021;18:17:00;151;Com vítima;320,800;BR-101/ES;Crescente;Atropelamento de animal;1;0;0;0;0;0;0;0;0;0;0;0;1;0;0
08/12/2021;03:09:00;11;Com vítima;299,000;BR-101/ES;Crescente;Queda de bicicleta;0;1;0;0;0;0;0;0;0;0;0;1;0;0;0
08/12/2021;11:23:00;71;Sem vítima;288,004;BR-101/ES;Decrescente;Choque;1;0;0;0;0;0;0;0;0;0;1;0;0;0;0
08/12/2021;12:14:00;78;Sem vítima;68,000;BR-101/ES;Decrescente;Colisão traseira;1;0;1;0;0;0;0;0;0;0;4;0;0;0;0
08/12/2021;15:18:00;118;Com vítima;270,003;BR-101/ES;Crescente;Colisão traseira;0;0;0;1;0;1;0;0;0;0;1;1;0;0;0
08/12/2021;20:12:00;168;Sem vítima;258,400;BR-101/ES;Crescente;Colisão traseira;0;0;1;0;0;1;0;0;0;0;2;0;0;0;0
08/12/2021;20:34:00;173;Com vítima;258,400;BR-101/ES;Crescente;Saída de pista;1;0;0;0;0;0;0;0;0;0;0;0;1;0;0
08/12/2021;22:15:00;184;Com vítima;270,500;BR-101/ES;Decrescente;Colisão traseira;1;0;0;0;0;1;0;0;0;0;3;0;0;0;0
08/12/2021;23:16:00;188;Com vítima;143,100;BR-101/ES;Decrescente;Acidentes de outra natureza;0;0;0;1;0;0;0;0;0;0;0;0;0;0;1
09/12/2021;06:28:00;16;Sem vítima;371,009;BR-101/ES;Crescente;Saída de pista;1;0;0;0;0;0;0;0;0;0;1;0;0;0;0
09/12/2021;10:25:00;58;Com vítima;299,000;BR-101/ES;Crescente;Queda de moto;0;0;0;1;0;0;0;0;0;0;0;1;0;0;0
09/12/2021;14:05:00;99;Sem vítima;184,000;BR-101/ES;Crescente;Colisão traseira;2;0;0;0;0;0;0;0;0;0;2;0;0;0;0
09/12/2021;16:45:00;139;Sem vítima;271,000;BR-101/ES;Crescente;Colisão traseira;0;0;0;1;0;1;0;0;0;0;2;0;0;0;0
09/12/2021;19:04:00;156;Sem vítima;317,200;BR-101/ES;Decrescente;Colisão traseira;2;0;1;0;0;0;0;0;0;0;4;0;0;0;0
09/12/2021;19:26:00;159;Com vítima;955,500;BR-101/ES;Decrescente;Atropelamento de pedestre;0;0;0;0;0;0;0;0;0;0;0;0;0;0;1
10/12/2021;00:39:00;3;Sem vítima;273,000;BR-101/ES;Crescente;Tombamento;0;0;1;0;0;0;0;0;0;0;1;0;0;0;0
10/12/2021;08:16:00;51;Com vítima;276,000;BR-101/ES;Crescente;Saída de pista;1;0;0;0;0;0;0;0;0;0;0;0;1;0;0
10/12/2021;09:47:00;76;Sem vítima;123,700;BR-101/ES;Crescente;Engavetamento;0;0;2;0;0;1;0;0;0;0;5;0;0;0;0
10/12/2021;09:47:00;78;Com vítima;956,000;BR-101/ES;Decrescente;Tombamento;0;0;1;0;0;0;0;0;0;0;0;0;1;0;0
10/12/2021;11:02:00;93;Sem vítima;241,000;BR-101/ES;Decrescente;Choque;1;0;0;0;0;0;0;0;0;0;1;0;0;0;0
10/12/2021;13:08:00;111;Com vítima;237,000;BR-101/ES;Crescente;Colisão lateral no mesmo sentido;0;0;0;1;0;1;0;0;0;0;1;0;0;1;0
10/12/2021;14:06:00;127;Com vítima;123,900;BR-101/ES;Decrescente;Engavetamento;0;0;1;0;0;1;0;0;0;0;1;0;0;0;1
10/12/2021;17:28:00;157;Sem vítima;354,000;BR-101/ES;Crescente;Saída de pista;0;0;1;0;0;0;0;0;0;0;2;0;0;0;0
10/12/2021;18:42:00;165;Sem vítima;148,000;BR-101/ES;Crescente;Colisão transversal;1;0;0;0;0;0;0;0;0;0;1;0;0;0;0
10/12/2021;21:24:00;196;Sem vítima;130,000;BR-101/ES;Crescente;Colisão lateral no mesmo sentido;0;0;1;0;0;1;0;0;0;0;3;0;0;0;0
10/12/2021;22:55:00;207;Com vítima;289,000;BR-101/ES;Decrescente;Atropelamento de animal;1;0;0;0;0;0;0;0;0;0;0;0;1;0;0
11/12/2021;00:01:00;1;Com vítima;35,000;BR-101/ES;Crescente;Atropelamento de animal;1;0;0;0;0;0;0;0;0;0;0;0;1;0;0
11/12/2021;10:04:00;73;Sem vítima;265,000;BR-101/ES;Crescente;Colisão traseira;2;0;0;0;0;0;0;0;0;0;2;0;0;0;0
11/12/2021;11:58:00;91;Sem vítima;269,000;BR-101/ES;Crescente;Engavetamento;2;0;0;0;0;0;0;0;0;0;4;0;0;0;0
11/12/2021;12:42:00;100;Com vítima;164,000;BR-101/ES;Crescente;Atropelamento de ciclista;0;1;0;0;0;1;0;0;0;0;1;1;0;0;0
11/12/2021;15:44:00;142;Sem vítima;42,000;BR-101/ES;Crescente;Colisão lateral no mesmo sentido;1;0;0;0;0;0;0;0;0;0;3;0;0;0;0
11/12/2021;21:51:00;191;Sem vítima;268,000;BR-101/ES;Decrescente;Colisão traseira;2;0;0;0;0;0;0;0;0;0;4;0;0;0;0
11/12/2021;22:52:00;199;Sem vítima;89,000;BR-101/ES;Crescente;Saída de pista;0;0;1;0;0;0;0;0;0;0;1;0;0;0;0
12/12/2021;11:40:00;82;Sem vítima;422,003;BR-101/ES;Crescente;Choque;1;0;0;0;0;0;0;0;0;0;1;0;0;0;0
12/12/2021;14:10:00;113;Com vítima;248,005;BR-101/ES;Crescente;Colisão traseira;1;0;0;1;0;0;0;0;0;0;1;0;1;0;0
12/12/2021;15:37:00;138;Sem vítima;298,000;BR-101/ES;Crescente;Colisão transversal;2;0;0;0;0;0;0;0;0;0;2;0;0;0;0
12/12/2021;17:37:00;167;Com vítima;371,400;BR-101/ES;Decrescente;Atropelamento de pedestre;1;0;0;0;0;0;0;0;0;0;0;0;1;0;2
12/12/2021;18:42:00;174;Com vítima;260,300;BR-101/ES;Decrescente;Colisão traseira;1;0;0;1;0;0;0;0;0;0;2;1;1;0;0
12/12/2021;23:38:00;207;Com vítima;393,000;BR-101/ES;Crescente;Queda de moto;0;0;0;1;0;0;0;0;0;0;0;2;0;0;0
13/12/2021;10:07:00;76;Sem vítima;257,000;BR-101/ES;Decrescente;Colisão traseira;2;0;0;0;0;0;0;0;0;0;3;0;0;0;0
13/12/2021;10:12:00;77;Com vítima;270,000;BR-101/ES;Decrescente;Atropelamento de pedestre;1;0;0;0;0;0;0;0;0;0;1;0;1;0;0
13/12/2021;10:50:00;81;Sem vítima;146,000;BR-101/ES;Crescente;Colisão traseira;1;0;0;1;0;0;0;0;0;0;2;0;0;0;0
13/12/2021;11:57:00;99;Com vítima;394,000;BR-101/ES;Decrescente;Colisão lateral em sentido contrário;2;0;0;0;0;0;0;0;0;0;0;4;0;0;0
13/12/2021;15:09:00;134;Com vítima;347,200;BR-101/ES;Decrescente;Colisão lateral em sentido contrário;1;0;0;0;0;2;0;0;0;0;1;2;0;0;0
13/12/2021;19:09:00;184;Sem vítima;452,000;BR-101/ES;Decrescente;Atropelamento de animal;0;0;0;0;0;0;0;0;0;0;0;0;0;0;0
13/12/2021;20:41:00;198;Com vítima;265,400;BR-101/ES;Crescente;Atropelamento de pedestre;1;0;0;0;0;0;0;0;0;0;1;0;0;1;0
13/12/2021;20:50:00;199;Sem vítima;447,000;BR-101/ES;Crescente;Colisão lateral em sentido contrário;1;0;0;0;0;1;0;0;0;0;2;0;0;0;0
14/12/2021;06:17:00;23;Sem vítima;347,000;BR-101/ES;Decrescente;Colisão lateral em sentido contrário;0;0;0;0;0;1;0;0;0;0;1;0;0;0;0
14/12/2021;08:34:00;57;Sem vítima;282,000;BR-101/ES;Decrescente;Colisão frontal;2;0;0;0;0;0;0;0;0;0;2;0;0;0;0
14/12/2021;09:26:00;72;Com vítima;293,000;BR-101/ES;Decrescente;Queda de moto;0;0;0;1;0;0;0;0;0;0;0;1;0;0;0
14/12/2021;13:20:00;116;Sem vítima;294,000;BR-101/ES;Decrescente;Engavetamento;3;0;0;0;0;0;0;0;0;0;6;0;0;0;0
14/12/2021;15:02:00;133;Sem vítima;341,000;BR-101/ES;Decrescente;Colisão lateral em sentido contrário;2;0;0;0;0;1;0;0;0;0;4;0;0;0;0
14/12/2021;19:25:00;177;Com vítima;298,800;BR-101/ES;Crescente;Atropelamento de ciclista;0;1;0;0;0;0;0;0;0;0;0;1;0;0;0
15/12/2021;07:01:00;24;Sem vítima;269,000;BR-101/ES;Decrescente;Colisão traseira;1;0;0;1;0;0;0;0;0;0;2;0;0;0;0