data;horario;n_da_ocorrencia;tipo_de_ocorrencia;km;trecho;sentido;tipo_de_acidente;automovel;bicicleta;caminhao;moto;onibus;outros;tracao_animal;transporte_de_cargas_especiais;trator_maquinas;utilitarios;ilesos;levemente_feridos;moderadamente_feridos;gravemente_feridos;mortos
15/12/2021;07:08:00;28;Sem vítima;262,000;BR-101/ES;Crescente;Choque;1;0;0;0;0;0;0;0;0;0;1;0;0;0;0
15/12/2021;07:26:00;34;Com vítima;147,000;BR-101/ES;Crescente;Queda de moto;0;0;0;1;0;0;0;0;0;0;0;1;0;0;0
15/12/2021;07:26:00;35;Com vítima;240,000;BR-101/ES;Decrescente;Colisão traseira;1;0;0;1;0;0;0;0;0;0;1;0;1;0;0
15/12/2021;07:44:00;43;Com vítima;266,005;BR-101/ES;Crescente;Colisão lateral no mesmo sentido;1;0;0;1;0;0;0;0;0;0;1;0;1;0;0
15/12/2021;09:31:00;69;Sem vítima;80,000;BR-101/ES;Crescente;Colisão traseira;2;0;0;0;0;0;0;0;0;0;4;0;0;0;0
15/12/2021;09:47:00;74;Sem vítima;289,000;BR-101/ES;Crescente;Choque;1;0;0;0;0;0;0;0;0;0;1;0;0;0;0
15/12/2021;10:53:00;81;Sem vítima;265,000;BR-101/ES;Crescente;Colisão traseira;1;0;0;0;0;0;0;0;0;0;1;0;0;0;0
15/12/2021;11:57:00;98;Sem vítima;382,000;BR-101/ES;Decrescente;Engavetamento;1;0;0;0;0;0;0;0;0;0;1;0;0;0;0
15/12/2021;12:45:00;102;Sem vítima;265,000;BR-101/ES;Crescente;Colisão traseira;1;0;0;0;0;0;0;0;0;0;1;0;0;0;0
15/12/2021;13:57:00;114;Com vítima;68,000;BR-101/ES;Crescente;Engavetamento;3;0;1;0;0;1;0;0;0;0;4;1;0;0;0
15/12/2021;16:37:00;151;Sem vítima;270,000;BR-101/ES;Decrescente;Colisão lateral no mesmo sentido;1;0;0;0;0;0;0;0;0;0;1;0;0;0;0
15/12/2021;16:37:00;152;Com vítima;293,000;BR-101/ES;Decrescente;Queda de moto;0;0;0;1;0;0;0;0;0;0;0;0;1;0;0
15/12/2021;18:54:00;183;Com vítima;316,000;BR-101/ES;Decrescente;Colisão traseira;1;0;0;0;0;1;0;0;0;0;1;1;0;0;0
15/12/2021;19:07:00;186;Com vítima;269,800;BR-101/ES;Crescente;Queda de moto;0;0;0;1;0;0;0;0;0;0;0;1;0;0;0
15/12/2021;20:05:00;195;Com vítima;340,700;BR-101/ES;Crescente;Colisão lateral no mesmo sentido;0;0;0;0;0;2;0;0;0;0;1;1;0;0;0
16/12/2021;01:42:00;9;Sem vítima;266,300;BR-101/ES;Decrescente;Colisão transversal;0;0;0;1;0;1;0;0;0;0;2;0;0;0;0
16/12/2021;02:09:00;11;Com vítima;263,900;BR-101/ES;Decrescente;Choque;0;0;0;1;0;0;0;0;0;0;0;0;0;1;0
16/12/2021;05:56:00;30;Com vítima;189,000;BR-101/ES;Decrescente;Atropelamento de animal;0;0;0;0;0;0;0;0;0;0;0;0;0;0;0
16/12/2021;06:11:00;32;Com vítima;278,000;BR-101/ES;Crescente;Queda de moto;0;0;0;1;0;0;0;0;0;0;0;2;0;0;0
16/12/2021;06:49:00;38;Sem vítima;271,500;BR-101/ES;Crescente;Colisão traseira;0;0;0;1;0;0;0;0;0;0;1;0;0;0;0
16/12/2021;08:56:00;69;Sem vítima;281,000;BR-101/ES;Crescente;Choque;1;0;0;0;0;0;0;0;0;0;1;0;0;0;0
16/12/2021;10:13:00;88;Sem vítima;331,000;BR-101/ES;Crescente;Choque;1;0;0;0;0;0;0;0;0;0;1;0;0;0;0
16/12/2021;11:14:00;99;Sem vítima;234,600;BR-101/ES;Crescente;Colisão traseira;2;0;0;0;0;0;0;0;0;0;2;0;0;0;0
16/12/2021;12:33:00;114;Sem vítima;42,000;BR-101/ES;Crescente;Choque;1;0;0;0;0;0;0;0;0;0;1;0;0;0;0
16/12/2021;13:18:00;121;Com vítima;118,005;BR-101/ES;Crescente;Colisão frontal;1;0;1;0;0;0;0;0;0;0;3;1;0;0;0
16/12/2021;14:21:00;135;Sem vítima;103,000;BR-101/ES;Decrescente;Colisão traseira;1;0;1;0;0;0;0;0;0;0;3;0;0;0;0
16/12/2021;15:58:00;153;Sem vítima;262,500;BR-101/ES;Decrescente;Colisão traseira;2;0;0;0;0;0;0;0;0;0;2;0;0;0;0
16/12/2021;16:21:00;158;Sem vítima;270,000;BR-101/ES;Crescente;Colisão traseira;0;0;0;2;0;0;0;0;0;0;2;0;0;0;0
16/12/2021;16:46:00;165;Com vítima;270,000;BR-101/ES;Crescente;Queda de bicicleta;0;1;0;0;0;0;0;0;0;0;1;0;0;0;0
16/12/2021;16:58:00;168;Sem vítima;272,000;BR-101/ES;Crescente;Colisão transversal;2;0;0;0;0;0;0;0;0;0;2;0;0;0;0
16/12/2021;17:00:00;169;Sem vítima;398,900;BR-101/ES;Decrescente;Colisão traseira;0;0;1;0;0;1;0;0;0;0;2;0;0;0;0
16/12/2021;18:49:00;195;Sem vítima;96,700;BR-101/ES;Decrescente;Colisão lateral em sentido contrário;2;0;0;0;0;0;0;0;0;0;5;0;0;0;0
16/12/2021;19:18:00;202;Com vítima;69,000;BR-101/ES;Decrescente;Colisão lateral no mesmo sentido;0;1;0;0;0;0;0;0;0;0;0;1;0;0;0
16/12/2021;21:33:00;218;Com vítima;139,000;BR-101/ES;Decrescente;Colisão frontal;1;0;0;1;0;0;0;0;0;0;1;0;1;0;0
16/12/2021;23:49:00;228;Sem vítima;129,100;BR-101/ES;Decrescente;Colisão transversal;1;0;0;0;0;1;0;0;0;0;2;0;0;0;0
17/12/2021;03:10:00;6;Com vítima;140,050;BR-101/ES;Crescente;Queda de moto;0;0;0;1;0;0;0;0;0;0;0;1;0;0;0
17/12/2021;06:22:00;32;Com vítima;288,000;BR-101/ES;Crescente;Colisão lateral no mesmo sentido;0;0;2;1;0;0;0;0;0;1;4;0;0;0;0
17/12/2021;07:22:00;43;Sem vítima;358,000;BR-101/ES;Crescente;Colisão traseira;1;0;0;1;0;0;0;0;0;0;2;0;0;0;0
17/12/2021;07:32:00;47;Com vítima;270,006;BR-101/ES;Crescente;Colisão traseira;1;0;0;1;0;0;0;0;0;0;1;0;1;0;0
17/12/2021;08:51:00;69;Sem vítima;345,000;BR-101/ES;Crescente;Choque;1;0;0;0;0;0;0;0;0;0;1;0;0;0;0
17/12/2021;09:07:00;74;Com vítima;269,000;BR-101/ES;Crescente;Atropelamento de pedestre;0;0;0;0;0;0;0;0;0;0;0;0;1;0;0
17/12/2021;11:08:00;105;Sem vítima;295,000;BR-101/ES;Decrescente;Choque;0;0;1;0;0;0;0;0;0;0;1;0;0;0;0
17/12/2021;11:24:00;111;Com vítima;298,000;BR-101/ES;Crescente;Colisão traseira;1;0;0;1;0;0;0;0;0;0;1;0;1;0;0
17/12/2021;11:27:00;112;Com vítima;213,000;BR-101/ES;Crescente;Colisão lateral no mesmo sentido;1;0;0;1;0;0;0;0;0;0;1;0;1;0;0
17/12/2021;13:10:00;129;Sem vítima;282,000;BR-101/ES;Decrescente;Colisão frontal;0;0;1;0;0;1;0;0;0;0;2;0;0;0;0
17/12/2021;18:26:00;193;Com vítima;394,700;BR-101/ES;Decrescente;Saída de pista;0;0;0;0;0;1;0;0;0;0;0;1;0;0;0
17/12/2021;18:56:00;204;Sem vítima;4,000;Contorno de Iconha/ES;Crescente;Atropelamento de animal;1;0;0;0;0;0;0;0;0;0;1;0;0;0;0
17/12/2021;20:10:00;219;Com vítima;298,000;BR-101/ES;Decrescente;Colisão traseira;0;0;0;0;0;1;0;0;0;0;1;0;0;0;0
17/12/2021;22:50:00;237;Sem vítima;61,000;BR-101/ES;Crescente;Colisão traseira;2;0;0;0;0;0;0;0;0;0;2;0;0;0;0
17/12/2021;23:08:00;240;Sem vítima;295,000;BR-101/ES;Crescente;Choque;1;0;0;0;0;0;0;0;0;0;1;0;0;0;0
18/12/2021;02:26:00;11;Sem vítima;357,700;BR-101/ES;Crescente;Choque;0;0;1;0;0;0;0;0;0;0;1;0;0;0;0
18/12/2021;04:24:00;15;Com vítima;265,400;BR-101/ES;Decrescente;Colisão frontal;1;0;0;1;0;0;0;0;0;0;1;0;0;1;0
18/12/2021;09:53:00;68;Sem vítima;448,000;BR-101/ES;Crescente;Saída de pista;1;0;0;0;0;0;0;0;0;0;1;0;0;0;0
18/12/2021;13:34:00;106;Sem vítima;342,000;BR-101/ES;Crescente;Saída de pista;1;0;0;0;0;0;0;0;0;0;1;0;0;0;0
18/12/2021;14:21:00;116;Sem vítima;362,000;BR-101/ES;Crescente;Saída de pista;1;0;0;0;0;0;0;0;0;0;1;0;0;0;0
18/12/2021;14:49:00;119;Com vítima;221,000;BR-101/ES;Crescente;Colisão lateral em sentido contrário;2;0;0;0;0;0;0;0;0;0;5;0;0;0;0
18/12/2021;15:53:00;128;Sem vítima;74,000;BR-101/ES;Decrescente;Choque;1;0;0;0;0;0;0;0;0;0;1;0;0;0;0
18/12/2021;15:59:00;129;Com vítima;148,000;BR-101/ES;Crescente;Colisão traseira;1;0;0;1;0;0;0;0;0;0;1;1;0;0;0
18/12/2021;17:08:00;139;Sem vítima;398,000;BR-101/ES;Decrescente;Acidentes de outra natureza;1;0;0;0;0;0;0;0;0;0;1;0;0;0;0
18/12/2021;18:03:00;147;Com vítima;177,000;BR-101/ES;Decrescente;Capotamento;1;0;0;0;0;0;0;0;0;0;2;1;0;0;0
18/12/2021;18:05:00;149;Sem vítima;274,500;BR-101/ES;Crescente;Saída de pista;1;0;0;0;0;0;0;0;0;0;1;0;0;0;0
18/12/2021;18:42:00;159;Com vítima;336,500;BR-101/ES;Decrescente;Saída de pista;1;0;0;0;0;0;0;0;0;0;0;0;1;0;0
18/12/2021;18:52:00;160;Sem vítima;147,000;BR-101/ES;Crescente;Colisão traseira;3;0;0;0;0;0;0;0;0;0;3;0;0;0;0
19/12/2021;00:57:00;1;Com vítima;146,000;BR-101/ES;Decrescente;Colisão traseira;2;0;0;0;0;0;0;0;0;0;0;2;0;0;0
19/12/2021;06:56:00;20;Sem vítima;27,100;BR-101/ES;Decrescente;Saída de pista;1;0;0;0;0;0;0;0;0;0;1;0;0;0;0
19/12/2021;09:06:00;48;Sem vítima;442,000;BR-101/ES;Crescente;Choque;1;0;0;0;0;0;0;0;0;0;1;0;0;0;0
19/12/2021;10:19:00;61;Sem vítima;124,000;BR-101/ES;Decrescente;Choque;1;0;0;0;0;0;0;0;0;0;2;0;0;0;0
19/12/2021;13:27:00;101;Sem vítima;265,800;BR-101/ES;Crescente;Engavetamento;1;0;0;0;0;0;0;0;0;0;1;0;0;0;0
19/12/2021;13:59:00;105;Com vítima;269,800;BR-101/ES;Decrescente;Atropelamento de pedestre;0;0;0;1;0;0;0;0;0;0;1;0;1;0;0
19/12/2021;14:25:00;111;Sem vítima;295,007;BR-101/ES;Crescente;Colisão traseira;1;0;0;0;0;0;0;0;0;0;4;0;0;0;0
19/12/2021;14:29:00;113;Sem vítima;279,000;BR-101/ES;Crescente;Saída de pista;1;0;0;0;0;0;0;0;0;0;2;0;0;0;0
19/12/2021;14:58:00;121;Com vítima;234,000;BR-101/ES;Decrescente;Queda de moto;0;0;0;1;0;1;0;0;0;0;0;0;1;0;0
19/12/2021;15:15:00;123;Sem vítima;307,900;BR-101/ES;Crescente;Choque;1;0;0;0;0;0;0;0;0;0;2;0;0;0;0
19/12/2021;16:36:00;142;Sem vítima;318,000;BR-101/ES;Decrescente;Choque;1;0;0;0;0;0;0;0;0;0;1;0;0;0;0
19/12/2021;16:44:00;143;Sem vítima;278,000;BR-101/ES;Decrescente;Saída de pista;1;0;0;0;0;0;0;0;0;0;2;0;0;0;0
19/12/2021;18:10:00;158;Com vítima;396,000;BR-101/ES;Crescente;Saída de pista;1;0;0;0;0;0;0;0;0;0;0;1;1;0;0
19/12/2021;18:38:00;162;Com vítima;255,000;BR-101/ES;Crescente;Atropelamento de ciclista;0;1;0;0;0;0;0;0;0;0;0;0;1;0;0
19/12/2021;19:07:00;166;Com vítima;134,000;BR-101/ES;Decrescente;Choque;1;0;0;0;0;0;0;0;0;0;0;1;0;0;0
19/12/2021;20:00:00;178;Com vítima;263,900;BR-101/ES;Decrescente;Colisão lateral em sentido contrário;1;0;0;0;1;0;0;0;0;0;2;0;1;0;0
19/12/2021;22:24:00;196;Sem vítima;406,500;BR-101/ES;Crescente;Tombamento;0;0;0;0;0;1;0;0;0;0;1;0;0;0;0
19/12/2021;23:24:00;201;Sem vítima;17,800;BR-101/ES;Crescente;Saída de pista;1;0;0;0;0;0;0;0;0;0;1;0;0;0;0
20/12/2021;12:25:00;98;Sem vítima;106,000;BR-101/ES;Crescente;Colisão traseira;1;0;0;0;0;1;0;0;0;0;3;0;0;0;0
20/12/2021;13:39:00;109;Sem vítima;205,000;BR-101/ES;Decrescente;Colisão transversal;2;0;0;0;0;0;0;0;0;0;2;0;0;0;0
20/12/2021;16:45:00;151;Com vítima;180,000;BR-101/ES;Crescente;Queda de moto;0;0;0;1;0;0;0;0;0;0;0;1;0;0;0
20/12/2021;19:44:00;190;Sem vítima;149,000;BR-101/ES;Crescente;Colisão lateral no mesmo sentido;1;0;0;0;0;0;0;0;0;0;1;0;0;0;0
20/12/2021;19:50:00;192;Sem vítima;140,000;BR-101/ES;Decrescente;Acidentes de outra natureza;1;0;0;0;0;0;0;0;0;0;1;0;0;0;0
20/12/2021;22:01:00;202;Sem vítima;452,000;BR-101/ES;Crescente;Choque;1;0;0;0;0;0;0;0;0;0;1;0;0;0;0
21/12/2021;05:39:00;7;Com vítima;297,000;BR-101/ES;Decrescente;Atropelamento de ciclista;0;0;0;1;0;0;0;0;0;0;0;0;1;0;0
21/12/2021;07:39:00;37;Sem vítima;18,500;BR-101/ES;Decrescente;Saída de pista;1;0;0;0;0;0;0;0;0;0;3;0;0;0;0
21/12/2021;08:59:00;65;Sem vítima;292,000;BR-101/ES;Decrescente;Colisão traseira;0;0;2;0;0;0;0;0;0;0;2;0;0;0;0
21/12/2021;10:30:00;88;Com vítima;145,900;BR-101/ES;Decrescente;Colisão traseira;1;0;0;0;1;0;0;0;0;0;1;1;0;0;0
21/12/2021;12:40:00;107;Sem vítima;222,900;BR-101/ES;Crescente;Capotamento;1;0;0;0;0;0;0;0;0;0;1;0;0;0;0
21/12/2021;13:03:00;110;Sem vítima;394,000;BR-101/ES;Crescente;Engavetamento;1;0;0;0;0;0;0;0;0;0;1;0;0;0;0
21/12/2021;13:36:00;120;Sem vítima;118,000;BR-101/ES;Crescente;Tombamento;1;0;0;0;0;0;0;0;0;0;2;0;0;0;0
21/12/2021;13:36:00;121;Sem vítima;271,000;BR-101/ES;Crescente;Colisão traseira;0;0;0;0;0;2;0;0;0;0;2;0;0;0;0
21/12/2021;13:59:00;125;Sem vítima;9,000;BR-101/ES;Decrescente;Saída de pista;1;0;0;0;0;0;0;0;0;0;3;0;0;0;0
21/12/2021;15:26:00;136;Sem vítima;266,000;BR-101/ES;Decrescente;Colisão traseira;0;0;0;0;0;1;0;0;0;0;1;0;0;0;0
21/12/2021;16:21:00;148;Sem vítima;452,000;BR-101/ES;Decrescente;Choque;1;0;0;0;0;0;0;0;0;0;1;0;0;0;0
21/12/2021;20:55:00;192;Com vítima;145,900;BR-101/ES;Crescente;Colisão transversal;1;0;1;0;0;0;0;0;0;0;2;1;0;0;0
21/12/2021;21:55:00;200;Sem vítima;171,000;BR-101/ES;Crescente;Choque;1;0;0;0;0;0;0;0;0;0;1;0;0;0;0
21/12/2021;23:53:00;214;Sem vítima;268,500;BR-101/ES;Decrescente;Choque;1;0;0;0;0;0;0;0;0;0;1;0;0;0;0
21/12/2021;23:55:00;215;Sem vítima;264,000;BR-101/ES;Crescente;Colisão traseira;1;0;1;0;0;0;0;0;0;0;2;0;0;0;0
22/12/2021;01:42:00;8;Sem vítima;442,000;BR-101/ES;Decrescente;Atropelamento de animal;0;0;0;0;0;0;0;0;0;0;0;0;0;0;0
22/12/2021;01:59:00;12;Sem vítima;418,800;BR-101/ES;Crescente;Colisão lateral em sentido contrário;0;0;2;0;0;0;0;0;0;0;2;0;0;0;0
22/12/2021;09:48:00;97;Com vítima;379,000;BR-101/ES;Decrescente;Colisão lateral no mesmo sentido;1;0;0;1;0;0;0;0;0;0;2;1;0;0;0
22/12/2021;10:27:00;112;Com vítima;95,005;BR-101/ES;Decrescente;Colisão transversal;1;0;0;0;0;1;0;0;0;0;3;0;1;0;0
22/12/2021;10:31:00;115;Sem vítima;267,000;BR-101/ES;Crescente;Colisão lateral no mesmo sentido;1;0;0;0;0;1;0;0;0;0;2;0;0;0;0
22/12/2021;10:50:00;119;Sem vítima;254,000;BR-101/ES;Crescente;Colisão traseira;2;0;0;0;0;0;0;0;0;0;3;0;0;0;0
22/12/2021;11:49:00;135;Sem vítima;208,000;BR-101/ES;Crescente;Colisão lateral no mesmo sentido;1;0;0;0;0;0;0;0;0;0;1;0;0;0;0
22/12/2021;13:44:00;154;Com vítima;290,000;BR-101/ES;Crescente;Queda de moto;0;0;0;1;0;0;0;0;0;0;0;2;0;0;0
22/12/2021;15:00:00;167;Sem vítima;22,005;BR-101/ES;Crescente;Saída de pista;1;0;0;0;0;0;0;0;0;0;1;0;0;0;0
22/12/2021;16:02:00;182;Com vítima;270,000;BR-101/ES;Crescente;Engavetamento;2;0;0;0;0;0;0;0;0;0;2;1;0;0;0
22/12/2021;16:54:00;192;Com vítima;357,200;BR-101/ES;Crescente;Colisão traseira;1;0;0;0;0;0;0;0;0;0;2;1;0;0;0
22/12/2021;18:32:00;215;Com vítima;179,000;BR-101/ES;Decrescente;Colisão lateral em sentido contrário;0;0;0;0;0;1;0;0;0;0;0;1;0;0;0
22/12/2021;18:56:00;220;Sem vítima;206,000;BR-101/ES;Crescente;Colisão traseira;1;0;1;0;0;0;0;0;0;0;2;0;0;0;0
22/12/2021;20:28:00;237;Sem vítima;229,000;BR-101/ES;Decrescente;Colisão traseira;1;0;0;0;1;0;0;0;0;0;3;0;0;0;0
23/12/2021;04:36:00;19;Com vítima;309,000;BR-101/ES;Decrescente;Atropelamento de animal;1;0;0;0;0;0;0;0;0;0;0;0;1;0;0
23/12/2021;06:39:00;33;Sem vítima;346,000;BR-101/ES;Decrescente;Colisão traseira;0;0;0;0;1;1;0;0;0;0;3;0;0;0;0
23/12/2021;07:49:00;50;Sem vítima;284,800;BR-101/ES;Decrescente;Saída de pista;1;0;0;0;0;0;0;0;0;0;1;0;0;0;0
23/12/2021;08:59:00;71;Com vítima;126,000;BR-101/ES;Crescente;Queda de moto;0;0;0;1;0;0;0;0;0;0;0;1;0;0;0
23/12/2021;11:08:00;103;Sem vítima;317,000;BR-101/ES;Decrescente;Saída de pista;1;0;0;0;0;0;0;0;0;0;2;0;0;0;0
23/12/2021;11:30:00;110;Sem vítima;257,000;BR-101/ES;Decrescente;Colisão traseira;1;0;0;0;0;0;0;0;0;1;2;0;0;0;0
23/12/2021;14:40:00;147;Sem vítima;229,000;BR-101/ES;Decrescente;Colisão lateral no mesmo sentido;1;0;1;0;0;0;0;0;0;0;2;0;0;0;0
23/12/2021;16:01:00;171;Sem vítima;115,005;BR-101/ES;Crescente;Saída de pista;1;0;0;0;0;0;0;0;0;0;1;0;0;0;0
23/12/2021;16:29:00;178;Sem vítima;233,000;BR-101/ES;Crescente;Colisão traseira;2;0;0;0;0;0;0;0;0;0;3;0;0;0;0
23/12/2021;16:40:00;184;Sem vítima;21,000;BR-101/ES;Crescente;Saída de pista;1;0;0;0;0;0;0;0;0;0;2;0;0;0;0
23/12/2021;19:02:00;221;Sem vítima;398,000;BR-101/ES;Crescente;Atropelamento de animal;1;0;0;0;0;0;0;0;0;0;5;0;0;0;0
23/12/2021;19:14:00;228;Sem vítima;227,000;BR-101/ES;Crescente;Engavetamento;2;0;0;0;1;0;0;0;0;0;3;0;0;0;0
23/12/2021;20:50:00;244;Com vítima;288,800;BR-101/ES;Crescente;Atropelamento de pedestre;1;0;0;0;0;0;0;0;0;0;1;0;0;0;1
23/12/2021;21:03:00;250;Com vítima;256,000;BR-101/ES;Decrescente;Colisão lateral em sentido contrário;0;0;0;1;0;0;0;0;0;0;0;0;1;0;0
24/12/2021;05:12:00;22;Com vítima;442,100;BR-101/ES;Decrescente;Colisão frontal;1;0;1;0;0;1;0;0;0;0;2;0;0;1;0
24/12/2021;09:05:00;61;Sem vítima;31,000;BR-101/ES;Crescente;Colisão transversal;1;0;1;0;0;0;0;0;0;0;2;0;0;0;0
24/12/2021;11:32:00;100;Com vítima;393,600;BR-101/ES;Decrescente;Colisão traseira;0;0;0;1;0;0;0;0;0;0;0;1;0;0;0
24/12/2021;12:55:00;114;Sem vítima;448,200;BR-101/ES;Crescente;Saída de pista;0;0;0;0;0;1;0;0;0;0;1;0;0;0;0
24/12/2021;12:59:00;116;Sem vítima;144,300;BR-101/ES;Decrescente;Colisão traseira;2;0;0;0;0;0;0;0;0;0;3;0;0;0;0
24/12/2021;14:19:00;139;Com vítima;276,000;BR-101/ES;Decrescente;Colisão traseira;1;0;1;0;0;0;0;0;0;0;1;0;1;0;0
24/12/2021;15:12:00;147;Sem vítima;398,000;BR-101/ES;Decrescente;Colisão traseira;0;0;1;0;0;0;0;0;0;0;1;0;0;0;0
24/12/2021;15:15:00;149;Sem vítima;106,000;BR-101/ES;Crescente;Saída de pista;1;0;0;0;0;0;0;0;0;0;1;0;0;0;0
24/12/2021;16:52:00;180;Sem vítima;359,900;BR-101/ES;Crescente;Choque;1;0;0;0;0;0;0;0;0;0;1;0;0;0;0
24/12/2021;18:27:00;203;Sem vítima;350,900;BR-101/ES;Crescente;Saída de pista;1;0;0;0;0;0;0;0;0;0;1;0;0;0;0
24/12/2021;18:44:00;207;Sem vítima;140,000;BR-101/ES;Decrescente;Colisão transversal;1;0;1;0;0;0;0;0;0;0;5;0;0;0;0
24/12/2021;20:09:00;223;Com vítima;23,000;BR-101/ES;Crescente;Colisão traseira;1;0;0;0;0;0;0;0;0;0;1;0;0;0;0
24/12/2021;20:23:00;226;Com vítima;321,000;BR-101/ES;Decrescente;Choque;0;0;0;1;0;0;0;0;0;0;0;1;0;0;0
24/12/2021;20:41:00;232;Com vítima;270,000;BR-101/ES;Decrescente;Atropelamento de pedestre;0;0;0;0;0;0;0;0;0;0;0;1;0;0;0
24/12/2021;23:07:00;254;Sem vítima;133,000;BR-101/ES;Crescente;Tombamento;1;0;0;0;0;0;0;0;0;0;2;0;0;0;0
25/12/2021;02:00:00;9;Com vítima;17,500;BR-101/ES;Decrescente;Colisão transversal;0;0;1;0;0;0;0;0;0;0;0;1;0;0;0
25/12/2021;09:59:00;53;Sem vítima;71,100;BR-101/ES;Crescente;Atropelamento de animal;1;0;0;0;0;0;0;0;0;0;1;0;0;0;0
25/12/2021;15:02:00;95;Com vítima;422,900;BR-101/ES;Decrescente;Colisão frontal;0;0;0;0;0;1;0;0;0;0;0;1;0;0;0
25/12/2021;15:59:00;108;Com vítima;266,000;BR-101/ES;Crescente;Queda de moto;0;0;0;1;0;0;0;0;0;0;0;0;1;0;0
25/12/2021;19:14:00;131;Sem vítima;98,500;BR-101/ES;Decrescente;Colisão transversal;1;0;0;0;0;0;0;0;0;0;3;0;0;0;0
25/12/2021;23:50:00;153;Sem vítima;445,000;BR-101/ES;Decrescente;Choque;1;0;0;0;0;0;0;0;0;0;1;0;0;0;0
26/12/2021;01:01:00;5;Sem vítima;262,000;BR-101/ES;Decrescente;Colisão traseira;2;0;0;0;0;0;0;0;0;0;2;0;0;0;0
26/12/2021;02:48:00;12;Sem vítima;65,800;BR-101/ES;Decrescente;Choque;1;0;0;0;0;0;0;0;0;0;1;0;0;0;0
26/12/2021;05:30:00;18;Sem vítima;221,500;BR-101/ES;Crescente;Choque;1;0;0;0;0;0;0;0;0;0;1;0;0;0;0
26/12/2021;12:03:00;66;Sem vítima;266,000;BR-101/ES;Decrescente;Engavetamento;3;0;0;0;0;0;0;0;0;0;3;0;0;0;0
26/12/2021;14:04:00;82;Sem vítima;110,000;BR-101/ES;Crescente;Colisão traseira;1;0;0;0;0;1;0;0;0;0;3;0;0;0;0
26/12/2021;16:37:00;124;Com vítima;9,000;BR-101/ES;Crescente;Queda de moto;0;0;0;1;0;0;0;0;0;0;0;1;0;0;0
26/12/2021;17:25:00;135;Sem vítima;268,000;BR-101/ES;Decrescente;Colisão traseira;2;0;0;0;0;0;0;0;0;0;2;0;0;0;0
26/12/2021;19:09:00;154;Sem vítima;316,000;BR-101/ES;Crescente;Colisão lateral no mesmo sentido;2;0;0;0;0;0;0;0;0;0;4;0;0;0;0
26/12/2021;19:54:00;167;Com vítima;387,000;BR-101/ES;Decrescente;Queda de moto;0;0;0;1;0;0;0;0;0;0;0;1;0;0;0
26/12/2021;21:04:00;176;Sem vítima;274,000;BR-101/ES;Decrescente;Atropelamento de animal;0;0;1;0;0;0;0;0;0;0;0;0;0;0;0
26/12/2021;21:14:00;179;Sem vítima;255,000;BR-101/ES;Crescente;Colisão traseira;2;0;0;0;0;0;0;0;0;0;2;0;0;0;0
26/12/2021;21:53:00;186;Sem vítima;251,000;BR-101/ES;Crescente;Engavetamento;3;0;0;0;0;0;0;0;0;0;3;0;0;0;0
26/12/2021;21:57:00;188;Sem vítima;274,000;BR-101/ES;Decrescente;Atropelamento de animal;0;0;0;0;0;0;0;0;0;0;0;0;0;0;0
27/12/2021;09:42:00;70;Sem vítima;120,000;BR-101/ES;Decrescente;Choque;1;0;0;0;0;0;0;0;0;0;1;0;0;0;0
27/12/2021;13:51:00;126;Sem vítima;160,000;BR-101/ES;Crescente;Colisão transversal;1;0;1;0;0;0;0;0;0;0;2;0;0;0;0
27/12/2021;15:57:00;148;Com vítima;267,000;BR-101/ES;Decrescente;Queda de moto;0;0;0;1;0;0;0;0;0;0;0;0;2;0;0
27/12/2021;18:00:00;163;Com vítima;279,000;BR-101/ES;Crescente;Colisão traseira;0;0;0;1;0;1;0;0;0;0;0;0;1;0;0
27/12/2021;18:24:00;167;Sem vítima;278,600;BR-101/ES;Crescente;Colisão lateral no mesmo sentido;1;0;0;0;0;1;0;0;0;0;2;0;0;0;0
28/12/2021;08:36:00;46;Sem vítima;79,000;BR-101/ES;Decrescente;Colisão traseira;0;0;1;0;0;1;0;0;0;0;2;0;0;0;0
28/12/2021;10:22:00;75;Sem vítima;205,000;BR-101/ES;Crescente;Colisão transversal;1;0;0;1;0;0;0;0;0;0;3;0;0;0;0
28/12/2021;11:22:00;90;Sem vítima;266,300;BR-101/ES;Crescente;Colisão traseira;2;0;0;0;0;0;0;0;0;0;2;0;0;0;0
28/12/2021;15:55:00;139;Sem vítima;420,000;BR-101/ES;Decrescente;Choque;1;0;0;0;0;0;0;0;0;0;1;0;0;0;0
28/12/2021;16:32:00;149;Com vítima;277,000;BR-101/ES;Crescente;Queda de moto;0;0;0;1;0;0;0;0;0;0;0;1;0;0;0
28/12/2021;19:24:00;183;Com vítima;287,000;BR-101/ES;Crescente;Colisão traseira;1;0;0;0;0;0;0;0;0;0;1;0;0;0;0
28/12/2021;23:13:00;215;Com vítima;2,500;Contorno de Iconha/ES;Crescente;Tombamento;0;0;0;0;0;1;0;0;0;0;0;1;1;0;0
29/12/2021;00:14:00;1;Com vítima;416,100;BR-101/ES;Decrescente;Saída de pista;1;0;0;0;0;0;0;0;0;0;0;0;1;0;0
29/12/2021;02:49:00;7;Sem vítima;13,500;BR-101/ES;Crescente;Choque;0;0;1;0;0;0;0;0;0;0;1;0;0;0;0