data;horario;n_da_ocorrencia;tipo_de_ocorrencia;km;trecho;sentido;tipo_de_acidente;automovel;bicicleta;caminhao;moto;onibus;outros;tracao_animal;transporte_de_cargas_especiais;trator_maquinas;utilitarios;ilesos;levemente_feridos;moderadamente_feridos;gravemente_feridos;mortos
29/12/2021;04:52:00;10;Sem vítima;294,000;BR-101/ES;Crescente;Colisão lateral no mesmo sentido;1;0;0;0;0;0;0;0;0;0;2;0;0;0;0
29/12/2021;08:30:00;52;Sem vítima;57,009;BR-101/ES;Decrescente;Colisão transversal;2;0;0;0;0;0;0;0;0;0;3;0;0;0;0
29/12/2021;13:34:00;121;Com vítima;284,000;BR-101/ES;Decrescente;Capotamento;1;0;0;0;0;0;0;0;0;0;0;1;0;0;0
29/12/2021;14:40:00;134;Com vítima;333,000;BR-101/ES;Crescente;Saída de pista;1;0;0;0;0;0;0;0;0;0;0;1;0;0;0
29/12/2021;15:32:00;142;Sem vítima;181,000;BR-101/ES;Crescente;Engavetamento;1;0;1;0;0;0;0;0;0;0;0;0;0;0;0
29/12/2021;18:14:00;166;Sem vítima;252,000;BR-101/ES;Crescente;Colisão traseira;0;0;2;0;0;0;0;0;0;0;2;0;0;0;0
29/12/2021;19:19:00;175;Sem vítima;265,800;BR-101/ES;Decrescente;Colisão traseira;2;0;0;0;0;0;0;0;0;0;2;0;0;0;0
30/12/2021;09:24:00;61;Sem vítima;35,000;BR-101/ES;Decrescente;Saída de pista;1;0;0;0;0;0;0;0;0;0;5;0;0;0;0
30/12/2021;09:38:00;67;Sem vítima;304,000;BR-101/ES;Crescente;Choque;0;0;1;0;0;0;0;0;0;0;1;0;0;0;0
30/12/2021;10:42:00;79;Sem vítima;255,000;BR-101/ES;Crescente;Engavetamento;4;0;0;0;0;0;0;0;0;0;6;0;0;0;0
30/12/2021;11:23:00;85;Com vítima;306,000;BR-101/ES;Crescente;Tombamento;0;0;0;0;0;1;0;0;0;0;0;1;0;0;0
30/12/2021;14:51:00;114;Com vítima;272,000;BR-101/ES;Decrescente;Colisão transversal;1;0;0;0;1;0;0;0;0;0;1;1;0;3;0
30/12/2021;18:20:00;151;Com vítima;138,000;BR-101/ES;Decrescente;Queda de moto;0;0;0;1;0;0;0;0;0;0;0;2;0;0;0
31/12/2021;01:25:00;6;Sem vítima;168,000;BR-101/ES;Decrescente;Saída de pista;1;0;0;0;0;0;0;0;0;0;1;0;0;0;0
31/12/2021;04:28:00;10;Com vítima;43,700;BR-101/ES;Crescente;Choque;1;0;0;0;0;0;0;0;0;0;0;4;0;0;0
31/12/2021;06:02:00;21;Sem vítima;202,000;BR-101/ES;Crescente;Saída de pista;1;0;0;0;0;0;0;0;0;0;2;0;0;0;0
31/12/2021;11:09:00;78;Com vítima;391,000;BR-101/ES;Crescente;Colisão transversal;2;0;0;0;0;0;0;0;0;0;0;7;2;0;0
31/12/2021;12:53:00;93;Com vítima;219,000;BR-101/ES;Crescente;Saída de pista;0;0;1;0;0;0;0;0;0;0;0;0;1;0;0
31/12/2021;13:38:00;97;Com vítima;266,400;BR-101/ES;Crescente;Colisão transversal;1;0;0;1;0;0;0;0;0;0;0;0;2;0;0
31/12/2021;14:18:00;101;Sem vítima;205,150;BR-101/ES;Decrescente;Colisão lateral em sentido contrário;2;0;0;0;0;0;0;0;0;0;5;0;0;0;0
31/12/2021;15:14:00;115;Sem vítima;218,000;BR-101/ES;Decrescente;Saída de pista;1;0;0;0;0;0;0;0;0;0;1;0;0;0;0
31/12/2021;15:19:00;117;Sem vítima;259,000;BR-101/ES;Decrescente;Colisão lateral em sentido contrário;2;0;0;0;0;0;0;0;0;0;3;0;0;0;0
31/12/2021;15:21:00;118;Sem vítima;394,000;BR-101/ES;Decrescente;Colisão traseira;1;0;0;0;0;0;0;0;0;0;1;0;0;0;0
31/12/2021;17:33:00;146;Com vítima;304,500;BR-101/ES;Crescente;Colisão traseira;1;0;0;0;0;0;0;0;0;0;1;0;1;0;0
31/12/2021;18:06:00;149;Com vítima;261,000;BR-101/ES;Crescente;Queda de bicicleta;0;1;0;0;0;0;0;0;0;0;0;0;1;0;0
01/01/2022;00:46:00;4;Com vítima;117,000;BR-101/ES;Decrescente;Saída de pista;0;0;0;0;0;1;0;0;0;0;0;1;0;0;0
01/01/2022;06:25:00;22;Com vítima;446,000;BR-101/ES;Decrescente;Saída de pista;1;0;0;0;0;0;0;0;0;0;0;0;2;0;0
01/01/2022;09:15:00;40;Sem vítima;85,000;BR-101/ES;Decrescente;Colisão traseira;2;0;0;0;0;0;0;0;0;0;2;0;0;0;0
01/01/2022;11:25:00;61;Sem vítima;358,000;BR-101/ES;Decrescente;Colisão traseira;2;0;0;0;0;0;0;0;0;0;6;0;0;0;0
01/01/2022;17:37:00;118;Sem vítima;395,200;BR-101/ES;Decrescente;Choque;0;0;0;0;0;0;0;0;0;1;1;0;0;0;0
02/01/2022;11:17:00;59;Com vítima;282,000;BR-101/ES;Decrescente;Queda de moto;0;0;0;1;0;0;0;0;0;0;0;1;0;0;0
02/01/2022;11:48:00;68;Sem vítima;115,600;BR-101/ES;Crescente;Engavetamento;3;0;0;0;0;0;0;0;0;0;10;0;0;0;0
02/01/2022;12:52:00;82;Sem vítima;115,300;BR-101/ES;Crescente;Engavetamento;2;0;0;0;0;0;0;0;0;0;7;0;0;0;0
02/01/2022;14:21:00;97;Sem vítima;265,800;BR-101/ES;Crescente;Colisão transversal;2;0;0;0;0;0;0;0;0;0;2;0;0;0;0
02/01/2022;15:03:00;102;Sem vítima;393,000;BR-101/ES;Crescente;Colisão transversal;0;0;0;1;0;0;0;0;0;0;2;0;0;0;0
02/01/2022;16:09:00;116;Com vítima;159,000;BR-101/ES;Decrescente;Colisão traseira;1;0;0;1;0;0;0;0;0;0;2;2;0;0;0
02/01/2022;16:39:00;124;Sem vítima;231,000;BR-101/ES;Crescente;Colisão traseira;1;0;0;0;0;0;0;0;0;0;4;0;0;0;0
02/01/2022;17:40:00;141;Com vítima;125,000;BR-101/ES;Decrescente;Queda de moto;0;0;0;1;0;0;0;0;0;0;0;1;0;0;0
02/01/2022;19:36:00;167;Com vítima;293,300;BR-101/ES;Decrescente;Queda de moto;0;0;0;1;0;0;0;0;0;0;0;1;1;0;0
02/01/2022;20:25:00;177;Sem vítima;7,000;Contorno de Iconha/ES;Decrescente;Colisão lateral no mesmo sentido;1;0;0;0;0;0;0;0;0;0;4;0;0;0;0
02/01/2022;21:17:00;184;Com vítima;136,000;BR-101/ES;Decrescente;Colisão traseira;1;0;0;1;0;0;0;0;0;0;3;3;0;0;0
02/01/2022;21:50:00;188;Com vítima;297,500;BR-101/ES;Crescente;Atropelamento de ciclista;1;1;0;0;0;0;0;0;0;0;1;0;0;1;0
03/01/2022;07:06:00;41;Sem vítima;271,000;BR-101/ES;Crescente;Colisão traseira;2;0;0;0;0;0;0;0;0;0;2;0;0;0;0
03/01/2022;07:40:00;51;Com vítima;269,000;BR-101/ES;Decrescente;Colisão traseira;0;0;1;1;0;0;0;0;0;0;1;1;0;0;0
03/01/2022;08:48:00;69;Com vítima;338,000;BR-101/ES;Crescente;Colisão lateral em sentido contrário;0;0;1;1;0;1;0;0;0;0;3;0;0;1;0
03/01/2022;11:02:00;104;Sem vítima;256,000;BR-101/ES;Crescente;Colisão traseira;1;0;1;0;0;0;0;0;0;0;2;0;0;0;0
03/01/2022;11:03:00;105;Sem vítima;90,000;BR-101/ES;Crescente;Colisão traseira;2;0;0;0;0;0;0;0;0;0;2;0;0;0;0
03/01/2022;11:06:00;106;Com vítima;422,000;BR-101/ES;Crescente;Colisão transversal;2;0;0;0;0;0;0;0;0;0;0;3;0;0;0
03/01/2022;11:30:00;109;Com vítima;256,000;BR-101/ES;Crescente;Atropelamento de pedestre;1;0;0;0;0;0;0;0;0;0;2;0;1;0;0
03/01/2022;14:30:00;126;Sem vítima;388,000;BR-101/ES;Decrescente;Colisão lateral em sentido contrário;2;0;0;0;0;0;0;0;0;0;6;0;0;0;0
03/01/2022;15:39:00;136;Sem vítima;102,000;BR-101/ES;Crescente;Engavetamento;3;0;0;0;0;0;0;0;0;0;3;0;0;0;0
03/01/2022;16:46:00;145;Sem vítima;121,000;BR-101/ES;Crescente;Colisão traseira;1;0;0;0;0;0;0;0;0;1;6;0;0;0;0
03/01/2022;17:19:00;151;Com vítima;284,000;BR-101/ES;Decrescente;Queda de moto;0;0;0;1;0;0;0;0;0;0;0;1;1;0;0
04/01/2022;03:42:00;13;Com vítima;36,300;BR-101/ES;Crescente;Atropelamento de animal;0;0;0;0;0;1;0;0;0;0;1;0;0;0;0
04/01/2022;07:06:00;33;Com vítima;159,000;BR-101/ES;Crescente;Saída de pista;1;0;0;0;0;0;0;0;0;0;2;1;1;0;0
04/01/2022;07:37:00;39;Sem vítima;230,000;BR-101/ES;Crescente;Colisão traseira;2;0;0;0;0;0;0;0;0;0;3;0;0;0;0
04/01/2022;09:40:00;85;Sem vítima;127,000;BR-101/ES;Crescente;Colisão traseira;2;0;0;0;0;0;0;0;0;0;5;0;0;0;0
04/01/2022;10:12:00;91;Sem vítima;213,000;BR-101/ES;Decrescente;Engavetamento;2;0;1;0;0;0;0;0;0;0;4;0;0;0;0
04/01/2022;10:12:00;92;Sem vítima;297,000;BR-101/ES;Crescente;Colisão traseira;2;0;0;0;0;0;0;0;0;0;2;0;0;0;0
04/01/2022;13:45:00;128;Sem vítima;264,000;BR-101/ES;Decrescente;Colisão traseira;2;0;0;0;0;0;0;0;0;0;2;0;0;0;0
04/01/2022;14:41:00;138;Sem vítima;104,000;BR-101/ES;Crescente;Acidentes de outra natureza;0;0;1;0;0;0;0;0;0;0;2;0;0;0;0
04/01/2022;17:50:00;169;Sem vítima;331,000;BR-101/ES;Crescente;Choque;1;0;0;0;0;0;0;0;0;0;1;0;0;0;0
04/01/2022;18:47:00;176;Com vítima;297,700;BR-101/ES;Decrescente;Atropelamento de ciclista;1;1;0;0;0;0;0;0;0;0;1;0;0;1;0
04/01/2022;19:30:00;186;Com vítima;93,000;BR-101/ES;Crescente;Colisão lateral em sentido contrário;1;0;0;0;0;0;0;0;0;0;0;1;1;0;0
04/01/2022;21:28:00;202;Com vítima;420,800;BR-101/ES;Crescente;Colisão frontal;1;0;1;0;0;0;0;0;0;0;1;0;0;0;1
05/01/2022;06:53:00;28;Com vítima;354,400;BR-101/ES;Decrescente;Choque;0;0;0;1;0;0;0;0;0;0;0;0;0;0;1
05/01/2022;12:12:00;99;Com vítima;293,000;BR-101/ES;Crescente;Engavetamento;0;0;3;0;1;0;0;0;0;0;3;1;1;0;0
05/01/2022;12:36:00;104;Sem vítima;310,000;BR-101/ES;Crescente;Colisão traseira;0;0;0;0;0;0;0;0;0;1;1;0;0;0;0
05/01/2022;14:00:00;119;Sem vítima;358,000;BR-101/ES;Decrescente;Choque;1;0;0;0;0;0;0;0;0;0;1;0;0;0;0
05/01/2022;14:29:00;126;Sem vítima;380,300;BR-101/ES;Decrescente;Choque;0;0;1;0;0;0;0;0;0;0;1;0;0;0;0
05/01/2022;16:03:00;142;Com vítima;74,000;BR-101/ES;Decrescente;Colisão traseira;1;0;0;1;0;0;0;0;0;0;2;0;0;1;0
05/01/2022;16:50:00;154;Com vítima;71,900;BR-101/ES;Crescente;Colisão traseira;0;0;0;1;0;1;0;0;0;0;1;1;0;0;0
06/01/2022;10:49:00;95;Com vítima;220,150;BR-101/ES;Decrescente;Colisão transversal;1;0;0;1;0;0;0;0;0;0;0;0;0;2;0
06/01/2022;10:53:00;96;Sem vítima;289,000;BR-101/ES;Decrescente;Choque;1;0;0;0;0;0;0;0;0;0;1;0;0;0;0
06/01/2022;12:35:00;113;Sem vítima;272,300;BR-101/ES;Decrescente;Choque;1;0;0;0;0;0;0;0;0;0;1;0;0;0;0
06/01/2022;17:40:00;167;Com vítima;17,400;BR-101/ES;Decrescente;Queda de moto;0;0;0;1;0;0;0;0;0;0;0;1;0;0;0
06/01/2022;19:00:00;182;Sem vítima;64,000;BR-101/ES;Crescente;Choque;0;0;0;1;0;0;0;0;0;0;1;0;0;0;0
06/01/2022;20:53:00;208;Sem vítima;67,000;BR-101/ES;Crescente;Colisão lateral no mesmo sentido;0;0;1;0;0;1;0;0;0;0;2;0;0;0;0
06/01/2022;22:21:00;213;Com vítima;287,100;BR-101/ES;Crescente;Saída de pista;1;0;0;0;0;0;0;0;0;0;1;1;0;0;0
06/01/2022;23:20:00;221;Sem vítima;287,500;BR-101/ES;Decrescente;Choque;1;0;0;0;0;0;0;0;0;0;1;0;0;0;0
07/01/2022;00:19:00;1;Com vítima;203,950;BR-101/ES;Decrescente;Queda de moto;0;0;0;1;0;0;0;0;0;0;0;0;1;0;0
07/01/2022;06:49:00;13;Sem vítima;433,000;BR-101/ES;Crescente;Colisão lateral no mesmo sentido;1;0;1;0;0;0;0;0;0;0;2;0;0;0;0
07/01/2022;09:01:00;34;Sem vítima;181,000;BR-101/ES;Crescente;Colisão transversal;1;0;0;0;0;1;0;0;0;0;4;0;0;0;0
07/01/2022;10:11:00;47;Sem vítima;129,000;BR-101/ES;Crescente;Colisão traseira;1;0;1;1;0;0;0;0;0;0;6;0;0;0;0
07/01/2022;10:48:00;56;Sem vítima;292,700;BR-101/ES;Crescente;Colisão traseira;0;0;1;0;1;0;0;0;0;0;7;0;0;0;0
07/01/2022;11:10:00;61;Sem vítima;256,000;BR-101/ES;Crescente;Colisão traseira;2;0;0;0;0;0;0;0;0;0;2;0;0;0;0
07/01/2022;13:08:00;76;Com vítima;353,000;BR-101/ES;Decrescente;Saída de pista;1;0;0;0;0;0;0;0;0;0;0;1;1;0;0
07/01/2022;13:57:00;84;Com vítima;369,000;BR-101/ES;Decrescente;Colisão traseira;1;0;1;0;0;0;0;0;0;0;3;3;0;0;0
07/01/2022;14:07:00;87;Sem vítima;315,000;BR-101/ES;Crescente;Choque;1;0;0;0;0;0;0;0;0;0;1;0;0;0;0
07/01/2022;16:59:00;112;Com vítima;119,000;BR-101/ES;Crescente;Atropelamento de animal;1;0;0;0;0;0;0;0;0;0;0;0;1;0;0
07/01/2022;18:27:00;132;Sem vítima;282,000;BR-101/ES;Crescente;Choque;2;0;0;0;0;0;0;0;0;0;2;0;0;0;0
07/01/2022;19:01:00;136;Com vítima;279,000;BR-101/ES;Crescente;Saída de pista;1;0;0;0;0;0;0;0;0;0;3;0;1;0;0
07/01/2022;19:59:00;148;Com vítima;208,000;BR-101/ES;Crescente;Colisão traseira;2;0;0;0;0;0;0;0;0;0;2;1;0;0;0
07/01/2022;20:20:00;151;Sem vítima;279,000;BR-101/ES;Decrescente;Capotamento;2;0;0;0;0;0;0;0;0;0;2;0;0;0;0
07/01/2022;20:51:00;158;Com vítima;297,000;BR-101/ES;Crescente;Colisão traseira;1;0;0;0;0;0;0;0;0;1;4;1;0;0;0
08/01/2022;01:52:00;4;Sem vítima;61,000;BR-101/ES;Crescente;Colisão lateral no mesmo sentido;0;0;0;0;0;1;0;0;0;0;1;0;0;0;0
08/01/2022;05:46:00;19;Sem vítima;447,000;BR-101/ES;Decrescente;Saída de pista;1;0;0;0;0;0;0;0;0;0;4;0;0;0;0
08/01/2022;06:30:00;25;Com vítima;260,000;BR-101/ES;Decrescente;Capotamento;1;0;0;0;0;0;0;0;0;0;0;0;3;0;0
08/01/2022;08:46:00;48;Sem vítima;448,200;BR-101/ES;Crescente;Capotamento;1;0;0;0;0;0;0;0;0;0;2;0;0;0;0
08/01/2022;09:43:00;56;Com vítima;209,000;BR-101/ES;Decrescente;Colisão transversal;2;0;0;0;0;0;0;0;0;0;5;0;1;0;0
08/01/2022;10:20:00;61;Com vítima;312,800;BR-101/ES;Crescente;Capotamento;1;0;0;0;0;0;0;0;0;0;0;0;0;1;0
08/01/2022;10:24:00;63;Sem vítima;446,000;BR-101/ES;Crescente;Queda de moto;0;0;0;1;0;0;0;0;0;0;1;0;0;0;0
08/01/2022;14:36:00;94;Sem vítima;316,000;BR-101/ES;Decrescente;Choque;1;0;0;0;0;0;0;0;0;0;1;0;0;0;0
08/01/2022;15:56:00;113;Com vítima;149,000;BR-101/ES;Crescente;Atropelamento de pedestre;0;0;0;0;1;0;0;0;0;0;17;0;1;0;0
08/01/2022;16:04:00;114;Sem vítima;249,000;BR-101/ES;Crescente;Saída de pista;1;0;0;0;0;0;0;0;0;0;3;0;0;0;0
08/01/2022;17:22:00;125;Com vítima;266,000;BR-101/ES;Decrescente;Colisão traseira;2;0;0;0;0;0;0;0;0;0;2;0;1;0;0
08/01/2022;21:52:00;155;Com vítima;288,400;BR-101/ES;Crescente;Atropelamento de pedestre;1;0;0;0;0;0;0;0;0;0;1;0;0;0;1
09/01/2022;06:04:00;16;Com vítima;270,800;BR-101/ES;Decrescente;Choque;1;0;0;0;0;0;0;0;0;0;0;0;1;0;0
09/01/2022;07:18:00;23;Sem vítima;67,200;BR-101/ES;Decrescente;Choque;1;0;0;0;0;0;0;0;0;0;1;0;0;0;0
09/01/2022;09:57:00;47;Sem vítima;262,000;BR-101/ES;Crescente;Colisão traseira;2;0;0;0;0;0;0;0;0;0;2;0;0;0;0
09/01/2022;17:18:00;117;Com vítima;348,000;BR-101/ES;Decrescente;Saída de pista;1;0;0;0;0;0;0;0;0;0;1;1;0;0;0
09/01/2022;18:36:00;130;Sem vítima;332,000;BR-101/ES;Decrescente;Choque;1;0;0;0;0;0;0;0;0;0;1;0;0;0;0
09/01/2022;18:54:00;133;Com vítima;77,000;BR-101/ES;Crescente;Colisão traseira;2;0;0;0;0;0;0;0;0;0;1;6;0;0;0
09/01/2022;20:01:00;148;Sem vítima;258,000;BR-101/ES;Crescente;Choque;1;0;0;0;0;0;0;0;0;0;3;0;0;0;0
10/01/2022;07:07:00;36;Sem vítima;294,000;BR-101/ES;Decrescente;Colisão traseira;2;0;0;0;0;0;0;0;0;0;2;0;0;0;0
10/01/2022;07:14:00;38;Com vítima;270,800;BR-101/ES;Decrescente;Colisão traseira;1;0;0;1;0;0;0;0;0;0;1;1;0;0;0
10/01/2022;08:42:00;60;Com vítima;71,000;BR-101/ES;Decrescente;Colisão lateral no mesmo sentido;0;0;0;1;0;0;0;0;0;0;0;1;0;0;0
10/01/2022;09:28:00;69;Com vítima;91,000;BR-101/ES;Decrescente;Queda de moto;0;0;0;1;0;0;0;0;0;0;0;1;1;0;0
10/01/2022;10:10:00;88;Com vítima;137,800;BR-101/ES;Crescente;Queda de moto;0;0;0;1;0;0;0;0;0;0;0;1;0;0;0
10/01/2022;13:36:00;141;Sem vítima;262,500;BR-101/ES;Crescente;Colisão traseira;2;0;0;0;0;0;0;0;0;0;7;0;0;0;0
10/01/2022;16:11:00;176;Com vítima;228,000;BR-101/ES;Crescente;Colisão lateral no mesmo sentido;1;0;1;0;0;0;0;0;0;0;4;1;0;0;0
10/01/2022;16:37:00;182;Com vítima;293,000;BR-101/ES;Crescente;Queda de moto;0;0;0;1;0;0;0;0;0;0;0;0;1;0;0
10/01/2022;18:02:00;193;Sem vítima;162,000;BR-101/ES;Decrescente;Colisão traseira;2;0;0;0;0;0;0;0;0;0;3;0;0;0;0
10/01/2022;20:17:00;209;Sem vítima;293,000;BR-101/ES;Decrescente;Colisão lateral no mesmo sentido;1;0;0;1;0;0;0;0;0;0;2;0;0;0;0
11/01/2022;06:48:00;25;Com vítima;269,000;BR-101/ES;Crescente;Colisão traseira;0;0;0;1;1;0;0;0;0;0;1;1;0;0;0
11/01/2022;07:48:00;41;Sem vítima;307,000;BR-101/ES;Crescente;Colisão traseira;2;0;0;0;0;0;0;0;0;0;3;0;0;0;0
11/01/2022;10:29:00;85;Sem vítima;269,000;BR-101/ES;Crescente;Engavetamento;3;0;0;0;0;0;0;0;0;0;3;0;0;0;0
11/01/2022;14:34:00;119;Com vítima;396,000;BR-101/ES;Crescente;Colisão frontal;1;0;0;1;0;0;0;0;0;0;3;0;0;1;0
11/01/2022;14:38:00;123;Com vítima;282,000;BR-101/ES;Decrescente;Queda de moto;0;0;0;1;0;0;0;0;0;0;0;2;0;0;0
11/01/2022;14:41:00;125;Com vítima;146,500;BR-101/ES;Decrescente;Engavetamento;2;0;0;1;0;0;0;0;0;0;2;1;0;0;0
11/01/2022;21:10:00;187;Sem vítima;82,500;BR-101/ES;Crescente;Colisão lateral em sentido contrário;2;0;1;0;0;0;0;0;0;0;6;0;0;0;0
12/01/2022;07:09:00;34;Sem vítima;269,000;BR-101/ES;Crescente;Colisão traseira;1;0;0;0;0;0;0;0;0;1;2;0;0;0;0
12/01/2022;07:37:00;38;Com vítima;296,000;BR-101/ES;Crescente;Atropelamento de ciclista;0;1;0;0;0;1;0;0;0;0;1;1;0;0;0
12/01/2022;08:27:00;55;Sem vítima;53,000;BR-101/ES;Crescente;Colisão traseira;2;0;0;0;0;0;0;0;0;0;6;0;0;0;0
12/01/2022;10:30:00;84;Com vítima;65,000;BR-101/ES;Decrescente;Colisão lateral em sentido contrário;0;0;0;1;0;0;0;0;0;1;1;0;1;0;0
12/01/2022;11:57:00;100;Com vítima;65,800;BR-101/ES;Decrescente;Colisão traseira;0;0;1;0;0;0;0;0;0;1;3;1;0;0;0
12/01/2022;13:56:00;120;Sem vítima;281,000;BR-101/ES;Decrescente;Saída de pista;0;0;0;0;0;1;0;0;0;0;1;0;0;0;0
12/01/2022;15:00:00;136;Sem vítima;152,000;BR-101/ES;Crescente;Tombamento;0;0;1;0;0;0;0;0;0;0;2;0;0;0;0
12/01/2022;15:39:00;149;Sem vítima;441,000;BR-101/ES;Crescente;Colisão traseira;1;0;0;0;0;0;0;0;0;1;7;0;0;0;0
12/01/2022;18:19:00;190;Sem vítima;363,000;BR-101/ES;Crescente;Choque;2;0;0;0;0;0;0;0;0;0;28;0;0;0;0
12/01/2022;19:01:00;194;Sem vítima;269,000;BR-101/ES;Decrescente;Colisão lateral no mesmo sentido;1;0;1;0;0;0;0;0;0;0;2;0;0;0;0
12/01/2022;19:36:00;202;Sem vítima;286,000;BR-101/ES;Decrescente;Colisão traseira;1;0;0;0;0;1;0;0;0;0;2;0;0;0;0
13/01/2022;02:20:00;9;Com vítima;276,000;BR-101/ES;Decrescente;Atropelamento de animal;0;0;0;0;0;0;0;0;0;1;0;0;1;0;0
13/01/2022;02:58:00;13;Com vítima;134,000;BR-101/ES;Crescente;Atropelamento de animal;0;0;0;0;0;0;0;0;0;0;0;0;0;0;0
13/01/2022;08:42:00;60;Sem vítima;291,000;BR-101/ES;Decrescente;Colisão lateral no mesmo sentido;1;0;0;0;0;1;0;0;0;0;2;0;0;0;0
13/01/2022;15:07:00;132;Sem vítima;343,000;BR-101/ES;Decrescente;Colisão traseira;0;0;0;0;0;2;0;0;0;0;2;0;0;0;0
13/01/2022;16:38:00;165;Sem vítima;238,800;BR-101/ES;Decrescente;Colisão transversal;2;0;0;0;0;0;0;0;0;0;5;0;0;0;0
13/01/2022;16:57:00;169;Sem vítima;293,000;BR-101/ES;Decrescente;Colisão transversal;1;0;0;0;0;0;0;0;0;0;1;0;0;0;0
14/01/2022;02:34:00;11;Com vítima;3,000;Contorno de Iconha/ES;Decrescente;Atropelamento de animal;1;0;0;0;0;0;0;0;0;0;1;0;1;0;0
14/01/2022;02:57:00;15;Sem vítima;110,000;BR-101/ES;Decrescente;Saída de pista;0;0;1;0;0;0;0;0;0;0;1;0;0;0;0
14/01/2022;08:27:00;59;Com vítima;264,600;BR-101/ES;Decrescente;Colisão transversal;0;0;0;1;0;1;0;0;0;0;2;0;1;0;0
14/01/2022;14:09:00;124;Sem vítima;424,900;BR-101/ES;Crescente;Colisão traseira;0;0;1;0;0;1;0;0;0;0;3;0;0;0;0
14/01/2022;15:08:00;138;Com vítima;292,200;BR-101/ES;Crescente;Saída de pista;0;0;0;1;0;0;0;0;0;0;0;0;1;0;0
14/01/2022;15:49:00;148;Sem vítima;54,900;BR-101/ES;Decrescente;Colisão traseira;2;0;0;0;0;0;0;0;0;0;2;0;0;0;0
14/01/2022;17:44:00;168;Sem vítima;278,200;BR-101/ES;Decrescente;Engavetamento;4;0;0;0;0;0;0;0;0;0;4;0;0;0;0
14/01/2022;18:02:00;171;Sem vítima;298,000;BR-101/ES;Crescente;Queda de moto;0;0;0;1;0;0;0;0;0;0;1;0;0;0;0
14/01/2022;20:29:00;203;Sem vítima;325,000;BR-101/ES;Crescente;Engavetamento;2;0;1;0;0;0;0;0;0;0;6;0;0;0;0
14/01/2022;20:30:00;204;Sem vítima;65,900;BR-101/ES;Crescente;Colisão traseira;2;0;0;0;0;0;0;0;0;0;2;0;0;0;0
14/01/2022;22:01:00;215;Com vítima;293,000;BR-101/ES;Crescente;Saída de pista;1;0;0;0;0;0;0;0;0;0;1;1;0;0;0
14/01/2022;22:28:00;220;Com vítima;123,000;BR-101/ES;Decrescente;Colisão traseira;0;0;0;1;0;1;0;0;0;0;1;0;0;0;1
14/01/2022;23:13:00;222;Com vítima;149,000;BR-101/ES;Decrescente;Atropelamento de pedestre;0;0;1;0;0;0;0;0;0;0;1;0;0;0;1
15/01/2022;02:54:00;11;Com vítima;372,300;BR-101/ES;Crescente;Tombamento;0;0;1;0;0;0;0;0;0;0;0;1;0;0;0
15/01/2022;03:33:00;16;Com vítima;302,000;BR-101/ES;Decrescente;Queda de moto;0;0;0;1;0;0;0;0;0;0;0;1;0;0;0
15/01/2022;09:01:00;39;Sem vítima;372,000;BR-101/ES;Crescente;Colisão traseira;2;0;0;0;0;0;0;0;0;0;4;0;0;0;0
15/01/2022;09:38:00;54;Sem vítima;178,000;BR-101/ES;Decrescente;Colisão transversal;2;0;0;0;0;0;0;0;0;0;10;0;0;0;0
15/01/2022;10:34:00;63;Com vítima;343,000;BR-101/ES;Decrescente;Colisão traseira;1;0;0;1;0;0;0;0;0;0;1;1;0;0;0
15/01/2022;17:14:00;123;Sem vítima;287,000;BR-101/ES;Crescente;Colisão traseira;2;0;0;0;0;0;0;0;0;0;3;0;0;0;0
15/01/2022;19:55:00;152;Sem vítima;257,000;BR-101/ES;Crescente;Colisão lateral no mesmo sentido;2;0;0;0;0;0;0;0;0;0;7;0;0;0;0
16/01/2022;05:03:00;17;Sem vítima;287,000;BR-101/ES;Crescente;Colisão transversal;1;0;0;0;0;0;0;0;0;0;3;0;0;0;0
16/01/2022;13:52:00;85;Sem vítima;255,000;BR-101/ES;Crescente;Colisão traseira;2;0;0;0;0;0;0;0;0;0;5;0;0;0;0
16/01/2022;14:59:00;98;Sem vítima;126,000;BR-101/ES;Crescente;Colisão traseira;2;0;0;0;0;0;0;0;0;0;2;0;0;0;0
16/01/2022;19:14:00;141;Sem vítima;90,000;BR-101/ES;Crescente;Colisão traseira;1;0;0;0;0;0;0;0;0;0;3;0;0;0;0
16/01/2022;19:57:00;153;Sem vítima;262,000;BR-101/ES;Decrescente;Colisão traseira;2;0;0;0;0;0;0;0;0;0;2;0;0;0;0
16/01/2022;21:56:00;168;Sem vítima;435,500;BR-101/ES;Crescente;Tombamento;0;0;1;0;0;0;0;0;0;0;1;0;0;0;0
16/01/2022;22:50:00;174;Com vítima;260,600;BR-101/ES;Crescente;Queda de moto;0;0;0;1;0;0;0;0;0;0;0;1;0;0;0
17/01/2022;01:47:00;12;Com vítima;350,000;BR-101/ES;Decrescente;Saída de pista;1;0;0;0;0;0;0;0;0;0;0;0;1;1;0
17/01/2022;06:42:00;28;Com vítima;265,000;BR-101/ES;Crescente;Colisão traseira;0;0;0;1;0;0;0;0;0;1;1;0;1;0;0