data;horario;n_da_ocorrencia;tipo_de_ocorrencia;km;trecho;sentido;tipo_de_acidente;automovel;bicicleta;caminhao;moto;onibus;outros;tracao_animal;transporte_de_cargas_especiais;trator_maquinas;utilitarios;ilesos;levemente_feridos;moderadamente_feridos;gravemente_feridos;mortos
25/02/2022;09:47:00;52;Sem vítima;282,000;BR-101/ES;Decrescente;Colisão lateral em sentido contrário;2;0;0;0;0;0;0;0;0;0;6;0;0;0;0
25/02/2022;10:23:00;63;Com vítima;372,700;BR-101/ES;Crescente;Saída de pista;2;0;0;0;0;0;0;0;0;0;1;1;0;0;0
25/02/2022;12:57:00;85;Sem vítima;144,000;BR-101/ES;Decrescente;Colisão lateral no mesmo sentido;1;0;0;1;0;0;0;0;0;0;3;0;0;0;0
25/02/2022;13:09:00;86;Sem vítima;149,000;BR-101/ES;Crescente;Colisão transversal;1;0;0;1;0;0;0;0;0;0;2;0;0;0;0
25/02/2022;15:39:00;115;Sem vítima;333,000;BR-101/ES;Decrescente;Colisão traseira;0;1;1;0;0;0;0;0;0;0;2;0;0;0;0
25/02/2022;16:11:00;124;Com vítima;304,000;BR-101/ES;Decrescente;Queda de moto;0;0;0;1;0;0;0;0;0;0;0;2;0;0;0
25/02/2022;17:54:00;143;Com vítima;146,000;BR-101/ES;Crescente;Colisão transversal;2;0;0;0;0;1;0;0;0;0;2;1;0;0;0
25/02/2022;19:12:00;163;Sem vítima;203,000;BR-101/ES;Crescente;Colisão traseira;2;0;0;0;0;0;0;0;0;0;3;0;0;0;0
25/02/2022;23:17:00;222;Com vítima;293,000;BR-101/ES;Crescente;Saída de pista;1;0;0;0;0;0;0;0;0;0;0;2;0;0;0
26/02/2022;00:14:00;1;Sem vítima;160,000;BR-101/ES;Decrescente;Acidentes de outra natureza;0;0;0;0;0;1;0;0;0;0;1;0;0;0;0
26/02/2022;01:41:00;15;Sem vítima;265,500;BR-101/ES;Decrescente;Choque;1;0;0;0;0;0;0;0;0;0;1;0;0;0;0
26/02/2022;03:05:00;22;Sem vítima;264,000;BR-101/ES;Crescente;Choque;0;0;0;0;0;1;0;0;0;0;1;0;0;0;0
26/02/2022;03:34:00;29;Sem vítima;67,000;BR-101/ES;Crescente;Queda de moto;0;0;0;1;0;0;0;0;0;0;1;0;0;0;0
26/02/2022;04:04:00;31;Com vítima;155,000;BR-101/ES;Decrescente;Colisão frontal;4;0;0;0;0;0;0;0;0;0;4;1;2;0;0
26/02/2022;06:02:00;41;Sem vítima;395,000;BR-101/ES;Crescente;Colisão traseira;1;0;0;1;0;0;0;0;0;0;4;0;0;0;0
26/02/2022;07:47:00;61;Com vítima;222,000;BR-101/ES;Crescente;Colisão frontal;3;0;0;0;0;0;0;0;0;0;1;8;0;0;0
26/02/2022;08:17:00;74;Sem vítima;953,500;BR-101/ES;Crescente;Choque;1;0;0;0;0;0;0;0;0;0;1;0;0;0;0
26/02/2022;08:34:00;79;Sem vítima;85,000;BR-101/ES;Decrescente;Colisão traseira;2;0;0;0;0;0;0;0;0;0;3;0;0;0;0
26/02/2022;09:07:00;91;Com vítima;68,000;BR-101/ES;Decrescente;Colisão traseira;1;0;0;1;0;0;0;0;0;0;1;1;1;0;0
26/02/2022;09:09:00;92;Sem vítima;321,700;BR-101/ES;Crescente;Colisão lateral no mesmo sentido;1;0;0;0;0;0;0;0;0;0;3;0;0;0;0
26/02/2022;09:23:00;95;Com vítima;414,400;BR-101/ES;Decrescente;Colisão traseira;1;0;0;1;0;0;0;0;0;0;1;2;0;0;0
26/02/2022;09:31:00;98;Com vítima;204,000;BR-101/ES;Decrescente;Atropelamento de pedestre;0;0;1;0;0;0;0;0;0;0;1;1;0;0;0
26/02/2022;09:49:00;107;Com vítima;19,800;BR-101/ES;Crescente;Colisão transversal;0;0;0;1;0;0;0;0;0;0;0;0;0;0;2
26/02/2022;12:15:00;150;Com vítima;26,000;BR-101/ES;Decrescente;Atropelamento de pedestre;1;0;0;0;0;0;0;0;0;0;1;0;0;1;0
26/02/2022;12:27:00;153;Sem vítima;255,400;BR-101/ES;Crescente;Colisão transversal;1;0;0;0;0;0;0;0;0;0;1;0;0;0;0
26/02/2022;14:21:00;180;Com vítima;349,000;BR-101/ES;Crescente;Colisão lateral em sentido contrário;1;0;0;0;0;1;0;0;0;0;1;2;0;0;0
26/02/2022;14:24:00;183;Sem vítima;224,000;BR-101/ES;Crescente;Colisão traseira;2;0;0;0;0;0;0;0;0;0;9;0;0;0;0
26/02/2022;19:31:00;253;Com vítima;399,000;BR-101/ES;Decrescente;Colisão traseira;3;0;0;0;0;0;0;0;0;0;0;8;0;0;0
26/02/2022;19:40:00;255;Sem vítima;266,000;BR-101/ES;Crescente;Colisão traseira;1;0;0;0;0;1;0;0;0;0;2;0;0;0;0
26/02/2022;20:27:00;271;Sem vítima;390,000;BR-101/ES;Crescente;Saída de pista;1;0;0;0;0;0;0;0;0;0;1;0;0;0;0
27/02/2022;04:53:00;20;Com vítima;398,900;BR-101/ES;Crescente;Choque;0;0;0;1;0;0;0;0;0;0;0;0;1;0;0
27/02/2022;05:12:00;21;Sem vítima;176,000;BR-101/ES;Decrescente;Colisão traseira;2;0;0;0;0;0;0;0;0;0;4;0;0;0;0
27/02/2022;07:21:00;31;Sem vítima;264,400;BR-101/ES;Crescente;Colisão traseira;1;0;0;0;0;0;0;0;0;0;1;0;0;0;0
27/02/2022;11:59:00;63;Com vítima;242,500;BR-101/ES;Decrescente;Queda de moto;0;0;0;1;0;0;0;0;0;0;0;0;2;0;0
27/02/2022;21:28:00;147;Com vítima;236,950;BR-101/ES;Crescente;Atropelamento de pedestre;0;0;0;1;0;0;0;0;0;0;1;0;1;0;0
27/02/2022;22:35:00;157;Sem vítima;266,000;BR-101/ES;Decrescente;Colisão traseira;2;0;0;0;0;0;0;0;0;0;4;0;0;0;0
28/02/2022;07:59:00;47;Com vítima;270,000;BR-101/ES;Crescente;Colisão lateral no mesmo sentido;0;0;0;1;0;0;0;0;0;0;0;0;1;0;0
28/02/2022;09:36:00;70;Com vítima;82,600;BR-101/ES;Decrescente;Queda de moto;0;0;1;1;0;0;0;0;0;0;2;1;1;0;0
28/02/2022;10:31:00;78;Com vítima;385,000;BR-101/ES;Decrescente;Queda de moto;0;0;0;1;0;0;0;0;0;0;0;0;2;0;0
28/02/2022;12:00:00;94;Com vítima;106,600;BR-101/ES;Decrescente;Queda de moto;0;0;0;1;0;0;0;0;0;0;0;1;1;0;0
28/02/2022;15:56:00;124;Com vítima;257,000;BR-101/ES;Crescente;Queda de moto;1;0;0;0;0;0;0;0;0;0;0;0;1;0;0
28/02/2022;21:03:00;167;Com vítima;281,800;BR-101/ES;Crescente;Saída de pista;1;0;0;0;0;0;0;0;0;0;0;1;0;0;0
28/02/2022;23:38:00;181;Sem vítima;255,000;BR-101/ES;Decrescente;Colisão lateral em sentido contrário;0;0;1;0;1;0;0;0;0;0;2;0;0;0;0
01/03/2022;00:19:00;1;Sem vítima;288,800;BR-101/ES;Crescente;Choque;1;0;0;0;0;0;0;0;0;0;1;0;0;0;0
01/03/2022;07:10:00;16;Com vítima;291,000;BR-101/ES;Crescente;Queda de moto;0;0;0;1;0;0;0;0;0;0;0;1;0;0;0
01/03/2022;07:37:00;19;Sem vítima;219,000;BR-101/ES;Crescente;Choque;1;0;0;0;0;0;0;0;0;0;4;0;0;0;0
01/03/2022;09:10:00;37;Sem vítima;171,000;BR-101/ES;Decrescente;Colisão traseira;1;0;0;0;0;1;0;0;0;0;2;0;0;0;0
01/03/2022;10:04:00;46;Com vítima;106,800;BR-101/ES;Crescente;Colisão lateral em sentido contrário;1;0;0;0;0;1;0;0;0;0;3;1;0;0;0
01/03/2022;10:47:00;63;Sem vítima;61,000;BR-101/ES;Crescente;Colisão traseira;2;0;0;0;0;0;0;0;0;0;4;0;0;0;0
01/03/2022;15:31:00;115;Sem vítima;123,000;BR-101/ES;Crescente;Engavetamento;2;0;0;1;0;0;0;0;0;0;8;0;0;0;0
01/03/2022;23:00:00;206;Sem vítima;264,000;BR-101/ES;Crescente;Saída de pista;0;0;0;0;1;0;0;0;0;0;1;0;0;0;0
02/03/2022;07:18:00;29;Sem vítima;204,900;BR-101/ES;Crescente;Colisão traseira;1;0;0;0;0;1;0;0;0;0;2;0;0;0;0
02/03/2022;10:02:00;64;Sem vítima;242,000;BR-101/ES;Decrescente;Choque;1;0;0;0;0;0;0;0;0;0;1;0;0;0;0
02/03/2022;10:15:00;69;Sem vítima;262,000;BR-101/ES;Crescente;Acidentes de outra natureza;1;0;0;0;0;0;0;0;0;0;1;0;0;0;0
02/03/2022;11:28:00;78;Com vítima;255,000;BR-101/ES;Crescente;Choque;1;0;0;0;0;0;0;0;0;0;1;1;0;0;0
02/03/2022;12:30:00;94;Com vítima;289,000;BR-101/ES;Decrescente;Colisão traseira;1;0;0;1;0;0;0;0;0;0;1;0;1;0;0
02/03/2022;13:07:00;102;Sem vítima;266,000;BR-101/ES;Decrescente;Colisão lateral no mesmo sentido;1;0;0;0;0;1;0;0;0;0;2;0;0;0;0
02/03/2022;14:10:00;109;Sem vítima;142,200;BR-101/ES;Crescente;Choque;1;0;0;0;0;0;0;0;0;0;4;0;0;0;0
02/03/2022;14:35:00;116;Sem vítima;460,200;BR-101/ES;Crescente;Tombamento;0;0;0;0;0;1;0;0;0;0;1;0;0;0;0
02/03/2022;15:46:00;135;Com vítima;7,000;BR-101/ES;Crescente;Colisão lateral no mesmo sentido;1;0;0;0;0;1;0;0;0;0;1;0;2;0;0
02/03/2022;19:44:00;193;Sem vítima;85,000;BR-101/ES;Decrescente;Colisão traseira;2;0;0;0;0;0;0;0;0;0;2;0;0;0;0
02/03/2022;22:47:00;231;Sem vítima;61,000;BR-101/ES;Crescente;Colisão traseira;2;0;0;0;0;0;0;0;0;0;3;0;0;0;0
03/03/2022;06:35:00;24;Sem vítima;15,000;BR-101/ES;Decrescente;Colisão lateral em sentido contrário;2;0;0;0;0;0;0;0;0;0;4;0;0;0;0
03/03/2022;06:41:00;25;Com vítima;269,800;BR-101/ES;Crescente;Colisão lateral no mesmo sentido;1;0;0;1;0;0;0;0;0;0;1;0;1;0;0
03/03/2022;06:56:00;28;Com vítima;283,100;BR-101/ES;Crescente;Colisão frontal;0;0;0;1;0;0;0;0;0;1;1;0;1;0;0
03/03/2022;09:22:00;57;Sem vítima;448,000;BR-101/ES;Decrescente;Colisão traseira;1;0;1;0;0;0;0;0;0;0;2;0;0;0;0
03/03/2022;13:21:00;112;Sem vítima;324,500;BR-101/ES;Decrescente;Choque;1;0;0;0;0;0;0;0;0;0;1;0;0;0;0
03/03/2022;13:46:00;119;Sem vítima;459,800;BR-101/ES;Crescente;Colisão traseira;1;0;0;0;0;1;0;0;0;0;4;0;0;0;0
03/03/2022;14:23:00;130;Sem vítima;313,500;BR-101/ES;Decrescente;Choque;1;0;0;0;0;0;0;0;0;0;2;0;0;0;0
03/03/2022;16:08:00;149;Sem vítima;296,700;BR-101/ES;Decrescente;Choque;1;0;0;0;0;0;0;0;0;0;1;0;0;0;0
03/03/2022;17:21:00;171;Com vítima;443,000;BR-101/ES;Decrescente;Queda de moto;0;0;0;1;0;0;0;0;0;0;0;0;1;0;0
03/03/2022;17:31:00;174;Com vítima;394,000;BR-101/ES;Decrescente;Colisão traseira;1;0;0;1;0;0;0;0;0;0;3;0;1;0;0
03/03/2022;17:48:00;179;Com vítima;271,000;BR-101/ES;Crescente;Colisão traseira;1;0;0;1;0;0;0;0;0;0;1;0;1;0;0
04/03/2022;06:50:00;25;Com vítima;260,001;BR-101/ES;Crescente;Queda de moto;0;0;0;1;0;0;0;0;0;0;0;1;0;0;0
04/03/2022;07:25:00;35;Sem vítima;260,000;BR-101/ES;Crescente;Engavetamento;2;0;0;0;0;0;0;0;0;0;2;0;0;0;0
04/03/2022;10:27:00;94;Sem vítima;295,500;BR-101/ES;Decrescente;Colisão traseira;0;0;1;0;1;0;0;0;0;0;3;0;0;0;0
04/03/2022;10:59:00;99;Com vítima;266,300;BR-101/ES;Crescente;Choque;0;0;1;0;0;0;0;0;0;0;0;1;0;0;0
04/03/2022;11:52:00;109;Com vítima;266,003;BR-101/ES;Decrescente;Colisão traseira;1;0;0;1;0;0;0;0;0;0;1;0;1;0;0
04/03/2022;15:36:00;141;Com vítima;215,000;BR-101/ES;Decrescente;Saída de pista;1;0;0;0;0;0;0;0;0;0;0;5;0;0;0
04/03/2022;17:35:00;163;Com vítima;259,000;BR-101/ES;Decrescente;Colisão traseira;0;0;0;2;0;0;0;0;0;0;0;1;2;0;0
05/03/2022;02:32:00;6;Sem vítima;406,000;BR-101/ES;Decrescente;Saída de pista;0;0;0;0;0;1;0;0;0;0;1;0;0;0;0
05/03/2022;05:10:00;15;Com vítima;260,000;BR-101/ES;Crescente;Colisão traseira;1;0;1;0;0;0;0;0;0;0;1;0;0;1;0
05/03/2022;07:12:00;30;Com vítima;296,400;BR-101/ES;Decrescente;Colisão traseira;0;0;0;1;0;0;0;0;0;0;0;1;0;0;0
05/03/2022;08:51:00;66;Sem vítima;285,000;BR-101/ES;Crescente;Colisão frontal;2;0;0;0;0;0;0;0;0;0;2;0;0;0;0
05/03/2022;08:56:00;70;Sem vítima;266,000;BR-101/ES;Crescente;Queda de moto;0;0;0;1;0;0;0;0;0;0;1;0;0;0;0
05/03/2022;10:17:00;96;Com vítima;351,000;BR-101/ES;Crescente;Saída de pista;1;0;0;0;0;0;0;0;0;0;0;1;0;0;0
05/03/2022;13:20:00;130;Sem vítima;424,000;BR-101/ES;Crescente;Engavetamento;1;0;1;0;0;2;0;0;0;0;4;0;0;0;0
05/03/2022;15:29:00;160;Com vítima;78,000;BR-101/ES;Crescente;Colisão lateral em sentido contrário;2;0;0;0;0;0;0;0;0;0;3;3;0;0;0
05/03/2022;17:05:00;188;Com vítima;285,000;BR-101/ES;Crescente;Engavetamento;2;0;0;1;0;0;0;0;0;1;3;0;1;0;0
05/03/2022;17:42:00;199;Com vítima;171,000;BR-101/ES;Crescente;Choque;1;0;0;0;0;0;0;0;0;0;0;2;0;0;0
05/03/2022;22:35:00;226;Sem vítima;373,400;BR-101/ES;Crescente;Colisão lateral em sentido contrário;2;0;0;0;0;0;0;0;0;0;3;0;0;0;0
05/03/2022;23:45:00;233;Com vítima;70,000;BR-101/ES;Crescente;Colisão lateral em sentido contrário;1;0;0;0;0;1;0;0;0;0;1;1;0;0;0
06/03/2022;02:28:00;10;Com vítima;164,700;BR-101/ES;Crescente;Colisão traseira;3;0;0;0;0;0;0;0;0;0;2;1;1;1;0
06/03/2022;03:20:00;13;Sem vítima;301,500;BR-101/ES;Crescente;Colisão lateral em sentido contrário;2;0;0;0;0;0;0;0;0;0;2;0;0;0;0
06/03/2022;08:55:00;41;Com vítima;145,300;BR-101/ES;Decrescente;Colisão lateral no mesmo sentido;1;0;0;1;0;0;0;0;0;0;3;2;0;0;0
06/03/2022;09:09:00;44;Com vítima;290,600;BR-101/ES;Crescente;Capotamento;1;0;0;0;0;0;0;0;0;0;1;0;1;0;0
06/03/2022;11:00:00;62;Sem vítima;265,500;BR-101/ES;Crescente;Colisão traseira;2;0;0;0;0;0;0;0;0;0;3;0;0;0;0
06/03/2022;13:54:00;81;Com vítima;255,500;BR-101/ES;Crescente;Colisão traseira;2;0;0;0;0;0;0;0;0;0;4;0;1;0;0
07/03/2022;05:13:00;23;Sem vítima;94,000;BR-101/ES;Crescente;Colisão traseira;2;0;0;0;0;0;0;0;0;0;3;0;0;0;0
07/03/2022;07:23:00;46;Sem vítima;256,000;BR-101/ES;Crescente;Colisão traseira;1;0;0;0;0;1;0;0;0;0;2;0;0;0;0
07/03/2022;07:27:00;49;Sem vítima;264,400;BR-101/ES;Crescente;Colisão traseira;1;0;0;1;0;0;0;0;0;0;2;0;0;0;0
07/03/2022;08:08:00;57;Sem vítima;293,400;BR-101/ES;Crescente;Colisão traseira;3;0;0;0;0;0;0;0;0;0;3;0;0;0;0
07/03/2022;10:19:00;90;Sem vítima;171,000;BR-101/ES;Decrescente;Choque;0;0;0;0;0;1;0;0;0;0;1;0;0;0;0
07/03/2022;11:05:00;96;Sem vítima;268,000;BR-101/ES;Decrescente;Colisão lateral no mesmo sentido;1;0;1;0;0;0;0;0;0;0;2;0;0;0;0
07/03/2022;11:16:00;97;Sem vítima;268,000;BR-101/ES;Decrescente;Colisão lateral no mesmo sentido;0;0;1;0;0;0;0;0;0;0;1;0;0;0;0
07/03/2022;12:02:00;103;Com vítima;374,500;BR-101/ES;Crescente;Atropelamento de ciclista;0;1;0;0;0;0;0;0;0;0;0;0;0;0;1
07/03/2022;16:25:00;159;Com vítima;66,700;BR-101/ES;Crescente;Atropelamento de ciclista;0;1;0;0;0;1;0;0;0;0;1;1;0;0;0
07/03/2022;17:06:00;168;Sem vítima;262,700;BR-101/ES;Crescente;Choque;1;0;0;0;0;0;0;0;0;0;1;0;0;0;0
07/03/2022;18:16:00;177;Com vítima;286,000;BR-101/ES;Crescente;Colisão transversal;0;0;0;2;0;0;0;0;0;0;1;0;1;0;0
07/03/2022;20:08:00;200;Com vítima;64,800;BR-101/ES;Crescente;Colisão traseira;0;0;1;1;0;0;0;0;0;0;1;0;0;0;1
08/03/2022;16:30:00;166;Com vítima;397,000;BR-101/ES;Crescente;Colisão traseira;0;0;1;0;0;1;0;0;0;0;1;1;0;0;0
08/03/2022;18:18:00;182;Com vítima;284,000;BR-101/ES;Crescente;Colisão traseira;0;0;0;1;0;0;0;0;0;0;0;1;0;0;0
08/03/2022;20:47:00;205;Com vítima;310,800;BR-101/ES;Decrescente;Atropelamento de pedestre;0;0;1;0;1;0;0;0;0;0;2;1;0;0;1
08/03/2022;22:20:00;214;Sem vítima;358,000;BR-101/ES;Decrescente;Colisão traseira;2;0;1;0;0;0;0;0;0;0;3;0;0;0;0
08/03/2022;23:24:00;218;Sem vítima;266,000;BR-101/ES;Decrescente;Colisão traseira;1;0;1;0;0;0;0;0;0;0;2;0;0;0;0
09/03/2022;10:39:00;95;Sem vítima;66,000;BR-101/ES;Decrescente;Colisão traseira;1;0;1;0;0;0;0;0;0;0;2;0;0;0;0
09/03/2022;11:21:00;107;Com vítima;299,000;BR-101/ES;Crescente;Colisão lateral no mesmo sentido;0;0;1;1;0;0;0;0;0;0;1;1;0;0;0
09/03/2022;16:50:00;153;Sem vítima;269,150;BR-101/ES;Decrescente;Colisão lateral no mesmo sentido;0;0;0;0;0;1;0;0;0;0;1;0;0;0;0
09/03/2022;20:36:00;190;Com vítima;267,350;BR-101/ES;Decrescente;Atropelamento de pedestre;1;1;0;0;0;0;0;0;0;0;1;0;1;0;0
09/03/2022;23:03:00;204;Sem vítima;269,000;BR-101/ES;Decrescente;Colisão lateral no mesmo sentido;1;0;0;0;0;1;0;0;0;0;2;0;0;0;0
10/03/2022;03:10:00;6;Com vítima;72,000;BR-101/ES;Crescente;Atropelamento de animal;1;0;0;0;0;0;0;0;0;0;0;0;1;0;0
10/03/2022;07:05:00;34;Sem vítima;308,400;BR-101/ES;Crescente;Colisão traseira;1;0;0;0;0;0;0;0;0;1;2;0;0;0;0
10/03/2022;08:36:00;57;Com vítima;63,700;BR-101/ES;Decrescente;Saída de pista;1;0;0;0;0;0;0;0;0;0;0;1;0;0;0
10/03/2022;09:33:00;77;Sem vítima;240,000;BR-101/ES;Decrescente;Colisão transversal;2;0;0;0;0;0;0;0;0;0;4;0;0;0;0
10/03/2022;09:59:00;82;Com vítima;139,600;BR-101/ES;Crescente;Colisão transversal;2;0;0;0;0;0;0;0;0;0;0;2;1;0;0
10/03/2022;12:15:00;100;Com vítima;96,400;BR-101/ES;Decrescente;Colisão traseira;1;0;0;1;0;0;0;0;0;0;1;1;0;0;0
10/03/2022;12:24:00;103;Sem vítima;150,200;BR-101/ES;Decrescente;Colisão traseira;3;0;1;0;0;0;0;0;0;0;4;0;0;0;0
10/03/2022;13:51:00;111;Sem vítima;289,800;BR-101/ES;Decrescente;Saída de pista;0;0;1;0;0;0;0;0;0;0;1;0;0;0;0
10/03/2022;15:24:00;139;Sem vítima;325,000;BR-101/ES;Crescente;Colisão lateral no mesmo sentido;0;0;0;0;0;1;0;0;0;0;1;0;0;0;0
10/03/2022;17:39:00;160;Sem vítima;96,400;BR-101/ES;Crescente;Colisão lateral no mesmo sentido;0;0;0;1;0;0;0;0;0;0;1;0;0;0;0
10/03/2022;18:06:00;164;Sem vítima;325,000;BR-101/ES;Crescente;Colisão lateral no mesmo sentido;1;0;0;0;0;0;0;0;0;0;1;0;0;0;0
10/03/2022;18:41:00;169;Sem vítima;146,000;BR-101/ES;Crescente;Colisão traseira;2;0;0;0;0;0;0;0;0;0;4;0;0;0;0
11/03/2022;06:34:00;37;Com vítima;287,400;BR-101/ES;Decrescente;Colisão traseira;1;0;1;0;0;0;0;0;0;0;2;1;0;0;0
11/03/2022;06:57:00;43;Com vítima;270,200;BR-101/ES;Decrescente;Colisão lateral no mesmo sentido;0;0;0;1;0;0;0;0;0;0;0;1;0;0;0
11/03/2022;06:59:00;45;Com vítima;255,100;BR-101/ES;Crescente;Engavetamento;3;0;0;0;0;0;0;0;0;0;2;1;0;0;0
11/03/2022;07:36:00;58;Sem vítima;116,000;BR-101/ES;Decrescente;Colisão transversal;2;0;0;0;0;0;0;0;0;0;2;0;0;0;0
11/03/2022;07:49:00;63;Com vítima;13,600;BR-101/ES;Crescente;Queda de moto;0;0;0;1;0;0;0;0;0;0;0;1;0;0;0
11/03/2022;08:52:00;75;Sem vítima;206,000;BR-101/ES;Crescente;Colisão lateral no mesmo sentido;0;0;1;0;0;0;0;0;0;1;4;0;0;0;0
11/03/2022;08:56:00;76;Sem vítima;289,800;BR-101/ES;Crescente;Colisão traseira;1;0;0;1;0;0;0;0;0;0;2;0;0;0;0
11/03/2022;09:12:00;77;Sem vítima;233,000;BR-101/ES;Crescente;Colisão lateral no mesmo sentido;1;0;1;0;0;0;0;0;0;0;4;0;0;0;0
11/03/2022;09:30:00;82;Sem vítima;396,000;BR-101/ES;Decrescente;Colisão traseira;0;0;0;0;0;1;0;0;0;0;1;0;0;0;0
11/03/2022;09:35:00;85;Sem vítima;122,900;BR-101/ES;Crescente;Colisão traseira;0;0;0;0;0;0;0;0;0;2;3;0;0;0;0
11/03/2022;13:05:00;126;Com vítima;271,100;BR-101/ES;Crescente;Colisão lateral no mesmo sentido;0;0;0;2;0;0;0;0;0;0;0;0;2;0;0
11/03/2022;15:49:00;159;Sem vítima;330,500;BR-101/ES;Decrescente;Saída de pista;1;0;0;0;0;0;0;0;0;0;3;0;0;0;0
11/03/2022;15:56:00;160;Com vítima;246,200;BR-101/ES;Decrescente;Colisão lateral no mesmo sentido;0;0;0;1;0;1;0;0;0;0;1;0;0;1;1
11/03/2022;20:34:00;204;Com vítima;278,500;BR-101/ES;Decrescente;Queda de moto;0;0;0;1;0;0;0;0;0;0;0;0;2;0;0
12/03/2022;07:47:00;38;Com vítima;297,000;BR-101/ES;Decrescente;Colisão lateral no mesmo sentido;1;0;0;0;0;1;0;0;0;0;2;1;1;0;0
12/03/2022;08:11:00;44;Sem vítima;209,000;BR-101/ES;Crescente;Acidentes de outra natureza;0;0;0;0;0;1;0;0;0;0;1;0;0;0;0
12/03/2022;09:42:00;70;Sem vítima;85,800;BR-101/ES;Crescente;Colisão traseira;0;0;1;0;0;1;0;0;0;0;4;0;0;0;0
12/03/2022;10:20:00;76;Com vítima;394,000;BR-101/ES;Decrescente;Colisão transversal;2;0;0;0;0;0;0;0;0;0;7;1;0;0;0
12/03/2022;11:00:00;87;Sem vítima;147,000;BR-101/ES;Crescente;Colisão transversal;1;0;0;0;0;1;0;0;0;0;2;0;0;0;0
12/03/2022;13:10:00;110;Sem vítima;183,000;BR-101/ES;Crescente;Colisão lateral no mesmo sentido;1;0;0;0;0;1;0;0;0;0;2;0;0;0;0
12/03/2022;17:19:00;163;Sem vítima;265,500;BR-101/ES;Decrescente;Colisão traseira;2;0;0;0;0;0;0;0;0;0;6;0;0;0;0
12/03/2022;18:29:00;169;Sem vítima;34,500;BR-101/ES;Crescente;Colisão lateral no mesmo sentido;1;0;1;0;0;0;0;0;0;0;2;0;0;0;0
12/03/2022;20:38:00;183;Com vítima;249,000;BR-101/ES;Decrescente;Choque;1;0;0;0;0;0;0;0;0;0;0;0;1;0;0
13/03/2022;00:25:00;2;Sem vítima;127,000;BR-101/ES;Decrescente;Saída de pista;1;0;0;0;0;0;0;0;0;0;1;0;0;0;0
13/03/2022;01:38:00;8;Com vítima;311,000;BR-101/ES;Decrescente;Choque;1;0;0;0;0;0;0;0;0;0;1;1;0;0;0
13/03/2022;05:21:00;19;Com vítima;50,400;BR-101/ES;Crescente;Saída de pista;1;0;0;0;0;0;0;0;0;0;3;2;1;0;0
13/03/2022;08:06:00;34;Com vítima;13,000;BR-101/ES;Crescente;Queda de moto;0;0;0;1;0;0;0;0;0;0;0;0;0;1;0
13/03/2022;08:12:00;36;Com vítima;32,500;BR-101/ES;Crescente;Colisão traseira;2;0;0;0;0;0;0;0;0;0;4;1;0;0;0
13/03/2022;09:11:00;47;Com vítima;289,900;BR-101/ES;Crescente;Colisão lateral no mesmo sentido;1;0;0;1;0;0;0;0;0;0;2;0;1;0;0
13/03/2022;11:09:00;66;Com vítima;223,000;BR-101/ES;Decrescente;Queda de moto;0;0;0;1;0;0;0;0;0;0;1;1;0;0;0
13/03/2022;15:18:00;103;Com vítima;204,800;BR-101/ES;Crescente;Colisão transversal;1;0;0;0;0;1;0;0;0;0;1;0;0;2;0
13/03/2022;18:24:00;135;Com vítima;341,000;BR-101/ES;Decrescente;Choque;1;0;0;0;0;0;0;0;0;0;3;0;1;0;0
13/03/2022;20:32:00;155;Sem vítima;205,000;BR-101/ES;Crescente;Queda de moto;0;0;0;0;0;1;0;0;0;0;0;0;0;0;0
13/03/2022;21:22:00;163;Com vítima;291,000;BR-101/ES;Decrescente;Queda de moto;0;0;0;1;0;0;0;0;0;0;0;0;1;0;0
13/03/2022;22:29:00;172;Com vítima;268,000;BR-101/ES;Crescente;Atropelamento de pedestre;1;0;0;0;0;0;0;0;0;0;1;1;0;1;0
13/03/2022;22:38:00;174;Com vítima;153,000;BR-101/ES;Decrescente;Colisão traseira;1;0;0;0;0;1;0;0;0;0;5;0;1;0;0
14/03/2022;05:43:00;28;Com vítima;233,000;BR-101/ES;Decrescente;Queda de moto;0;0;0;1;0;0;0;0;0;0;0;1;1;0;0
14/03/2022;06:22:00;36;Com vítima;343,500;BR-101/ES;Decrescente;Choque;0;0;0;0;0;3;0;0;0;0;0;2;1;0;0
14/03/2022;06:34:00;37;Sem vítima;233,000;BR-101/ES;Decrescente;Colisão traseira;0;0;1;1;0;0;0;0;0;0;2;0;0;0;0
14/03/2022;09:20:00;85;Sem vítima;152,500;BR-101/ES;Crescente;Choque;1;0;1;0;0;0;0;0;0;0;2;0;0;0;0
14/03/2022;10:15:00;98;Sem vítima;270,400;BR-101/ES;Decrescente;Colisão lateral no mesmo sentido;1;0;0;0;0;0;0;0;0;0;1;0;0;0;0
14/03/2022;10:53:00;104;Com vítima;295,200;BR-101/ES;Decrescente;Colisão lateral no mesmo sentido;0;0;1;1;0;0;0;0;0;0;1;0;2;0;0
14/03/2022;12:56:00;123;Com vítima;266,800;BR-101/ES;Crescente;Capotamento;1;0;0;0;0;0;0;0;0;0;1;0;1;0;0
14/03/2022;16:05:00;163;Com vítima;198,500;BR-101/ES;Decrescente;Colisão transversal;2;0;0;0;0;0;0;0;0;0;0;0;4;0;0