data;horario;n_da_ocorrencia;tipo_de_ocorrencia;km;trecho;sentido;tipo_de_acidente;automovel;bicicleta;caminhao;moto;onibus;outros;tracao_animal;transporte_de_cargas_especiais;trator_maquinas;utilitarios;ilesos;levemente_feridos;moderadamente_feridos;gravemente_feridos;mortos
15/07/2022;19:21:00;184;Sem vítima;396,500;BR-101/ES;Decrescente;Colisão transversal;2;0;0;0;0;0;0;0;0;0;5;0;0;0;0
15/07/2022;19:34:00;188;Com vítima;158,400;BR-101/ES;Decrescente;Colisão lateral no mesmo sentido;1;0;0;1;0;0;0;0;0;0;2;0;1;0;0
15/07/2022;19:36:00;189;Com vítima;32,000;BR-101/ES;Crescente;Colisão transversal;0;0;1;1;0;0;0;0;0;0;1;1;0;0;0
16/07/2022;05:40:00;22;Sem vítima;328,000;BR-101/ES;Decrescente;Choque;1;0;0;0;0;0;0;0;0;0;1;0;0;0;0
16/07/2022;13:04:00;92;Com vítima;395,000;BR-101/ES;Decrescente;Colisão transversal;1;0;0;1;0;0;0;0;0;0;0;1;0;0;0
16/07/2022;14:41:00;105;Sem vítima;50,300;BR-101/ES;Decrescente;Colisão traseira;1;0;0;0;0;1;0;0;0;0;1;0;0;0;0
16/07/2022;15:48:00;113;Com vítima;205,700;BR-101/ES;Decrescente;Colisão transversal;2;0;0;0;0;0;0;0;0;0;1;1;0;0;0
16/07/2022;17:27:00;128;Sem vítima;82,900;BR-101/ES;Decrescente;Colisão lateral em sentido contrário;2;0;0;0;0;0;0;0;0;0;2;0;0;0;0
17/07/2022;15:46:00;83;Com vítima;389,450;BR-101/ES;Crescente;Colisão lateral em sentido contrário;2;0;0;0;0;1;0;0;0;0;5;0;2;0;0
17/07/2022;19:11:00;116;Com vítima;129,000;BR-101/ES;Crescente;Colisão lateral em sentido contrário;3;0;0;0;0;0;0;0;0;0;0;6;1;0;0
17/07/2022;19:38:00;125;Com vítima;949,000;BR-101/ES;Decrescente;Colisão lateral no mesmo sentido;1;0;0;0;0;0;0;0;0;0;0;0;1;0;0
17/07/2022;19:49:00;130;Sem vítima;419,000;BR-101/ES;Decrescente;Choque;1;0;0;0;0;0;0;0;0;0;1;0;0;0;0
17/07/2022;20:37:00;132;Sem vítima;954,000;BR-101/ES;Crescente;Capotamento;1;0;0;0;0;0;0;0;0;0;2;0;0;0;0
17/07/2022;21:16:00;140;Com vítima;159,800;BR-101/ES;Decrescente;Colisão transversal;1;0;0;1;0;0;0;0;0;0;1;1;0;0;0
17/07/2022;21:22:00;142;Sem vítima;50,000;BR-101/ES;Decrescente;Colisão transversal;1;0;0;0;0;1;0;0;0;0;5;0;0;0;0
17/07/2022;22:33:00;151;Sem vítima;26,000;BR-101/ES;Decrescente;Colisão lateral em sentido contrário;1;0;0;0;0;0;0;0;0;0;5;0;0;0;0
18/07/2022;07:09:00;52;Com vítima;13,800;BR-101/ES;Crescente;Saída de pista;0;0;1;0;0;0;0;0;0;0;0;1;1;0;0
18/07/2022;07:37:00;64;Com vítima;300,000;BR-101/ES;Crescente;Queda de moto;0;0;0;1;0;0;0;0;0;0;1;0;1;0;0
18/07/2022;09:59:00;100;Com vítima;297,600;BR-101/ES;Crescente;Colisão traseira;1;0;1;0;0;0;0;0;0;0;1;0;0;1;0
18/07/2022;17:00:00;166;Com vítima;127,500;BR-101/ES;Decrescente;Queda de moto;0;0;0;1;0;0;0;0;0;0;0;1;0;0;0
18/07/2022;17:53:00;177;Com vítima;141,800;BR-101/ES;Crescente;Colisão traseira;2;0;0;0;0;0;0;0;0;0;1;0;1;0;0
18/07/2022;18:22:00;182;Com vítima;266,300;BR-101/ES;Decrescente;Colisão lateral no mesmo sentido;1;0;0;1;0;0;0;0;0;0;3;0;1;0;0
18/07/2022;19:24:00;190;Com vítima;143,600;BR-101/ES;Decrescente;Saída de pista;0;0;0;1;0;0;0;0;0;0;0;0;1;0;0
18/07/2022;19:29:00;191;Sem vítima;159,000;BR-101/ES;Decrescente;Colisão transversal;1;0;0;0;0;1;0;0;0;0;1;0;0;0;0
18/07/2022;22:10:00;206;Com vítima;31,000;BR-101/ES;Crescente;Atropelamento de animal;1;0;0;0;0;0;0;0;0;0;0;0;1;0;0
19/07/2022;01:34:00;6;Com vítima;65,300;BR-101/ES;Decrescente;Colisão traseira;1;0;0;0;0;0;0;0;0;1;4;1;0;0;0
19/07/2022;09:38:00;88;Com vítima;426,600;BR-101/ES;Decrescente;Saída de pista;1;0;0;0;0;0;0;0;0;0;0;0;0;1;0
19/07/2022;10:01:00;95;Com vítima;382,950;BR-101/ES;Crescente;Engavetamento;1;0;0;0;0;2;0;0;0;0;4;0;1;0;0
19/07/2022;10:28:00;100;Sem vítima;255,600;BR-101/ES;Crescente;Colisão traseira;2;0;0;0;0;0;0;0;0;0;4;0;0;0;0
19/07/2022;13:44:00;130;Com vítima;186,000;BR-101/ES;Decrescente;Saída de pista;1;0;0;0;0;0;0;0;0;0;0;1;0;0;0
19/07/2022;14:16:00;136;Com vítima;412,000;BR-101/ES;Crescente;Atropelamento de ciclista;0;1;0;0;0;1;0;0;0;0;0;0;2;0;0
19/07/2022;14:53:00;140;Sem vítima;276,000;BR-101/ES;Decrescente;Colisão traseira;0;0;1;0;0;1;0;0;0;0;1;0;0;0;0
19/07/2022;16:36:00;159;Sem vítima;394,900;BR-101/ES;Crescente;Colisão traseira;1;0;1;0;0;0;0;0;0;0;3;0;0;0;0
19/07/2022;16:56:00;162;Com vítima;268,200;BR-101/ES;Crescente;Atropelamento de animal;0;0;0;1;0;0;0;0;0;0;0;0;1;0;0
19/07/2022;18:39:00;183;Com vítima;442,800;BR-101/ES;Decrescente;Atropelamento de animal;1;0;0;0;0;0;0;0;0;0;0;0;1;0;0
19/07/2022;22:21:00;210;Com vítima;272,000;BR-101/ES;Decrescente;Colisão lateral no mesmo sentido;1;0;0;1;0;0;0;0;0;0;1;0;2;0;0
20/07/2022;02:00:00;5;Com vítima;262,500;BR-101/ES;Crescente;Queda de moto;0;0;0;1;0;0;0;0;0;0;0;0;1;0;0
20/07/2022;02:34:00;7;Sem vítima;321,000;BR-101/ES;Decrescente;Choque;1;0;0;0;0;0;0;0;0;0;1;0;0;0;0
20/07/2022;03:44:00;10;Com vítima;117,000;BR-101/ES;Decrescente;Choque;0;0;0;0;0;1;0;0;0;1;3;0;1;0;0
20/07/2022;13:16:00;111;Sem vítima;269,000;BR-101/ES;Crescente;Colisão transversal;1;0;1;0;0;0;0;0;0;0;2;0;0;0;0
20/07/2022;14:01:00;118;Sem vítima;395,000;BR-101/ES;Decrescente;Choque;0;0;0;0;0;1;0;0;0;0;1;0;0;0;0
20/07/2022;14:12:00;121;Com vítima;266,500;BR-101/ES;Decrescente;Atropelamento de pedestre;0;0;0;1;0;0;0;0;0;0;1;0;1;0;0
20/07/2022;15:22:00;137;Sem vítima;293,900;BR-101/ES;Decrescente;Choque;0;0;0;0;0;1;0;0;0;0;1;0;0;0;0
20/07/2022;16:37:00;157;Sem vítima;275,000;BR-101/ES;Decrescente;Colisão lateral no mesmo sentido;0;0;0;0;0;2;0;0;0;0;0;0;0;0;0
20/07/2022;17:51:00;169;Sem vítima;80,700;BR-101/ES;Decrescente;Colisão traseira;2;0;0;0;0;0;0;0;0;0;4;0;0;0;0
20/07/2022;18:34:00;176;Com vítima;126,000;BR-101/ES;Crescente;Colisão transversal;1;0;0;1;0;0;0;0;0;0;1;1;0;0;0
20/07/2022;19:32:00;183;Sem vítima;437,800;BR-101/ES;Crescente;Saída de pista;0;0;1;0;0;0;0;0;0;0;1;0;0;0;0
20/07/2022;19:37:00;185;Com vítima;262,000;BR-101/ES;Crescente;Queda de moto;0;0;0;1;0;0;0;0;0;0;1;0;1;0;0
20/07/2022;21:01:00;196;Sem vítima;75,200;BR-101/ES;Crescente;Engavetamento;2;0;1;0;0;0;0;0;0;0;3;0;0;0;0
21/07/2022;06:32:00;26;Sem vítima;253,800;BR-101/ES;Crescente;Engavetamento;1;0;2;0;0;0;0;0;0;0;5;0;0;0;0
21/07/2022;08:08:00;66;Sem vítima;266,900;BR-101/ES;Crescente;Colisão lateral no mesmo sentido;0;0;0;1;0;2;0;0;0;0;1;0;0;0;0
21/07/2022;10:29:00;84;Sem vítima;96,500;BR-101/ES;Crescente;Colisão traseira;2;0;0;0;0;0;0;0;0;0;2;0;0;0;0
21/07/2022;16:01:00;139;Sem vítima;354,000;BR-101/ES;Decrescente;Choque;1;0;0;0;0;0;0;0;0;0;1;0;0;0;0
21/07/2022;16:37:00;150;Com vítima;284,100;BR-101/ES;Crescente;Colisão lateral no mesmo sentido;1;0;0;1;0;0;0;0;0;0;1;0;1;0;0
21/07/2022;17:52:00;162;Com vítima;11,000;BR-101/ES;Crescente;Atropelamento de animal;0;0;0;1;0;0;0;0;0;0;0;0;1;0;0
21/07/2022;18:47:00;172;Sem vítima;248,200;BR-101/ES;Crescente;Colisão traseira;1;0;1;0;0;0;0;0;0;0;0;0;0;0;0
21/07/2022;19:16:00;176;Com vítima;145,000;BR-101/ES;Crescente;Colisão transversal;0;0;0;1;0;0;0;0;0;0;0;1;0;0;0
21/07/2022;20:04:00;184;Com vítima;333,500;BR-101/ES;Crescente;Queda de moto;0;0;0;1;0;0;0;0;0;0;0;0;1;0;0
21/07/2022;20:44:00;191;Com vítima;149,000;BR-101/ES;Decrescente;Colisão transversal;1;0;1;0;0;0;0;0;0;0;1;2;0;0;0
21/07/2022;23:32:00;201;Sem vítima;270,000;BR-101/ES;Decrescente;Colisão lateral no mesmo sentido;1;0;0;0;0;0;0;0;0;0;1;0;0;0;0
22/07/2022;05:05:00;12;Sem vítima;273,000;BR-101/ES;Decrescente;Saída de pista;0;0;1;0;0;0;0;0;0;0;1;0;0;0;0
22/07/2022;06:19:00;26;Sem vítima;267,000;BR-101/ES;Crescente;Choque;1;0;0;0;0;0;0;0;0;0;1;0;0;0;0
22/07/2022;06:33:00;28;Com vítima;231,000;BR-101/ES;Decrescente;Atropelamento de pedestre;0;0;1;0;0;0;0;0;0;0;1;0;0;1;1
22/07/2022;06:39:00;30;Com vítima;298,000;BR-101/ES;Decrescente;Queda de bicicleta;0;1;0;0;0;0;0;0;0;0;0;0;1;0;0
22/07/2022;08:04:00;50;Com vítima;265,600;BR-101/ES;Crescente;Queda de moto;0;0;0;1;0;0;0;0;0;0;1;1;0;0;0
22/07/2022;09:00:00;77;Com vítima;298,000;BR-101/ES;Decrescente;Colisão lateral no mesmo sentido;1;0;0;0;0;1;0;0;0;0;1;0;1;0;0
22/07/2022;11:02:00;104;Com vítima;37,700;BR-101/ES;Crescente;Colisão transversal;1;0;0;0;0;1;0;0;0;0;1;2;2;0;0
22/07/2022;12:10:00;115;Com vítima;135,000;BR-101/ES;Crescente;Engavetamento;3;0;1;0;0;0;0;0;0;0;8;1;0;0;0
22/07/2022;12:38:00;118;Sem vítima;268,000;BR-101/ES;Crescente;Colisão traseira;2;0;0;0;0;0;0;0;0;0;2;0;0;0;0
22/07/2022;14:29:00;144;Sem vítima;946,000;BR-101/ES;Crescente;Colisão lateral no mesmo sentido;0;0;1;0;0;1;0;0;0;1;4;0;0;0;0
22/07/2022;14:31:00;145;Com vítima;254,000;BR-101/ES;Crescente;Colisão lateral em sentido contrário;0;0;1;0;0;1;0;0;0;0;1;0;0;2;0
22/07/2022;14:42:00;151;Com vítima;110,200;BR-101/ES;Crescente;Colisão traseira;1;0;0;1;0;0;0;0;0;0;3;1;0;0;0
22/07/2022;14:59:00;155;Com vítima;210,800;BR-101/ES;Crescente;Tombamento;0;0;1;0;0;0;0;0;0;1;4;1;1;1;0
22/07/2022;15:44:00;166;Sem vítima;146,000;BR-101/ES;Crescente;Colisão transversal;1;0;0;1;0;0;0;0;0;0;2;0;0;0;0
22/07/2022;16:04:00;171;Sem vítima;72,500;BR-101/ES;Decrescente;Engavetamento;3;0;0;0;0;0;0;0;0;0;6;0;0;0;0
22/07/2022;16:13:00;174;Sem vítima;362,000;BR-101/ES;Decrescente;Choque;1;0;0;0;0;0;0;0;0;0;1;0;0;0;0
22/07/2022;16:33:00;182;Sem vítima;61,000;BR-101/ES;Crescente;Colisão traseira;0;0;1;0;0;1;0;0;0;0;1;0;0;0;0
22/07/2022;18:24:00;204;Com vítima;116,000;BR-101/ES;Crescente;Colisão frontal;2;0;0;0;0;0;0;0;0;0;0;3;1;0;0
22/07/2022;18:36:00;207;Com vítima;285,000;BR-101/ES;Crescente;Atropelamento de pedestre;0;0;0;1;0;0;0;0;0;0;1;0;1;0;0
22/07/2022;19:18:00;212;Sem vítima;209,000;BR-101/ES;Crescente;Engavetamento;4;0;0;0;0;0;0;0;0;0;6;0;0;0;0
22/07/2022;19:43:00;217;Sem vítima;281,000;BR-101/ES;Crescente;Colisão lateral no mesmo sentido;1;0;0;0;0;1;0;0;0;0;1;0;0;0;0
22/07/2022;20:00:00;222;Sem vítima;258,000;BR-101/ES;Decrescente;Colisão traseira;1;0;0;0;0;1;0;0;0;0;1;0;0;0;0
22/07/2022;21:28:00;238;Sem vítima;86,000;BR-101/ES;Decrescente;Colisão lateral no mesmo sentido;1;0;0;0;0;1;0;0;0;0;2;0;0;0;0
22/07/2022;22:10:00;247;Sem vítima;341,000;BR-101/ES;Decrescente;Choque;1;0;0;0;0;0;0;0;0;0;0;0;0;0;0
23/07/2022;01:34:00;3;Sem vítima;22,000;BR-101/ES;Crescente;Colisão lateral no mesmo sentido;1;0;1;0;0;0;0;0;0;0;7;0;0;0;0
23/07/2022;06:10:00;14;Com vítima;257,550;BR-101/ES;Decrescente;Colisão traseira;1;0;0;0;0;1;0;0;0;0;1;0;2;0;0
23/07/2022;07:25:00;30;Sem vítima;397,900;BR-101/ES;Decrescente;Choque;1;0;0;0;0;0;0;0;0;0;2;0;0;0;0
23/07/2022;07:41:00;34;Sem vítima;264,200;BR-101/ES;Crescente;Colisão traseira;2;0;0;0;0;0;0;0;0;0;2;0;0;0;0
23/07/2022;08:21:00;48;Com vítima;141,000;BR-101/ES;Crescente;Saída de pista;0;0;0;1;0;0;0;0;0;0;0;0;0;0;1
23/07/2022;09:03:00;61;Sem vítima;205,000;BR-101/ES;Decrescente;Colisão transversal;2;0;0;0;0;0;0;0;0;0;3;0;0;0;0
23/07/2022;10:06:00;75;Sem vítima;287,900;BR-101/ES;Decrescente;Colisão traseira;2;0;0;0;0;0;0;0;0;0;2;0;0;0;0
23/07/2022;11:44:00;89;Com vítima;206,200;BR-101/ES;Decrescente;Colisão transversal;2;0;0;0;0;0;0;0;0;0;2;0;1;0;0
23/07/2022;12:03:00;93;Com vítima;6,900;Contorno de Iconha/ES;Crescente;Queda de moto;0;0;0;1;0;0;0;0;0;0;0;0;1;0;0
23/07/2022;14:08:00;116;Sem vítima;61,000;BR-101/ES;Crescente;Colisão lateral no mesmo sentido;1;0;0;0;0;1;0;0;0;0;2;0;0;0;0
23/07/2022;14:35:00;121;Sem vítima;120,000;BR-101/ES;Crescente;Colisão traseira;1;0;0;0;0;0;0;0;0;0;1;0;0;0;0
23/07/2022;15:06:00;123;Com vítima;124,000;BR-101/ES;Decrescente;Colisão transversal;1;0;0;1;0;0;0;0;0;0;2;0;1;0;0
23/07/2022;15:48:00;129;Sem vítima;398,900;BR-101/ES;Decrescente;Choque;1;0;0;0;0;0;0;0;0;0;2;0;0;0;0
23/07/2022;18:18:00;156;Com vítima;50,000;BR-101/ES;Decrescente;Atropelamento de ciclista;0;1;0;1;0;0;0;0;0;0;0;2;0;0;0
23/07/2022;19:00:00;161;Sem vítima;402,000;BR-101/ES;Decrescente;Desatrelamento;0;0;0;0;0;1;0;0;0;0;1;0;0;0;0
23/07/2022;20:21:00;175;Sem vítima;255,000;BR-101/ES;Crescente;Colisão traseira;1;0;0;0;0;1;0;0;0;0;1;0;0;0;0
24/07/2022;02:17:00;6;Com vítima;316,000;BR-101/ES;Crescente;Atropelamento de animal;1;0;0;0;0;0;0;0;0;0;0;0;1;0;0
24/07/2022;16:00:00;99;Sem vítima;42,500;BR-101/ES;Crescente;Colisão traseira;2;0;0;0;0;0;0;0;0;0;5;0;0;0;0
24/07/2022;16:54:00;109;Sem vítima;117,500;BR-101/ES;Decrescente;Queda de moto;0;0;0;1;0;0;0;0;0;0;1;0;0;0;0
24/07/2022;18:20:00;131;Sem vítima;123,000;BR-101/ES;Crescente;Colisão traseira;2;0;0;0;0;0;0;0;0;0;4;0;0;0;0
24/07/2022;20:35:00;156;Com vítima;209,700;BR-101/ES;Decrescente;Queda de moto;0;0;0;1;0;0;0;0;0;0;0;0;2;0;0
24/07/2022;21:20:00;167;Com vítima;93,100;BR-101/ES;Decrescente;Colisão traseira;0;0;0;1;0;1;0;0;0;0;0;0;1;0;0
24/07/2022;23:14:00;183;Sem vítima;246,000;BR-101/ES;Crescente;Colisão traseira;2;0;0;0;0;0;0;0;0;0;4;0;0;0;0
25/07/2022;00:42:00;5;Com vítima;15,000;BR-101/ES;Crescente;Colisão lateral em sentido contrário;0;0;0;1;1;0;0;0;0;0;1;0;0;1;0
25/07/2022;07:20:00;42;Com vítima;288,100;BR-101/ES;Decrescente;Colisão traseira;0;0;0;1;0;0;0;0;0;1;1;0;1;0;0
25/07/2022;07:55:00;53;Com vítima;270,600;BR-101/ES;Decrescente;Queda de moto;0;0;0;1;0;0;0;0;0;0;0;0;1;0;0
25/07/2022;13:03:00;116;Sem vítima;266,300;BR-101/ES;Crescente;Engavetamento;3;0;0;0;0;1;0;0;0;0;3;0;0;0;0
25/07/2022;14:18:00;127;Sem vítima;314,000;BR-101/ES;Crescente;Colisão traseira;1;0;0;0;0;1;0;0;0;0;1;0;0;0;0
25/07/2022;15:21:00;143;Sem vítima;5,900;Contorno de Iconha/ES;Decrescente;Atropelamento de animal;1;0;0;0;0;0;0;0;0;0;1;0;0;0;0
25/07/2022;18:50:00;176;Com vítima;258,000;BR-101/ES;Crescente;Queda de bicicleta;0;1;0;0;0;0;0;0;0;0;0;0;2;0;0
26/07/2022;00:51:00;5;Sem vítima;230,000;BR-101/ES;Decrescente;Colisão lateral em sentido contrário;1;0;1;0;0;0;0;0;0;0;2;0;0;0;0
26/07/2022;12:33:00;118;Sem vítima;4,000;Contorno de Iconha/ES;Decrescente;Colisão traseira;1;0;0;0;0;1;0;0;0;0;2;0;0;0;0
26/07/2022;18:47:00;175;Sem vítima;145,000;BR-101/ES;Crescente;Colisão traseira;1;0;0;0;1;0;0;0;0;0;2;0;0;0;0
26/07/2022;22:33:00;201;Sem vítima;266,000;BR-101/ES;Crescente;Colisão traseira;2;0;0;0;0;0;0;0;0;0;2;0;0;0;0
27/07/2022;04:25:00;11;Com vítima;110,000;BR-101/ES;Crescente;Atropelamento de animal;1;0;0;0;0;0;0;0;0;0;4;0;1;0;0
27/07/2022;06:02:00;17;Sem vítima;51,000;BR-101/ES;Decrescente;Acidentes de outra natureza;0;0;0;0;1;0;0;0;0;0;40;0;0;0;0
27/07/2022;06:03:00;18;Sem vítima;269,000;BR-101/ES;Decrescente;Saída de pista;1;0;0;0;0;0;0;0;0;0;1;0;0;0;0
27/07/2022;08:06:00;50;Sem vítima;149,000;BR-101/ES;Decrescente;Engavetamento;3;0;0;0;0;0;0;0;0;0;5;0;0;0;0
27/07/2022;08:11:00;52;Sem vítima;414,500;BR-101/ES;Crescente;Colisão lateral no mesmo sentido;1;0;0;0;0;0;0;0;0;1;2;0;0;0;0
27/07/2022;10:16:00;76;Sem vítima;270,700;BR-101/ES;Decrescente;Colisão lateral no mesmo sentido;2;0;1;0;0;0;0;0;0;0;3;0;0;0;0
27/07/2022;11:05:00;85;Com vítima;398,900;BR-101/ES;Crescente;Colisão traseira;0;0;0;0;0;2;0;0;0;0;1;0;1;0;0
27/07/2022;11:24:00;90;Com vítima;348,000;BR-101/ES;Crescente;Atropelamento de ciclista;0;1;0;0;0;1;0;0;0;0;0;0;2;0;0
27/07/2022;13:23:00;108;Sem vítima;266,500;BR-101/ES;Crescente;Colisão traseira;2;0;0;0;0;0;0;0;0;0;2;0;0;0;0
27/07/2022;16:53:00;157;Com vítima;123,500;BR-101/ES;Decrescente;Colisão lateral no mesmo sentido;0;0;0;1;0;1;0;0;0;0;1;0;1;0;0
27/07/2022;20:19:00;176;Sem vítima;219,000;BR-101/ES;Decrescente;Choque;1;0;0;0;0;0;0;0;0;0;3;0;0;0;0
27/07/2022;21:14:00;184;Com vítima;122,700;BR-101/ES;Crescente;Colisão frontal;1;0;0;0;0;1;0;0;0;0;1;0;1;0;1
27/07/2022;21:16:00;185;Sem vítima;270,000;BR-101/ES;Crescente;Carreta deu L;0;0;0;0;0;1;0;0;0;0;1;0;0;0;0
28/07/2022;02:41:00;6;Sem vítima;182,000;BR-101/ES;Decrescente;Saída de pista;0;0;0;0;0;1;0;0;0;0;1;0;0;0;0
28/07/2022;04:10:00;10;Sem vítima;95,700;BR-101/ES;Crescente;Saída de pista;1;0;0;0;0;1;0;0;0;0;1;0;0;0;0
28/07/2022;05:09:00;15;Sem vítima;340,600;BR-101/ES;Crescente;Saída de pista;0;0;1;0;0;0;0;0;0;0;1;0;0;0;0
28/07/2022;06:57:00;20;Sem vítima;227,200;BR-101/ES;Crescente;Acidentes de outra natureza;0;0;0;0;0;1;0;0;0;0;1;0;0;0;0
28/07/2022;07:47:00;31;Com vítima;243,200;BR-101/ES;Crescente;Colisão traseira;1;0;0;1;0;0;0;0;0;0;1;1;0;0;0
28/07/2022;11:23:00;72;Com vítima;177,000;BR-101/ES;Decrescente;Colisão transversal;2;0;0;0;0;0;0;0;0;0;1;0;1;0;0
28/07/2022;16:12:00;114;Com vítima;293,000;BR-101/ES;Crescente;Colisão lateral no mesmo sentido;1;0;0;1;0;0;0;0;0;0;1;0;1;0;0
28/07/2022;21:01:00;162;Com vítima;66,500;BR-101/ES;Decrescente;Colisão transversal;0;0;0;1;0;1;0;0;0;0;0;2;0;0;0
28/07/2022;21:15:00;165;Com vítima;53,000;BR-101/ES;Decrescente;Queda de moto;0;0;0;1;0;0;0;0;0;0;0;0;1;0;0
28/07/2022;21:53:00;170;Sem vítima;257,000;BR-101/ES;Decrescente;Colisão traseira;1;0;0;0;0;0;0;0;0;0;1;0;0;0;0
29/07/2022;07:00:00;32;Com vítima;266,400;BR-101/ES;Crescente;Colisão traseira;1;0;0;1;0;0;0;0;0;0;2;0;1;0;0
29/07/2022;09:37:00;66;Com vítima;172,000;BR-101/ES;Crescente;Colisão lateral no mesmo sentido;2;0;1;0;0;1;0;0;0;0;4;2;0;0;0
29/07/2022;11:20:00;78;Sem vítima;175,000;BR-101/ES;Decrescente;Choque;1;0;0;0;0;1;0;0;0;0;1;0;0;0;0
29/07/2022;11:24:00;80;Sem vítima;398,900;BR-101/ES;Decrescente;Choque;1;0;0;0;0;0;0;0;0;0;1;0;0;0;0
29/07/2022;12:00:00;85;Sem vítima;289,000;BR-101/ES;Decrescente;Choque;0;0;0;0;0;1;0;0;0;0;1;0;0;0;0
29/07/2022;12:25:00;92;Com vítima;286,100;BR-101/ES;Crescente;Queda de moto;0;0;0;1;0;0;0;0;0;0;0;0;0;0;1
29/07/2022;16:24:00;131;Sem vítima;247,000;BR-101/ES;Crescente;Colisão traseira;2;0;0;0;0;0;0;0;0;0;3;0;0;0;0
29/07/2022;18:47:00;171;Com vítima;269,000;BR-101/ES;Decrescente;Atropelamento de ciclista;0;1;0;0;0;1;0;0;0;0;0;0;2;0;0
29/07/2022;20:10:00;188;Sem vítima;399,000;BR-101/ES;Decrescente;Colisão traseira;1;0;0;0;0;0;0;0;0;0;2;0;0;0;0
29/07/2022;20:30:00;194;Sem vítima;402,000;BR-101/ES;Crescente;Choque;1;0;0;0;0;1;0;0;0;0;1;0;0;0;0
30/07/2022;02:55:00;15;Com vítima;148,000;BR-101/ES;Decrescente;Colisão transversal;1;0;0;0;0;1;0;0;0;0;3;1;0;0;0
30/07/2022;03:24:00;16;Com vítima;31,000;BR-101/ES;Crescente;Atropelamento de animal;0;0;0;0;1;0;0;0;0;0;0;0;1;0;0
30/07/2022;09:08:00;64;Com vítima;65,000;BR-101/ES;Decrescente;Colisão transversal;1;0;0;1;0;0;0;0;0;0;1;0;1;0;0
30/07/2022;09:19:00;67;Com vítima;202,000;BR-101/ES;Decrescente;Queda de moto;0;0;0;1;0;0;0;0;0;0;0;2;0;0;0
30/07/2022;14:05:00;94;Com vítima;357,000;BR-101/ES;Decrescente;Colisão traseira;1;0;1;0;0;0;0;0;0;0;3;1;0;0;0
30/07/2022;15:59:00;112;Sem vítima;247,000;BR-101/ES;Crescente;Choque;1;0;0;0;0;0;0;0;0;0;1;0;0;0;0
30/07/2022;16:37:00;114;Sem vítima;8,400;BR-101/ES;Crescente;Queda de carga;0;0;0;0;0;1;0;0;0;0;1;0;0;0;0
30/07/2022;18:24:00;132;Com vítima;78,000;BR-101/ES;Crescente;Colisão frontal;0;0;0;2;0;0;0;0;0;0;0;2;0;0;0
30/07/2022;18:27:00;134;Sem vítima;265,700;BR-101/ES;Crescente;Colisão traseira;1;0;0;0;0;1;0;0;0;0;4;0;0;0;0
30/07/2022;18:49:00;138;Sem vítima;72,000;BR-101/ES;Crescente;Saída de pista;0;0;0;0;0;0;0;0;0;1;2;0;0;0;0
30/07/2022;19:41:00;141;Sem vítima;187,000;BR-101/ES;Crescente;Colisão lateral em sentido contrário;2;0;0;0;0;0;0;0;0;0;5;0;0;0;0
30/07/2022;20:17:00;147;Sem vítima;300,000;BR-101/ES;Crescente;Colisão traseira;1;0;0;0;0;1;0;0;0;0;2;0;0;0;0
30/07/2022;20:24:00;148;Sem vítima;260,000;BR-101/ES;Crescente;Saída de pista;1;0;0;0;0;0;0;0;0;0;1;0;0;0;0
30/07/2022;21:42:00;155;Sem vítima;149,000;BR-101/ES;Decrescente;Colisão lateral no mesmo sentido;1;0;0;0;0;1;0;0;0;0;2;0;0;0;0
31/07/2022;08:02:00;23;Sem vítima;294,000;BR-101/ES;Decrescente;Colisão traseira;1;0;1;0;0;0;0;0;0;0;2;0;0;0;0
31/07/2022;09:47:00;40;Sem vítima;213,000;BR-101/ES;Decrescente;Colisão traseira;1;0;0;1;0;0;0;0;0;0;2;0;0;0;0
31/07/2022;10:15:00;43;Sem vítima;61,000;BR-101/ES;Crescente;Colisão traseira;2;0;0;0;0;0;0;0;0;0;6;0;0;0;0
31/07/2022;11:05:00;45;Sem vítima;267,000;BR-101/ES;Crescente;Colisão traseira;1;0;0;0;0;1;0;0;0;0;1;0;0;0;0
31/07/2022;19:23:00;112;Sem vítima;263,000;BR-101/ES;Crescente;Colisão traseira;1;0;0;1;0;0;0;0;0;1;3;0;0;0;0
31/07/2022;20:31:00;123;Sem vítima;203,000;BR-101/ES;Decrescente;Colisão transversal;1;0;0;0;0;0;0;0;0;1;3;0;0;0;0
31/07/2022;21:14:00;129;Sem vítima;237,000;BR-101/ES;Crescente;Colisão lateral em sentido contrário;2;0;0;0;0;0;0;0;0;0;9;0;0;0;0
31/07/2022;21:16:00;130;Com vítima;257,000;BR-101/ES;Crescente;Colisão traseira;1;0;0;0;0;0;0;0;0;1;2;1;0;0;0
01/08/2022;00:49:00;3;Sem vítima;117,000;BR-101/ES;Crescente;Colisão lateral no mesmo sentido;1;0;1;0;0;0;0;0;0;0;2;0;0;0;0