data;horario;n_da_ocorrencia;tipo_de_ocorrencia;km;trecho;sentido;tipo_de_acidente;automovel;bicicleta;caminhao;moto;onibus;outros;tracao_animal;transporte_de_cargas_especiais;trator_maquinas;utilitarios;ilesos;levemente_feridos;moderadamente_feridos;gravemente_feridos;mortos
08/10/2022;23:03:00;163;Sem vítima;267,000;BR-101/ES;Crescente;Choque;1;0;0;0;0;0;0;0;0;0;1;0;0;0;0
09/10/2022;00:41:00;4;Sem vítima;266,200;BR-101/ES;Decrescente;Colisão traseira;1;0;0;0;0;0;0;0;0;0;1;0;0;0;0
09/10/2022;09:14:00;38;Sem vítima;68,300;BR-101/ES;Crescente;Colisão transversal;1;0;0;0;0;1;0;0;0;0;3;0;0;0;0
09/10/2022;09:59:00;45;Sem vítima;397,000;BR-101/ES;Decrescente;Choque;0;0;0;0;0;0;0;0;0;1;1;0;0;0;0
09/10/2022;11:25:00;51;Sem vítima;165,900;BR-101/ES;Crescente;Saída de pista;2;0;0;0;0;0;0;0;0;0;2;0;0;0;0
09/10/2022;13:35:00;67;Com vítima;269,800;BR-101/ES;Decrescente;Colisão transversal;3;0;0;0;0;0;0;0;0;0;2;0;2;0;0
09/10/2022;16:12:00;85;Sem vítima;102,300;BR-101/ES;Crescente;Engavetamento;3;0;0;0;0;0;0;0;0;0;6;0;0;0;0
09/10/2022;19:31:00;118;Sem vítima;269,600;BR-101/ES;Crescente;Colisão traseira;2;0;0;0;0;1;0;0;0;0;2;0;0;0;0
09/10/2022;20:52:00;129;Com vítima;257,000;BR-101/ES;Crescente;Colisão transversal;0;0;0;1;0;1;0;0;0;0;0;1;0;0;0
09/10/2022;23:33:00;143;Sem vítima;265,300;BR-101/ES;Crescente;Colisão traseira;1;0;1;0;0;0;0;0;0;1;3;0;0;0;0
10/10/2022;03:03:00;11;Sem vítima;268,100;BR-101/ES;Crescente;Queda de moto;0;0;0;1;0;0;0;0;0;0;1;0;0;0;0
10/10/2022;07:21:00;38;Com vítima;191,000;BR-101/ES;Decrescente;Colisão lateral no mesmo sentido;1;0;1;0;0;0;0;0;0;0;3;1;0;0;0
10/10/2022;10:20:00;93;Com vítima;229,800;BR-101/ES;Decrescente;Colisão lateral no mesmo sentido;0;0;0;1;0;0;0;0;0;1;3;0;1;0;0
10/10/2022;11:29:00;107;Sem vítima;213,600;BR-101/ES;Decrescente;Colisão traseira;0;0;0;0;0;2;0;0;0;0;1;0;0;0;0
10/10/2022;15:09:00;142;Sem vítima;267,000;BR-101/ES;Decrescente;Colisão lateral no mesmo sentido;1;0;0;0;0;0;0;0;0;1;2;0;0;0;0
10/10/2022;17:02:00;168;Sem vítima;214,000;BR-101/ES;Crescente;Colisão transversal;1;0;1;0;0;0;0;0;0;0;3;0;0;0;0
10/10/2022;17:26:00;173;Com vítima;90,000;BR-101/ES;Decrescente;Saída de pista;1;0;0;0;0;0;0;0;0;0;0;0;1;0;0
10/10/2022;20:54:00;200;Com vítima;418,000;BR-101/ES;Crescente;Choque;0;0;0;1;0;0;0;0;0;0;0;0;1;0;0
11/10/2022;06:47:00;25;Sem vítima;282,000;BR-101/ES;Crescente;Choque;1;0;0;0;0;0;0;0;0;0;1;0;0;0;0
11/10/2022;07:51:00;46;Com vítima;269,100;BR-101/ES;Crescente;Colisão lateral no mesmo sentido;1;0;0;1;0;0;0;0;0;0;2;0;1;0;0
11/10/2022;08:33:00;56;Sem vítima;124,000;BR-101/ES;Decrescente;Choque;1;0;0;0;0;0;0;0;0;0;1;0;0;0;0
11/10/2022;11:17:00;90;Sem vítima;245,000;BR-101/ES;Crescente;Choque;0;0;0;0;0;0;0;0;0;1;8;0;0;0;0
11/10/2022;12:57:00;104;Sem vítima;289,800;BR-101/ES;Crescente;Colisão traseira;2;0;0;0;0;0;0;0;0;0;6;0;0;0;0
11/10/2022;15:51:00;130;Sem vítima;126,000;BR-101/ES;Crescente;Colisão traseira;1;0;0;0;0;1;0;0;0;0;2;0;0;0;0
11/10/2022;16:41:00;139;Com vítima;304,000;BR-101/ES;Crescente;Colisão traseira;0;0;0;1;0;0;0;0;0;1;2;0;1;0;0
11/10/2022;17:20:00;149;Sem vítima;285,000;BR-101/ES;Crescente;Colisão lateral no mesmo sentido;1;0;0;1;0;0;0;0;0;0;1;0;0;0;0
11/10/2022;18:11:00;158;Sem vítima;410,000;BR-101/ES;Crescente;Desatrelamento;0;0;0;0;0;1;0;0;0;0;1;0;0;0;0
11/10/2022;18:52:00;161;Com vítima;288,000;BR-101/ES;Crescente;Queda de moto;0;0;0;1;0;0;0;0;0;0;1;0;1;0;0
11/10/2022;19:11:00;165;Sem vítima;320,000;BR-101/ES;Crescente;Choque;1;0;0;0;0;0;0;0;0;0;1;0;0;0;0
11/10/2022;19:40:00;169;Com vítima;72,000;BR-101/ES;Crescente;Saída de pista;1;0;1;0;0;0;0;0;0;0;1;4;0;0;0
11/10/2022;20:07:00;173;Sem vítima;289,000;BR-101/ES;Decrescente;Colisão transversal;1;0;0;0;1;0;0;0;0;0;3;0;0;0;0
11/10/2022;21:22:00;181;Sem vítima;273,000;BR-101/ES;Crescente;Acidentes de outra natureza;0;0;0;0;1;0;0;0;0;0;1;0;0;0;0
12/10/2022;11:23:00;71;Sem vítima;393,000;BR-101/ES;Crescente;Choque;1;0;0;0;0;0;0;0;0;0;1;0;0;0;0
12/10/2022;16:47:00;126;Sem vítima;263,800;BR-101/ES;Decrescente;Colisão lateral no mesmo sentido;1;0;1;0;0;0;0;0;0;0;2;0;0;0;0
12/10/2022;17:31:00;137;Com vítima;276,200;BR-101/ES;Crescente;Atropelamento de animal;1;0;0;0;0;0;0;0;0;0;0;0;1;0;0
12/10/2022;18:06:00;144;Sem vítima;269,000;BR-101/ES;Crescente;Colisão traseira;1;0;0;0;0;0;0;0;0;0;1;0;0;0;0
12/10/2022;18:39:00;149;Com vítima;20,000;BR-101/ES;Decrescente;Atropelamento de animal;1;0;0;0;0;0;0;0;0;0;1;0;1;0;0
12/10/2022;20:04:00;165;Com vítima;270,830;BR-101/ES;Decrescente;Tombamento;0;0;0;0;0;1;0;0;0;0;0;0;1;0;0
13/10/2022;06:34:00;17;Com vítima;230,000;BR-101/ES;Crescente;Colisão transversal;1;0;0;1;0;0;0;0;0;0;2;1;0;0;0
13/10/2022;06:53:00;21;Sem vítima;145,200;BR-101/ES;Crescente;Colisão lateral no mesmo sentido;1;0;1;0;0;0;0;0;0;0;4;0;0;0;0
13/10/2022;07:10:00;25;Sem vítima;147,500;BR-101/ES;Decrescente;Colisão lateral no mesmo sentido;1;0;0;1;0;0;0;0;0;0;2;0;0;0;0
13/10/2022;08:38:00;50;Sem vítima;259,700;BR-101/ES;Crescente;Colisão lateral no mesmo sentido;1;0;0;0;1;0;0;0;0;0;2;0;0;0;0
13/10/2022;15:13:00;118;Sem vítima;244,200;BR-101/ES;Crescente;Choque;0;0;0;1;0;0;0;0;0;0;1;0;0;0;0
13/10/2022;19:15:00;162;Sem vítima;358,000;BR-101/ES;Crescente;Colisão lateral no mesmo sentido;0;0;1;0;0;0;0;0;0;1;3;0;0;0;0
13/10/2022;22:34:00;186;Com vítima;429,000;BR-101/ES;Crescente;Colisão traseira;0;0;0;1;0;1;0;0;0;0;1;0;1;0;0
14/10/2022;06:13:00;24;Sem vítima;287,000;BR-101/ES;Decrescente;Saída de pista;1;0;0;0;0;0;0;0;0;0;1;0;0;0;0
14/10/2022;06:58:00;38;Com vítima;261,000;BR-101/ES;Crescente;Colisão lateral no mesmo sentido;1;0;0;1;0;0;0;0;0;0;1;1;0;0;0
14/10/2022;08:52:00;71;Sem vítima;213,000;BR-101/ES;Crescente;Engavetamento;2;0;1;0;0;0;0;0;0;0;2;0;0;0;0
14/10/2022;10:39:00;97;Com vítima;105,000;BR-101/ES;Decrescente;Saída de pista;0;0;0;1;0;0;0;0;0;0;0;1;0;0;0
14/10/2022;14:01:00;134;Sem vítima;254,000;BR-101/ES;Crescente;Engavetamento;4;0;0;0;0;0;0;0;0;0;10;0;0;0;0
14/10/2022;14:21:00;136;Sem vítima;146,000;BR-101/ES;Decrescente;Engavetamento;2;0;0;0;0;1;0;0;0;0;2;0;0;0;0
14/10/2022;18:00:00;172;Sem vítima;946,000;BR-101/ES;Crescente;Colisão lateral em sentido contrário;1;0;0;0;0;2;0;0;0;0;4;0;0;0;0
14/10/2022;21:27:00;207;Sem vítima;301,000;BR-101/ES;Decrescente;Colisão lateral no mesmo sentido;2;0;0;0;0;0;0;0;0;0;4;0;0;0;0
14/10/2022;23:06:00;217;Com vítima;266,000;BR-101/ES;Crescente;Colisão lateral no mesmo sentido;1;0;0;1;0;0;0;0;0;0;1;0;1;1;0
15/10/2022;06:10:00;22;Sem vítima;257,000;BR-101/ES;Crescente;Saída de pista;1;0;0;0;0;0;0;0;0;0;1;0;0;0;0
15/10/2022;11:41:00;72;Sem vítima;116,000;BR-101/ES;Crescente;Colisão traseira;1;0;0;0;0;1;0;0;0;0;1;0;0;0;0
15/10/2022;12:56:00;86;Com vítima;67,000;BR-101/ES;Decrescente;Colisão transversal;1;0;0;1;0;0;0;0;0;0;1;1;0;0;0
15/10/2022;13:47:00;94;Sem vítima;297,100;BR-101/ES;Decrescente;Saída de pista;1;0;0;0;0;0;0;0;0;0;1;0;0;0;0
15/10/2022;15:12:00;108;Sem vítima;340,600;BR-101/ES;Crescente;Choque;1;0;0;0;0;0;0;0;0;0;1;0;0;0;0
15/10/2022;20:03:00;158;Sem vítima;263,800;BR-101/ES;Crescente;Colisão lateral no mesmo sentido;2;0;0;0;0;0;0;0;0;0;2;0;0;0;0
15/10/2022;20:24:00;162;Com vítima;291,900;BR-101/ES;Crescente;Colisão traseira;0;0;0;1;0;1;0;0;0;0;0;0;2;0;0
15/10/2022;21:12:00;171;Com vítima;20,000;BR-101/ES;Crescente;Atropelamento de pedestre;0;0;0;1;0;0;0;0;0;0;1;0;1;0;0
16/10/2022;00:21:00;3;Sem vítima;159,000;BR-101/ES;Decrescente;Choque;1;0;0;0;0;0;0;0;0;0;2;0;0;0;0
16/10/2022;04:19:00;12;Sem vítima;270,050;BR-101/ES;Crescente;Saída de pista;1;0;0;0;0;0;0;0;0;0;1;0;0;0;0
16/10/2022;06:08:00;19;Sem vítima;248,500;BR-101/ES;Crescente;Saída de pista;0;0;0;0;0;0;0;0;0;1;4;0;0;0;0
16/10/2022;10:10:00;39;Com vítima;4,000;Contorno de Iconha/ES;Decrescente;Queda de moto;0;0;0;1;0;0;0;0;0;0;0;1;1;0;0
16/10/2022;14:51:00;76;Com vítima;214,000;BR-101/ES;Crescente;Colisão transversal;2;0;0;0;0;0;0;0;0;0;5;2;1;0;0
16/10/2022;18:56:00;129;Sem vítima;253,000;BR-101/ES;Crescente;Colisão traseira;1;0;0;0;0;1;0;0;0;0;1;0;0;0;0
16/10/2022;21:51:00;163;Com vítima;412,900;BR-101/ES;Decrescente;Atropelamento de pedestre;0;0;0;0;0;0;0;0;0;0;0;0;1;0;0
16/10/2022;23:31:00;172;Sem vítima;265,000;BR-101/ES;Decrescente;Colisão lateral no mesmo sentido;1;0;0;0;0;0;0;0;0;0;1;0;0;0;0
17/10/2022;08:48:00;57;Com vítima;269,200;BR-101/ES;Crescente;Queda de moto;0;0;0;1;0;0;0;0;0;0;1;0;1;0;0
17/10/2022;10:06:00;69;Sem vítima;298,000;BR-101/ES;Decrescente;Choque;0;0;0;0;0;1;0;0;0;0;1;0;0;0;0
17/10/2022;11:36:00;87;Sem vítima;266,300;BR-101/ES;Decrescente;Colisão frontal;1;0;0;0;0;1;0;0;0;0;3;0;0;0;0
17/10/2022;11:50:00;89;Sem vítima;61,200;BR-101/ES;Decrescente;Engavetamento;3;0;0;0;0;0;0;0;0;0;11;0;0;0;0
17/10/2022;14:21:00;113;Sem vítima;320,800;BR-101/ES;Crescente;Choque;0;0;1;0;0;0;0;0;0;0;1;0;0;0;0
17/10/2022;15:26:00;125;Sem vítima;270,500;BR-101/ES;Crescente;Colisão traseira;2;0;0;0;0;0;0;0;0;0;2;0;0;0;0
17/10/2022;16:25:00;138;Sem vítima;268,000;BR-101/ES;Decrescente;Colisão traseira;1;0;0;0;0;0;0;0;0;1;2;0;0;0;0
17/10/2022;17:50:00;147;Com vítima;64,300;BR-101/ES;Crescente;Colisão transversal;1;0;1;0;0;0;0;0;0;0;1;0;1;0;0
17/10/2022;17:50:00;148;Com vítima;269,000;BR-101/ES;Crescente;Atropelamento de pedestre;1;0;0;1;0;0;0;0;0;0;1;0;2;0;0
17/10/2022;19:04:00;160;Com vítima;269,600;BR-101/ES;Decrescente;Colisão lateral no mesmo sentido;1;0;0;1;0;0;0;0;0;0;1;0;1;0;0
17/10/2022;19:22:00;164;Com vítima;956,000;BR-101/ES;Crescente;Colisão lateral no mesmo sentido;2;0;0;0;0;0;0;0;0;0;3;1;0;0;0
18/10/2022;03:05:00;9;Sem vítima;31,000;BR-101/ES;Decrescente;Carreta deu L;0;0;0;0;0;1;0;0;0;0;0;0;0;0;0
18/10/2022;05:30:00;21;Com vítima;267,000;BR-101/ES;Crescente;Choque;1;0;0;0;0;0;0;0;0;0;0;1;0;0;0
18/10/2022;08:06:00;58;Sem vítima;450,000;BR-101/ES;Crescente;Choque;0;0;0;0;0;1;0;0;0;0;1;0;0;0;0
18/10/2022;10:25:00;82;Sem vítima;184,000;BR-101/ES;Crescente;Desatrelamento;0;0;0;0;0;1;0;0;0;0;1;0;0;0;0
18/10/2022;11:52:00;103;Sem vítima;77,200;BR-101/ES;Crescente;Colisão lateral no mesmo sentido;1;0;1;0;0;0;0;0;0;0;4;0;0;0;0
18/10/2022;13:35:00;115;Com vítima;288,000;BR-101/ES;Crescente;Choque;0;0;1;0;0;0;0;0;0;0;0;0;3;0;0
18/10/2022;17:07:00;152;Sem vítima;420,000;BR-101/ES;Crescente;Choque;1;0;0;0;0;0;0;0;0;0;1;0;0;0;0
18/10/2022;17:21:00;158;Sem vítima;65,200;BR-101/ES;Crescente;Colisão traseira;2;0;0;0;0;0;0;0;0;0;2;0;0;0;0
18/10/2022;17:54:00;166;Sem vítima;401,000;BR-101/ES;Crescente;Atropelamento de animal;0;0;0;0;0;0;0;0;0;1;1;0;0;0;0
18/10/2022;17:59:00;168;Sem vítima;70,000;BR-101/ES;Decrescente;Colisão transversal;2;0;0;0;0;0;0;0;0;0;2;0;0;0;0
18/10/2022;18:39:00;172;Com vítima;105,000;BR-101/ES;Crescente;Queda de moto;0;0;0;1;0;0;0;0;0;0;0;0;1;0;0
18/10/2022;19:09:00;178;Com vítima;93,400;BR-101/ES;Decrescente;Atropelamento de pedestre;1;0;0;0;0;0;0;0;0;0;1;0;1;0;0
18/10/2022;19:48:00;184;Com vítima;11,100;BR-101/ES;Decrescente;Saída de pista;0;0;0;0;0;1;0;0;0;0;0;0;0;0;1
19/10/2022;06:28:00;26;Sem vítima;278,001;BR-101/ES;Crescente;Choque;1;0;0;0;0;0;0;0;0;0;0;0;0;0;0
19/10/2022;06:44:00;28;Com vítima;286,700;BR-101/ES;Crescente;Colisão traseira;2;0;1;0;0;0;0;0;0;0;3;0;1;0;0
19/10/2022;06:54:00;32;Com vítima;267,300;BR-101/ES;Crescente;Colisão lateral no mesmo sentido;1;0;1;1;1;0;0;0;0;0;4;4;0;0;0
19/10/2022;07:13:00;35;Com vítima;269,100;BR-101/ES;Crescente;Atropelamento de pedestre;0;0;0;0;0;1;0;0;0;0;0;0;1;0;0
19/10/2022;07:32:00;36;Com vítima;436,000;BR-101/ES;Crescente;Queda de moto;0;0;0;1;0;0;0;0;0;0;0;1;0;0;0
19/10/2022;10:46:00;75;Com vítima;258,400;BR-101/ES;Decrescente;Saída de pista;1;0;0;0;0;0;0;0;0;0;0;0;1;0;0
19/10/2022;10:58:00;76;Sem vítima;118,000;BR-101/ES;Crescente;Colisão traseira;0;0;2;0;0;0;0;0;0;0;4;0;0;0;0
19/10/2022;11:00:00;77;Sem vítima;270,000;BR-101/ES;Crescente;Colisão traseira;1;0;0;0;0;1;0;0;0;0;4;0;0;0;0
19/10/2022;11:26:00;82;Sem vítima;162,100;BR-101/ES;Decrescente;Colisão traseira;2;0;0;0;0;0;0;0;0;0;2;0;0;0;0
19/10/2022;12:30:00;87;Com vítima;402,000;BR-101/ES;Decrescente;Saída de pista;0;0;0;1;0;0;0;0;0;0;0;0;1;0;0
19/10/2022;16:28:00;120;Com vítima;266,700;BR-101/ES;Crescente;Colisão lateral no mesmo sentido;1;0;0;1;0;1;0;0;0;0;1;0;1;0;0
19/10/2022;19:58:00;154;Com vítima;347,900;BR-101/ES;Crescente;Choque;0;0;1;0;0;0;0;0;0;0;0;0;1;0;0
20/10/2022;01:34:00;3;Sem vítima;264,300;BR-101/ES;Crescente;Carreta deu L;0;0;0;0;0;1;0;0;0;0;1;0;0;0;0
20/10/2022;04:47:00;15;Sem vítima;263,000;BR-101/ES;Crescente;Colisão transversal;1;0;1;0;0;0;0;0;0;0;2;0;0;0;0
20/10/2022;08:41:00;56;Sem vítima;303,000;BR-101/ES;Decrescente;Colisão traseira;1;0;0;0;0;1;0;0;0;0;4;0;0;0;0
20/10/2022;09:05:00;61;Com vítima;268,500;BR-101/ES;Crescente;Colisão transversal;1;1;0;0;0;0;0;0;0;0;1;0;1;0;0
20/10/2022;11:01:00;86;Sem vítima;267,000;BR-101/ES;Decrescente;Colisão lateral no mesmo sentido;1;0;1;0;0;0;0;0;0;0;0;0;0;0;0
20/10/2022;14:44:00;121;Sem vítima;266,500;BR-101/ES;Crescente;Colisão traseira;1;0;0;0;0;0;0;0;0;1;1;0;0;0;0
20/10/2022;14:58:00;124;Sem vítima;452,000;BR-101/ES;Crescente;Choque;1;0;0;0;0;0;0;0;0;0;1;0;0;0;0
20/10/2022;18:19:00;156;Sem vítima;183,700;BR-101/ES;Decrescente;Colisão traseira;2;0;0;0;0;0;0;0;0;0;5;0;0;0;0
20/10/2022;18:47:00;157;Com vítima;20,000;BR-101/ES;Decrescente;Colisão transversal;1;0;0;1;0;0;0;0;0;0;1;1;0;0;0
20/10/2022;19:20:00;163;Sem vítima;391,000;BR-101/ES;Decrescente;Colisão lateral em sentido contrário;0;0;0;0;0;2;0;0;0;0;2;0;0;0;0
21/10/2022;06:21:00;26;Com vítima;29,000;BR-101/ES;Crescente;Colisão frontal;1;0;0;1;0;0;0;0;0;0;1;0;0;1;0
21/10/2022;06:38:00;28;Com vítima;332,500;BR-101/ES;Decrescente;Colisão lateral no mesmo sentido;1;0;0;1;0;0;0;0;0;0;1;0;1;0;0
21/10/2022;06:43:00;29;Com vítima;147,500;BR-101/ES;Decrescente;Colisão transversal;1;0;0;1;0;0;0;0;0;0;1;1;0;0;0
21/10/2022;10:17:00;75;Com vítima;286,000;BR-101/ES;Crescente;Queda de moto;0;0;0;1;0;0;0;0;0;0;0;0;1;0;0
21/10/2022;10:40:00;82;Sem vítima;205,000;BR-101/ES;Decrescente;Colisão lateral em sentido contrário;2;0;0;0;0;0;0;0;0;0;2;0;0;0;0
21/10/2022;11:16:00;89;Sem vítima;254,700;BR-101/ES;Crescente;Engavetamento;4;0;1;0;0;0;0;0;0;1;15;0;0;0;0
21/10/2022;11:40:00;98;Sem vítima;294,000;BR-101/ES;Crescente;Colisão lateral no mesmo sentido;1;0;0;0;0;0;0;0;0;1;2;0;0;0;0
21/10/2022;13:22:00;107;Sem vítima;196,900;BR-101/ES;Decrescente;Colisão traseira;1;0;0;0;0;0;0;0;0;0;1;0;0;0;0
21/10/2022;15:03:00;128;Sem vítima;268,900;BR-101/ES;Crescente;Colisão lateral em sentido contrário;1;0;0;0;0;1;0;0;0;0;2;0;0;0;0
21/10/2022;15:38:00;132;Com vítima;264,400;BR-101/ES;Decrescente;Colisão lateral no mesmo sentido;0;0;0;1;0;1;0;0;0;0;0;1;0;0;0
21/10/2022;15:56:00;136;Com vítima;293,800;BR-101/ES;Decrescente;Colisão lateral no mesmo sentido;0;0;0;1;0;1;0;0;0;0;1;1;0;0;0
21/10/2022;16:17:00;141;Com vítima;269,000;BR-101/ES;Decrescente;Atropelamento de pedestre;0;0;0;1;0;0;0;0;0;0;1;0;1;0;0
21/10/2022;16:55:00;149;Sem vítima;271,000;BR-101/ES;Decrescente;Colisão traseira;1;0;1;0;0;0;0;0;0;0;2;0;0;0;0
21/10/2022;17:23:00;158;Sem vítima;249,000;BR-101/ES;Crescente;Colisão lateral no mesmo sentido;1;0;1;0;0;0;0;0;0;0;2;0;0;0;0
21/10/2022;17:24:00;160;Sem vítima;403,000;BR-101/ES;Decrescente;Colisão traseira;1;0;0;0;0;0;0;0;0;0;1;0;0;0;0
21/10/2022;17:28:00;163;Sem vítima;289,000;BR-101/ES;Decrescente;Queda de moto;0;0;0;1;0;0;0;0;0;0;1;0;0;0;0
21/10/2022;17:47:00;165;Sem vítima;159,000;BR-101/ES;Crescente;Engavetamento;2;0;0;0;0;1;0;0;0;0;2;0;0;0;0
21/10/2022;18:26:00;170;Com vítima;212,500;BR-101/ES;Crescente;Engavetamento;3;0;1;0;0;0;0;0;0;0;7;0;1;0;0
21/10/2022;19:12:00;180;Sem vítima;171,000;BR-101/ES;Crescente;Colisão traseira;1;0;1;0;0;0;0;0;0;0;3;0;0;0;0
21/10/2022;19:43:00;189;Sem vítima;268,500;BR-101/ES;Crescente;Queda de moto;0;0;0;1;0;1;0;0;0;0;1;0;0;0;0
21/10/2022;20:56:00;204;Com vítima;263,900;BR-101/ES;Decrescente;Colisão lateral no mesmo sentido;0;0;0;1;0;1;0;0;0;0;0;0;1;0;0
21/10/2022;22:51:00;217;Sem vítima;184,000;BR-101/ES;Decrescente;Tombamento;0;0;1;0;0;1;0;0;0;0;2;0;0;0;0
22/10/2022;02:23:00;18;Sem vítima;244,000;BR-101/ES;Crescente;Choque;1;0;0;0;0;0;0;0;0;0;1;0;0;0;0
22/10/2022;03:07:00;20;Sem vítima;268,000;BR-101/ES;Decrescente;Saída de pista;1;0;0;0;0;0;0;0;0;0;1;0;0;0;0
22/10/2022;07:10:00;53;Com vítima;368,000;BR-101/ES;Crescente;Queda de moto;0;0;0;1;0;0;0;0;0;0;0;1;0;0;0
22/10/2022;07:56:00;72;Com vítima;292,000;BR-101/ES;Decrescente;Colisão lateral no mesmo sentido;1;0;0;1;0;0;0;0;0;0;3;0;1;0;0
22/10/2022;10:08:00;112;Sem vítima;266,000;BR-101/ES;Crescente;Colisão lateral no mesmo sentido;0;0;0;1;0;1;0;0;0;0;3;0;0;0;0
22/10/2022;10:50:00;120;Com vítima;119,600;BR-101/ES;Crescente;Queda de moto;0;0;0;1;0;0;0;0;0;0;1;1;0;0;0
22/10/2022;16:35:00;186;Com vítima;287,000;BR-101/ES;Crescente;Colisão transversal;2;0;0;0;0;0;0;0;0;0;2;0;0;1;1
22/10/2022;17:27:00;190;Com vítima;343,000;BR-101/ES;Crescente;Choque;1;0;0;0;0;0;0;0;0;0;2;1;0;0;0
22/10/2022;20:18:00;208;Sem vítima;143,000;BR-101/ES;Decrescente;Saída de pista;1;0;0;0;0;0;0;0;0;0;1;0;0;0;0
23/10/2022;05:45:00;24;Com vítima;284,000;BR-101/ES;Decrescente;Saída de pista;1;0;0;0;0;0;0;0;0;0;0;0;1;0;0
23/10/2022;06:03:00;28;Sem vítima;272,000;BR-101/ES;Decrescente;Choque;1;0;0;0;0;0;0;0;0;0;1;0;0;0;0
23/10/2022;06:08:00;29;Sem vítima;297,000;BR-101/ES;Crescente;Choque;1;0;0;0;0;0;0;0;0;0;2;0;0;0;0
23/10/2022;07:25:00;36;Sem vítima;286,000;BR-101/ES;Decrescente;Saída de pista;1;0;0;0;0;0;0;0;0;0;1;0;0;0;0
23/10/2022;10:33:00;57;Sem vítima;266,000;BR-101/ES;Decrescente;Colisão transversal;2;0;0;0;0;0;0;0;0;0;4;0;0;0;0
23/10/2022;10:46:00;58;Sem vítima;71,000;BR-101/ES;Crescente;Saída de pista;2;0;0;0;0;0;0;0;0;0;6;0;0;0;0
23/10/2022;11:40:00;66;Sem vítima;197,000;BR-101/ES;Decrescente;Saída de pista;1;0;0;0;0;0;0;0;0;0;4;0;0;0;0
23/10/2022;11:58:00;69;Com vítima;197,150;BR-101/ES;Decrescente;Saída de pista;1;0;0;0;0;0;0;0;0;0;0;0;1;0;0
23/10/2022;19:08:00;126;Sem vítima;179,000;BR-101/ES;Crescente;Saída de pista;1;0;0;0;0;0;0;0;0;0;1;0;0;0;0
23/10/2022;22:51:00;145;Com vítima;287,000;BR-101/ES;Crescente;Colisão lateral no mesmo sentido;2;0;0;0;0;0;0;0;0;0;3;1;1;0;0
23/10/2022;23:58:00;147;Sem vítima;288,000;BR-101/ES;Crescente;Saída de pista;0;0;0;0;0;1;0;0;0;0;1;0;0;0;0
24/10/2022;03:16:00;9;Sem vítima;320,800;BR-101/ES;Crescente;Colisão traseira;0;0;2;0;0;0;0;0;0;0;2;0;0;0;0
24/10/2022;08:01:00;34;Com vítima;59,900;BR-101/ES;Crescente;Saída de pista;1;0;0;0;0;0;0;0;0;0;0;0;1;0;0
24/10/2022;08:20:00;40;Sem vítima;28,000;BR-101/ES;Crescente;Queda de moto;0;0;0;1;0;0;0;0;0;0;2;0;0;0;0
24/10/2022;10:31:00;58;Sem vítima;404,000;BR-101/ES;Crescente;Colisão transversal;2;0;0;0;0;0;0;0;0;0;2;0;0;0;0
24/10/2022;12:47:00;76;Com vítima;204,100;BR-101/ES;Crescente;Queda de bicicleta;0;1;0;0;0;0;0;0;0;0;0;1;0;0;0
24/10/2022;16:10:00;99;Sem vítima;446,000;BR-101/ES;Crescente;Choque;0;0;1;0;0;0;0;0;0;0;1;0;0;0;0
24/10/2022;17:57:00;122;Com vítima;287,000;BR-101/ES;Decrescente;Choque;0;0;1;1;0;0;0;0;0;0;0;0;1;0;0
24/10/2022;19:09:00;130;Sem vítima;12,000;BR-101/ES;Crescente;Colisão transversal;1;0;0;1;0;0;0;0;0;0;2;0;0;0;0
25/10/2022;06:59:00;22;Sem vítima;151,000;BR-101/ES;Crescente;Colisão traseira;2;0;0;0;0;0;0;0;0;0;5;0;0;0;0
25/10/2022;11:23:00;70;Sem vítima;312,800;BR-101/ES;Decrescente;Colisão traseira;1;0;0;0;0;0;0;0;0;1;7;0;0;0;0
25/10/2022;12:04:00;79;Sem vítima;344,500;BR-101/ES;Crescente;Choque;1;0;0;0;0;0;0;0;0;0;1;0;0;0;0
25/10/2022;12:59:00;81;Sem vítima;286,200;BR-101/ES;Decrescente;Choque;1;0;0;0;0;0;0;0;0;0;1;0;0;0;0
25/10/2022;14:45:00;94;Sem vítima;67,000;BR-101/ES;Decrescente;Colisão traseira;1;0;0;0;0;0;0;0;0;0;1;0;0;0;0
26/10/2022;09:31:00;62;Com vítima;165,140;BR-101/ES;Crescente;Queda de moto;0;0;0;1;0;0;0;0;0;0;0;0;1;0;0
26/10/2022;10:14:00;80;Sem vítima;269,000;BR-101/ES;Crescente;Engavetamento;3;0;0;0;0;0;0;0;0;0;3;0;0;0;0
26/10/2022;12:23:00;108;Sem vítima;242,000;BR-101/ES;Decrescente;Engavetamento;2;0;0;0;0;1;0;0;0;0;3;0;0;0;0
26/10/2022;12:32:00;109;Sem vítima;262,000;BR-101/ES;Crescente;Queda de moto;0;0;0;1;0;0;0;0;0;0;2;0;0;0;0
26/10/2022;13:04:00;115;Com vítima;265,200;BR-101/ES;Decrescente;Saída de pista;1;0;0;0;0;0;0;0;0;0;1;1;0;0;0