data;horario;n_da_ocorrencia;tipo_de_ocorrencia;km;trecho;sentido;tipo_de_acidente;automovel;bicicleta;caminhao;moto;onibus;outros;tracao_animal;transporte_de_cargas_especiais;trator_maquinas;utilitarios;ilesos;levemente_feridos;moderadamente_feridos;gravemente_feridos;mortos
14/11/2022;18:31:00;135;Com vítima;125,000;BR-101/ES;Crescente;Atropelamento de pedestre;0;0;0;1;0;0;0;0;0;0;0;2;0;0;0
14/11/2022;20:15:00;148;Com vítima;159,700;BR-101/ES;Crescente;Engavetamento;0;0;2;1;0;0;0;0;0;0;4;0;0;1;1
14/11/2022;20:19:00;149;Com vítima;237,050;BR-101/ES;Crescente;Atropelamento de pedestre;0;0;0;1;0;0;0;0;0;0;0;0;0;1;1
15/11/2022;02:56:00;9;Sem vítima;365,000;BR-101/ES;Crescente;Choque;1;0;0;0;0;0;0;0;0;0;1;0;0;0;0
15/11/2022;09:37:00;65;Com vítima;407,800;BR-101/ES;Crescente;Colisão traseira;0;0;1;0;0;0;0;0;0;0;1;0;1;0;0
15/11/2022;09:48:00;68;Sem vítima;408,000;BR-101/ES;Crescente;Colisão transversal;2;0;0;0;0;0;0;0;0;0;4;0;0;0;0
15/11/2022;10:06:00;71;Com vítima;153,800;BR-101/ES;Crescente;Queda de moto;0;0;0;1;0;0;0;0;0;0;0;2;0;0;0
15/11/2022;10:08:00;72;Sem vítima;246,800;BR-101/ES;Crescente;Saída de pista;1;0;0;0;0;0;0;0;0;0;2;0;0;0;0
15/11/2022;16:37:00;128;Sem vítima;435,000;BR-101/ES;Decrescente;Colisão traseira;2;0;0;0;0;0;0;0;0;0;3;0;0;0;0
15/11/2022;16:59:00;133;Com vítima;5,000;BR-101/ES;Crescente;Colisão traseira;1;0;0;1;0;0;0;0;0;0;2;1;0;0;0
15/11/2022;17:22:00;139;Com vítima;31,000;BR-101/ES;Crescente;Saída de pista;1;0;0;0;0;0;0;0;0;0;0;1;0;0;0
15/11/2022;17:49:00;148;Sem vítima;304,500;BR-101/ES;Decrescente;Choque;1;0;0;0;0;0;0;0;0;0;2;0;0;0;0
15/11/2022;18:13:00;154;Sem vítima;263,900;BR-101/ES;Crescente;Colisão lateral no mesmo sentido;1;0;0;0;1;0;0;0;0;0;2;0;0;0;0
15/11/2022;19:28:00;169;Sem vítima;222,000;BR-101/ES;Crescente;Saída de pista;1;0;0;0;0;0;0;0;0;0;1;0;0;0;0
15/11/2022;20:55:00;188;Com vítima;439,000;BR-101/ES;Crescente;Colisão transversal;0;0;1;1;0;0;0;0;0;0;1;0;0;1;0
15/11/2022;21:20:00;194;Com vítima;241,800;BR-101/ES;Decrescente;Colisão transversal;1;0;0;1;0;0;0;0;0;0;1;0;2;0;0
16/11/2022;06:55:00;24;Sem vítima;277,500;BR-101/ES;Crescente;Saída de pista;0;0;0;0;0;0;0;0;0;1;1;0;0;0;0
16/11/2022;07:42:00;35;Sem vítima;147,000;BR-101/ES;Crescente;Colisão transversal;2;0;0;0;0;0;0;0;0;0;2;0;0;0;0
16/11/2022;08:05:00;46;Com vítima;243,000;BR-101/ES;Decrescente;Saída de pista;1;0;0;0;0;0;0;0;0;0;0;0;1;0;0
16/11/2022;09:25:00;53;Sem vítima;304,600;BR-101/ES;Crescente;Colisão traseira;2;0;0;0;0;0;0;0;0;0;3;0;0;0;0
16/11/2022;10:27:00;59;Sem vítima;285,000;BR-101/ES;Crescente;Saída de pista;0;0;1;0;0;0;0;0;0;0;1;0;0;0;0
16/11/2022;11:09:00;70;Sem vítima;258,000;BR-101/ES;Decrescente;Choque;1;0;0;0;0;0;0;0;0;0;1;0;0;0;0
16/11/2022;11:37:00;79;Sem vítima;266,800;BR-101/ES;Decrescente;Colisão transversal;3;0;0;0;0;0;0;0;0;0;4;0;0;0;0
16/11/2022;13:10:00;92;Com vítima;387,900;BR-101/ES;Decrescente;Tombamento;0;0;0;0;0;1;0;0;0;0;0;0;1;0;0
16/11/2022;14:15:00;101;Com vítima;221,000;BR-101/ES;Decrescente;Colisão traseira;0;0;2;0;0;0;0;0;0;0;1;0;2;0;0
16/11/2022;14:21:00;104;Sem vítima;281,000;BR-101/ES;Crescente;Colisão traseira;1;0;0;0;0;0;0;0;0;0;1;0;0;0;0
16/11/2022;14:58:00;109;Sem vítima;189,000;BR-101/ES;Decrescente;Colisão traseira;1;0;0;0;0;0;0;0;0;0;2;0;0;0;0
16/11/2022;17:16:00;125;Com vítima;289,500;BR-101/ES;Crescente;Colisão lateral no mesmo sentido;0;0;0;2;0;0;0;0;0;0;0;1;1;0;0
16/11/2022;19:13:00;141;Sem vítima;199,000;BR-101/ES;Decrescente;Colisão traseira;2;0;0;0;0;0;0;0;0;0;3;0;0;0;0
17/11/2022;00:08:00;1;Sem vítima;408,000;BR-101/ES;Crescente;Tombamento;0;0;1;0;0;0;0;0;0;0;1;0;0;0;0
17/11/2022;05:24:00;9;Com vítima;266,000;BR-101/ES;Decrescente;Atropelamento de ciclista;1;1;0;0;0;0;0;0;0;0;1;1;0;0;0
17/11/2022;07:41:00;25;Com vítima;82,700;BR-101/ES;Crescente;Colisão lateral em sentido contrário;1;0;1;0;0;0;0;0;0;0;1;1;0;0;0
17/11/2022;07:52:00;31;Com vítima;263,000;BR-101/ES;Decrescente;Colisão transversal;0;0;0;1;0;1;0;0;0;0;0;1;0;0;0
17/11/2022;11:13:00;67;Sem vítima;147,900;BR-101/ES;Crescente;Colisão lateral no mesmo sentido;1;0;0;0;0;1;0;0;0;0;2;0;0;0;0
17/11/2022;13:40:00;90;Sem vítima;262,000;BR-101/ES;Crescente;Colisão traseira;2;0;0;0;0;0;0;0;0;0;2;0;0;0;0
17/11/2022;14:29:00;94;Com vítima;93,500;BR-101/ES;Crescente;Tombamento;0;0;1;0;0;0;0;0;0;0;0;1;2;0;0
17/11/2022;14:43:00;96;Com vítima;144,000;BR-101/ES;Decrescente;Colisão lateral em sentido contrário;1;0;0;0;0;1;0;0;0;0;0;1;2;0;0
17/11/2022;16:12:00;110;Sem vítima;264,900;BR-101/ES;Decrescente;Colisão lateral no mesmo sentido;1;0;0;1;0;1;0;0;0;0;3;0;0;0;0
17/11/2022;17:17:00;116;Sem vítima;239,300;BR-101/ES;Decrescente;Colisão lateral em sentido contrário;1;0;1;0;0;0;0;0;0;0;2;0;0;0;0
18/11/2022;06:41:00;22;Com vítima;66,000;BR-101/ES;Crescente;Atropelamento de ciclista;0;1;0;0;0;0;0;0;0;0;0;0;1;0;0
18/11/2022;07:52:00;43;Com vítima;145,000;BR-101/ES;Crescente;Colisão transversal;1;0;0;1;0;0;0;0;0;0;1;0;1;0;0
18/11/2022;08:17:00;52;Sem vítima;268,100;BR-101/ES;Crescente;Colisão lateral no mesmo sentido;0;0;0;1;0;1;0;0;0;0;1;0;0;0;0
18/11/2022;08:19:00;53;Com vítima;261,600;BR-101/ES;Decrescente;Colisão transversal;1;0;0;1;0;0;0;0;0;0;1;0;1;0;0
18/11/2022;09:11:00;62;Sem vítima;59,900;BR-101/ES;Decrescente;Choque;1;0;0;0;0;0;0;0;0;0;2;0;0;0;0
18/11/2022;11:31:00;96;Com vítima;258,100;BR-101/ES;Decrescente;Colisão traseira;1;0;0;1;0;0;0;0;0;0;1;0;1;0;0
18/11/2022;13:03:00;112;Sem vítima;380,000;BR-101/ES;Crescente;Saída de pista;1;0;0;0;0;0;0;0;0;0;2;0;0;0;0
18/11/2022;13:40:00;119;Sem vítima;346,000;BR-101/ES;Crescente;Choque;1;0;0;0;0;0;0;0;0;0;1;0;0;0;0
18/11/2022;16:02:00;145;Com vítima;119,800;BR-101/ES;Crescente;Colisão lateral em sentido contrário;0;0;0;1;0;0;0;0;0;0;2;0;0;0;0
18/11/2022;17:08:00;159;Com vítima;262,600;BR-101/ES;Decrescente;Queda de moto;0;0;0;1;0;0;0;0;0;0;0;1;1;0;0
18/11/2022;17:59:00;167;Sem vítima;119,800;BR-101/ES;Decrescente;Colisão traseira;0;0;1;0;0;0;0;0;0;1;2;0;0;0;0
19/11/2022;04:16:00;20;Com vítima;121,000;BR-101/ES;Decrescente;Queda de moto;0;0;0;1;0;0;0;0;0;0;0;1;0;0;0
19/11/2022;11:53:00;102;Sem vítima;270,000;BR-101/ES;Decrescente;Colisão traseira;1;0;0;0;0;1;0;0;0;0;0;0;0;0;0
19/11/2022;12:44:00;112;Com vítima;419,200;BR-101/ES;Crescente;Colisão traseira;0;0;0;2;0;0;0;0;0;0;1;0;1;0;0
19/11/2022;15:35:00;151;Sem vítima;275,000;BR-101/ES;Decrescente;Saída de pista;1;0;0;0;0;0;0;0;0;0;1;0;0;0;0
19/11/2022;17:25:00;88;Com vítima;140,300;BR-101/ES;Decrescente;Choque;0;0;0;1;0;0;0;0;0;0;0;0;2;0;0
19/11/2022;18:09:00;172;Sem vítima;398,000;BR-101/ES;Decrescente;Saída de pista;1;0;0;0;0;0;0;0;0;0;1;0;0;0;0
19/11/2022;19:44:00;184;Com vítima;31,500;BR-101/ES;Crescente;Capotamento;1;0;0;0;0;0;0;0;0;0;0;2;0;0;0
19/11/2022;19:45:00;185;Com vítima;297,000;BR-101/ES;Crescente;Choque;1;0;0;0;0;0;0;0;0;0;0;0;0;0;1
19/11/2022;23:17:00;196;Sem vítima;293,000;BR-101/ES;Decrescente;Colisão traseira;1;0;0;1;0;0;0;0;0;0;2;0;0;0;0
19/11/2022;23:29:00;198;Com vítima;146,000;BR-101/ES;Decrescente;Colisão traseira;1;0;0;1;0;0;0;0;0;0;4;0;1;0;0
20/11/2022;00:11:00;1;Sem vítima;258,000;BR-101/ES;Crescente;Queda de moto;0;0;0;1;0;0;0;0;0;0;1;0;0;0;0
20/11/2022;02:47:00;11;Com vítima;265,500;BR-101/ES;Decrescente;Queda de moto;0;0;0;1;0;0;0;0;0;0;0;0;0;1;0
20/11/2022;08:08:00;33;Com vítima;440,750;BR-101/ES;Crescente;Saída de pista;0;0;0;0;0;1;0;0;0;0;0;1;0;0;0
20/11/2022;11:27:00;55;Com vítima;260,900;BR-101/ES;Decrescente;Colisão lateral no mesmo sentido;2;0;0;0;0;2;0;0;0;0;2;2;0;0;2
20/11/2022;12:15:00;62;Sem vítima;263,000;BR-101/ES;Decrescente;Colisão traseira;1;0;0;0;0;1;0;0;0;0;1;0;0;0;0
20/11/2022;12:59:00;65;Com vítima;265,500;BR-101/ES;Decrescente;Colisão traseira;1;0;0;1;0;0;0;0;0;0;1;1;0;0;0
20/11/2022;13:00:00;66;Com vítima;140,800;BR-101/ES;Decrescente;Colisão lateral no mesmo sentido;1;0;0;1;0;0;0;0;0;0;1;1;0;0;0
20/11/2022;15:04:00;80;Sem vítima;229,000;BR-101/ES;Decrescente;Colisão lateral no mesmo sentido;1;0;0;0;0;1;0;0;0;0;2;0;0;0;0
20/11/2022;16:25:00;96;Com vítima;67,000;BR-101/ES;Decrescente;Colisão frontal;1;0;0;1;0;0;0;0;0;0;3;1;0;0;0
20/11/2022;17:02:00;105;Com vítima;164,550;BR-101/ES;Decrescente;Saída de pista;0;0;0;0;0;0;0;0;0;1;0;0;0;0;1
20/11/2022;20:26:00;133;Com vítima;67,500;BR-101/ES;Decrescente;Colisão traseira;2;0;0;0;0;0;0;0;0;0;2;2;0;0;0
20/11/2022;20:54:00;138;Sem vítima;266,000;BR-101/ES;Crescente;Colisão traseira;2;0;0;0;0;0;0;0;0;0;2;0;0;0;0
20/11/2022;22:32:00;147;Com vítima;253,500;BR-101/ES;Decrescente;Colisão frontal;1;0;0;0;0;1;0;0;0;0;1;0;0;1;2
20/11/2022;23:02:00;152;Com vítima;173,000;BR-101/ES;Crescente;Colisão frontal;1;0;0;0;0;1;0;0;0;0;1;0;0;1;0
21/11/2022;07:33:00;27;Com vítima;273,000;BR-101/ES;Decrescente;Colisão lateral no mesmo sentido;0;0;0;1;1;0;0;0;0;0;1;0;1;0;0
21/11/2022;08:22:00;49;Com vítima;298,000;BR-101/ES;Decrescente;Queda de moto;0;0;0;1;0;0;0;0;0;0;0;0;1;0;0
21/11/2022;09:28:00;67;Sem vítima;360,500;BR-101/ES;Crescente;Saída de pista;1;0;0;0;0;0;0;0;0;0;4;0;0;0;0
21/11/2022;10:23:00;75;Sem vítima;294,000;BR-101/ES;Crescente;Colisão lateral no mesmo sentido;0;0;1;0;0;1;0;0;0;0;2;0;0;0;0
21/11/2022;10:40:00;78;Sem vítima;219,000;BR-101/ES;Decrescente;Saída de pista;0;0;0;0;0;0;0;0;0;1;1;0;0;0;0
21/11/2022;10:45:00;79;Com vítima;270,000;BR-101/ES;Crescente;Queda de moto;0;0;0;1;0;0;0;0;0;0;0;0;1;0;0
21/11/2022;12:21:00;87;Sem vítima;147,000;BR-101/ES;Decrescente;Colisão lateral em sentido contrário;2;0;0;0;0;0;0;0;0;0;2;0;0;0;0
21/11/2022;14:36:00;101;Sem vítima;255,000;BR-101/ES;Crescente;Colisão transversal;2;0;0;0;0;0;0;0;0;0;3;0;0;0;0
21/11/2022;17:16:00;120;Com vítima;269,000;BR-101/ES;Crescente;Colisão lateral no mesmo sentido;0;0;0;1;0;1;0;0;0;0;1;0;0;1;0
22/11/2022;04:32:00;9;Com vítima;440,000;BR-101/ES;Crescente;Saída de pista;0;0;1;0;0;0;0;0;0;0;0;1;0;0;0
22/11/2022;06:03:00;15;Sem vítima;286,000;BR-101/ES;Decrescente;Colisão traseira;0;0;1;0;0;2;0;0;0;0;3;0;0;0;0
22/11/2022;07:25:00;24;Sem vítima;287,000;BR-101/ES;Crescente;Colisão lateral no mesmo sentido;3;0;0;0;0;0;0;0;0;0;3;0;0;0;0
22/11/2022;07:33:00;29;Sem vítima;140,000;BR-101/ES;Decrescente;Colisão transversal;2;0;0;0;0;0;0;0;0;0;2;0;0;0;0
22/11/2022;07:38:00;31;Sem vítima;230,000;BR-101/ES;Crescente;Colisão lateral no mesmo sentido;1;0;0;1;0;0;0;0;0;0;2;0;0;0;0
22/11/2022;13:59:00;102;Sem vítima;320,800;BR-101/ES;Crescente;Choque;1;0;0;0;0;0;0;0;0;0;1;0;0;0;0
22/11/2022;14:04:00;103;Sem vítima;255,400;BR-101/ES;Crescente;Colisão traseira;1;0;1;0;0;0;0;0;0;0;3;0;0;0;0
22/11/2022;15:39:00;127;Sem vítima;289,000;BR-101/ES;Crescente;Colisão lateral no mesmo sentido;1;0;0;0;0;1;0;0;0;0;2;0;0;0;0
22/11/2022;16:41:00;139;Sem vítima;320,000;BR-101/ES;Decrescente;Acidentes de outra natureza;0;0;0;0;0;1;0;0;0;0;1;0;0;0;0
22/11/2022;16:56:00;142;Com vítima;268,000;BR-101/ES;Decrescente;Atropelamento de ciclista;0;1;0;1;0;0;0;0;0;0;0;0;1;1;0
22/11/2022;17:32:00;150;Com vítima;260,000;BR-101/ES;Crescente;Colisão traseira;1;0;0;1;0;0;0;0;0;0;3;1;0;0;0
22/11/2022;17:51:00;155;Sem vítima;147,000;BR-101/ES;Crescente;Colisão traseira;0;0;1;1;0;0;0;0;0;0;2;0;0;0;0
22/11/2022;18:49:00;161;Sem vítima;260,000;BR-101/ES;Decrescente;Colisão traseira;1;0;0;0;1;1;0;0;0;0;2;0;0;0;0
22/11/2022;21:21:00;119;Sem vítima;273,000;BR-101/ES;Decrescente;Choque;1;0;0;0;0;0;0;0;0;0;1;0;0;0;0
23/11/2022;00:10:00;2;Sem vítima;308,000;BR-101/ES;Decrescente;Colisão traseira;0;0;1;0;0;1;0;0;0;0;2;0;0;0;0
23/11/2022;01:10:00;3;Sem vítima;398,000;BR-101/ES;Crescente;Acidentes de outra natureza;0;0;0;0;0;1;0;0;0;0;1;0;0;0;0
23/11/2022;05:07:00;13;Com vítima;366,000;BR-101/ES;Crescente;Tombamento;0;0;0;0;0;1;0;0;0;0;0;1;0;0;0
23/11/2022;06:31:00;20;Sem vítima;367,000;BR-101/ES;Decrescente;Engavetamento;1;0;1;0;0;1;0;0;0;0;3;0;0;0;0
23/11/2022;06:46:00;23;Sem vítima;288,000;BR-101/ES;Decrescente;Colisão transversal;1;0;1;0;0;1;0;0;0;0;3;0;0;0;0
23/11/2022;07:12:00;29;Com vítima;141,400;BR-101/ES;Decrescente;Queda de moto;0;0;0;1;0;0;0;0;0;0;0;1;0;0;0
23/11/2022;08:40:00;47;Sem vítima;950,000;BR-101/ES;Crescente;Saída de pista;1;0;0;0;0;0;0;0;0;0;2;0;0;0;0
23/11/2022;09:30:00;62;Sem vítima;265,000;BR-101/ES;Decrescente;Acidentes de outra natureza;0;0;0;1;0;0;0;0;0;0;1;0;0;0;0
23/11/2022;12:02:00;92;Sem vítima;457,000;BR-101/ES;Decrescente;Colisão transversal;2;0;0;0;0;0;0;0;0;0;4;0;0;0;0
23/11/2022;12:30:00;96;Sem vítima;187,000;BR-101/ES;Crescente;Saída de pista;1;0;0;0;0;0;0;0;0;0;3;0;0;0;0
23/11/2022;13:44:00;104;Sem vítima;339,000;BR-101/ES;Crescente;Colisão lateral em sentido contrário;0;0;1;0;0;0;0;0;0;0;2;0;0;0;0
23/11/2022;18:36:00;157;Sem vítima;272,000;BR-101/ES;Crescente;Acidentes de outra natureza;1;0;0;0;0;0;0;0;0;0;1;0;0;0;0
24/11/2022;05:34:00;12;Sem vítima;280,400;BR-101/ES;Decrescente;Colisão lateral no mesmo sentido;1;0;1;0;0;0;0;0;0;0;2;0;0;0;0
24/11/2022;10:55:00;63;Sem vítima;357,000;BR-101/ES;Decrescente;Tombamento;0;0;0;0;0;0;0;0;0;1;1;0;0;0;0
24/11/2022;12:47:00;86;Com vítima;258,000;BR-101/ES;Decrescente;Choque;1;0;0;0;0;0;0;0;0;0;0;1;0;0;0
24/11/2022;13:05:00;88;Sem vítima;316,100;BR-101/ES;Decrescente;Choque;1;0;0;0;0;0;0;0;0;0;1;0;0;0;0
24/11/2022;14:50:00;105;Sem vítima;286,000;BR-101/ES;Crescente;Saída de pista;1;0;0;0;0;0;0;0;0;0;1;0;0;0;0
24/11/2022;14:51:00;106;Com vítima;360,200;BR-101/ES;Crescente;Colisão lateral em sentido contrário;0;0;1;0;0;0;0;0;0;1;2;1;0;0;0
24/11/2022;16:47:00;122;Sem vítima;291,000;BR-101/ES;Decrescente;Choque;1;0;0;0;0;0;0;0;0;0;1;0;0;0;0
24/11/2022;18:04:00;129;Sem vítima;119,000;BR-101/ES;Crescente;Colisão traseira;0;0;1;0;0;2;0;0;0;0;3;0;0;0;0
24/11/2022;18:17:00;132;Sem vítima;945,000;BR-101/ES;Decrescente;Colisão traseira;1;0;0;0;0;1;0;0;0;0;1;0;0;0;0
24/11/2022;20:12:00;145;Com vítima;145,000;BR-101/ES;Decrescente;Atropelamento de pedestre;0;0;0;0;0;1;0;0;0;0;0;1;0;0;0
24/11/2022;20:32:00;148;Sem vítima;323,000;BR-101/ES;Crescente;Choque;1;0;0;0;0;0;0;0;0;0;1;0;0;0;0
24/11/2022;20:49:00;150;Sem vítima;187,000;BR-101/ES;Decrescente;Saída de pista;1;0;0;0;0;0;0;0;0;0;1;0;0;0;0
25/11/2022;06:51:00;20;Com vítima;143,000;BR-101/ES;Decrescente;Atropelamento de ciclista;0;1;0;1;0;0;0;0;0;0;0;0;1;0;1
25/11/2022;06:51:00;21;Com vítima;392,000;BR-101/ES;Crescente;Colisão lateral no mesmo sentido;0;0;0;1;0;0;0;0;0;1;1;0;1;0;0
25/11/2022;07:48:00;33;Sem vítima;269,600;BR-101/ES;Decrescente;Colisão lateral no mesmo sentido;1;0;1;0;0;0;0;0;0;0;3;0;0;0;0
25/11/2022;08:36:00;40;Sem vítima;255,000;BR-101/ES;Crescente;Engavetamento;1;0;1;0;0;1;0;0;0;0;2;0;0;0;0
25/11/2022;09:21:00;49;Sem vítima;242,000;BR-101/ES;Crescente;Colisão traseira;1;0;0;0;0;1;0;0;0;0;1;0;0;0;0
25/11/2022;11:17:00;67;Sem vítima;321,000;BR-101/ES;Crescente;Engavetamento;3;0;0;0;0;0;0;0;0;0;3;0;0;0;0
25/11/2022;11:38:00;75;Com vítima;276,500;BR-101/ES;Crescente;Engavetamento;1;0;3;0;0;0;0;0;0;0;2;1;3;0;0
25/11/2022;12:06:00;79;Sem vítima;261,000;BR-101/ES;Crescente;Colisão traseira;2;0;0;0;0;0;0;0;0;0;4;0;0;0;0
25/11/2022;12:48:00;86;Sem vítima;275,000;BR-101/ES;Crescente;Colisão traseira;0;0;0;0;0;2;0;0;0;0;2;0;0;0;0
25/11/2022;13:27:00;90;Sem vítima;273,000;BR-101/ES;Decrescente;Colisão traseira;0;0;1;0;0;1;0;0;0;0;1;0;0;0;0
25/11/2022;13:40:00;93;Sem vítima;109,900;BR-101/ES;Decrescente;Colisão lateral em sentido contrário;2;0;0;0;0;0;0;0;0;0;6;0;0;0;0
25/11/2022;15:55:00;120;Sem vítima;398,900;BR-101/ES;Crescente;Engavetamento;2;0;1;0;0;0;0;0;0;0;7;0;0;0;0
25/11/2022;16:42:00;131;Sem vítima;293,000;BR-101/ES;Decrescente;Colisão lateral no mesmo sentido;1;0;0;0;0;1;0;0;0;0;1;0;0;0;0
25/11/2022;17:03:00;135;Sem vítima;270,600;BR-101/ES;Decrescente;Colisão lateral no mesmo sentido;1;0;0;0;0;1;0;0;0;0;1;0;0;0;0
25/11/2022;17:44:00;146;Sem vítima;278,000;BR-101/ES;Crescente;Choque;1;0;0;0;0;0;0;0;0;0;1;0;0;0;0
25/11/2022;18:52:00;155;Com vítima;242,900;BR-101/ES;Crescente;Atropelamento de pedestre;1;0;1;0;0;0;0;0;0;0;4;0;0;0;1
25/11/2022;20:31:00;182;Com vítima;358,000;BR-101/ES;Crescente;Saída de pista;1;0;0;0;0;0;0;0;0;0;0;2;0;0;0
25/11/2022;20:39:00;184;Sem vítima;266,000;BR-101/ES;Decrescente;Choque;1;0;0;0;0;0;0;0;0;0;2;0;0;0;0
25/11/2022;20:45:00;188;Com vítima;94,000;BR-101/ES;Crescente;Colisão transversal;0;0;1;0;0;0;0;0;0;1;1;1;0;0;0
25/11/2022;21:39:00;194;Sem vítima;338,000;BR-101/ES;Crescente;Saída de pista;0;0;1;0;0;0;0;0;0;0;1;0;0;0;0
25/11/2022;22:48:00;203;Com vítima;426,000;BR-101/ES;Crescente;Atropelamento de animal;0;0;0;0;1;0;0;0;0;0;1;0;1;0;0
25/11/2022;23:56:00;209;Sem vítima;18,000;BR-101/ES;Crescente;Carreta deu L;0;0;0;0;0;1;0;0;0;0;0;0;0;0;0
26/11/2022;01:24:00;7;Sem vítima;163,000;BR-101/ES;Decrescente;Saída de pista;1;0;0;0;0;0;0;0;0;0;1;0;0;0;0
26/11/2022;01:55:00;10;Sem vítima;143,000;BR-101/ES;Decrescente;Choque;1;0;0;0;0;0;0;0;0;0;1;0;0;0;0
26/11/2022;14:25:00;144;Sem vítima;261,000;BR-101/ES;Crescente;Saída de pista;0;0;1;0;0;0;0;0;0;0;1;0;0;0;0
26/11/2022;14:47:00;147;Sem vítima;275,000;BR-101/ES;Decrescente;Choque;1;0;0;0;0;0;0;0;0;0;1;0;0;0;0
26/11/2022;17:08:00;173;Com vítima;110,300;BR-101/ES;Crescente;Colisão traseira;0;0;0;0;0;2;0;0;0;0;1;1;0;0;0
26/11/2022;20:02:00;196;Com vítima;265,900;BR-101/ES;Decrescente;Queda de moto;0;0;0;1;0;0;0;0;0;0;0;0;1;0;0
26/11/2022;20:36:00;200;Sem vítima;263,000;BR-101/ES;Crescente;Colisão transversal;1;0;1;0;0;0;0;0;0;0;2;0;0;0;0
26/11/2022;23:15:00;215;Sem vítima;119,000;BR-101/ES;Crescente;Colisão traseira;1;0;0;0;0;1;0;0;0;0;2;0;0;0;0
27/11/2022;04:39:00;20;Com vítima;302,000;BR-101/ES;Decrescente;Choque;1;0;0;0;0;0;0;0;0;0;0;0;1;0;0
27/11/2022;11:18:00;74;Com vítima;273,000;BR-101/ES;Decrescente;Queda de moto;0;0;0;1;0;0;0;0;0;0;0;1;0;0;0
27/11/2022;13:56:00;97;Sem vítima;436,000;BR-101/ES;Decrescente;Saída de pista;1;0;0;0;0;0;0;0;0;0;1;0;0;0;0
27/11/2022;14:19:00;100;Sem vítima;27,000;BR-101/ES;Decrescente;Colisão traseira;0;0;0;0;1;1;0;0;0;0;2;0;0;0;0
27/11/2022;16:01:00;113;Sem vítima;217,800;BR-101/ES;Decrescente;Saída de pista;1;0;0;0;0;0;0;0;0;0;1;0;0;0;0
27/11/2022;16:32:00;122;Sem vítima;204,000;BR-101/ES;Decrescente;Choque;1;0;0;0;0;0;0;0;0;0;3;0;0;0;0
27/11/2022;17:12:00;129;Sem vítima;207,100;BR-101/ES;Decrescente;Choque;1;0;0;0;0;0;0;0;0;0;0;0;0;0;0
27/11/2022;17:57:00;135;Sem vítima;146,000;BR-101/ES;Crescente;Saída de pista;1;0;0;0;0;0;0;0;0;0;4;0;0;0;0
27/11/2022;18:25:00;143;Sem vítima;312,000;BR-101/ES;Decrescente;Colisão traseira;2;0;0;0;0;0;0;0;0;0;3;0;0;0;0
27/11/2022;22:18:00;166;Com vítima;338,700;BR-101/ES;Crescente;Colisão frontal;1;0;0;0;0;1;0;0;0;0;1;0;3;1;0
28/11/2022;04:54:00;20;Sem vítima;314,000;BR-101/ES;Crescente;Saída de pista;1;0;0;0;0;0;0;0;0;0;2;0;0;0;0
28/11/2022;05:54:00;32;Sem vítima;451,000;BR-101/ES;Crescente;Colisão traseira;1;0;0;0;0;1;0;0;0;0;4;0;0;0;0
28/11/2022;12:05:00;103;Com vítima;347,100;BR-101/ES;Crescente;Queda de moto;0;0;0;1;0;0;0;0;0;0;0;0;1;0;0
28/11/2022;13:12:00;112;Sem vítima;187,000;BR-101/ES;Decrescente;Colisão lateral em sentido contrário;1;0;0;0;0;1;0;0;0;0;2;0;0;0;0
28/11/2022;13:31:00;117;Sem vítima;297,000;BR-101/ES;Decrescente;Choque;1;0;0;0;0;0;0;0;0;0;1;0;0;0;0
28/11/2022;14:59:00;127;Com vítima;51,000;BR-101/ES;Decrescente;Saída de pista;1;0;0;0;0;0;0;0;0;0;0;1;0;0;0
28/11/2022;18:45:00;152;Sem vítima;337,000;BR-101/ES;Crescente;Saída de pista;1;0;0;0;0;0;0;0;0;0;2;0;0;0;0
28/11/2022;20:15:00;173;Sem vítima;42,000;BR-101/ES;Crescente;Atropelamento de animal;1;0;0;0;0;0;0;0;0;0;1;0;0;0;0
28/11/2022;20:30:00;183;Com vítima;259,000;BR-101/ES;Crescente;Capotamento;0;0;0;0;0;0;0;0;0;1;0;1;0;0;0
29/11/2022;03:56:00;22;Sem vítima;228,000;BR-101/ES;Crescente;Choque;1;0;0;0;0;0;0;0;0;0;1;0;0;0;0
29/11/2022;06:12:00;32;Com vítima;284,000;BR-101/ES;Decrescente;Colisão lateral no mesmo sentido;1;0;0;0;0;1;0;0;0;0;1;0;1;0;0
29/11/2022;06:13:00;33;Sem vítima;121,000;BR-101/ES;Crescente;Colisão lateral em sentido contrário;1;0;0;0;0;1;0;0;0;0;2;0;0;0;0
29/11/2022;07:55:00;48;Sem vítima;286,000;BR-101/ES;Crescente;Choque;1;0;0;0;0;0;0;0;0;0;1;0;0;0;0
29/11/2022;14:02:00;109;Com vítima;145,500;BR-101/ES;Crescente;Colisão traseira;0;0;1;1;0;0;0;0;0;0;1;0;1;0;0
29/11/2022;17:57:00;145;Com vítima;942,000;BR-101/ES;Decrescente;Colisão lateral no mesmo sentido;1;0;0;1;0;0;0;0;0;0;1;0;1;0;0