data;horario;n_da_ocorrencia;tipo_de_ocorrencia;km;trecho;sentido;tipo_de_acidente;automovel;bicicleta;caminhao;moto;onibus;outros;tracao_animal;transporte_de_cargas_especiais;trator_maquinas;utilitarios;ilesos;levemente_feridos;moderadamente_feridos;gravemente_feridos;mortos
29/11/2022;20:19:00;172;Sem vítima;268,000;BR-101/ES;Crescente;Colisão traseira;2;0;0;0;0;0;0;0;0;0;2;0;0;0;0
29/11/2022;20:23:00;174;Sem vítima;312,000;BR-101/ES;Crescente;Saída de pista;1;0;0;0;0;0;0;0;0;0;1;0;0;0;0
29/11/2022;20:36:00;180;Com vítima;66,600;BR-101/ES;Decrescente;Colisão traseira;1;0;1;0;0;0;0;0;0;0;2;2;1;0;0
29/11/2022;20:43:00;185;Sem vítima;266,500;BR-101/ES;Decrescente;Colisão lateral no mesmo sentido;0;0;0;0;0;1;0;0;0;1;2;0;0;0;0
30/11/2022;08:49:00;62;Sem vítima;144,600;BR-101/ES;Crescente;Colisão lateral no mesmo sentido;1;0;0;0;0;1;0;0;0;0;2;0;0;0;0
30/11/2022;11:07:00;85;Com vítima;282,000;BR-101/ES;Decrescente;Queda de moto;0;0;0;1;0;0;0;0;0;0;0;1;0;0;0
01/12/2022;00:09:00;4;Sem vítima;414,700;BR-101/ES;Decrescente;Colisão lateral no mesmo sentido;1;0;0;0;0;0;0;0;0;0;0;0;0;0;0
01/12/2022;06:18:00;39;Com vítima;298,000;BR-101/ES;Crescente;Colisão traseira;1;0;1;0;0;0;0;0;0;0;1;0;1;0;0
01/12/2022;08:36:00;77;Sem vítima;388,000;BR-101/ES;Decrescente;Tombamento;0;0;0;0;0;1;0;0;0;0;1;0;0;0;0
01/12/2022;10:54:00;107;Com vítima;270,000;BR-101/ES;Crescente;Engavetamento;1;0;0;0;0;0;0;0;0;0;1;1;0;0;0
01/12/2022;11:12:00;113;Sem vítima;369,000;BR-101/ES;Crescente;Saída de pista;1;0;0;0;0;0;0;0;0;0;3;0;0;0;0
01/12/2022;13:10:00;142;Sem vítima;146,000;BR-101/ES;Crescente;Colisão lateral no mesmo sentido;1;0;0;0;0;1;0;0;0;0;2;0;0;0;0
01/12/2022;16:35:00;184;Sem vítima;206,000;BR-101/ES;Crescente;Choque;1;0;0;0;0;0;0;0;0;0;2;0;0;0;0
01/12/2022;18:53:00;207;Sem vítima;306,000;BR-101/ES;Crescente;Choque;0;0;0;0;0;1;0;0;0;0;1;0;0;0;0
02/12/2022;04:44:00;22;Sem vítima;431,000;BR-101/ES;Decrescente;Saída de pista;1;0;0;0;0;0;0;0;0;0;1;0;0;0;0
02/12/2022;05:13:00;26;Com vítima;7,000;BR-101/ES;Crescente;Saída de pista;0;0;1;0;0;0;0;0;0;0;0;1;0;0;0
02/12/2022;06:36:00;38;Com vítima;265,000;BR-101/ES;Decrescente;Colisão lateral no mesmo sentido;0;0;0;1;0;1;0;0;0;0;0;0;1;0;0
02/12/2022;07:24:00;43;Com vítima;433,000;BR-101/ES;Decrescente;Saída de pista;1;0;0;0;0;0;0;0;0;0;0;3;0;0;0
02/12/2022;08:23:00;56;Com vítima;279,000;BR-101/ES;Decrescente;Colisão traseira;2;0;1;0;0;0;0;0;0;0;2;0;1;0;0
02/12/2022;09:53:00;74;Com vítima;294,000;BR-101/ES;Decrescente;Queda de moto;0;0;0;1;0;0;0;0;0;0;0;1;0;0;0
02/12/2022;09:59:00;76;Sem vítima;264,500;BR-101/ES;Crescente;Colisão lateral no mesmo sentido;0;0;1;0;1;0;0;0;0;0;2;0;0;0;0
02/12/2022;10:22:00;79;Com vítima;13,000;BR-101/ES;Crescente;Queda de moto;0;0;0;1;0;0;0;0;0;0;0;0;2;0;0
02/12/2022;11:10:00;88;Sem vítima;273,000;BR-101/ES;Crescente;Choque;0;0;0;0;0;0;0;0;0;1;1;0;0;0;0
02/12/2022;14:26:00;118;Com vítima;25,000;BR-101/ES;Decrescente;Capotamento;1;0;0;0;0;0;0;0;0;0;0;1;1;0;0
02/12/2022;14:38:00;121;Sem vítima;284,000;BR-101/ES;Decrescente;Saída de pista;1;0;0;0;0;0;0;0;0;0;1;0;0;0;0
02/12/2022;16:41:00;148;Sem vítima;281,000;BR-101/ES;Crescente;Colisão traseira;1;0;0;0;0;0;0;0;0;0;1;0;0;0;0
02/12/2022;20:56:00;218;Sem vítima;305,000;BR-101/ES;Crescente;Choque;1;0;0;0;0;0;0;0;0;0;1;0;0;0;0
02/12/2022;22:03:00;237;Sem vítima;68,600;BR-101/ES;Decrescente;Saída de pista;1;0;0;0;0;0;0;0;0;0;1;0;0;0;0
02/12/2022;23:31:00;252;Sem vítima;281,000;BR-101/ES;Crescente;Saída de pista;1;0;0;0;0;0;0;0;0;0;1;0;0;0;0
03/12/2022;00:42:00;7;Sem vítima;263,000;BR-101/ES;Crescente;Colisão traseira;1;0;0;0;0;0;0;0;0;0;1;0;0;0;0
03/12/2022;07:50:00;47;Sem vítima;63,300;BR-101/ES;Decrescente;Saída de pista;1;0;0;0;0;0;0;0;0;0;1;0;0;0;0
03/12/2022;12:00:00;91;Sem vítima;335,000;BR-101/ES;Crescente;Choque;1;0;0;0;0;0;0;0;0;0;1;0;0;0;0
03/12/2022;14:20:00;117;Sem vítima;255,900;BR-101/ES;Crescente;Saída de pista;1;0;0;0;0;0;0;0;0;0;1;0;0;0;0
03/12/2022;14:37:00;120;Sem vítima;286,000;BR-101/ES;Decrescente;Saída de pista;1;0;0;0;0;0;0;0;0;0;1;0;0;0;0
03/12/2022;15:00:00;128;Sem vítima;251,000;BR-101/ES;Decrescente;Choque;1;0;0;0;0;0;0;0;0;0;1;0;0;0;0
03/12/2022;15:28:00;131;Com vítima;18,700;BR-101/ES;Crescente;Tombamento;0;0;0;0;0;1;0;0;0;0;0;1;0;0;0
03/12/2022;17:07:00;153;Sem vítima;233,000;BR-101/ES;Decrescente;Choque;1;0;0;0;0;0;0;0;0;0;4;0;0;0;0
03/12/2022;17:58:00;159;Sem vítima;249,500;BR-101/ES;Decrescente;Colisão frontal;2;0;0;0;0;0;0;0;0;0;4;0;0;0;0
03/12/2022;19:15:00;178;Com vítima;237,000;BR-101/ES;Crescente;Colisão transversal;2;0;1;0;0;0;0;0;0;0;1;1;1;1;0
04/12/2022;10:25:00;80;Sem vítima;63,300;BR-101/ES;Decrescente;Saída de pista;1;0;0;0;0;0;0;0;0;0;1;0;0;0;0
04/12/2022;15:03:00;113;Sem vítima;219,000;BR-101/ES;Decrescente;Queda de moto;0;0;0;1;0;0;0;0;0;0;1;0;0;0;0
04/12/2022;16:45:00;132;Com vítima;137,200;BR-101/ES;Decrescente;Colisão traseira;2;0;0;0;0;0;0;0;0;0;2;1;0;0;0
04/12/2022;16:58:00;135;Com vítima;233,000;BR-101/ES;Decrescente;Engavetamento;3;0;0;0;0;0;0;0;0;0;7;0;1;0;0
04/12/2022;20:05:00;173;Sem vítima;234,000;BR-101/ES;Decrescente;Acidentes de outra natureza;1;0;0;0;0;0;0;0;0;0;1;0;0;0;0
05/12/2022;08:12:00;58;Sem vítima;282,000;BR-101/ES;Crescente;Choque;0;0;1;0;0;0;0;0;0;0;2;0;0;0;0
05/12/2022;08:13:00;59;Com vítima;144,000;BR-101/ES;Decrescente;Colisão lateral no mesmo sentido;0;0;0;2;0;0;0;0;0;0;1;1;0;0;0
05/12/2022;15:46:00;159;Sem vítima;292,800;BR-101/ES;Crescente;Engavetamento;3;0;0;0;0;0;0;0;0;0;3;0;0;0;0
05/12/2022;19:47:00;188;Com vítima;293,000;BR-101/ES;Crescente;Queda de moto;0;0;0;1;0;0;0;0;0;0;0;0;1;0;0
05/12/2022;20:03:00;192;Sem vítima;269,000;BR-101/ES;Decrescente;Colisão traseira;1;0;0;0;0;0;0;0;0;0;1;0;0;0;0
05/12/2022;21:07:00;199;Com vítima;287,000;BR-101/ES;Decrescente;Queda de moto;0;0;0;1;0;0;0;0;0;0;0;0;0;1;0
06/12/2022;07:46:00;36;Com vítima;291,000;BR-101/ES;Crescente;Atropelamento de pedestre;0;0;0;1;0;0;0;0;0;0;0;1;0;1;0
06/12/2022;07:57:00;39;Com vítima;435,000;BR-101/ES;Crescente;Saída de pista;1;0;0;0;0;0;0;0;0;0;0;0;2;0;0
06/12/2022;11:53:00;73;Sem vítima;385,700;BR-101/ES;Decrescente;Tombamento;0;0;0;0;0;1;0;0;0;0;1;0;0;0;0
06/12/2022;16:44:00;114;Com vítima;283,000;BR-101/ES;Decrescente;Colisão lateral em sentido contrário;0;0;0;1;0;1;0;0;0;0;1;0;1;0;0
06/12/2022;17:27:00;123;Com vítima;141,000;BR-101/ES;Crescente;Colisão transversal;2;0;0;0;0;0;0;0;0;0;1;1;0;0;0
06/12/2022;22:11:00;178;Com vítima;263,000;BR-101/ES;Decrescente;Queda de moto;0;0;0;1;0;0;0;0;0;0;1;1;0;0;0
07/12/2022;09:51:00;70;Com vítima;268,500;BR-101/ES;Crescente;Atropelamento de pedestre;0;0;0;1;0;0;0;0;0;0;0;0;2;0;0
07/12/2022;16:37:00;131;Com vítima;223,550;BR-101/ES;Decrescente;Colisão lateral em sentido contrário;0;0;2;0;0;0;0;0;0;0;1;0;1;0;0
07/12/2022;17:50:00;137;Sem vítima;298,000;BR-101/ES;Crescente;Colisão traseira;2;0;1;0;0;0;0;0;0;0;3;0;0;0;0
07/12/2022;19:24:00;153;Sem vítima;230,000;BR-101/ES;Decrescente;Colisão traseira;2;0;0;0;0;0;0;0;0;0;0;0;0;0;0
07/12/2022;19:35:00;159;Com vítima;112,500;BR-101/ES;Crescente;Colisão lateral em sentido contrário;1;0;0;0;0;0;0;0;0;1;16;1;0;0;0
07/12/2022;19:41:00;161;Sem vítima;405,000;BR-101/ES;Crescente;Choque;0;0;0;0;0;1;0;0;0;0;1;0;0;0;0
07/12/2022;22:21:00;189;Sem vítima;244,900;BR-101/ES;Crescente;Saída de pista;0;0;1;0;0;0;0;0;0;0;1;0;0;0;0
08/12/2022;06:06:00;24;Com vítima;145,000;BR-101/ES;Crescente;Colisão transversal;0;0;1;1;0;0;0;0;0;0;1;0;1;0;0
08/12/2022;06:11:00;25;Sem vítima;342,000;BR-101/ES;Crescente;Tombamento;1;0;0;0;0;0;0;0;0;0;1;0;0;0;0
08/12/2022;08:23:00;50;Sem vítima;29,600;BR-101/ES;Decrescente;Choque;1;0;0;0;0;0;0;0;0;0;1;0;0;0;0
08/12/2022;10:45:00;88;Com vítima;65,000;BR-101/ES;Crescente;Atropelamento de ciclista;0;1;0;0;0;1;0;0;0;0;0;0;0;1;0
08/12/2022;12:21:00;110;Sem vítima;221,000;BR-101/ES;Crescente;Colisão traseira;2;0;0;0;0;0;0;0;0;0;3;0;0;0;0
08/12/2022;12:44:00;115;Sem vítima;266,300;BR-101/ES;Decrescente;Colisão traseira;1;0;1;0;0;0;0;0;0;0;2;0;0;0;0
08/12/2022;14:20:00;129;Sem vítima;144,000;BR-101/ES;Decrescente;Colisão lateral no mesmo sentido;1;0;0;0;0;1;0;0;0;0;2;0;0;0;0
08/12/2022;16:27:00;149;Sem vítima;270,100;BR-101/ES;Decrescente;Colisão traseira;1;0;0;0;0;1;0;0;0;0;1;0;0;0;0
08/12/2022;17:24:00;157;Sem vítima;0,800;BR-101/ES;Crescente;Colisão traseira;1;0;0;0;1;0;0;0;0;0;3;0;0;0;0
08/12/2022;19:37:00;174;Sem vítima;234,000;BR-101/ES;Decrescente;Choque;0;0;0;0;0;0;0;0;0;1;1;0;0;0;0
09/12/2022;06:37:00;30;Sem vítima;372,500;BR-101/ES;Decrescente;Colisão transversal;0;0;1;0;0;1;0;0;0;0;2;0;0;0;0
09/12/2022;10:34:00;85;Sem vítima;271,000;BR-101/ES;Crescente;Colisão lateral no mesmo sentido;1;0;0;1;0;0;0;0;0;0;2;0;0;0;0
09/12/2022;11:28:00;98;Sem vítima;294,000;BR-101/ES;Decrescente;Colisão traseira;1;0;1;0;0;0;0;0;0;0;2;0;0;0;0
09/12/2022;15:24:00;138;Sem vítima;167,000;BR-101/ES;Decrescente;Saída de pista;1;0;0;0;0;0;0;0;0;0;0;0;0;0;0
09/12/2022;16:20:00;155;Sem vítima;60,000;BR-101/ES;Crescente;Colisão lateral no mesmo sentido;1;0;0;0;0;1;0;0;0;0;4;0;0;0;0
09/12/2022;16:41:00;161;Sem vítima;251,000;BR-101/ES;Crescente;Colisão traseira;1;0;0;0;0;0;0;0;0;0;1;0;0;0;0
09/12/2022;17:28:00;169;Sem vítima;271,000;BR-101/ES;Crescente;Colisão traseira;1;0;0;0;1;0;0;0;0;0;2;0;0;0;0
09/12/2022;18:37:00;186;Com vítima;217,000;BR-101/ES;Decrescente;Colisão lateral no mesmo sentido;0;0;1;1;0;0;0;0;0;0;1;0;0;1;0
09/12/2022;19:04:00;191;Com vítima;36,000;BR-101/ES;Crescente;Colisão traseira;1;0;0;1;0;0;0;0;0;0;1;0;1;0;0
09/12/2022;21:01:00;204;Sem vítima;137,000;BR-101/ES;Decrescente;Saída de pista;0;0;0;0;0;0;0;0;0;1;2;0;0;0;0
10/12/2022;00:40:00;5;Com vítima;148,000;BR-101/ES;Decrescente;Colisão transversal;0;0;0;1;0;0;0;0;0;1;2;0;0;0;1
10/12/2022;07:14:00;42;Com vítima;267,900;BR-101/ES;Decrescente;Colisão transversal;1;0;0;1;0;0;0;0;0;0;1;1;0;0;0
10/12/2022;08:49:00;60;Com vítima;68,000;BR-101/ES;Decrescente;Queda de moto;0;0;0;1;0;0;0;0;0;0;0;0;1;0;0
10/12/2022;09:55:00;71;Sem vítima;942,000;BR-101/ES;Crescente;Atropelamento de animal;0;0;0;0;0;0;0;0;0;1;1;0;0;0;0
10/12/2022;13:26:00;118;Com vítima;336,500;BR-101/ES;Decrescente;Colisão lateral no mesmo sentido;1;0;0;1;0;0;0;0;0;0;1;1;0;0;0
10/12/2022;13:28:00;119;Com vítima;68,000;BR-101/ES;Decrescente;Colisão transversal;2;0;0;0;0;0;0;0;0;0;2;1;0;0;0
10/12/2022;14:07:00;123;Sem vítima;247,000;BR-101/ES;Crescente;Colisão lateral no mesmo sentido;2;0;0;0;0;0;0;0;0;0;6;0;0;0;0
10/12/2022;14:26:00;125;Com vítima;139,600;BR-101/ES;Crescente;Colisão lateral no mesmo sentido;2;0;0;0;0;0;0;0;0;0;1;0;2;1;0
10/12/2022;14:50:00;131;Sem vítima;290,000;BR-101/ES;Crescente;Colisão traseira;2;0;0;0;0;0;0;0;0;0;2;0;0;0;0
10/12/2022;15:28:00;140;Sem vítima;171,800;BR-101/ES;Crescente;Colisão traseira;1;0;0;0;0;0;0;0;0;0;1;0;0;0;0
10/12/2022;15:28:00;141;Sem vítima;264,000;BR-101/ES;Decrescente;Colisão traseira;2;0;0;0;0;0;0;0;0;0;2;0;0;0;0
10/12/2022;16:00:00;146;Com vítima;149,040;BR-101/ES;Crescente;Colisão lateral no mesmo sentido;1;0;0;1;0;0;0;0;0;0;4;2;0;0;0
10/12/2022;16:48:00;160;Sem vítima;286,000;BR-101/ES;Decrescente;Capotamento;1;0;0;0;0;0;0;0;0;0;2;0;0;0;0
10/12/2022;17:46:00;177;Sem vítima;286,000;BR-101/ES;Decrescente;Choque;0;0;0;0;0;1;0;0;0;0;1;0;0;0;0
10/12/2022;18:26:00;187;Sem vítima;296,000;BR-101/ES;Decrescente;Acidentes de outra natureza;1;0;0;0;0;0;0;0;0;0;2;0;0;0;0
10/12/2022;18:49:00;192;Sem vítima;286,000;BR-101/ES;Decrescente;Choque;1;0;0;0;0;0;0;0;0;0;4;0;0;0;0
10/12/2022;19:56:00;205;Com vítima;141,000;BR-101/ES;Crescente;Queda de moto;0;0;0;1;0;0;0;0;0;0;0;0;1;0;0
10/12/2022;20:16:00;209;Com vítima;214,000;BR-101/ES;Decrescente;Atropelamento de ciclista;0;1;0;0;0;0;0;0;0;1;3;0;1;0;0
10/12/2022;20:33:00;214;Com vítima;66,200;BR-101/ES;Crescente;Atropelamento de pedestre;0;0;0;1;0;0;0;0;0;0;0;0;1;0;1
11/12/2022;11:20:00;78;Com vítima;247,000;BR-101/ES;Crescente;Colisão lateral no mesmo sentido;1;0;0;1;0;0;0;0;0;0;1;0;1;0;0
11/12/2022;13:18:00;97;Sem vítima;116,700;BR-101/ES;Crescente;Colisão traseira;2;0;0;0;0;0;0;0;0;0;6;0;0;0;0
11/12/2022;13:33:00;99;Com vítima;268,000;BR-101/ES;Crescente;Colisão lateral no mesmo sentido;1;0;0;1;0;0;0;0;0;0;1;0;1;0;0
11/12/2022;17:26:00;144;Com vítima;370,500;BR-101/ES;Decrescente;Colisão transversal;1;0;1;0;0;0;0;0;0;0;1;0;0;1;1
11/12/2022;23:39:00;214;Com vítima;293,000;BR-101/ES;Decrescente;Choque;0;0;0;1;0;0;0;0;0;0;0;0;1;0;0
12/12/2022;01:21:00;7;Sem vítima;343,000;BR-101/ES;Crescente;Capotamento;1;0;0;0;0;0;0;0;0;0;1;0;0;0;0
12/12/2022;06:26:00;39;Com vítima;148,000;BR-101/ES;Decrescente;Colisão transversal;1;0;0;1;0;0;0;0;0;0;1;0;1;0;0
12/12/2022;06:45:00;42;Com vítima;274,100;BR-101/ES;Crescente;Queda de moto;0;0;0;1;0;0;0;0;0;0;0;0;1;0;0
12/12/2022;10:11:00;93;Sem vítima;262,000;BR-101/ES;Decrescente;Colisão lateral em sentido contrário;0;0;0;0;0;1;0;0;0;0;0;0;0;0;0
12/12/2022;10:32:00;96;Sem vítima;254,600;BR-101/ES;Crescente;Engavetamento;3;0;1;0;0;1;0;0;0;1;6;0;0;0;0
12/12/2022;15:36:00;172;Sem vítima;272,500;BR-101/ES;Decrescente;Queda de moto;0;0;0;1;0;0;0;0;0;0;1;0;0;0;0
12/12/2022;17:21:00;191;Com vítima;436,100;BR-101/ES;Crescente;Saída de pista;0;0;1;0;0;0;0;0;0;0;0;0;1;0;0
12/12/2022;19:17:00;211;Com vítima;176,000;BR-101/ES;Crescente;Colisão frontal;0;0;1;1;0;0;0;0;0;0;2;0;0;0;1
13/12/2022;05:41:00;17;Sem vítima;248,000;BR-101/ES;Crescente;Colisão traseira;2;0;0;0;0;0;0;0;0;0;5;0;0;0;0
13/12/2022;09:13:00;72;Com vítima;148,000;BR-101/ES;Crescente;Engavetamento;2;0;0;0;0;0;0;0;0;1;3;1;0;0;0
13/12/2022;10:49:00;85;Sem vítima;433,000;BR-101/ES;Crescente;Saída de pista;0;0;0;0;0;1;0;0;0;0;1;0;0;0;0
13/12/2022;11:49:00;102;Sem vítima;297,000;BR-101/ES;Crescente;Colisão lateral em sentido contrário;1;0;0;1;0;1;0;0;0;0;4;0;0;0;0
13/12/2022;13:15:00;114;Com vítima;284,000;BR-101/ES;Crescente;Queda de moto;0;0;0;1;0;0;0;0;0;0;0;1;0;0;0
13/12/2022;14:46:00;124;Sem vítima;218,000;BR-101/ES;Decrescente;Colisão lateral no mesmo sentido;1;0;2;0;0;0;0;0;0;0;3;0;0;0;0
13/12/2022;14:48:00;125;Sem vítima;139,000;BR-101/ES;Crescente;Colisão transversal;2;0;0;0;0;0;0;0;0;0;2;0;0;0;0
13/12/2022;16:52:00;145;Sem vítima;285,000;BR-101/ES;Crescente;Colisão lateral em sentido contrário;0;0;0;2;0;0;0;0;0;0;2;0;0;0;0
13/12/2022;16:55:00;146;Com vítima;265,000;BR-101/ES;Crescente;Queda de moto;0;0;0;1;0;0;0;0;0;0;0;1;0;0;0
13/12/2022;19:14:00;164;Com vítima;263,000;BR-101/ES;Decrescente;Choque;0;0;0;1;0;0;0;0;0;0;0;0;0;1;0
13/12/2022;20:06:00;174;Sem vítima;347,100;BR-101/ES;Crescente;Saída de pista;1;0;0;0;0;0;0;0;0;0;3;0;0;0;0
14/12/2022;00:06:00;2;Com vítima;266,000;BR-101/ES;Crescente;Colisão transversal;0;0;1;1;0;0;0;0;0;0;0;0;1;1;0
14/12/2022;06:38:00;23;Sem vítima;283,000;BR-101/ES;Decrescente;Desatrelamento;0;0;0;0;0;1;0;0;0;0;1;0;0;0;0
14/12/2022;08:57:00;62;Com vítima;260,000;BR-101/ES;Decrescente;Colisão traseira;1;0;0;1;0;0;0;0;0;0;1;1;0;0;0
14/12/2022;09:35:00;66;Sem vítima;295,000;BR-101/ES;Decrescente;Engavetamento;1;0;1;0;0;1;0;0;0;0;5;0;0;0;0
14/12/2022;15:01:00;126;Sem vítima;302,200;BR-101/ES;Decrescente;Saída de pista;0;0;0;0;0;1;0;0;0;0;1;0;0;0;0
14/12/2022;15:31:00;135;Sem vítima;67,400;BR-101/ES;Crescente;Colisão lateral no mesmo sentido;1;0;0;0;0;1;0;0;0;0;2;0;0;0;0
14/12/2022;17:03:00;149;Sem vítima;382,700;BR-101/ES;Decrescente;Colisão traseira;1;0;0;0;0;0;0;0;0;0;1;0;0;0;0
14/12/2022;18:45:00;169;Com vítima;216,000;BR-101/ES;Decrescente;Colisão traseira;1;0;0;0;0;2;0;0;0;0;2;0;1;0;0
15/12/2022;00:38:00;5;Com vítima;269,000;BR-101/ES;Crescente;Queda de moto;0;0;0;1;0;0;0;0;0;0;0;2;0;0;0
15/12/2022;06:42:00;23;Com vítima;265,500;BR-101/ES;Crescente;Colisão traseira;0;0;0;0;2;0;0;0;0;0;2;4;1;0;0
15/12/2022;08:35:00;48;Sem vítima;158,000;BR-101/ES;Decrescente;Colisão traseira;0;0;0;0;0;2;0;0;0;0;1;0;0;0;0
15/12/2022;12:08:00;90;Sem vítima;268,800;BR-101/ES;Decrescente;Engavetamento;1;0;0;0;1;1;0;0;0;0;2;0;0;0;0
15/12/2022;13:08:00;99;Sem vítima;220,300;BR-101/ES;Decrescente;Engavetamento;2;0;1;0;0;0;0;0;0;0;6;0;0;0;0
15/12/2022;13:41:00;106;Com vítima;267,800;BR-101/ES;Crescente;Atropelamento de ciclista;1;1;0;0;0;0;0;0;0;0;1;0;1;0;0
15/12/2022;14:25:00;117;Sem vítima;320,800;BR-101/ES;Crescente;Choque;1;0;0;0;0;0;0;0;0;0;1;0;0;0;0
15/12/2022;14:59:00;124;Sem vítima;135,000;BR-101/ES;Decrescente;Colisão lateral em sentido contrário;1;0;0;0;0;0;0;0;0;1;2;0;0;0;0
16/12/2022;04:47:00;27;Sem vítima;458,200;BR-101/ES;Crescente;Tombamento;0;0;0;0;0;1;0;0;0;0;2;0;0;0;0
16/12/2022;08:03:00;54;Com vítima;149,000;BR-101/ES;Decrescente;Colisão transversal;1;0;0;1;0;0;0;0;0;0;1;1;0;0;0
16/12/2022;10:37:00;98;Sem vítima;455,000;BR-101/ES;Decrescente;Colisão traseira;0;0;0;0;0;2;0;0;0;0;1;0;0;0;0
16/12/2022;11:35:00;109;Sem vítima;289,000;BR-101/ES;Crescente;Colisão traseira;1;0;0;0;0;0;0;0;0;1;2;0;0;0;0
16/12/2022;13:10:00;125;Com vítima;260,000;BR-101/ES;Decrescente;Colisão traseira;0;0;1;1;0;0;0;0;0;0;2;0;1;0;0
16/12/2022;14:55:00;136;Sem vítima;261,500;BR-101/ES;Crescente;Colisão transversal;1;0;0;0;0;1;0;0;0;0;1;0;0;0;0
16/12/2022;16:15:00;151;Sem vítima;403,000;BR-101/ES;Decrescente;Colisão traseira;0;0;0;0;0;2;0;0;0;0;1;0;0;0;0
16/12/2022;18:21:00;179;Com vítima;264,000;BR-101/ES;Decrescente;Colisão traseira;1;0;0;1;0;0;0;0;0;0;1;1;0;0;0
16/12/2022;19:54:00;195;Com vítima;174,500;BR-101/ES;Crescente;Colisão transversal;1;1;0;0;0;0;0;0;0;0;1;1;0;0;0
16/12/2022;22:54:00;234;Sem vítima;289,000;BR-101/ES;Crescente;Colisão traseira;2;0;0;0;0;0;0;0;0;0;5;0;0;0;0
17/12/2022;06:07:00;34;Com vítima;11,700;BR-101/ES;Crescente;Tombamento;0;0;0;0;0;1;0;0;0;0;0;1;0;0;0
17/12/2022;06:11:00;35;Sem vítima;428,000;BR-101/ES;Crescente;Saída de pista;1;0;0;0;0;0;0;0;0;0;2;0;0;0;0
17/12/2022;06:55:00;37;Com vítima;70,000;BR-101/ES;Decrescente;Colisão traseira;2;0;0;0;0;0;0;0;0;0;4;2;0;0;0
17/12/2022;10:35:00;78;Sem vítima;270,000;BR-101/ES;Decrescente;Colisão lateral no mesmo sentido;1;0;1;0;0;0;0;0;0;0;2;0;0;0;0
17/12/2022;11:24:00;89;Sem vítima;69,500;BR-101/ES;Crescente;Colisão transversal;2;0;0;0;0;0;0;0;0;0;3;0;0;0;0
17/12/2022;16:38:00;160;Com vítima;407,000;BR-101/ES;Crescente;Saída de pista;1;0;0;0;0;0;0;0;0;0;0;3;1;0;0
17/12/2022;17:11:00;165;Sem vítima;17,000;BR-101/ES;Decrescente;Choque;0;0;0;0;0;1;0;0;0;0;1;0;0;0;0
17/12/2022;17:40:00;171;Sem vítima;164,000;BR-101/ES;Decrescente;Saída de pista;1;0;0;0;0;0;0;0;0;0;1;0;0;0;0
17/12/2022;21:54:00;206;Sem vítima;193,000;BR-101/ES;Decrescente;Saída de pista;0;0;0;0;0;0;0;0;0;1;1;0;0;0;0
17/12/2022;22:32:00;211;Sem vítima;330,000;BR-101/ES;Decrescente;Choque;1;0;0;0;0;0;0;0;0;0;3;0;0;0;0
17/12/2022;23:31:00;218;Sem vítima;233,000;BR-101/ES;Decrescente;Saída de pista;1;0;0;0;0;0;0;0;0;0;1;0;0;0;0
18/12/2022;00:16:00;2;Sem vítima;260,000;BR-101/ES;Decrescente;Saída de pista;1;0;0;0;0;0;0;0;0;0;1;0;0;0;0
18/12/2022;00:35:00;5;Sem vítima;297,000;BR-101/ES;Crescente;Choque;0;0;0;0;0;0;0;0;0;1;1;0;0;0;0
18/12/2022;11:56:00;71;Sem vítima;242,000;BR-101/ES;Crescente;Choque;1;0;0;0;0;0;0;0;0;0;0;0;0;0;0
18/12/2022;15:42:00;96;Sem vítima;408,000;BR-101/ES;Decrescente;Saída de pista;1;0;0;0;0;0;0;0;0;0;2;0;0;0;0
18/12/2022;15:49:00;100;Com vítima;268,000;BR-101/ES;Crescente;Colisão traseira;2;0;0;0;0;0;0;0;0;0;4;1;0;0;0
18/12/2022;16:39:00;110;Com vítima;2,900;BR-101/ES;Crescente;Capotamento;0;0;0;0;0;0;0;0;0;1;0;1;0;1;0
18/12/2022;17:34:00;121;Sem vítima;210,800;BR-101/ES;Decrescente;Colisão traseira;2;0;0;0;0;0;0;0;0;0;4;0;0;0;0
18/12/2022;19:23:00;137;Sem vítima;213,000;BR-101/ES;Crescente;Colisão traseira;2;0;0;0;0;0;0;0;0;0;4;0;0;0;0
18/12/2022;21:29:00;151;Com vítima;343,800;BR-101/ES;Crescente;Colisão lateral em sentido contrário;1;0;0;0;0;1;0;0;0;0;0;1;0;0;0
18/12/2022;22:17:00;156;Sem vítima;297,000;BR-101/ES;Decrescente;Choque;1;0;0;0;0;0;0;0;0;0;1;0;0;0;0
19/12/2022;03:34:00;14;Com vítima;138,500;BR-101/ES;Crescente;Queda de moto;0;0;0;1;0;0;0;0;0;0;0;2;0;0;0
19/12/2022;05:30:00;21;Sem vítima;71,500;BR-101/ES;Crescente;Choque;1;0;0;0;0;0;0;0;0;0;2;0;0;0;0
19/12/2022;05:39:00;22;Com vítima;71,500;BR-101/ES;Crescente;Choque;1;0;0;0;0;0;0;0;0;0;1;1;0;0;0
19/12/2022;08:47:00;51;Com vítima;288,100;BR-101/ES;Decrescente;Colisão transversal;0;0;1;0;1;0;0;0;0;0;1;0;3;2;0