data;horario;n_da_ocorrencia;tipo_de_ocorrencia;km;trecho;sentido;tipo_de_acidente;automovel;bicicleta;caminhao;moto;onibus;outros;tracao_animal;transporte_de_cargas_especiais;trator_maquinas;utilitarios;ilesos;levemente_feridos;moderadamente_feridos;gravemente_feridos;mortos
04/01/2023;14:35:00;132;Sem vítima;246,000;BR-101/ES;Decrescente;Choque;0;0;1;0;0;0;0;0;0;0;1;0;0;0;0
04/01/2023;15:27:00;141;Com vítima;946,500;BR-101/ES;Decrescente;Colisão traseira;1;0;1;0;0;0;0;0;0;0;2;0;1;0;0
04/01/2023;17:10:00;157;Sem vítima;249,000;BR-101/ES;Decrescente;Colisão lateral no mesmo sentido;1;0;0;0;0;1;0;0;0;0;2;0;0;0;0
04/01/2023;17:32:00;165;Sem vítima;256,000;BR-101/ES;Crescente;Colisão lateral no mesmo sentido;2;0;0;0;0;0;0;0;0;0;5;0;0;0;0
04/01/2023;17:50:00;171;Sem vítima;66,900;BR-101/ES;Decrescente;Colisão traseira;2;0;0;0;0;0;0;0;0;0;7;0;0;0;0
04/01/2023;19:11:00;189;Com vítima;125,000;BR-101/ES;Crescente;Colisão transversal;1;1;0;0;0;0;0;0;0;0;1;1;0;0;0
04/01/2023;19:41:00;197;Sem vítima;262,100;BR-101/ES;Decrescente;Engavetamento;3;0;0;0;0;0;0;0;0;0;5;0;0;0;0
04/01/2023;19:49:00;198;Sem vítima;37,600;BR-101/ES;Decrescente;Colisão transversal;2;0;0;0;0;0;0;0;0;0;5;0;0;0;0
04/01/2023;20:00:00;199;Sem vítima;273,000;BR-101/ES;Crescente;Colisão traseira;2;0;0;0;0;0;0;0;0;0;2;0;0;0;0
05/01/2023;06:11:00;27;Com vítima;295,000;BR-101/ES;Crescente;Colisão frontal;1;0;0;0;0;0;0;0;0;0;2;0;1;0;0
05/01/2023;08:44:00;67;Sem vítima;0,800;BR-101/ES;Crescente;Choque;0;0;0;0;0;0;0;0;0;1;1;0;0;0;0
05/01/2023;09:29:00;72;Sem vítima;242,000;BR-101/ES;Crescente;Colisão traseira;2;0;0;0;0;0;0;0;0;0;7;0;0;0;0
05/01/2023;09:39:00;76;Sem vítima;56,400;BR-101/ES;Decrescente;Colisão transversal;1;0;1;0;0;0;0;0;0;0;3;0;0;0;0
05/01/2023;09:56:00;82;Com vítima;258,500;BR-101/ES;Crescente;Atropelamento de pedestre;1;0;0;0;0;0;0;0;0;0;1;0;1;0;0
05/01/2023;15:02:00;130;Sem vítima;156,000;BR-101/ES;Crescente;Saída de pista;1;0;0;0;0;0;0;0;0;0;4;0;0;0;0
05/01/2023;15:16:00;134;Com vítima;67,000;BR-101/ES;Decrescente;Colisão traseira;1;0;0;1;0;0;0;0;0;0;1;0;1;0;0
05/01/2023;17:04:00;159;Sem vítima;279,000;BR-101/ES;Decrescente;Colisão traseira;1;0;0;1;0;0;0;0;0;0;3;0;0;0;0
05/01/2023;18:31:00;177;Sem vítima;265,000;BR-101/ES;Decrescente;Colisão transversal;2;0;0;0;0;0;0;0;0;0;2;0;0;0;0
05/01/2023;18:54:00;180;Sem vítima;332,000;BR-101/ES;Decrescente;Choque;1;0;0;0;0;0;0;0;0;0;1;0;0;0;0
05/01/2023;20:01:00;192;Com vítima;123,000;BR-101/ES;Crescente;Queda de bicicleta;0;1;0;0;0;0;0;0;0;0;0;1;0;0;0
05/01/2023;23:20:00;209;Sem vítima;340,000;BR-101/ES;Decrescente;Choque;0;0;0;0;0;1;0;0;0;0;2;0;0;0;0
06/01/2023;05:52:00;22;Sem vítima;120,200;BR-101/ES;Crescente;Colisão traseira;2;0;0;0;0;0;0;0;0;0;8;0;0;0;0
06/01/2023;09:20:00;74;Sem vítima;266,000;BR-101/ES;Crescente;Colisão traseira;2;0;0;0;0;0;0;0;0;0;1;0;0;0;0
06/01/2023;09:29:00;76;Com vítima;267,000;BR-101/ES;Crescente;Colisão lateral no mesmo sentido;2;0;0;1;0;0;0;0;0;0;5;1;0;0;0
06/01/2023;09:31:00;77;Sem vítima;408,000;BR-101/ES;Crescente;Colisão traseira;1;0;0;0;0;1;0;0;0;0;2;0;0;0;0
06/01/2023;10:15:00;89;Sem vítima;267,900;BR-101/ES;Crescente;Colisão traseira;2;0;0;0;0;0;0;0;0;0;2;0;0;0;0
06/01/2023;14:06:00;132;Sem vítima;41,000;BR-101/ES;Crescente;Colisão traseira;1;0;0;1;0;0;0;0;0;0;2;0;0;0;0
06/01/2023;14:40:00;145;Sem vítima;265,500;BR-101/ES;Crescente;Colisão traseira;1;0;1;0;0;0;0;0;0;0;3;0;0;0;0
06/01/2023;14:47:00;148;Com vítima;323,000;BR-101/ES;Decrescente;Choque;1;0;0;0;0;0;0;0;0;0;1;1;0;0;0
06/01/2023;17:47:00;199;Com vítima;66,300;BR-101/ES;Crescente;Atropelamento de animal;0;0;0;1;0;0;0;0;0;0;0;1;0;0;0
06/01/2023;18:46:00;207;Sem vítima;287,000;BR-101/ES;Decrescente;Atropelamento de animal;2;0;0;0;0;0;0;0;0;0;2;0;0;0;0
06/01/2023;19:10:00;213;Sem vítima;402,000;BR-101/ES;Decrescente;Colisão traseira;0;0;0;0;1;1;0;0;0;1;4;0;0;0;0
07/01/2023;02:52:00;9;Com vítima;293,600;BR-101/ES;Decrescente;Choque;1;0;0;0;0;0;0;0;0;0;0;1;2;0;0
07/01/2023;05:42:00;19;Sem vítima;257,000;BR-101/ES;Crescente;Choque;1;0;0;0;0;0;0;0;0;0;2;0;0;0;0
07/01/2023;07:03:00;35;Com vítima;67,500;BR-101/ES;Decrescente;Colisão transversal;1;0;0;1;0;0;0;0;0;0;1;1;0;0;0
07/01/2023;07:35:00;36;Sem vítima;249,000;BR-101/ES;Decrescente;Colisão traseira;2;0;0;0;0;0;0;0;0;0;3;0;0;0;0
07/01/2023;08:24:00;41;Sem vítima;249,000;BR-101/ES;Decrescente;Colisão lateral no mesmo sentido;1;0;0;0;0;1;0;0;0;0;1;0;0;0;0
07/01/2023;10:12:00;67;Sem vítima;270,000;BR-101/ES;Crescente;Colisão traseira;2;0;0;0;0;0;0;0;0;0;2;0;0;0;0
07/01/2023;16:27:00;138;Sem vítima;297,000;BR-101/ES;Crescente;Engavetamento;2;0;0;0;0;1;0;0;0;0;2;0;0;0;0
07/01/2023;17:38:00;151;Sem vítima;260,000;BR-101/ES;Decrescente;Colisão lateral em sentido contrário;3;0;0;0;0;0;0;0;0;0;5;0;0;0;0
07/01/2023;20:16:00;172;Sem vítima;431,000;BR-101/ES;Crescente;Saída de pista;1;0;0;0;0;0;0;0;0;0;1;0;0;0;0
07/01/2023;21:29:00;180;Com vítima;144,900;BR-101/ES;Crescente;Colisão traseira;1;0;0;1;0;0;0;0;0;0;4;0;1;0;0
07/01/2023;21:33:00;181;Com vítima;302,000;BR-101/ES;Decrescente;Colisão lateral no mesmo sentido;2;0;0;0;0;0;0;0;0;0;2;1;0;0;0
07/01/2023;23:02:00;196;Sem vítima;16,000;BR-101/ES;Crescente;Acidentes de outra natureza;0;0;0;0;0;0;0;0;0;1;1;0;0;0;0
08/01/2023;02:19:00;5;Sem vítima;412,000;BR-101/ES;Crescente;Saída de pista;1;0;0;0;0;0;0;0;0;0;1;0;0;0;0
08/01/2023;02:49:00;6;Com vítima;165,700;BR-101/ES;Decrescente;Queda de moto;0;0;0;1;0;0;0;0;0;0;0;0;0;1;0
08/01/2023;03:51:00;13;Com vítima;184,000;BR-101/ES;Crescente;Queda de moto;0;0;0;1;0;0;0;0;0;0;0;1;0;0;0
08/01/2023;06:58:00;25;Sem vítima;283,200;BR-101/ES;Crescente;Choque;1;0;0;0;0;0;0;0;0;0;1;0;0;0;0
08/01/2023;07:44:00;27;Sem vítima;226,000;BR-101/ES;Crescente;Choque;0;0;1;0;0;0;0;0;0;0;1;0;0;0;0
08/01/2023;09:46:00;42;Sem vítima;392,000;BR-101/ES;Decrescente;Colisão traseira;1;0;0;0;0;0;0;0;0;0;1;0;0;0;0
08/01/2023;11:02:00;53;Sem vítima;254,000;BR-101/ES;Crescente;Colisão traseira;1;0;0;0;0;1;0;0;0;0;4;0;0;0;0
08/01/2023;13:16:00;78;Sem vítima;289,700;BR-101/ES;Crescente;Acidentes de outra natureza;1;0;0;0;0;0;0;0;0;0;3;0;0;0;0
08/01/2023;13:38:00;81;Sem vítima;43,000;BR-101/ES;Decrescente;Choque;1;0;0;0;0;0;0;0;0;0;2;0;0;0;0
08/01/2023;13:55:00;80;Sem vítima;258,300;BR-101/ES;Decrescente;Atropelamento de animal;0;0;1;0;0;0;0;0;0;0;1;0;0;0;0
08/01/2023;14:52:00;89;Com vítima;290,900;BR-101/ES;Decrescente;Colisão frontal;2;0;0;0;0;0;0;0;0;0;1;0;1;0;0
08/01/2023;15:44:00;100;Com vítima;310,000;BR-101/ES;Crescente;Colisão traseira;1;0;0;1;0;0;0;0;0;0;1;1;1;0;0
08/01/2023;16:20:00;108;Sem vítima;282,000;BR-101/ES;Decrescente;Acidentes de outra natureza;1;0;0;0;0;0;0;0;0;0;2;0;0;0;0
08/01/2023;17:00:00;117;Sem vítima;359,900;BR-101/ES;Crescente;Choque;1;0;0;0;0;0;0;0;0;0;1;0;0;0;0
08/01/2023;18:19:00;139;Com vítima;249,900;BR-101/ES;Crescente;Colisão traseira;2;0;0;1;0;0;0;0;0;0;2;0;1;0;0
08/01/2023;19:38:00;155;Com vítima;122,000;BR-101/ES;Crescente;Choque;1;0;0;0;0;0;0;0;0;0;1;1;0;0;0
08/01/2023;19:55:00;161;Sem vítima;348,000;BR-101/ES;Decrescente;Colisão lateral em sentido contrário;1;0;0;0;0;1;0;0;0;0;2;0;0;0;0
08/01/2023;21:30:00;179;Sem vítima;121,100;BR-101/ES;Decrescente;Saída de pista;1;0;0;0;0;0;0;0;0;0;1;0;0;0;0
08/01/2023;21:52:00;184;Com vítima;171,000;BR-101/ES;Crescente;Colisão traseira;0;0;0;2;0;0;0;0;0;0;2;2;0;0;0
08/01/2023;23:22:00;203;Com vítima;53,200;BR-101/ES;Crescente;Queda de moto;0;0;0;1;0;0;0;0;0;0;0;1;0;0;0
09/01/2023;02:50:00;16;Sem vítima;12,000;BR-101/ES;Decrescente;Queda de moto;0;0;0;1;0;0;0;0;0;0;1;0;0;0;0
09/01/2023;06:51:00;29;Sem vítima;320,000;BR-101/ES;Decrescente;Choque;0;0;0;0;0;1;0;0;0;0;1;0;0;0;0
09/01/2023;07:41:00;39;Com vítima;294,000;BR-101/ES;Crescente;Colisão traseira;0;0;0;1;1;0;0;0;0;0;1;0;1;0;0
09/01/2023;08:00:00;46;Sem vítima;43,400;BR-101/ES;Crescente;Colisão traseira;1;0;0;0;0;0;0;0;0;1;6;0;0;0;0
09/01/2023;08:16:00;52;Sem vítima;267,000;BR-101/ES;Decrescente;Queda de moto;0;0;0;1;0;0;0;0;0;0;1;0;0;0;0
09/01/2023;09:13:00;65;Sem vítima;143,700;BR-101/ES;Decrescente;Choque;1;0;0;0;0;0;0;0;0;0;1;0;0;0;0
09/01/2023;13:45:00;135;Sem vítima;270,700;BR-101/ES;Crescente;Colisão lateral no mesmo sentido;1;0;0;0;0;1;0;0;0;0;1;0;0;0;0
09/01/2023;14:16:00;139;Com vítima;257,000;BR-101/ES;Crescente;Colisão transversal;0;0;0;1;0;1;0;0;0;0;0;0;1;0;0
09/01/2023;15:30:00;153;Com vítima;290,800;BR-101/ES;Crescente;Queda de moto;0;0;0;1;0;0;0;0;0;0;1;0;1;0;0
09/01/2023;19:40:00;198;Sem vítima;213,000;BR-101/ES;Crescente;Colisão traseira;0;0;1;0;1;0;0;0;0;0;1;0;0;0;0
10/01/2023;03:54:00;11;Com vítima;407,900;BR-101/ES;Crescente;Tombamento;0;0;0;0;0;1;0;0;0;0;0;0;1;0;0
10/01/2023;08:45:00;73;Sem vítima;80,000;BR-101/ES;Decrescente;Colisão traseira;1;0;0;0;0;0;0;0;0;1;3;0;0;0;0
10/01/2023;10:34:00;97;Sem vítima;320,800;BR-101/ES;Decrescente;Colisão traseira;1;0;1;0;0;0;0;0;0;0;6;0;0;0;0
10/01/2023;11:42:00;112;Com vítima;363,100;BR-101/ES;Crescente;Colisão frontal;3;0;0;0;0;0;0;0;0;0;6;3;1;0;1
10/01/2023;13:02:00;130;Com vítima;275,000;BR-101/ES;Decrescente;Queda de moto;0;0;0;1;0;0;0;0;0;0;1;0;1;0;0
10/01/2023;13:50:00;135;Com vítima;259,000;BR-101/ES;Decrescente;Queda de moto;0;0;0;1;0;0;0;0;0;0;1;0;1;0;0
10/01/2023;14:11:00;139;Sem vítima;360,000;BR-101/ES;Crescente;Colisão traseira;1;0;0;0;0;0;0;0;0;0;1;0;0;0;0
10/01/2023;17:23:00;177;Sem vítima;248,000;BR-101/ES;Decrescente;Colisão lateral no mesmo sentido;1;0;0;0;1;0;0;0;0;0;5;0;0;0;0
10/01/2023;18:04:00;186;Sem vítima;264,800;BR-101/ES;Decrescente;Queda de moto;0;0;0;1;0;0;0;0;0;0;1;0;0;0;0
10/01/2023;22:50:00;212;Sem vítima;357,100;BR-101/ES;Crescente;Atropelamento de animal;1;0;0;0;0;0;0;0;0;0;1;0;0;0;0
11/01/2023;05:55:00;24;Sem vítima;266,400;BR-101/ES;Decrescente;Colisão lateral no mesmo sentido;2;0;0;0;0;0;0;0;0;1;5;0;0;0;0
11/01/2023;09:34:00;74;Sem vítima;452,000;BR-101/ES;Decrescente;Colisão traseira;0;0;1;0;0;0;0;0;0;1;1;0;0;0;0
11/01/2023;10:37:00;90;Com vítima;304,000;BR-101/ES;Crescente;Queda de moto;0;0;0;1;0;0;0;0;0;0;0;0;1;0;0
11/01/2023;11:51:00;103;Com vítima;68,000;BR-101/ES;Crescente;Engavetamento;1;0;1;0;0;1;0;0;0;0;6;2;0;0;0
11/01/2023;13:21:00;113;Sem vítima;304,000;BR-101/ES;Crescente;Colisão lateral no mesmo sentido;1;0;1;0;0;0;0;0;0;0;5;0;0;0;0
11/01/2023;14:50:00;129;Sem vítima;398,900;BR-101/ES;Decrescente;Colisão lateral no mesmo sentido;1;0;0;0;0;1;0;0;0;0;3;0;0;0;0
11/01/2023;14:52:00;131;Sem vítima;262,000;BR-101/ES;Crescente;Engavetamento;3;0;0;0;0;0;0;0;0;0;4;0;0;0;0
11/01/2023;18:50:00;168;Sem vítima;254,000;BR-101/ES;Crescente;Colisão traseira;0;0;0;0;0;0;0;0;0;2;2;0;0;0;0
12/01/2023;00:13:00;1;Sem vítima;458,900;BR-101/ES;Crescente;Colisão traseira;0;0;1;0;0;0;0;0;0;1;2;0;0;0;0
12/01/2023;00:28:00;2;Sem vítima;266,400;BR-101/ES;Decrescente;Colisão transversal;1;0;0;0;0;1;0;0;0;0;2;0;0;0;0
12/01/2023;08:32:00;44;Com vítima;266,600;BR-101/ES;Crescente;Colisão lateral no mesmo sentido;0;0;1;1;0;0;0;0;0;0;1;0;1;0;0
12/01/2023;11:18:00;70;Sem vítima;67,700;BR-101/ES;Decrescente;Colisão lateral em sentido contrário;1;0;0;0;0;1;0;0;0;0;2;0;0;0;0
12/01/2023;12:31:00;78;Sem vítima;363,000;BR-101/ES;Decrescente;Capotamento;1;0;0;0;0;0;0;0;0;0;1;0;0;0;0
12/01/2023;13:28:00;83;Sem vítima;453,000;BR-101/ES;Crescente;Saída de pista;0;0;1;0;0;0;0;0;0;0;1;0;0;0;0
12/01/2023;17:47:00;128;Sem vítima;207,000;BR-101/ES;Crescente;Choque;1;0;0;0;0;0;0;0;0;0;3;0;0;0;0
12/01/2023;19:18:00;143;Com vítima;141,500;BR-101/ES;Crescente;Colisão traseira;0;0;1;1;0;0;0;0;0;0;1;0;0;1;0
12/01/2023;19:53:00;155;Com vítima;280,100;BR-101/ES;Decrescente;Choque;0;0;0;1;0;0;0;0;0;0;0;0;0;0;1
13/01/2023;01:06:00;4;Sem vítima;452,000;BR-101/ES;Decrescente;Atropelamento de animal;1;0;0;0;0;0;0;0;0;0;1;0;0;0;0
13/01/2023;01:56:00;7;Sem vítima;247,000;BR-101/ES;Decrescente;Saída de pista;1;0;0;0;0;0;0;0;0;0;1;0;0;0;0
13/01/2023;06:57:00;29;Com vítima;291,000;BR-101/ES;Crescente;Colisão traseira;0;0;0;1;0;1;0;0;0;0;2;0;1;0;0
13/01/2023;07:10:00;33;Com vítima;260,700;BR-101/ES;Crescente;Capotamento;1;0;0;0;0;1;0;0;0;0;0;0;1;0;0
13/01/2023;07:36:00;45;Sem vítima;134,000;BR-101/ES;Decrescente;Queda de moto;0;0;0;1;0;0;0;0;0;0;2;0;0;0;0
13/01/2023;07:40:00;46;Com vítima;280,000;BR-101/ES;Decrescente;Colisão lateral no mesmo sentido;0;0;1;1;0;0;0;0;0;0;1;0;0;0;1
13/01/2023;08:16:00;53;Com vítima;435,500;BR-101/ES;Crescente;Colisão lateral no mesmo sentido;1;0;1;0;0;1;0;0;0;0;2;1;0;4;0
13/01/2023;11:40:00;86;Com vítima;222,000;BR-101/ES;Decrescente;Colisão lateral em sentido contrário;1;0;0;0;0;2;0;0;0;0;2;2;0;0;0
13/01/2023;12:21:00;97;Sem vítima;398,000;BR-101/ES;Decrescente;Choque;1;0;0;0;0;0;0;0;0;0;1;0;0;0;0
13/01/2023;13:10:00;112;Sem vítima;270,800;BR-101/ES;Crescente;Colisão lateral no mesmo sentido;1;0;0;0;0;0;0;0;0;0;1;0;0;0;0
13/01/2023;13:57:00;122;Com vítima;186,000;BR-101/ES;Decrescente;Saída de pista;0;0;0;1;0;0;0;0;0;0;0;0;1;0;0
13/01/2023;15:59:00;145;Sem vítima;293,500;BR-101/ES;Decrescente;Colisão transversal;1;0;0;0;0;1;0;0;0;0;2;0;0;0;0
13/01/2023;16:31:00;151;Com vítima;283,500;BR-101/ES;Decrescente;Colisão traseira;1;0;0;1;0;0;0;0;0;0;1;0;1;1;0
13/01/2023;17:31:00;162;Sem vítima;242,000;BR-101/ES;Decrescente;Choque;0;0;0;0;0;0;0;0;0;1;1;0;0;0;0
13/01/2023;18:35:00;170;Com vítima;262,000;BR-101/ES;Decrescente;Atropelamento de ciclista;0;1;0;0;0;0;0;0;0;0;0;0;0;0;1
13/01/2023;19:46:00;183;Com vítima;291,000;BR-101/ES;Decrescente;Colisão lateral no mesmo sentido;1;0;0;0;0;1;0;0;0;0;2;1;0;0;0
13/01/2023;22:17:00;205;Sem vítima;452,000;BR-101/ES;Decrescente;Choque;1;0;0;0;0;0;0;0;0;0;0;0;0;0;0
14/01/2023;03:28:00;18;Sem vítima;264,000;BR-101/ES;Crescente;Colisão lateral em sentido contrário;2;0;0;0;0;0;0;0;0;0;0;0;0;0;0
14/01/2023;04:20:00;23;Sem vítima;335,000;BR-101/ES;Decrescente;Choque;0;0;0;0;0;0;0;0;0;1;1;0;0;0;0
14/01/2023;05:31:00;30;Sem vítima;255,000;BR-101/ES;Decrescente;Colisão transversal;1;0;1;0;0;0;0;0;0;0;2;0;0;0;0
14/01/2023;10:47:00;99;Sem vítima;0,800;BR-101/ES;Decrescente;Colisão lateral no mesmo sentido;1;0;0;0;0;1;0;0;0;0;5;0;0;0;0
14/01/2023;11:33:00;110;Com vítima;349,200;BR-101/ES;Crescente;Saída de pista;0;0;1;0;0;0;0;0;0;0;0;0;1;0;1
14/01/2023;11:38:00;112;Sem vítima;139,900;BR-101/ES;Crescente;Colisão traseira;2;0;0;0;0;0;0;0;0;0;3;0;0;0;0
14/01/2023;13:24:00;136;Sem vítima;6,000;Contorno de Iconha/ES;Crescente;Colisão lateral no mesmo sentido;1;0;0;0;0;0;0;0;0;0;1;0;0;0;0
14/01/2023;16:13:00;170;Com vítima;208,000;BR-101/ES;Crescente;Colisão transversal;1;0;0;0;0;1;0;0;0;0;1;0;0;1;0
14/01/2023;16:26:00;175;Com vítima;286,000;BR-101/ES;Crescente;Choque;1;0;0;0;0;0;0;0;0;0;1;0;1;0;0
14/01/2023;17:56:00;190;Sem vítima;142,000;BR-101/ES;Crescente;Queda de moto;0;0;0;1;0;0;0;0;0;0;1;0;0;0;0
14/01/2023;17:56:00;191;Com vítima;288,500;BR-101/ES;Decrescente;Colisão traseira;0;0;1;1;0;0;0;0;0;0;1;1;0;0;0
14/01/2023;19:30:00;205;Com vítima;289,000;BR-101/ES;Crescente;Colisão traseira;3;0;0;0;0;0;0;0;0;0;3;0;1;0;0
14/01/2023;20:30:00;211;Sem vítima;358,000;BR-101/ES;Decrescente;Choque;1;0;0;0;0;0;0;0;0;0;2;0;0;0;0
14/01/2023;23:20:00;224;Com vítima;144,500;BR-101/ES;Crescente;Queda de moto;0;0;0;1;0;0;0;0;0;0;0;0;1;0;0
15/01/2023;01:48:00;9;Com vítima;337,000;BR-101/ES;Crescente;Atropelamento de pedestre;0;0;0;0;0;1;0;0;0;0;0;0;1;0;0
15/01/2023;02:13:00;10;Sem vítima;94,000;BR-101/ES;Decrescente;Saída de pista;1;0;0;0;0;0;0;0;0;0;2;0;0;0;0
15/01/2023;02:48:00;12;Com vítima;127,600;BR-101/ES;Decrescente;Colisão traseira;1;0;0;0;0;1;0;0;0;0;2;1;0;0;0
15/01/2023;05:11:00;17;Sem vítima;260,200;BR-101/ES;Crescente;Saída de pista;1;0;0;0;0;0;0;0;0;0;1;0;0;0;0
15/01/2023;06:14:00;24;Com vítima;119,100;BR-101/ES;Crescente;Colisão frontal;1;0;0;0;0;1;0;0;0;0;1;0;0;0;6
15/01/2023;07:02:00;26;Sem vítima;69,000;BR-101/ES;Decrescente;Colisão lateral em sentido contrário;1;0;0;0;0;1;0;0;0;0;4;0;0;0;0
15/01/2023;12:31:00;68;Sem vítima;259,000;BR-101/ES;Crescente;Colisão traseira;1;0;0;0;1;0;0;0;0;0;1;0;0;0;0
15/01/2023;14:07:00;82;Com vítima;211,000;BR-101/ES;Crescente;Colisão transversal;1;0;0;1;0;0;0;0;0;0;1;0;1;0;0
15/01/2023;14:19:00;88;Com vítima;179,000;BR-101/ES;Decrescente;Colisão frontal;2;0;1;0;0;0;0;0;0;0;5;3;0;0;0
15/01/2023;14:58:00;98;Com vítima;126,700;BR-101/ES;Crescente;Colisão traseira;2;0;0;0;0;0;0;0;0;0;4;1;0;0;0
15/01/2023;15:56:00;111;Sem vítima;204,000;BR-101/ES;Crescente;Colisão traseira;2;0;0;0;0;0;0;0;0;0;7;0;0;0;0
15/01/2023;17:53:00;142;Sem vítima;319,000;BR-101/ES;Decrescente;Saída de pista;1;0;0;0;0;0;0;0;0;0;4;0;0;0;0
15/01/2023;19:15:00;169;Sem vítima;87,000;BR-101/ES;Decrescente;Atropelamento de animal;1;0;0;0;0;0;0;0;0;0;4;0;0;0;0
15/01/2023;22:05:00;205;Sem vítima;175,500;BR-101/ES;Crescente;Colisão traseira;2;0;0;0;0;0;0;0;0;0;5;0;0;0;0
16/01/2023;07:53:00;44;Com vítima;388,000;BR-101/ES;Decrescente;Tombamento;0;0;1;0;0;0;0;0;0;0;0;0;1;0;0
16/01/2023;07:53:00;45;Com vítima;41,000;BR-101/ES;Crescente;Colisão lateral no mesmo sentido;1;0;0;0;0;1;0;0;0;1;2;0;1;0;0
16/01/2023;12:15:00;97;Sem vítima;270,000;BR-101/ES;Decrescente;Colisão lateral no mesmo sentido;1;0;0;0;0;1;0;0;0;0;2;0;0;0;0
16/01/2023;14:33:00;129;Sem vítima;336,000;BR-101/ES;Decrescente;Engavetamento;2;0;0;0;1;0;0;0;0;0;3;0;0;0;0
16/01/2023;17:24:00;166;Com vítima;297,000;BR-101/ES;Decrescente;Colisão traseira;0;0;0;1;0;0;0;0;0;1;1;1;0;0;0
16/01/2023;18:30:00;176;Com vítima;90,000;BR-101/ES;Decrescente;Colisão transversal;0;0;1;1;0;0;0;0;0;0;0;0;1;0;0
16/01/2023;19:50:00;186;Sem vítima;288,000;BR-101/ES;Decrescente;Colisão traseira;1;0;0;0;0;1;0;0;0;0;2;0;0;0;0
17/01/2023;06:14:00;19;Com vítima;125,900;BR-101/ES;Crescente;Colisão transversal;1;1;0;0;0;1;0;0;0;0;2;0;1;0;0
17/01/2023;17:46:00;158;Sem vítima;398,900;BR-101/ES;Crescente;Colisão traseira;1;0;0;0;0;0;0;0;0;0;1;0;0;0;0
17/01/2023;18:31:00;166;Sem vítima;264,000;BR-101/ES;Crescente;Colisão traseira;1;0;0;0;0;1;0;0;0;0;1;0;0;0;0
17/01/2023;19:28:00;175;Sem vítima;60,000;BR-101/ES;Decrescente;Colisão transversal;2;0;0;0;0;0;0;0;0;0;4;0;0;0;0
17/01/2023;20:19:00;182;Sem vítima;269,000;BR-101/ES;Crescente;Colisão traseira;2;0;0;0;0;0;0;0;0;0;2;0;0;0;0
17/01/2023;23:19:00;201;Sem vítima;337,000;BR-101/ES;Crescente;Colisão traseira;1;0;0;0;0;1;0;0;0;0;5;0;0;0;0
18/01/2023;01:55:00;5;Com vítima;33,000;BR-101/ES;Decrescente;Atropelamento de animal;0;0;1;0;0;0;0;0;0;0;0;0;1;0;0
18/01/2023;07:05:00;40;Com vítima;271,050;BR-101/ES;Decrescente;Colisão traseira;0;0;1;1;0;0;0;0;0;0;1;0;1;0;0
18/01/2023;07:10:00;45;Sem vítima;292,000;BR-101/ES;Decrescente;Colisão traseira;1;0;1;0;0;0;0;0;0;0;2;0;0;0;0
18/01/2023;07:29:00;54;Sem vítima;217,000;BR-101/ES;Crescente;Choque;1;0;0;0;0;0;0;0;0;0;2;0;0;0;0
18/01/2023;09:15:00;89;Sem vítima;82,000;BR-101/ES;Decrescente;Engavetamento;3;0;0;0;0;0;0;0;0;0;7;0;0;0;0
18/01/2023;15:16:00;136;Sem vítima;447,000;BR-101/ES;Crescente;Colisão lateral no mesmo sentido;1;0;0;0;0;1;0;0;0;0;2;0;0;0;0
18/01/2023;18:18:00;171;Com vítima;289,000;BR-101/ES;Crescente;Colisão transversal;1;0;0;1;0;0;0;0;0;0;1;0;1;0;0
18/01/2023;18:33:00;177;Com vítima;298,000;BR-101/ES;Decrescente;Colisão lateral no mesmo sentido;0;0;1;0;1;0;0;0;0;0;1;1;0;0;0
18/01/2023;21:25:00;210;Sem vítima;452,000;BR-101/ES;Crescente;Choque;1;0;0;0;0;0;0;0;0;0;1;0;0;0;0
18/01/2023;22:41:00;217;Sem vítima;291,000;BR-101/ES;Crescente;Choque;0;0;1;0;0;0;0;0;0;0;1;0;0;0;0
19/01/2023;06:03:00;18;Sem vítima;255,000;BR-101/ES;Crescente;Engavetamento;3;0;2;0;1;0;0;0;0;0;6;0;0;0;0
19/01/2023;07:23:00;26;Com vítima;293,500;BR-101/ES;Crescente;Colisão lateral no mesmo sentido;0;0;0;1;0;1;0;0;0;0;0;0;1;0;0
19/01/2023;07:56:00;35;Sem vítima;266,000;BR-101/ES;Decrescente;Colisão traseira;1;0;1;0;0;0;0;0;0;0;2;0;0;0;0
19/01/2023;08:14:00;46;Com vítima;160,000;BR-101/ES;Decrescente;Colisão frontal;2;0;0;0;0;0;0;0;0;0;0;2;0;0;0
19/01/2023;08:45:00;60;Com vítima;405,000;BR-101/ES;Crescente;Colisão lateral em sentido contrário;1;0;0;1;0;0;0;0;0;0;1;0;1;0;0
19/01/2023;09:40:00;72;Com vítima;270,700;BR-101/ES;Decrescente;Queda de moto;0;0;0;1;0;0;0;0;0;0;0;1;0;0;0
19/01/2023;09:47:00;74;Sem vítima;41,000;BR-101/ES;Decrescente;Colisão traseira;2;0;0;0;0;0;0;0;0;0;2;0;0;0;0