data;horario;n_da_ocorrencia;tipo_de_ocorrencia;km;trecho;sentido;tipo_de_acidente;automovel;bicicleta;caminhao;moto;onibus;outros;tracao_animal;transporte_de_cargas_especiais;trator_maquinas;utilitarios;ilesos;levemente_feridos;moderadamente_feridos;gravemente_feridos;mortos
19/01/2023;10:21:00;80;Com vítima;358,000;BR-101/ES;Decrescente;Colisão lateral no mesmo sentido;1;0;1;0;0;0;0;0;0;0;0;3;0;0;0
19/01/2023;11:51:00;96;Sem vítima;355,000;BR-101/ES;Decrescente;Choque;1;0;0;0;0;0;0;0;0;0;0;0;0;0;0
19/01/2023;13:42:00;110;Sem vítima;390,000;BR-101/ES;Crescente;Colisão traseira;0;0;1;0;0;1;0;0;0;0;2;0;0;0;0
19/01/2023;15:07:00;127;Sem vítima;328,400;BR-101/ES;Decrescente;Saída de pista;1;0;0;0;0;0;0;0;0;0;3;0;0;0;0
19/01/2023;20:14:00;197;Com vítima;249,000;BR-101/ES;Crescente;Colisão frontal;1;0;0;0;0;1;0;0;0;0;2;1;0;1;0
19/01/2023;20:44:00;201;Sem vítima;277,000;BR-101/ES;Crescente;Saída de pista;1;0;0;0;0;0;0;0;0;0;4;0;0;0;0
19/01/2023;20:53:00;202;Sem vítima;368,500;BR-101/ES;Crescente;Choque;0;0;0;0;0;1;0;0;0;0;1;0;0;0;0
19/01/2023;22:23:00;208;Com vítima;65,200;BR-101/ES;Decrescente;Colisão transversal;1;0;0;0;0;1;0;0;0;0;1;1;0;0;0
20/01/2023;04:19:00;15;Sem vítima;223,000;BR-101/ES;Decrescente;Choque;0;0;1;0;0;0;0;0;0;0;1;0;0;0;0
20/01/2023;08:10:00;57;Sem vítima;279,500;BR-101/ES;Crescente;Saída de pista;1;0;0;0;0;0;0;0;0;0;1;0;0;0;0
20/01/2023;11:29:00;99;Sem vítima;303,000;BR-101/ES;Crescente;Colisão lateral no mesmo sentido;1;0;1;0;0;1;0;0;0;0;4;0;0;0;0
20/01/2023;13:35:00;119;Sem vítima;256,000;BR-101/ES;Crescente;Choque;1;0;0;0;0;0;0;0;0;0;1;0;0;0;0
20/01/2023;13:43:00;122;Sem vítima;345,000;BR-101/ES;Crescente;Choque;1;0;0;0;0;0;0;0;0;0;2;0;0;0;0
20/01/2023;15:19:00;140;Sem vítima;204,500;BR-101/ES;Decrescente;Saída de pista;0;0;1;0;0;0;0;0;0;0;2;0;0;0;0
20/01/2023;15:20:00;141;Sem vítima;71,800;BR-101/ES;Decrescente;Colisão traseira;1;0;0;1;0;0;0;0;0;0;2;0;0;0;0
20/01/2023;16:34:00;165;Sem vítima;316,000;BR-101/ES;Decrescente;Choque;1;0;0;0;0;0;0;0;0;0;5;0;0;0;0
20/01/2023;17:07:00;174;Com vítima;295,000;BR-101/ES;Decrescente;Colisão traseira;0;0;2;1;0;0;0;0;0;0;2;0;2;0;0
20/01/2023;17:29:00;183;Sem vítima;315,100;BR-101/ES;Decrescente;Choque;1;0;0;0;0;0;0;0;0;0;1;0;0;0;0
20/01/2023;17:34:00;185;Sem vítima;439,000;BR-101/ES;Crescente;Saída de pista;1;0;0;0;0;0;0;0;0;0;1;0;0;0;0
20/01/2023;17:34:00;186;Sem vítima;228,500;BR-101/ES;Crescente;Tombamento;0;0;0;0;0;1;0;0;0;0;1;0;0;0;0
20/01/2023;18:34:00;197;Com vítima;400,000;BR-101/ES;Crescente;Queda de moto;0;0;0;1;1;0;0;0;0;0;1;1;0;0;0
20/01/2023;19:06:00;201;Com vítima;40,000;BR-101/ES;Crescente;Queda de moto;0;0;0;1;0;0;0;0;0;0;0;1;0;0;0
20/01/2023;19:34:00;208;Sem vítima;381,500;BR-101/ES;Decrescente;Saída de pista;1;0;0;0;0;0;0;0;0;0;1;0;0;0;0
20/01/2023;20:42:00;218;Sem vítima;414,000;BR-101/ES;Crescente;Saída de pista;1;0;0;0;0;0;0;0;0;0;1;0;0;0;0
20/01/2023;21:19:00;224;Com vítima;232,000;BR-101/ES;Crescente;Colisão lateral em sentido contrário;0;0;0;1;0;0;0;0;0;1;3;0;1;0;0
20/01/2023;21:28:00;228;Sem vítima;3,300;Contorno de Iconha/ES;Crescente;Choque;1;0;0;0;0;0;0;0;0;0;3;0;0;0;0
21/01/2023;00:05:00;2;Sem vítima;156,000;BR-101/ES;Crescente;Colisão traseira;1;0;1;0;0;0;0;0;0;0;2;0;0;0;0
21/01/2023;00:21:00;5;Sem vítima;256,000;BR-101/ES;Crescente;Atropelamento de animal;0;0;0;1;0;0;0;0;0;0;1;0;0;0;0
21/01/2023;04:18:00;22;Com vítima;91,500;BR-101/ES;Decrescente;Atropelamento de ciclista;0;1;0;0;0;1;0;0;0;0;0;1;0;0;0
21/01/2023;04:58:00;27;Com vítima;272,000;BR-101/ES;Crescente;Atropelamento de animal;0;0;0;1;0;0;0;0;0;0;0;0;1;0;0
21/01/2023;08:44:00;59;Com vítima;203,700;BR-101/ES;Crescente;Colisão frontal;1;0;0;0;0;0;0;0;0;0;2;1;0;0;0
21/01/2023;10:33:00;74;Com vítima;48,700;BR-101/ES;Decrescente;Saída de pista;1;0;0;0;0;0;0;0;0;0;0;0;2;0;0
21/01/2023;12:16:00;96;Sem vítima;102,000;BR-101/ES;Crescente;Tombamento;0;0;0;0;0;1;0;0;0;0;1;0;0;0;0
21/01/2023;12:20:00;98;Com vítima;71,100;BR-101/ES;Crescente;Colisão traseira;2;0;1;0;0;0;0;0;0;0;2;1;0;0;0
21/01/2023;12:31:00;100;Sem vítima;229,300;BR-101/ES;Decrescente;Colisão lateral no mesmo sentido;1;0;0;0;0;0;0;0;0;0;4;0;0;0;0
21/01/2023;14:09:00;115;Sem vítima;265,800;BR-101/ES;Crescente;Colisão traseira;2;0;0;0;0;0;0;0;0;0;2;0;0;0;0
21/01/2023;14:58:00;124;Com vítima;29,300;BR-101/ES;Decrescente;Saída de pista;1;0;0;0;0;0;0;0;0;0;0;1;0;0;0
21/01/2023;15:26:00;127;Sem vítima;398,900;BR-101/ES;Decrescente;Choque;1;0;0;0;0;0;0;0;0;0;1;0;0;0;0
21/01/2023;15:31:00;130;Sem vítima;223,400;BR-101/ES;Crescente;Colisão traseira;2;0;0;0;0;0;0;0;0;0;6;0;0;0;0
21/01/2023;15:37:00;131;Com vítima;269,000;BR-101/ES;Crescente;Queda de moto;0;0;0;1;0;0;0;0;0;0;0;0;0;1;0
21/01/2023;15:47:00;132;Com vítima;224,200;BR-101/ES;Crescente;Colisão traseira;1;0;0;1;0;0;0;0;0;0;2;1;0;0;0
21/01/2023;16:41:00;142;Sem vítima;283,000;BR-101/ES;Decrescente;Saída de pista;1;0;0;0;0;0;0;0;0;0;4;0;0;0;0
21/01/2023;19:45:00;175;Com vítima;147,000;BR-101/ES;Crescente;Colisão transversal;2;0;0;0;0;0;0;0;0;0;1;2;0;0;0
21/01/2023;23:17:00;194;Sem vítima;269,000;BR-101/ES;Decrescente;Atropelamento de pedestre;1;0;0;0;0;0;0;0;0;0;2;0;0;0;0
22/01/2023;04:35:00;13;Com vítima;283,000;BR-101/ES;Decrescente;Colisão traseira;1;0;0;1;0;0;0;0;0;0;1;0;0;1;0
22/01/2023;06:23:00;22;Sem vítima;278,000;BR-101/ES;Decrescente;Capotamento;1;0;0;0;0;0;0;0;0;0;1;0;0;0;0
22/01/2023;09:32:00;62;Com vítima;257,000;BR-101/ES;Crescente;Queda de moto;0;0;0;1;0;0;0;0;0;0;1;0;1;0;0
22/01/2023;13:38:00;98;Sem vítima;296,000;BR-101/ES;Decrescente;Colisão lateral no mesmo sentido;1;0;1;0;0;0;0;0;0;0;4;0;0;0;0
22/01/2023;14:09:00;103;Com vítima;315,800;BR-101/ES;Decrescente;Tombamento;0;0;0;0;0;1;0;0;0;0;0;1;0;0;0
22/01/2023;15:28:00;118;Sem vítima;420,000;BR-101/ES;Decrescente;Colisão transversal;2;0;0;0;0;0;0;0;0;0;4;0;0;0;0
22/01/2023;15:55:00;124;Com vítima;372,000;BR-101/ES;Decrescente;Queda de moto;0;0;0;1;0;0;0;0;0;0;0;1;0;0;0
22/01/2023;16:03:00;126;Com vítima;43,000;BR-101/ES;Decrescente;Colisão traseira;2;0;0;0;0;0;0;0;0;0;3;2;0;0;0
22/01/2023;16:07:00;127;Sem vítima;314,100;BR-101/ES;Decrescente;Choque;1;0;0;0;0;0;0;0;0;0;1;0;0;0;0
22/01/2023;16:27:00;133;Com vítima;242,000;BR-101/ES;Crescente;Colisão traseira;0;0;0;1;0;0;0;0;0;1;1;0;1;0;0
22/01/2023;17:37:00;154;Sem vítima;278,000;BR-101/ES;Decrescente;Capotamento;1;0;0;0;0;0;0;0;0;0;1;0;0;0;0
22/01/2023;18:44:00;166;Com vítima;275,000;BR-101/ES;Crescente;Atropelamento de animal;3;0;0;0;0;0;0;0;0;0;4;0;1;0;0
23/01/2023;02:50:00;10;Com vítima;5,000;BR-101/ES;Decrescente;Atropelamento de animal;1;0;0;0;0;0;0;0;0;0;2;0;1;0;0
23/01/2023;05:31:00;14;Sem vítima;443,000;BR-101/ES;Decrescente;Saída de pista;0;0;1;0;0;0;0;0;0;0;2;0;0;0;0
23/01/2023;08:03:00;41;Sem vítima;288,000;BR-101/ES;Decrescente;Colisão lateral no mesmo sentido;2;0;0;0;0;0;0;0;0;0;3;0;0;0;0
23/01/2023;08:09:00;43;Com vítima;260,500;BR-101/ES;Crescente;Colisão frontal;2;0;2;0;0;0;0;0;0;0;6;0;0;0;1
23/01/2023;14:25:00;106;Com vítima;293,000;BR-101/ES;Crescente;Colisão traseira;1;0;0;1;0;0;0;0;0;0;1;1;1;0;0
23/01/2023;15:06:00;115;Sem vítima;267,700;BR-101/ES;Decrescente;Colisão traseira;1;0;0;1;0;0;0;0;0;0;3;0;0;0;0
23/01/2023;15:25:00;124;Sem vítima;270,000;BR-101/ES;Crescente;Colisão traseira;2;0;0;0;0;0;0;0;0;0;2;0;0;0;0
23/01/2023;17:30:00;154;Sem vítima;254,000;BR-101/ES;Crescente;Colisão traseira;0;0;1;0;0;1;0;0;0;0;1;0;0;0;0
23/01/2023;19:58:00;181;Com vítima;457,000;BR-101/ES;Crescente;Colisão transversal;1;0;1;0;0;0;0;0;0;0;1;1;1;0;0
24/01/2023;06:53:00;22;Sem vítima;315,100;BR-101/ES;Decrescente;Choque;1;0;0;0;0;0;0;0;0;0;4;0;0;0;0
24/01/2023;08:40:00;45;Sem vítima;285,900;BR-101/ES;Crescente;Choque;1;0;0;0;0;0;0;0;0;0;2;0;0;0;0
24/01/2023;09:15:00;50;Sem vítima;451,000;BR-101/ES;Decrescente;Colisão traseira;2;0;0;0;0;0;0;0;0;0;4;0;0;0;0
24/01/2023;11:05:00;67;Com vítima;357,000;BR-101/ES;Crescente;Capotamento;1;0;0;0;0;0;0;0;0;0;0;2;0;0;0
24/01/2023;11:58:00;77;Sem vítima;343,500;BR-101/ES;Crescente;Saída de pista;1;0;0;0;0;0;0;0;0;0;1;0;0;0;0
24/01/2023;15:53:00;120;Com vítima;66,100;BR-101/ES;Decrescente;Colisão traseira;1;0;0;1;0;0;0;0;0;0;3;2;0;0;0
24/01/2023;16:16:00;123;Sem vítima;291,900;BR-101/ES;Crescente;Colisão lateral no mesmo sentido;1;0;1;0;0;0;0;0;0;0;2;0;0;0;0
24/01/2023;19:24:00;145;Sem vítima;294,000;BR-101/ES;Crescente;Colisão traseira;0;0;2;0;0;0;0;0;0;0;2;0;0;0;0
24/01/2023;19:51:00;148;Sem vítima;269,000;BR-101/ES;Crescente;Saída de pista;1;0;0;0;0;0;0;0;0;0;1;0;0;0;0
25/01/2023;00:04:00;1;Sem vítima;948,300;BR-101/ES;Crescente;Capotamento;1;0;0;0;0;0;0;0;0;0;1;0;0;0;0
25/01/2023;03:24:00;12;Sem vítima;314,000;BR-101/ES;Crescente;Colisão traseira;1;0;0;0;0;1;0;0;0;0;1;0;0;0;0
25/01/2023;05:18:00;18;Com vítima;219,300;BR-101/ES;Decrescente;Colisão frontal;1;0;1;0;0;0;0;0;0;0;1;1;0;0;0
25/01/2023;08:46:00;45;Com vítima;267,000;BR-101/ES;Crescente;Atropelamento de pedestre;1;0;0;0;0;1;0;0;0;0;1;1;0;0;0
25/01/2023;15:42:00;104;Sem vítima;297,600;BR-101/ES;Crescente;Colisão lateral no mesmo sentido;1;0;0;0;0;1;0;0;0;0;1;0;0;0;0
25/01/2023;16:45:00;119;Com vítima;407,800;BR-101/ES;Crescente;Tombamento;0;0;1;0;0;0;0;0;0;0;0;1;0;0;0
25/01/2023;17:00:00;124;Sem vítima;267,000;BR-101/ES;Decrescente;Colisão traseira;2;0;0;0;0;0;0;0;0;0;2;0;0;0;0
25/01/2023;18:16:00;136;Sem vítima;129,000;BR-101/ES;Decrescente;Colisão traseira;1;0;1;0;0;0;0;0;0;0;2;0;0;0;0
25/01/2023;21:23:00;170;Sem vítima;394,800;BR-101/ES;Crescente;Tombamento;0;0;1;0;0;0;0;0;0;0;2;0;0;0;0
26/01/2023;05:21:00;15;Com vítima;224,000;BR-101/ES;Decrescente;Saída de pista;0;0;1;0;0;0;0;0;0;0;1;1;0;0;0
26/01/2023;09:27:00;80;Sem vítima;361,000;BR-101/ES;Crescente;Acidentes de outra natureza;1;0;0;0;0;0;0;0;0;0;5;0;0;0;0
26/01/2023;11:11:00;116;Sem vítima;394,000;BR-101/ES;Decrescente;Choque;0;0;1;0;0;0;0;0;0;0;1;0;0;0;0
26/01/2023;11:49:00;125;Sem vítima;320,800;BR-101/ES;Decrescente;Queda de moto;0;0;0;1;0;0;0;0;0;0;1;0;0;0;0
26/01/2023;13:40:00;148;Sem vítima;258,000;BR-101/ES;Decrescente;Engavetamento;1;0;0;0;1;1;0;0;0;0;3;0;0;0;0
26/01/2023;16:32:00;185;Com vítima;261,000;BR-101/ES;Decrescente;Colisão traseira;0;0;1;2;0;0;0;0;0;0;2;1;1;0;0
27/01/2023;04:55:00;12;Sem vítima;255,000;BR-101/ES;Decrescente;Carreta deu L;0;0;1;0;0;0;0;0;0;0;0;0;0;0;0
27/01/2023;05:50:00;16;Com vítima;232,400;BR-101/ES;Decrescente;Colisão frontal;2;0;0;0;0;1;0;0;0;0;1;0;1;0;2
27/01/2023;14:08:00;95;Sem vítima;147,000;BR-101/ES;Decrescente;Colisão transversal;1;0;0;0;0;0;0;0;0;1;2;0;0;0;0
27/01/2023;16:11:00;127;Com vítima;269,800;BR-101/ES;Crescente;Colisão lateral no mesmo sentido;1;0;0;1;0;0;0;0;0;0;1;0;0;1;0
27/01/2023;17:43:00;160;Com vítima;314,000;BR-101/ES;Decrescente;Choque;1;0;0;0;0;0;0;0;0;0;2;0;1;0;0
27/01/2023;17:47:00;164;Sem vítima;210,000;BR-101/ES;Crescente;Colisão traseira;0;0;0;0;0;2;0;0;0;0;0;0;0;0;0
27/01/2023;22:24:00;212;Com vítima;176,000;BR-101/ES;Decrescente;Queda de moto;0;0;0;1;0;0;0;0;0;0;0;1;0;0;0
28/01/2023;03:02:00;15;Sem vítima;139,700;BR-101/ES;Decrescente;Atropelamento de animal;1;0;0;0;0;0;0;0;0;0;1;0;0;0;0
28/01/2023;08:02:00;53;Sem vítima;211,000;BR-101/ES;Decrescente;Saída de pista;1;0;0;0;0;0;0;0;0;0;5;0;0;0;0
28/01/2023;08:54:00;67;Com vítima;267,900;BR-101/ES;Decrescente;Colisão traseira;1;0;0;1;0;0;0;0;0;0;1;0;1;0;0
28/01/2023;10:09:00;79;Sem vítima;386,000;BR-101/ES;Crescente;Colisão traseira;1;0;1;0;0;0;0;0;0;0;3;0;0;0;0
28/01/2023;12:51:00;103;Com vítima;285,000;BR-101/ES;Crescente;Colisão transversal;1;0;0;1;0;0;0;0;0;0;1;0;1;0;0
28/01/2023;13:28:00;108;Com vítima;255,600;BR-101/ES;Decrescente;Engavetamento;3;0;0;1;0;0;0;0;0;0;6;1;0;0;0
28/01/2023;14:31:00;117;Sem vítima;398,900;BR-101/ES;Decrescente;Choque;1;0;0;0;0;0;0;0;0;0;1;0;0;0;0
28/01/2023;16:24:00;129;Sem vítima;255,000;BR-101/ES;Crescente;Colisão transversal;1;0;0;0;0;1;0;0;0;0;5;0;0;0;0
28/01/2023;16:39:00;133;Sem vítima;127,000;BR-101/ES;Decrescente;Acidentes de outra natureza;1;0;0;0;0;0;0;0;0;0;0;0;0;0;0
28/01/2023;19:54:00;166;Com vítima;266,000;BR-101/ES;Decrescente;Colisão traseira;2;0;0;0;0;0;0;0;0;0;3;0;1;0;0
28/01/2023;20:05:00;169;Com vítima;264,000;BR-101/ES;Crescente;Colisão transversal;1;0;0;1;0;0;0;0;0;0;1;2;0;0;0
28/01/2023;23:24:00;193;Com vítima;123,000;BR-101/ES;Decrescente;Tombamento;0;0;0;0;0;1;0;0;0;0;0;1;0;0;0
29/01/2023;03:35:00;17;Com vítima;184,000;BR-101/ES;Crescente;Capotamento;1;0;0;0;0;0;0;0;0;0;0;1;0;0;0
29/01/2023;09:18:00;48;Sem vítima;301,000;BR-101/ES;Decrescente;Choque;1;0;0;0;0;0;0;0;0;0;1;0;0;0;0
29/01/2023;11:21:00;66;Com vítima;65,700;BR-101/ES;Crescente;Atropelamento de pedestre;0;0;0;0;0;1;0;0;0;0;1;0;0;1;1
29/01/2023;15:56:00;111;Com vítima;335,000;BR-101/ES;Crescente;Queda de moto;0;0;0;1;0;0;0;0;0;0;0;0;1;0;0
29/01/2023;16:02:00;114;Sem vítima;395,000;BR-101/ES;Crescente;Colisão traseira;2;0;0;0;0;0;0;0;0;0;6;0;0;0;0
29/01/2023;16:33:00;122;Sem vítima;78,900;BR-101/ES;Crescente;Colisão traseira;1;0;0;0;0;1;0;0;0;0;2;0;0;0;0
29/01/2023;23:21:00;196;Com vítima;207,000;BR-101/ES;Crescente;Colisão lateral em sentido contrário;1;0;0;0;0;1;0;0;0;0;1;0;1;0;0
30/01/2023;05:19:00;18;Com vítima;189,000;BR-101/ES;Crescente;Colisão transversal;1;0;0;1;0;0;0;0;0;0;2;1;0;0;0
30/01/2023;07:59:00;41;Com vítima;264,900;BR-101/ES;Crescente;Colisão lateral no mesmo sentido;1;0;1;1;0;1;0;0;0;0;6;0;1;0;0
30/01/2023;08:07:00;44;Com vítima;267,900;BR-101/ES;Crescente;Colisão lateral no mesmo sentido;0;0;1;1;0;0;0;0;0;0;1;0;1;0;0
30/01/2023;08:48:00;58;Com vítima;352,000;BR-101/ES;Crescente;Colisão frontal;0;0;0;1;0;1;0;0;0;0;2;0;0;0;1
30/01/2023;12:30:00;102;Sem vítima;948,000;BR-101/ES;Decrescente;Colisão traseira;1;0;1;0;0;0;0;0;0;0;3;0;0;0;0
30/01/2023;17:17:00;153;Sem vítima;228,000;BR-101/ES;Crescente;Colisão traseira;0;0;0;0;0;1;0;0;0;1;1;0;0;0;0
30/01/2023;19:05:00;184;Sem vítima;270,000;BR-101/ES;Crescente;Colisão traseira;1;0;0;0;0;1;0;0;0;0;2;0;0;0;0
30/01/2023;21:47:00;204;Sem vítima;293,000;BR-101/ES;Crescente;Colisão lateral no mesmo sentido;2;0;0;0;0;0;0;0;0;0;4;0;0;0;0
31/01/2023;01:19:00;8;Com vítima;300,300;BR-101/ES;Decrescente;Atropelamento de ciclista;0;1;0;0;0;1;0;0;0;0;0;0;0;0;1
31/01/2023;07:11:00;33;Com vítima;210,000;BR-101/ES;Crescente;Colisão transversal;1;0;0;1;0;0;0;0;0;0;1;0;1;0;0
31/01/2023;08:53:00;111;Sem vítima;186,000;BR-101/ES;Decrescente;Acidentes de outra natureza;0;0;1;0;0;2;0;0;0;0;3;0;0;0;0
31/01/2023;09:02:00;55;Sem vítima;266,000;BR-101/ES;Crescente;Choque;1;0;0;0;0;0;0;0;0;0;1;0;0;0;0
31/01/2023;09:39:00;63;Sem vítima;270,000;BR-101/ES;Crescente;Engavetamento;3;0;0;0;0;0;0;0;0;0;6;0;0;0;0
31/01/2023;12:56:00;99;Com vítima;257,000;BR-101/ES;Decrescente;Colisão lateral no mesmo sentido;1;0;0;1;0;0;0;0;0;0;1;1;0;0;0
31/01/2023;15:40:00;130;Sem vítima;459,000;BR-101/ES;Decrescente;Saída de pista;0;0;0;0;0;1;0;0;0;0;5;0;0;0;0
31/01/2023;17:26:00;159;Sem vítima;119,000;BR-101/ES;Decrescente;Colisão traseira;2;0;0;0;0;0;0;0;0;0;4;0;0;0;0
31/01/2023;19:28:00;176;Sem vítima;275,000;BR-101/ES;Decrescente;Queda de moto;0;0;0;1;0;0;0;0;0;0;1;0;0;0;0
01/02/2023;07:46:00;31;Com vítima;143,000;BR-101/ES;Decrescente;Queda de moto;0;0;0;1;0;0;0;0;0;0;1;1;0;0;0
01/02/2023;08:13:00;40;Com vítima;948,500;BR-101/ES;Decrescente;Colisão transversal;2;0;0;0;0;0;0;0;0;0;10;0;10;0;0
01/02/2023;11:31:00;82;Sem vítima;171,700;BR-101/ES;Crescente;Choque;1;0;0;0;0;0;0;0;0;0;0;0;0;0;0
01/02/2023;11:51:00;83;Sem vítima;255,300;BR-101/ES;Decrescente;Colisão lateral no mesmo sentido;0;0;0;0;1;1;0;0;0;0;2;0;0;0;0
01/02/2023;15:13:00;117;Sem vítima;266,900;BR-101/ES;Decrescente;Engavetamento;1;0;1;0;0;0;0;0;0;1;20;0;0;0;0
01/02/2023;15:48:00;124;Sem vítima;452,000;BR-101/ES;Decrescente;Choque;0;0;0;0;0;1;0;0;0;0;1;0;0;0;0
01/02/2023;15:52:00;126;Sem vítima;339,500;BR-101/ES;Decrescente;Choque;1;0;0;0;0;0;0;0;0;0;5;0;0;0;0
01/02/2023;16:28:00;131;Sem vítima;359,000;BR-101/ES;Crescente;Choque;1;0;0;0;0;0;0;0;0;0;5;0;0;0;0
01/02/2023;17:36:00;148;Com vítima;268,500;BR-101/ES;Crescente;Colisão lateral no mesmo sentido;1;0;0;1;0;0;0;0;0;0;1;0;1;0;0
01/02/2023;19:39:00;170;Com vítima;45,950;BR-101/ES;Crescente;Atropelamento de pedestre;0;0;0;0;0;1;0;0;0;0;0;0;0;0;1
02/02/2023;07:13:00;38;Com vítima;262,000;BR-101/ES;Crescente;Colisão traseira;1;0;0;1;0;0;0;0;0;0;1;1;0;0;0
02/02/2023;07:23:00;41;Sem vítima;289,000;BR-101/ES;Decrescente;Choque;1;0;0;0;0;0;0;0;0;0;1;0;0;0;0
02/02/2023;16:42:00;138;Com vítima;294,000;BR-101/ES;Decrescente;Colisão traseira;0;0;0;1;0;0;0;0;0;1;1;0;1;0;0
02/02/2023;22:37:00;200;Com vítima;298,000;BR-101/ES;Crescente;Colisão traseira;1;0;0;1;0;0;0;0;0;0;1;0;1;0;0
03/02/2023;07:39:00;38;Com vítima;90,000;BR-101/ES;Decrescente;Colisão transversal;0;0;1;0;0;0;0;0;0;1;1;1;0;0;0
03/02/2023;08:00:00;42;Sem vítima;270,000;BR-101/ES;Crescente;Colisão lateral no mesmo sentido;1;0;1;0;0;0;0;0;0;0;2;0;0;0;0
03/02/2023;10:52:00;86;Sem vítima;67,000;BR-101/ES;Decrescente;Colisão traseira;1;0;1;0;0;0;0;0;0;0;2;0;0;0;0
03/02/2023;14:13:00;128;Com vítima;284,000;BR-101/ES;Crescente;Queda de moto;0;0;0;1;0;0;0;0;0;0;0;2;0;0;0
03/02/2023;15:50:00;141;Com vítima;256,000;BR-101/ES;Decrescente;Colisão traseira;0;0;0;1;0;0;0;0;0;0;0;0;1;0;0
03/02/2023;16:17:00;144;Sem vítima;254,000;BR-101/ES;Crescente;Colisão transversal;2;0;0;0;0;0;0;0;0;0;2;0;0;0;0
03/02/2023;22:44:00;235;Sem vítima;232,000;BR-101/ES;Decrescente;Choque;1;0;0;0;0;0;0;0;0;0;1;0;0;0;0
04/02/2023;02:22:00;9;Com vítima;402,000;BR-101/ES;Decrescente;Colisão lateral em sentido contrário;1;0;1;0;0;0;0;0;0;0;1;0;1;0;0
04/02/2023;04:30:00;14;Sem vítima;336,000;BR-101/ES;Crescente;Capotamento;1;0;0;0;0;0;0;0;0;0;2;0;0;0;0
04/02/2023;05:41:00;18;Com vítima;426,000;BR-101/ES;Crescente;Choque;0;0;0;1;0;0;0;0;0;0;1;0;1;0;0
04/02/2023;07:01:00;41;Com vítima;396,400;BR-101/ES;Crescente;Saída de pista;1;0;0;0;0;0;0;0;0;0;0;0;2;0;0
04/02/2023;07:13:00;48;Sem vítima;156,000;BR-101/ES;Decrescente;Saída de pista;1;0;0;0;0;0;0;0;0;0;4;0;0;0;0
04/02/2023;08:02:00;62;Com vítima;282,800;BR-101/ES;Decrescente;Queda de moto;0;0;0;1;0;0;0;0;0;0;0;0;1;0;0
04/02/2023;11:27:00;101;Com vítima;392,300;BR-101/ES;Decrescente;Colisão lateral no mesmo sentido;1;0;0;1;0;0;0;0;0;0;1;1;0;0;0
04/02/2023;11:55:00;105;Sem vítima;332,000;BR-101/ES;Crescente;Choque;0;0;0;0;0;1;0;0;0;0;1;0;0;0;0
04/02/2023;13:48:00;114;Com vítima;291,500;BR-101/ES;Crescente;Capotamento;1;0;0;0;0;0;0;0;0;0;3;0;1;0;0
04/02/2023;14:11:00;117;Sem vítima;61,000;BR-101/ES;Crescente;Colisão traseira;1;0;0;0;0;0;0;0;0;0;4;0;0;0;0
04/02/2023;16:13:00;160;Com vítima;243,500;BR-101/ES;Decrescente;Choque;1;0;0;0;0;0;0;0;0;0;2;0;1;0;0
04/02/2023;16:18:00;162;Sem vítima;36,800;BR-101/ES;Crescente;Queda de moto;0;0;0;0;0;1;0;0;0;0;0;0;0;0;0
04/02/2023;17:55:00;177;Com vítima;263,900;BR-101/ES;Decrescente;Queda de moto;0;0;0;1;0;0;0;0;0;0;0;0;1;0;0
04/02/2023;23:02:00;224;Sem vítima;67,000;BR-101/ES;Decrescente;Colisão traseira;1;0;0;0;0;0;0;0;0;1;6;0;0;0;0
05/02/2023;00:32:00;6;Com vítima;275,000;BR-101/ES;Decrescente;Choque;0;0;0;1;0;0;0;0;0;0;0;0;0;1;0
05/02/2023;02:30:00;10;Com vítima;36,000;BR-101/ES;Crescente;Colisão frontal;1;0;1;0;0;0;0;0;0;0;1;0;0;0;1
05/02/2023;13:45:00;75;Sem vítima;108,000;BR-101/ES;Crescente;Colisão traseira;1;0;0;0;0;1;0;0;0;0;4;0;0;0;0
05/02/2023;16:21:00;104;Sem vítima;301,000;BR-101/ES;Crescente;Colisão lateral no mesmo sentido;1;0;0;0;0;1;0;0;0;0;5;0;0;0;0
05/02/2023;17:29:00;115;Sem vítima;323,000;BR-101/ES;Decrescente;Choque;1;0;0;0;0;0;0;0;0;0;1;0;0;0;0
05/02/2023;18:17:00;128;Com vítima;238,000;BR-101/ES;Crescente;Colisão transversal;0;0;0;1;0;1;0;0;0;0;0;0;1;0;0
05/02/2023;20:15:00;151;Sem vítima;286,000;BR-101/ES;Decrescente;Colisão traseira;1;0;0;1;0;0;0;0;0;0;3;0;0;0;0
05/02/2023;21:21:00;157;Com vítima;148,000;BR-101/ES;Crescente;Atropelamento de pedestre;0;0;0;1;0;0;0;0;0;0;0;0;1;1;0
05/02/2023;23:59:00;169;Sem vítima;146,000;BR-101/ES;Crescente;Colisão traseira;0;0;0;0;0;2;0;0;0;0;4;0;0;0;0
06/02/2023;07:31:00;32;Sem vítima;266,300;BR-101/ES;Crescente;Queda de moto;0;0;0;1;0;0;0;0;0;0;1;0;0;0;0
06/02/2023;07:37:00;33;Sem vítima;213,000;BR-101/ES;Decrescente;Colisão traseira;1;0;0;1;0;0;0;0;0;0;2;0;0;0;0
06/02/2023;08:06:00;40;Com vítima;358,000;BR-101/ES;Crescente;Tombamento;0;0;0;0;0;1;0;0;0;0;0;1;0;0;0