data;horario;n_da_ocorrencia;tipo_de_ocorrencia;km;trecho;sentido;tipo_de_acidente;automovel;bicicleta;caminhao;moto;onibus;outros;tracao_animal;transporte_de_cargas_especiais;trator_maquinas;utilitarios;ilesos;levemente_feridos;moderadamente_feridos;gravemente_feridos;mortos
21/02/2023;18:54:00;129;Com vítima;270,000;BR-101/ES;Crescente;Queda de moto;0;0;0;1;0;0;0;0;0;0;0;0;1;0;0
21/02/2023;19:25:00;133;Sem vítima;289,000;BR-101/ES;Crescente;Acidentes de outra natureza;1;0;0;0;0;0;0;0;0;0;1;0;0;0;0
21/02/2023;19:58:00;139;Sem vítima;102,000;BR-101/ES;Crescente;Queda de moto;0;0;0;1;0;0;0;0;0;0;1;0;0;0;0
22/02/2023;06:41:00;23;Com vítima;233,600;BR-101/ES;Decrescente;Colisão lateral em sentido contrário;1;0;0;0;0;0;0;0;0;0;1;0;0;0;0
22/02/2023;07:49:00;35;Com vítima;148,300;BR-101/ES;Decrescente;Atropelamento de pedestre;0;0;0;0;0;0;0;0;0;0;0;0;0;0;1
22/02/2023;09:14:00;47;Sem vítima;160,000;BR-101/ES;Crescente;Colisão lateral em sentido contrário;0;0;1;0;0;0;0;0;0;0;1;0;0;0;0
22/02/2023;14:40:00;123;Com vítima;5,000;Contorno de Iconha/ES;Decrescente;Colisão lateral no mesmo sentido;0;0;0;1;0;0;0;0;0;0;0;0;1;0;0
22/02/2023;14:56:00;129;Com vítima;4,800;Contorno de Iconha/ES;Decrescente;Capotamento;1;0;0;0;0;0;0;0;0;0;0;1;0;0;0
22/02/2023;17:05:00;157;Sem vítima;131,000;BR-101/ES;Decrescente;Colisão transversal;0;0;0;0;1;0;0;0;0;0;1;0;0;0;0
22/02/2023;17:14:00;160;Com vítima;123,000;BR-101/ES;Crescente;Colisão traseira;1;0;0;0;0;0;0;0;0;0;1;0;0;0;0
22/02/2023;17:22:00;164;Sem vítima;71,000;BR-101/ES;Decrescente;Engavetamento;0;0;0;0;0;1;0;0;0;0;0;0;0;0;0
22/02/2023;19:08:00;186;Sem vítima;297,600;BR-101/ES;Decrescente;Colisão traseira;1;0;0;0;0;0;0;0;0;0;1;0;0;0;0
22/02/2023;20:08:00;201;Sem vítima;316,000;BR-101/ES;Crescente;Choque;1;0;0;0;0;0;0;0;0;0;1;0;0;0;0
22/02/2023;21:23:00;211;Com vítima;113,000;BR-101/ES;Crescente;Colisão traseira;0;0;0;1;0;0;0;0;0;0;0;0;1;0;0
23/02/2023;06:56:00;20;Sem vítima;179,000;BR-101/ES;Decrescente;Colisão transversal;1;0;0;0;0;0;0;0;0;0;1;0;0;0;0
23/02/2023;07:21:00;28;Com vítima;295,700;BR-101/ES;Crescente;Queda de moto;0;0;0;0;0;0;0;0;0;0;0;0;0;0;0
23/02/2023;13:37:00;114;Com vítima;213,100;BR-101/ES;Crescente;Colisão frontal;1;0;0;0;0;0;0;0;0;0;0;1;0;0;0
23/02/2023;14:33:00;124;Com vítima;267,000;BR-101/ES;Decrescente;Choque;0;0;1;0;0;0;0;0;0;0;1;0;0;0;0
23/02/2023;16:13:00;147;Sem vítima;303,300;BR-101/ES;Decrescente;Colisão lateral no mesmo sentido;1;0;0;0;0;1;0;0;0;0;2;0;0;0;0
23/02/2023;16:53:00;159;Sem vítima;269,000;BR-101/ES;Crescente;Engavetamento;1;0;0;0;0;0;0;0;0;0;1;0;0;0;0
23/02/2023;18:02:00;176;Sem vítima;30,000;BR-101/ES;Decrescente;Colisão traseira;0;0;0;0;0;0;0;0;0;1;1;0;0;0;0
24/02/2023;12:33:00;100;Sem vítima;255,000;BR-101/ES;Crescente;Colisão traseira;0;0;1;0;0;0;0;0;0;0;1;0;0;0;0
24/02/2023;14:49:00;122;Com vítima;125,400;BR-101/ES;Crescente;Colisão traseira;1;0;0;0;0;0;0;0;0;0;1;0;0;0;0
24/02/2023;17:39:00;160;Sem vítima;270,000;BR-101/ES;Decrescente;Colisão traseira;2;0;0;0;0;0;0;0;0;0;2;0;0;0;0
25/02/2023;11:29:00;78;Sem vítima;185,000;BR-101/ES;Decrescente;Colisão lateral em sentido contrário;0;0;1;0;0;0;0;0;0;0;1;0;0;0;0
25/02/2023;23:03:00;158;Com vítima;66,000;BR-101/ES;Decrescente;Atropelamento de pedestre;0;0;0;0;0;0;0;0;0;0;0;1;0;0;0
26/02/2023;05:19:00;12;Sem vítima;101,000;BR-101/ES;Crescente;Choque;1;0;0;0;0;0;0;0;0;0;1;0;0;0;0
26/02/2023;05:45:00;17;Sem vítima;296,000;BR-101/ES;Crescente;Choque;1;0;0;0;0;0;0;0;0;0;1;0;0;0;0
26/02/2023;08:36:00;35;Sem vítima;342,500;BR-101/ES;Crescente;Choque;0;0;1;0;0;0;0;0;0;0;2;0;0;0;0
26/02/2023;10:25:00;49;Sem vítima;367,000;BR-101/ES;Decrescente;Colisão lateral no mesmo sentido;0;0;0;0;0;1;0;0;0;0;1;0;0;0;0
26/02/2023;13:37:00;83;Sem vítima;347,500;BR-101/ES;Decrescente;Colisão traseira;0;0;0;0;0;1;0;0;0;0;0;0;0;0;0
26/02/2023;14:14:00;89;Com vítima;335,000;BR-101/ES;Crescente;Queda de moto;0;0;0;1;0;0;0;0;0;0;0;0;1;0;0
26/02/2023;14:21:00;91;Sem vítima;305,000;BR-101/ES;Crescente;Colisão traseira;1;0;0;0;0;0;0;0;0;0;1;0;0;0;0
26/02/2023;15:26:00;102;Com vítima;174,400;BR-101/ES;Crescente;Colisão transversal;1;0;0;0;0;0;0;0;0;0;1;0;0;0;0
26/02/2023;17:55:00;120;Sem vítima;19,000;BR-101/ES;Crescente;Colisão traseira;1;0;0;0;0;0;0;0;0;0;1;0;0;0;0
26/02/2023;18:20:00;123;Sem vítima;231,000;BR-101/ES;Crescente;Colisão transversal;0;0;0;0;0;0;0;0;0;1;0;0;0;0;0
26/02/2023;18:27:00;125;Com vítima;281,150;BR-101/ES;Crescente;Atropelamento de animal;0;0;0;0;0;0;0;0;0;0;0;0;0;0;0
26/02/2023;19:04:00;133;Sem vítima;90,000;BR-101/ES;Crescente;Atropelamento de ciclista;1;1;0;0;0;0;0;0;0;0;2;0;0;0;0
26/02/2023;19:04:00;134;Com vítima;281,150;BR-101/ES;Decrescente;Colisão traseira;0;0;0;0;0;0;0;0;0;0;0;0;0;0;0
26/02/2023;19:29:00;140;Sem vítima;264,000;BR-101/ES;Crescente;Colisão traseira;0;0;0;0;0;1;0;0;0;0;0;0;0;0;0
26/02/2023;19:54:00;145;Sem vítima;431,000;BR-101/ES;Decrescente;Acidentes de outra natureza;0;0;0;0;0;1;0;0;0;0;1;0;0;0;0
26/02/2023;21:25:00;158;Sem vítima;268,700;BR-101/ES;Decrescente;Colisão lateral no mesmo sentido;0;0;0;0;0;1;0;0;0;0;0;0;0;0;0
27/02/2023;07:27:00;28;Com vítima;269,900;BR-101/ES;Crescente;Colisão traseira;0;0;0;1;0;0;0;0;0;0;0;1;0;0;0
27/02/2023;18:22:00;155;Com vítima;141,000;BR-101/ES;Crescente;Atropelamento de pedestre;0;0;0;0;0;0;0;0;0;0;0;1;0;0;0
27/02/2023;21:38:00;184;Com vítima;81,000;BR-101/ES;Decrescente;Capotamento;0;0;0;0;0;0;0;0;0;0;0;0;0;0;0
27/02/2023;21:47:00;186;Com vítima;174,000;BR-101/ES;Decrescente;Colisão transversal;1;0;0;0;0;0;0;0;0;0;1;0;0;0;0
28/02/2023;09:12:00;56;Com vítima;222,000;BR-101/ES;Crescente;Saída de pista;1;0;0;0;0;0;0;0;0;0;0;0;1;0;0
28/02/2023;11:04:00;75;Com vítima;260,000;BR-101/ES;Decrescente;Colisão lateral no mesmo sentido;0;0;0;1;0;0;0;0;0;0;0;1;0;0;0
28/02/2023;13:33:00;109;Com vítima;160,000;BR-101/ES;Decrescente;Saída de pista;0;0;1;0;0;0;0;0;0;0;0;1;0;0;0
28/02/2023;17:08:00;135;Sem vítima;266,000;BR-101/ES;Decrescente;Colisão lateral no mesmo sentido;0;0;0;1;0;0;0;0;0;0;1;0;0;0;0
28/02/2023;17:11:00;136;Sem vítima;66,400;BR-101/ES;Crescente;Colisão transversal;1;0;0;0;0;0;0;0;0;0;1;0;0;0;0
28/02/2023;17:16:00;138;Sem vítima;387,000;BR-101/ES;Decrescente;Colisão traseira;0;0;1;0;0;0;0;0;0;0;1;0;0;0;0
28/02/2023;17:44:00;145;Sem vítima;148,800;BR-101/ES;Crescente;Colisão traseira;0;0;0;0;1;0;0;0;0;0;1;0;0;0;0
28/02/2023;19:38:00;162;Com vítima;82,400;BR-101/ES;Crescente;Colisão lateral no mesmo sentido;0;0;0;0;0;1;0;0;0;0;0;0;0;0;0
01/03/2023;06:33:00;24;Sem vítima;229,600;BR-101/ES;Crescente;Colisão transversal;0;0;1;0;0;0;0;0;0;0;1;0;0;0;0
01/03/2023;07:19:00;29;Sem vítima;266,000;BR-101/ES;Decrescente;Colisão lateral no mesmo sentido;0;0;0;0;0;1;0;0;0;0;1;0;0;0;0
01/03/2023;10:49:00;81;Com vítima;3,300;Contorno de Iconha/ES;Decrescente;Colisão lateral no mesmo sentido;1;0;0;0;0;0;0;0;0;0;1;0;0;0;0
01/03/2023;15:56:00;136;Sem vítima;267,000;BR-101/ES;Decrescente;Colisão traseira;0;0;0;0;0;1;0;0;0;0;1;0;0;0;0
01/03/2023;17:52:00;155;Com vítima;148,000;BR-101/ES;Decrescente;Colisão traseira;1;0;0;0;0;0;0;0;0;0;0;1;0;0;0
01/03/2023;18:34:00;165;Com vítima;246,000;BR-101/ES;Crescente;Saída de pista;0;0;0;0;0;0;0;0;0;1;0;1;0;0;0
01/03/2023;19:29:00;178;Com vítima;21,700;BR-101/ES;Crescente;Atropelamento de animal;0;0;0;0;0;0;0;0;0;0;0;0;0;0;0
01/03/2023;22:16:00;195;Com vítima;64,000;BR-101/ES;Decrescente;Queda de moto;0;0;0;1;0;0;0;0;0;0;0;1;0;0;0
01/03/2023;23:15:00;203;Com vítima;309,500;BR-101/ES;Crescente;Atropelamento de animal;0;0;0;0;0;0;0;0;0;0;0;0;0;0;0
02/03/2023;07:14:00;28;Com vítima;266,300;BR-101/ES;Crescente;Colisão lateral no mesmo sentido;0;0;1;0;0;0;0;0;0;0;1;0;0;0;0
02/03/2023;10:34:00;84;Com vítima;141,500;BR-101/ES;Decrescente;Colisão lateral no mesmo sentido;1;0;0;0;0;0;0;0;0;0;1;0;0;0;0
02/03/2023;13:36:00;107;Sem vítima;174,000;BR-101/ES;Decrescente;Colisão transversal;0;0;0;0;0;0;0;0;0;1;1;0;0;0;0
03/03/2023;09:24:00;84;Sem vítima;149,500;BR-101/ES;Decrescente;Colisão traseira;1;0;0;0;0;1;0;0;0;0;2;0;0;0;0
03/03/2023;09:34:00;87;Com vítima;295,000;BR-101/ES;Decrescente;Queda de moto;0;0;0;1;0;0;0;0;0;0;0;0;1;0;0
03/03/2023;09:39:00;89;Sem vítima;264,000;BR-101/ES;Decrescente;Colisão lateral no mesmo sentido;0;0;0;0;1;0;0;0;0;0;1;0;0;0;0
03/03/2023;11:57:00;125;Sem vítima;217,000;BR-101/ES;Decrescente;Saída de pista;1;0;0;0;0;0;0;0;0;0;1;0;0;0;0
03/03/2023;14:04:00;149;Sem vítima;11,900;BR-101/ES;Decrescente;Saída de pista;0;0;1;0;0;0;0;0;0;0;1;0;0;0;0
03/03/2023;14:38:00;160;Com vítima;8,950;BR-101/ES;Crescente;Tombamento;0;0;1;0;0;0;0;0;0;0;1;1;0;0;0
03/03/2023;14:53:00;165;Com vítima;238,000;BR-101/ES;Decrescente;Colisão transversal;0;0;0;0;0;0;0;0;0;1;1;0;0;0;0
03/03/2023;16:13:00;183;Com vítima;265,000;BR-101/ES;Decrescente;Queda de moto;0;0;0;1;0;0;0;0;0;0;0;0;1;0;0
03/03/2023;18:52:00;213;Sem vítima;212,000;BR-101/ES;Decrescente;Engavetamento;1;0;0;0;0;0;0;0;0;0;0;0;0;0;0
03/03/2023;19:24:00;221;Com vítima;84,000;BR-101/ES;Decrescente;Saída de pista;1;0;0;0;0;0;0;0;0;0;0;0;1;0;2
03/03/2023;19:58:00;231;Com vítima;416,000;BR-101/ES;Crescente;Atropelamento de animal;0;0;0;0;0;0;0;0;0;0;0;0;0;0;0
03/03/2023;20:42:00;240;Com vítima;287,300;BR-101/ES;Crescente;Colisão traseira;2;0;1;0;0;0;0;0;0;0;2;0;1;0;0
03/03/2023;21:14:00;241;Com vítima;212,000;BR-101/ES;Decrescente;Colisão frontal;0;0;0;1;0;0;0;0;0;0;0;0;0;1;0
04/03/2023;06:24:00;20;Com vítima;338,800;BR-101/ES;Decrescente;Colisão transversal;1;0;0;0;0;0;0;0;0;0;1;0;0;0;0
04/03/2023;09:50:00;64;Com vítima;277,000;BR-101/ES;Crescente;Saída de pista;1;0;0;0;0;0;0;0;0;0;0;1;0;0;0
04/03/2023;19:58:00;140;Sem vítima;320,800;BR-101/ES;Crescente;Colisão transversal;0;0;0;1;0;0;0;0;0;0;1;0;0;0;0
04/03/2023;20:13:00;143;Com vítima;318,000;BR-101/ES;Decrescente;Atropelamento de pedestre;0;0;0;0;0;0;0;0;0;0;0;0;0;0;1
04/03/2023;20:34:00;145;Com vítima;356,000;BR-101/ES;Crescente;Capotamento;1;0;0;0;0;0;0;0;0;0;0;1;0;0;0
05/03/2023;00:29:00;5;Com vítima;297,000;BR-101/ES;Decrescente;Atropelamento de pedestre;0;0;0;1;0;0;0;0;0;0;1;0;0;1;0
05/03/2023;01:59:00;9;Com vítima;195,000;BR-101/ES;Decrescente;Queda de moto;0;0;0;1;0;0;0;0;0;0;0;0;1;0;0
05/03/2023;02:21:00;10;Com vítima;176,000;BR-101/ES;Decrescente;Colisão frontal;1;0;0;0;0;0;0;0;0;0;1;0;0;0;0
05/03/2023;06:38:00;27;Com vítima;178,300;BR-101/ES;Crescente;Queda de moto;0;0;0;1;0;0;0;0;0;0;1;0;0;0;0
05/03/2023;06:39:00;28;Sem vítima;406,000;BR-101/ES;Crescente;Atropelamento de animal;1;0;0;0;0;0;0;0;0;0;1;0;0;0;0
05/03/2023;10:38:00;65;Sem vítima;272,000;BR-101/ES;Crescente;Colisão lateral no mesmo sentido;1;0;0;0;0;0;0;0;0;0;1;0;0;0;0
05/03/2023;10:52:00;68;Com vítima;292,900;BR-101/ES;Decrescente;Queda de moto;0;0;0;1;0;0;0;0;0;0;0;0;1;0;0
05/03/2023;15:53:00;108;Com vítima;291,000;BR-101/ES;Decrescente;Colisão traseira;0;0;0;1;0;0;0;0;0;0;0;0;1;0;0
05/03/2023;23:39:00;169;Sem vítima;236,100;BR-101/ES;Decrescente;Saída de pista;1;0;0;0;0;0;0;0;0;0;1;0;0;0;0
06/03/2023;01:57:00;8;Sem vítima;20,000;BR-101/ES;Crescente;Atropelamento de animal;0;0;0;0;0;0;0;0;0;0;0;0;0;0;0
06/03/2023;11:06:00;80;Com vítima;269,800;BR-101/ES;Crescente;Colisão lateral no mesmo sentido;0;0;0;1;0;0;0;0;0;0;0;1;0;0;0
06/03/2023;15:38:00;131;Sem vítima;392,800;BR-101/ES;Decrescente;Colisão lateral em sentido contrário;1;0;0;0;0;0;0;0;0;0;1;0;0;0;0
06/03/2023;16:48:00;141;Com vítima;218,600;BR-101/ES;Crescente;Choque;1;0;0;0;0;0;0;0;0;0;0;0;1;0;0
07/03/2023;05:49:00;22;Sem vítima;165,000;BR-101/ES;Crescente;Saída de pista;1;0;0;0;0;0;0;0;0;0;1;0;0;0;0
07/03/2023;07:19:00;38;Sem vítima;219,000;BR-101/ES;Decrescente;Choque;1;0;0;0;0;0;0;0;0;0;2;0;0;0;0
07/03/2023;07:29:00;41;Sem vítima;126,000;BR-101/ES;Crescente;Colisão traseira;1;0;0;0;0;0;0;0;0;0;1;0;0;0;0
07/03/2023;07:53:00;48;Sem vítima;286,000;BR-101/ES;Crescente;Colisão lateral no mesmo sentido;0;0;0;0;0;1;0;0;0;0;1;0;0;0;0
07/03/2023;13:00:00;111;Sem vítima;295,500;BR-101/ES;Crescente;Colisão lateral no mesmo sentido;1;0;0;0;0;0;0;0;0;0;1;0;0;0;0
07/03/2023;13:17:00;115;Sem vítima;241,800;BR-101/ES;Decrescente;Colisão traseira;1;0;1;0;0;0;0;0;0;0;2;0;0;0;0
07/03/2023;13:59:00;123;Sem vítima;241,800;BR-101/ES;Decrescente;Colisão traseira;1;0;0;0;0;0;0;0;0;0;1;0;0;0;0
07/03/2023;14:15:00;129;Com vítima;25,300;BR-101/ES;Crescente;Colisão lateral em sentido contrário;0;0;1;0;0;0;0;0;0;0;1;0;0;0;0
07/03/2023;14:42:00;135;Com vítima;68,300;BR-101/ES;Crescente;Colisão transversal;0;0;0;0;0;1;0;0;0;0;1;0;0;0;0
07/03/2023;15:56:00;148;Sem vítima;268,000;BR-101/ES;Crescente;Colisão traseira;0;0;0;0;1;0;0;0;0;0;1;0;0;0;0
07/03/2023;17:11:00;163;Sem vítima;270,000;BR-101/ES;Crescente;Colisão traseira;0;0;1;0;0;0;0;0;0;0;1;0;0;0;0
08/03/2023;06:00:00;10;Sem vítima;420,000;BR-101/ES;Decrescente;Colisão traseira;1;0;0;0;0;0;0;0;0;0;1;0;0;0;0
08/03/2023;07:03:00;19;Sem vítima;269,800;BR-101/ES;Decrescente;Colisão traseira;0;0;0;0;0;1;0;0;0;0;0;0;0;0;0
08/03/2023;10:25:00;75;Sem vítima;288,000;BR-101/ES;Crescente;Colisão traseira;0;0;0;0;0;0;0;0;0;1;1;0;0;0;0
08/03/2023;10:58:00;83;Com vítima;306,000;BR-101/ES;Decrescente;Choque;1;0;0;0;0;0;0;0;0;0;0;0;1;0;0
08/03/2023;11:09:00;85;Sem vítima;124,900;BR-101/ES;Crescente;Colisão traseira;1;0;1;0;0;0;0;0;0;0;2;0;0;0;0
08/03/2023;11:18:00;88;Com vítima;289,000;BR-101/ES;Crescente;Queda de moto;0;0;0;1;0;0;0;0;0;0;0;1;0;0;0
08/03/2023;17:09:00;138;Sem vítima;266,000;BR-101/ES;Decrescente;Colisão lateral no mesmo sentido;0;0;0;0;0;2;0;0;0;0;0;0;0;0;0
08/03/2023;17:54:00;147;Sem vítima;314,000;BR-101/ES;Decrescente;Colisão lateral no mesmo sentido;1;0;0;0;0;0;0;0;0;0;2;0;0;0;0
08/03/2023;20:06:00;160;Com vítima;137,000;BR-101/ES;Decrescente;Colisão frontal;1;0;0;0;0;0;0;0;0;0;1;0;0;0;0
08/03/2023;21:53:00;165;Com vítima;338,900;BR-101/ES;Decrescente;Colisão frontal;1;0;1;0;0;0;0;0;0;0;1;0;0;0;2
09/03/2023;00:42:00;4;Sem vítima;283,000;BR-101/ES;Decrescente;Colisão lateral no mesmo sentido;1;0;0;0;0;0;0;0;0;0;1;0;0;0;0
09/03/2023;05:19:00;12;Sem vítima;341,000;BR-101/ES;Decrescente;Choque;1;0;0;0;0;0;0;0;0;0;1;0;0;0;0
09/03/2023;05:59:00;17;Sem vítima;345,000;BR-101/ES;Crescente;Saída de pista;0;0;1;0;0;0;0;0;0;0;1;0;0;0;0
09/03/2023;07:04:00;21;Sem vítima;298,000;BR-101/ES;Crescente;Colisão lateral no mesmo sentido;1;0;0;0;0;0;0;0;0;0;1;0;0;0;0
09/03/2023;07:37:00;31;Com vítima;137,800;BR-101/ES;Crescente;Engavetamento;1;0;0;0;0;0;0;0;0;0;1;1;0;0;0
09/03/2023;10:08:00;65;Sem vítima;334,000;BR-101/ES;Crescente;Saída de pista;1;0;0;0;0;0;0;0;0;0;1;0;0;0;0
09/03/2023;11:16:00;82;Sem vítima;119,000;BR-101/ES;Decrescente;Choque;0;0;1;0;0;0;0;0;0;0;1;0;0;0;0
09/03/2023;14:07:00;109;Sem vítima;293,100;BR-101/ES;Decrescente;Choque;0;0;0;0;0;1;0;0;0;0;1;0;0;0;0
09/03/2023;18:33:00;142;Com vítima;94,350;BR-101/ES;Decrescente;Atropelamento de pedestre;0;0;0;0;0;1;0;0;0;0;1;0;0;0;1
09/03/2023;18:57:00;147;Com vítima;143,000;BR-101/ES;Crescente;Queda de moto;0;0;0;1;0;0;0;0;0;0;0;0;1;0;0
09/03/2023;20:27:00;156;Com vítima;26,500;BR-101/ES;Decrescente;Colisão frontal;1;0;0;0;0;1;0;0;0;0;1;0;0;0;1
09/03/2023;23:26:00;176;Sem vítima;199,000;BR-101/ES;Crescente;Capotamento;1;0;0;0;0;0;0;0;0;0;1;0;0;0;0
10/03/2023;00:25:00;1;Sem vítima;417,000;BR-101/ES;Decrescente;Atropelamento de animal;0;0;0;0;0;0;0;0;0;0;0;0;0;0;0
10/03/2023;01:06:00;6;Sem vítima;417,000;BR-101/ES;Decrescente;Atropelamento de animal;0;0;0;0;0;0;0;0;0;0;0;0;0;0;0
10/03/2023;02:17:00;9;Sem vítima;270,500;BR-101/ES;Decrescente;Colisão lateral no mesmo sentido;0;0;0;0;0;1;0;0;0;0;1;0;0;0;0
10/03/2023;04:03:00;17;Sem vítima;210,800;BR-101/ES;Decrescente;Choque;0;0;1;0;0;0;0;0;0;0;1;0;0;0;0
10/03/2023;05:40:00;22;Com vítima;264,300;BR-101/ES;Decrescente;Colisão traseira;0;0;0;1;0;0;0;0;0;0;0;1;0;0;0
10/03/2023;10:50:00;75;Com vítima;288,700;BR-101/ES;Crescente;Atropelamento de pedestre;0;0;0;0;0;0;0;0;0;0;0;0;0;1;0
10/03/2023;11:01:00;78;Sem vítima;276,300;BR-101/ES;Crescente;Choque;1;0;0;0;0;0;0;0;0;0;1;0;0;0;0
10/03/2023;14:47:00;116;Sem vítima;283,000;BR-101/ES;Decrescente;Colisão traseira;1;0;1;0;0;0;0;0;0;0;2;0;0;0;0
10/03/2023;19:07:00;168;Sem vítima;308,000;BR-101/ES;Crescente;Colisão lateral no mesmo sentido;0;0;1;0;0;0;0;0;0;0;1;0;0;0;0
10/03/2023;19:54:00;180;Com vítima;338,700;BR-101/ES;Crescente;Colisão frontal;0;0;0;1;0;0;0;0;0;0;0;0;1;0;0
10/03/2023;23:22:00;210;Com vítima;277,000;BR-101/ES;Crescente;Colisão traseira;1;0;0;1;0;0;0;0;0;0;1;0;1;0;0
11/03/2023;04:26:00;18;Com vítima;159,000;BR-101/ES;Decrescente;Colisão traseira;0;0;0;0;0;1;0;0;0;0;0;0;0;0;0
11/03/2023;06:28:00;24;Sem vítima;265,000;BR-101/ES;Decrescente;Colisão lateral no mesmo sentido;0;0;0;1;0;0;0;0;0;0;1;0;0;0;0
11/03/2023;06:38:00;25;Sem vítima;401,000;BR-101/ES;Crescente;Choque;1;0;0;0;0;0;0;0;0;0;1;0;0;0;0
11/03/2023;07:11:00;31;Com vítima;123,000;BR-101/ES;Crescente;Saída de pista;1;0;0;0;0;0;0;0;0;0;0;1;0;0;0
11/03/2023;08:09:00;42;Sem vítima;231,000;BR-101/ES;Decrescente;Colisão lateral em sentido contrário;1;0;0;0;0;1;0;0;0;0;1;0;0;0;0
11/03/2023;11:44:00;96;Sem vítima;146,000;BR-101/ES;Decrescente;Colisão traseira;1;0;0;0;0;0;0;0;0;0;1;0;0;0;0
11/03/2023;12:27:00;103;Com vítima;149,000;BR-101/ES;Crescente;Colisão transversal;0;0;0;0;0;0;0;0;0;1;1;0;0;0;0
11/03/2023;12:54:00;106;Sem vítima;262,000;BR-101/ES;Decrescente;Colisão lateral no mesmo sentido;1;0;0;0;0;0;0;0;0;0;0;0;0;0;0
11/03/2023;15:28:00;130;Sem vítima;120,500;BR-101/ES;Crescente;Engavetamento;0;0;1;0;0;0;0;0;0;0;1;0;0;0;0
11/03/2023;16:20:00;145;Sem vítima;265,000;BR-101/ES;Decrescente;Colisão traseira;1;0;0;0;0;0;0;0;0;0;1;0;0;0;0
12/03/2023;00:53:00;6;Com vítima;21,000;BR-101/ES;Crescente;Atropelamento de animal;0;0;0;1;0;0;0;0;0;0;0;0;1;0;0
12/03/2023;04:31:00;14;Sem vítima;355,000;BR-101/ES;Crescente;Atropelamento de animal;0;0;0;0;0;0;0;0;0;0;0;0;0;0;0
12/03/2023;05:28:00;18;Com vítima;31,000;BR-101/ES;Crescente;Atropelamento de pedestre;0;0;1;0;0;0;0;0;0;0;1;0;0;1;0
12/03/2023;05:49:00;21;Com vítima;205,035;BR-101/ES;Decrescente;Atropelamento de animal;0;0;0;0;0;0;0;0;0;0;0;0;0;0;0
12/03/2023;08:15:00;34;Com vítima;144,000;BR-101/ES;Decrescente;Colisão lateral no mesmo sentido;0;0;0;1;0;1;0;0;0;0;0;0;1;0;0
12/03/2023;08:26:00;39;Com vítima;84,950;BR-101/ES;Crescente;Colisão lateral no mesmo sentido;0;0;0;0;0;0;0;0;0;1;1;0;0;0;0
12/03/2023;12:43:00;68;Sem vítima;454,000;BR-101/ES;Crescente;Saída de pista;1;0;0;0;0;0;0;0;0;0;1;0;0;0;0
12/03/2023;15:59:00;97;Com vítima;263,000;BR-101/ES;Crescente;Queda de moto;0;0;0;1;0;0;0;0;0;0;0;2;0;0;0
12/03/2023;16:53:00;115;Com vítima;321,500;BR-101/ES;Decrescente;Choque;0;0;0;0;0;0;0;0;0;1;1;0;0;0;0
12/03/2023;17:34:00;124;Com vítima;301,000;BR-101/ES;Crescente;Queda de moto;0;0;0;1;0;0;0;0;0;0;0;0;1;0;0
12/03/2023;19:41:00;149;Com vítima;66,000;BR-101/ES;Crescente;Colisão transversal;1;0;0;0;0;0;0;0;0;0;1;0;0;0;0
13/03/2023;03:52:00;10;Com vítima;240,000;BR-101/ES;Crescente;Saída de pista;1;0;0;0;0;0;0;0;0;0;0;0;1;0;0
13/03/2023;04:52:00;13;Sem vítima;31,000;BR-101/ES;Crescente;Colisão traseira;0;0;0;0;0;1;0;0;0;1;1;0;0;0;0
13/03/2023;07:39:00;36;Sem vítima;279,000;BR-101/ES;Decrescente;Capotamento;1;0;0;0;0;0;0;0;0;0;1;0;0;0;0
13/03/2023;08:53:00;51;Com vítima;268,900;BR-101/ES;Crescente;Atropelamento de pedestre;0;0;0;1;0;0;0;0;0;0;1;0;1;0;0
13/03/2023;08:55:00;52;Sem vítima;291,000;BR-101/ES;Decrescente;Colisão traseira;1;0;0;0;0;0;0;0;0;0;1;0;0;0;0
13/03/2023;11:00:00;75;Sem vítima;284,000;BR-101/ES;Decrescente;Colisão lateral no mesmo sentido;0;0;1;0;0;0;0;0;0;0;1;0;0;0;0
13/03/2023;18:10:00;117;Com vítima;293,700;BR-101/ES;Crescente;Atropelamento de pedestre;0;0;0;0;0;0;0;0;0;0;0;0;0;1;0
13/03/2023;18:57:00;124;Com vítima;289,000;BR-101/ES;Crescente;Colisão lateral no mesmo sentido;0;0;0;1;0;0;0;0;0;0;0;0;1;0;0
14/03/2023;18:22:00;129;Com vítima;68,500;BR-101/ES;Decrescente;Atropelamento de ciclista;0;1;0;0;0;0;0;0;0;0;0;1;0;0;0
14/03/2023;20:25:00;152;Sem vítima;949,000;BR-101/ES;Decrescente;Saída de pista;1;0;0;0;0;0;0;0;0;0;1;0;0;0;0
14/03/2023;21:23:00;165;Sem vítima;286,000;BR-101/ES;Crescente;Choque;1;0;0;0;0;0;0;0;0;0;1;0;0;0;0
14/03/2023;22:31:00;166;Sem vítima;289,000;BR-101/ES;Crescente;Saída de pista;1;0;0;0;0;0;0;0;0;0;1;0;0;0;0