data;horario;n_da_ocorrencia;tipo_de_ocorrencia;km;trecho;sentido;tipo_de_acidente;automovel;bicicleta;caminhao;moto;onibus;outros;tracao_animal;transporte_de_cargas_especiais;trator_maquinas;utilitarios;ilesos;levemente_feridos;moderadamente_feridos;gravemente_feridos;mortos
31/03/2023;17:35:00;150;Com vítima;13,500;BR-101/ES;Crescente;Queda de bicicleta;0;1;0;0;0;0;0;0;0;0;0;1;0;0;0
31/03/2023;21:15:00;191;Sem vítima;393,000;BR-101/ES;Decrescente;Choque;1;0;0;0;0;0;0;0;0;0;1;0;0;0;0
31/03/2023;23:24:00;203;Com vítima;165,000;BR-101/ES;Crescente;Queda de bicicleta;0;0;0;0;0;1;0;0;0;0;0;0;0;0;0
01/04/2023;04:23:00;14;Com vítima;302,000;BR-101/ES;Crescente;Choque;1;0;0;0;0;0;0;0;0;0;0;1;0;0;0
01/04/2023;05:36:00;21;Com vítima;299,100;BR-101/ES;Crescente;Atropelamento de pedestre;0;0;0;0;0;0;0;0;0;0;0;0;0;0;1
01/04/2023;05:51:00;23;Com vítima;372,000;BR-101/ES;Decrescente;Choque;0;0;1;0;0;0;0;0;0;0;0;0;1;0;0
01/04/2023;06:02:00;24;Sem vítima;295,000;BR-101/ES;Crescente;Choque;0;0;1;0;0;0;0;0;0;0;1;0;0;0;0
01/04/2023;07:17:00;32;Sem vítima;263,000;BR-101/ES;Crescente;Colisão traseira;1;0;0;0;0;0;0;0;0;0;1;0;0;0;0
01/04/2023;09:38:00;64;Com vítima;178,200;BR-101/ES;Crescente;Colisão lateral em sentido contrário;0;0;1;0;0;0;0;0;0;0;1;0;0;0;0
01/04/2023;11:44:00;80;Sem vítima;268,000;BR-101/ES;Decrescente;Engavetamento;1;0;0;0;0;0;0;0;0;0;1;0;0;0;0
01/04/2023;13:11:00;89;Sem vítima;339,000;BR-101/ES;Crescente;Queda de moto;0;0;0;1;0;0;0;0;0;0;1;0;0;0;0
01/04/2023;14:49:00;99;Com vítima;139,500;BR-101/ES;Decrescente;Colisão transversal;1;0;0;1;0;0;0;0;0;0;1;0;1;0;0
01/04/2023;15:25:00;107;Com vítima;259,000;BR-101/ES;Crescente;Colisão frontal;1;0;0;0;0;0;0;0;0;0;0;2;0;0;0
01/04/2023;16:00:00;115;Sem vítima;229,000;BR-101/ES;Decrescente;Colisão transversal;1;0;0;0;0;0;0;0;0;0;1;0;0;0;0
01/04/2023;16:18:00;119;Sem vítima;350,000;BR-101/ES;Crescente;Saída de pista;0;0;1;0;0;0;0;0;0;0;1;0;0;0;0
01/04/2023;16:47:00;126;Com vítima;293,000;BR-101/ES;Crescente;Colisão lateral no mesmo sentido;0;0;0;0;0;1;0;0;0;0;0;0;0;0;0
01/04/2023;18:15:00;134;Com vítima;270,000;BR-101/ES;Decrescente;Colisão transversal;1;0;0;0;0;0;0;0;0;0;1;0;0;0;0
01/04/2023;18:38:00;138;Com vítima;214,000;BR-101/ES;Decrescente;Colisão transversal;1;0;0;0;0;1;0;0;0;0;1;1;0;0;0
01/04/2023;19:15:00;144;Com vítima;131,200;BR-101/ES;Decrescente;Colisão frontal;1;0;0;0;0;0;0;0;0;0;0;0;0;0;1
01/04/2023;19:23:00;145;Sem vítima;177,000;BR-101/ES;Decrescente;Colisão lateral em sentido contrário;1;0;0;0;0;0;0;0;0;0;1;0;0;0;0
01/04/2023;20:13:00;150;Sem vítima;293,000;BR-101/ES;Decrescente;Choque;1;0;0;0;0;0;0;0;0;0;1;0;0;0;0
01/04/2023;22:49:00;163;Sem vítima;146,700;BR-101/ES;Crescente;Colisão traseira;0;0;0;0;0;1;0;0;0;0;0;0;0;0;0
02/04/2023;03:47:00;8;Com vítima;37,400;BR-101/ES;Decrescente;Capotamento;1;0;0;0;0;0;0;0;0;0;1;1;0;0;0
02/04/2023;05:59:00;18;Sem vítima;287,000;BR-101/ES;Decrescente;Choque;1;0;0;0;0;0;0;0;0;0;1;0;0;0;0
02/04/2023;08:01:00;29;Sem vítima;269,000;BR-101/ES;Decrescente;Colisão lateral no mesmo sentido;1;0;0;0;0;0;0;0;0;0;1;0;0;0;0
02/04/2023;09:24:00;41;Com vítima;92,400;BR-101/ES;Crescente;Queda de moto;0;0;0;1;0;0;0;0;0;0;0;1;0;0;0
02/04/2023;10:28:00;51;Sem vítima;257,300;BR-101/ES;Crescente;Colisão lateral no mesmo sentido;0;0;0;0;0;0;0;0;0;1;1;0;0;0;0
02/04/2023;13:07:00;69;Com vítima;186,200;BR-101/ES;Crescente;Choque;1;0;0;0;0;0;0;0;0;0;0;1;1;0;0
02/04/2023;13:22:00;67;Sem vítima;102,100;BR-101/ES;Decrescente;Colisão traseira;1;0;0;0;0;0;0;0;0;0;1;0;0;0;0
02/04/2023;15:39:00;75;Sem vítima;388,500;BR-101/ES;Decrescente;Choque;0;0;0;0;0;1;0;0;0;0;0;0;0;0;0
02/04/2023;18:44:00;95;Sem vítima;33,400;BR-101/ES;Decrescente;Colisão lateral no mesmo sentido;0;0;0;0;0;1;0;0;0;0;0;0;0;0;0
02/04/2023;18:57:00;97;Com vítima;228,700;BR-101/ES;Crescente;Atropelamento de pedestre;0;0;0;0;0;0;0;0;0;0;0;1;0;0;0
02/04/2023;19:30:00;101;Com vítima;68,000;BR-101/ES;Decrescente;Atropelamento de ciclista;0;1;0;0;0;0;0;0;0;0;0;1;0;0;0
02/04/2023;21:04:00;113;Com vítima;257,000;BR-101/ES;Crescente;Colisão transversal;0;0;0;0;0;1;0;0;0;0;0;0;0;0;0
03/04/2023;00:36:00;1;Sem vítima;287,000;BR-101/ES;Crescente;Choque;1;0;0;0;0;0;0;0;0;0;1;0;0;0;0
03/04/2023;08:13:00;34;Sem vítima;304,000;BR-101/ES;Crescente;Queda de moto;1;0;0;0;0;0;0;0;0;0;1;0;0;0;0
03/04/2023;16:18:00;117;Com vítima;297,500;BR-101/ES;Crescente;Colisão traseira;0;0;1;1;0;0;0;0;0;0;1;1;0;0;0
03/04/2023;16:50:00;121;Sem vítima;388,000;BR-101/ES;Crescente;Queda de moto;0;0;0;1;0;0;0;0;0;0;1;0;0;0;0
03/04/2023;17:39:00;125;Com vítima;296,100;BR-101/ES;Decrescente;Colisão lateral no mesmo sentido;0;0;0;1;0;0;0;0;0;0;1;0;0;0;0
04/04/2023;02:55:00;3;Sem vítima;267,680;BR-101/ES;Decrescente;Colisão lateral no mesmo sentido;0;0;0;0;0;1;0;0;0;0;0;0;0;0;0
04/04/2023;10:12:00;74;Sem vítima;156,000;BR-101/ES;Decrescente;Colisão lateral em sentido contrário;1;0;0;0;0;0;0;0;0;0;1;0;0;0;0
04/04/2023;11:03:00;84;Com vítima;8,300;BR-101/ES;Crescente;Tombamento;0;0;0;0;0;1;0;0;0;0;0;1;0;0;0
04/04/2023;11:30:00;90;Com vítima;435,000;BR-101/ES;Decrescente;Colisão lateral em sentido contrário;0;0;0;1;0;1;0;0;0;0;1;0;0;1;0
04/04/2023;13:50:00;104;Sem vítima;263,000;BR-101/ES;Crescente;Colisão traseira;1;0;0;0;0;1;0;0;0;0;2;0;0;0;0
04/04/2023;14:11:00;110;Sem vítima;263,000;BR-101/ES;Crescente;Colisão traseira;1;0;0;0;0;1;0;0;0;0;1;0;0;0;0
04/04/2023;18:53:00;159;Sem vítima;290,700;BR-101/ES;Decrescente;Colisão lateral no mesmo sentido;1;0;0;0;0;0;0;0;0;0;1;0;0;0;0
04/04/2023;19:18:00;163;Com vítima;150,000;BR-101/ES;Decrescente;Atropelamento de ciclista;0;0;0;0;0;1;0;0;0;0;0;0;0;0;0
04/04/2023;20:39:00;174;Com vítima;141,000;BR-101/ES;Decrescente;Atropelamento de ciclista;0;1;0;0;0;0;0;0;0;0;0;0;0;1;0
04/04/2023;22:25:00;186;Com vítima;358,000;BR-101/ES;Crescente;Colisão traseira;0;0;1;0;0;0;0;0;0;0;1;0;0;0;0
04/04/2023;23:08:00;188;Com vítima;101,800;BR-101/ES;Decrescente;Capotamento;0;0;0;0;0;0;0;0;0;1;0;1;0;0;0
05/04/2023;07:52:00;31;Com vítima;269,800;BR-101/ES;Decrescente;Engavetamento;0;0;1;0;0;0;0;0;0;0;1;0;0;0;0
05/04/2023;07:58:00;33;Com vítima;270,400;BR-101/ES;Crescente;Colisão traseira;0;0;0;1;0;0;0;0;0;0;0;1;0;0;0
05/04/2023;08:33:00;45;Sem vítima;270,800;BR-101/ES;Decrescente;Colisão lateral no mesmo sentido;0;0;0;1;0;0;0;0;0;0;1;0;0;0;0
05/04/2023;12:54:00;82;Com vítima;210,000;BR-101/ES;Decrescente;Colisão lateral no mesmo sentido;0;0;0;0;0;1;0;0;0;0;1;0;0;0;0
05/04/2023;14:54:00;98;Sem vítima;320,800;BR-101/ES;Crescente;Colisão lateral no mesmo sentido;0;0;0;0;1;0;0;0;0;0;1;0;0;0;0
05/04/2023;18:31:00;126;Sem vítima;344,000;BR-101/ES;Crescente;Choque;1;0;0;0;0;0;0;0;0;0;1;0;0;0;0
05/04/2023;19:35:00;135;Sem vítima;265,000;BR-101/ES;Decrescente;Engavetamento;0;0;0;0;0;1;0;0;0;0;0;0;0;0;0
05/04/2023;23:15:00;157;Sem vítima;276,000;BR-101/ES;Crescente;Colisão traseira;0;0;0;0;0;1;0;0;0;0;0;0;0;0;0
06/04/2023;03:36:00;10;Sem vítima;265,300;BR-101/ES;Decrescente;Colisão lateral em sentido contrário;1;0;0;0;0;0;0;0;0;0;0;0;0;0;0
06/04/2023;05:11:00;20;Sem vítima;223,000;BR-101/ES;Crescente;Choque;1;0;0;0;0;0;0;0;0;0;1;0;0;0;0
06/04/2023;05:26:00;21;Com vítima;212,150;BR-101/ES;Crescente;Colisão traseira;0;0;0;0;0;1;0;0;0;0;1;0;0;0;0
06/04/2023;07:08:00;28;Sem vítima;315,000;BR-101/ES;Decrescente;Saída de pista;1;0;0;0;0;0;0;0;0;0;1;0;0;0;0
06/04/2023;08:19:00;44;Sem vítima;287,000;BR-101/ES;Crescente;Queda de moto;0;0;0;1;0;0;0;0;0;0;1;0;0;0;0
06/04/2023;08:29:00;46;Sem vítima;223,800;BR-101/ES;Crescente;Colisão traseira;1;0;0;0;0;0;0;0;0;0;1;0;0;0;0
06/04/2023;08:52:00;51;Com vítima;270,000;BR-101/ES;Decrescente;Engavetamento;1;0;1;0;0;0;0;0;0;0;2;0;0;0;0
06/04/2023;10:01:00;60;Com vítima;37,700;BR-101/ES;Decrescente;Colisão transversal;0;0;0;1;0;0;0;0;0;0;0;0;1;0;0
06/04/2023;11:09:00;73;Sem vítima;101,000;BR-101/ES;Crescente;Colisão traseira;1;0;0;0;0;0;0;0;0;0;1;0;0;0;0
06/04/2023;11:56:00;78;Sem vítima;401,000;BR-101/ES;Decrescente;Engavetamento;1;0;0;0;0;0;0;0;0;0;1;0;0;0;0
06/04/2023;12:32:00;83;Sem vítima;324,000;BR-101/ES;Crescente;Choque;1;0;0;0;0;0;0;0;0;0;1;0;0;0;0
06/04/2023;12:37:00;84;Sem vítima;344,800;BR-101/ES;Decrescente;Choque;0;0;0;0;0;0;0;0;0;1;1;0;0;0;0
06/04/2023;12:55:00;88;Sem vítima;5,400;BR-101/ES;Crescente;Capotamento;1;0;0;0;0;0;0;0;0;0;1;0;0;0;0
06/04/2023;17:32:00;131;Sem vítima;230,000;BR-101/ES;Crescente;Colisão frontal;0;0;0;0;0;1;0;0;0;0;0;0;0;0;0
06/04/2023;18:25:00;140;Sem vítima;65,000;BR-101/ES;Crescente;Engavetamento;1;0;0;0;0;0;0;0;0;0;1;0;0;0;0
06/04/2023;21:01:00;168;Com vítima;258,500;BR-101/ES;Crescente;Atropelamento de animal;0;0;0;0;0;0;0;0;0;0;0;0;0;0;0
07/04/2023;04:01:00;23;Com vítima;28,000;BR-101/ES;Decrescente;Atropelamento de ciclista;0;0;0;0;0;1;0;0;0;0;0;0;0;0;0
07/04/2023;05:08:00;28;Sem vítima;127,000;BR-101/ES;Crescente;Colisão traseira;1;0;0;0;0;0;0;0;0;0;1;0;0;0;0
07/04/2023;07:46:00;54;Sem vítima;461,000;BR-101/ES;Crescente;Choque;1;0;0;0;0;0;0;0;0;0;1;0;0;0;0
07/04/2023;08:51:00;67;Com vítima;269,000;BR-101/ES;Decrescente;Engavetamento;1;0;0;0;0;0;0;0;0;0;0;0;1;0;0
07/04/2023;10:08:00;77;Com vítima;270,700;BR-101/ES;Decrescente;Colisão lateral no mesmo sentido;1;0;0;0;0;0;0;0;0;0;1;0;0;0;0
07/04/2023;11:28:00;93;Sem vítima;265,000;BR-101/ES;Decrescente;Colisão transversal;0;0;0;1;0;0;0;0;0;0;1;0;0;0;0
07/04/2023;11:56:00;98;Sem vítima;258,900;BR-101/ES;Decrescente;Choque;0;0;0;0;0;0;0;0;0;0;0;0;0;0;0
07/04/2023;17:24:00;129;Sem vítima;351,000;BR-101/ES;Crescente;Saída de pista;1;0;0;0;0;0;0;0;0;0;1;0;0;0;0
08/04/2023;05:40:00;16;Com vítima;149,500;BR-101/ES;Crescente;Colisão lateral no mesmo sentido;1;0;0;0;0;0;0;0;0;0;0;1;0;0;0
08/04/2023;07:10:00;22;Sem vítima;371,000;BR-101/ES;Crescente;Colisão transversal;1;0;0;0;0;0;0;0;0;0;1;0;0;0;0
08/04/2023;13:14:00;79;Com vítima;266,000;BR-101/ES;Crescente;Queda de moto;0;0;0;1;0;0;0;0;0;0;0;0;1;0;0
08/04/2023;13:33:00;83;Sem vítima;205,000;BR-101/ES;Decrescente;Colisão transversal;0;0;0;1;0;0;0;0;0;0;1;0;0;0;0
08/04/2023;16:04:00;108;Sem vítima;391,800;BR-101/ES;Crescente;Saída de pista;1;0;0;0;0;0;0;0;0;0;1;0;0;0;0
08/04/2023;18:11:00;133;Sem vítima;313,000;BR-101/ES;Decrescente;Choque;1;0;0;0;0;0;0;0;0;0;1;0;0;0;0
08/04/2023;18:54:00;138;Com vítima;295,000;BR-101/ES;Decrescente;Queda de moto;0;0;0;1;0;0;0;0;0;0;0;0;1;0;0
08/04/2023;21:42:00;175;Sem vítima;270,000;BR-101/ES;Decrescente;Colisão lateral no mesmo sentido;1;0;0;0;0;0;0;0;0;0;1;0;0;0;0
08/04/2023;23:13:00;179;Sem vítima;71,000;BR-101/ES;Crescente;Saída de pista;0;0;0;0;0;0;0;0;0;1;1;0;0;0;0
08/04/2023;23:27:00;185;Sem vítima;292,000;BR-101/ES;Decrescente;Choque;0;0;0;0;0;1;0;0;0;0;1;0;0;0;0
09/04/2023;02:23:00;7;Sem vítima;0,800;BR-101/ES;Crescente;Colisão traseira;0;0;1;0;0;0;0;0;0;0;1;0;0;0;0
09/04/2023;07:32:00;22;Com vítima;947,000;BR-101/ES;Crescente;Queda de moto;0;0;0;1;0;0;0;0;0;0;0;1;0;0;0
09/04/2023;13:29:00;79;Sem vítima;387,900;BR-101/ES;Decrescente;Saída de pista;1;0;0;0;0;0;0;0;0;0;1;0;0;0;0
09/04/2023;14:03:00;86;Sem vítima;5,400;Contorno de Iconha/ES;Decrescente;Choque;1;0;0;0;0;0;0;0;0;0;1;0;0;0;0
09/04/2023;15:38:00;114;Sem vítima;388,000;BR-101/ES;Crescente;Colisão traseira;0;0;1;0;0;0;0;0;0;0;1;0;0;0;0
09/04/2023;16:00:00;120;Sem vítima;220,000;BR-101/ES;Decrescente;Colisão traseira;1;0;0;0;0;0;0;0;0;0;1;0;0;0;0
09/04/2023;16:42:00;130;Sem vítima;381,000;BR-101/ES;Crescente;Engavetamento;0;0;0;0;0;1;0;0;0;0;0;0;0;0;0
09/04/2023;17:07:00;132;Sem vítima;1,500;Contorno de Iconha/ES;Crescente;Saída de pista;1;0;0;0;0;0;0;0;0;0;1;0;0;0;0
09/04/2023;17:17:00;136;Com vítima;208,000;BR-101/ES;Crescente;Engavetamento;2;0;0;0;0;0;0;0;0;0;3;0;0;0;0
09/04/2023;17:22:00;138;Sem vítima;414,000;BR-101/ES;Crescente;Colisão lateral em sentido contrário;1;0;0;0;0;0;0;0;0;0;0;0;0;0;0
09/04/2023;18:48:00;160;Com vítima;270,000;BR-101/ES;Crescente;Colisão transversal;0;0;0;0;0;1;0;0;0;0;0;0;0;0;0
09/04/2023;19:36:00;169;Sem vítima;266,000;BR-101/ES;Decrescente;Colisão transversal;2;0;0;0;0;0;0;0;0;0;2;0;0;0;0
09/04/2023;20:00:00;173;Sem vítima;3,000;Contorno de Iconha/ES;Crescente;Choque;1;0;0;0;0;0;0;0;0;0;0;0;0;0;0
09/04/2023;20:49:00;181;Sem vítima;394,000;BR-101/ES;Decrescente;Queda de moto;0;0;0;1;0;0;0;0;0;0;1;0;0;0;0
09/04/2023;21:45:00;196;Sem vítima;141,000;BR-101/ES;Decrescente;Queda de bicicleta;0;1;0;0;0;0;0;0;0;0;1;0;0;0;0
10/04/2023;04:34:00;17;Sem vítima;407,000;BR-101/ES;Crescente;Capotamento;1;0;0;0;0;0;0;0;0;0;1;0;0;0;0
10/04/2023;09:28:00;68;Sem vítima;329,000;BR-101/ES;Decrescente;Colisão lateral no mesmo sentido;0;0;0;0;0;1;0;0;0;0;1;0;0;0;0
10/04/2023;12:07:00;91;Sem vítima;228,300;BR-101/ES;Crescente;Saída de pista;0;0;1;0;0;0;0;0;0;0;1;0;0;0;0
10/04/2023;17:32:00;129;Sem vítima;267,700;BR-101/ES;Decrescente;Colisão frontal;0;0;0;1;0;0;0;0;0;0;1;0;0;0;0
11/04/2023;06:16:00;16;Com vítima;123,500;BR-101/ES;Decrescente;Atropelamento de ciclista;0;1;1;0;0;0;0;0;0;0;0;1;0;0;1
11/04/2023;07:50:00;25;Sem vítima;257,500;BR-101/ES;Crescente;Choque;1;0;0;0;0;0;0;0;0;0;1;0;0;0;0
11/04/2023;09:31:00;47;Sem vítima;394,500;BR-101/ES;Crescente;Colisão traseira;1;0;0;0;0;0;0;0;0;0;1;0;0;0;0
11/04/2023;09:33:00;48;Sem vítima;287,100;BR-101/ES;Crescente;Engavetamento;1;0;0;0;0;0;0;0;0;0;1;0;0;0;0
11/04/2023;11:28:00;74;Sem vítima;307,000;BR-101/ES;Crescente;Choque;0;0;1;0;0;0;0;0;0;0;1;0;0;0;0
11/04/2023;11:48:00;78;Com vítima;266,300;BR-101/ES;Crescente;Colisão traseira;0;0;0;1;0;0;0;0;0;0;0;0;0;1;0
11/04/2023;11:50:00;79;Sem vítima;221,000;BR-101/ES;Decrescente;Colisão lateral no mesmo sentido;0;0;1;0;0;0;0;0;0;0;1;0;0;0;0
11/04/2023;12:12:00;84;Sem vítima;266,300;BR-101/ES;Crescente;Colisão traseira;0;0;0;0;0;0;0;0;0;1;1;0;0;0;0
11/04/2023;16:15:00;120;Sem vítima;281,000;BR-101/ES;Crescente;Colisão lateral no mesmo sentido;0;0;0;0;0;1;0;0;0;0;1;0;0;0;0
11/04/2023;22:19:00;164;Sem vítima;272,000;BR-101/ES;Decrescente;Choque;0;0;0;1;0;0;0;0;0;0;2;0;0;0;0
12/04/2023;00:02:00;1;Sem vítima;141,000;BR-101/ES;Decrescente;Colisão traseira;0;0;0;0;0;1;0;0;0;0;2;0;0;0;0
12/04/2023;00:14:00;2;Sem vítima;332,000;BR-101/ES;Crescente;Saída de pista;0;0;1;0;0;0;0;0;0;0;2;0;0;0;0
12/04/2023;07:02:00;28;Com vítima;193,000;BR-101/ES;Decrescente;Colisão traseira;0;0;0;1;0;0;0;0;0;0;0;0;1;0;0
12/04/2023;11:23:00;99;Com vítima;178,000;BR-101/ES;Crescente;Colisão transversal;0;0;0;1;0;0;0;0;0;0;1;0;0;0;0
13/04/2023;00:52:00;4;Sem vítima;945,000;BR-101/ES;Crescente;Saída de pista;1;0;0;0;0;0;0;0;0;0;1;0;0;0;0
13/04/2023;07:31:00;36;Com vítima;386,900;BR-101/ES;Crescente;Colisão traseira;1;0;0;0;0;0;0;0;0;0;1;0;0;0;0
13/04/2023;14:39:00;111;Sem vítima;452,000;BR-101/ES;Decrescente;Colisão traseira;0;0;1;0;0;0;0;0;0;0;0;0;0;0;0
13/04/2023;17:59:00;146;Com vítima;288,800;BR-101/ES;Crescente;Colisão traseira;0;0;0;0;0;1;0;0;0;0;0;0;0;0;0
13/04/2023;18:50:00;158;Sem vítima;400,000;BR-101/ES;Crescente;Colisão lateral em sentido contrário;0;0;0;0;0;1;0;0;0;0;1;0;0;0;0
13/04/2023;19:03:00;159;Com vítima;337,000;BR-101/ES;Decrescente;Queda de moto;0;0;0;1;0;0;0;0;0;0;0;0;0;0;1
13/04/2023;20:25:00;168;Sem vítima;288,000;BR-101/ES;Decrescente;Colisão traseira;1;0;0;0;0;0;0;0;0;0;1;0;0;0;0
13/04/2023;21:41:00;176;Com vítima;82,000;BR-101/ES;Crescente;Atropelamento de animal;0;0;0;0;0;0;0;0;0;0;0;0;0;0;0
14/04/2023;00:47:00;8;Com vítima;415,700;BR-101/ES;Crescente;Colisão traseira;0;0;1;0;0;0;0;0;0;0;0;1;0;0;0
14/04/2023;06:37:00;24;Sem vítima;285,000;BR-101/ES;Decrescente;Queda de moto;0;0;0;1;0;0;0;0;0;0;1;0;0;0;0
14/04/2023;09:34:00;59;Com vítima;264,000;BR-101/ES;Decrescente;Colisão traseira;1;0;0;0;0;0;0;0;0;0;0;1;0;0;0
14/04/2023;10:56:00;70;Sem vítima;212,500;BR-101/ES;Crescente;Colisão traseira;0;0;0;0;0;1;0;0;0;0;1;0;0;0;0
14/04/2023;14:10:00;96;Com vítima;293,000;BR-101/ES;Decrescente;Colisão traseira;0;0;1;0;0;0;0;0;0;0;1;0;0;0;0
14/04/2023;14:30:00;103;Sem vítima;193,000;BR-101/ES;Decrescente;Colisão lateral no mesmo sentido;1;0;0;0;0;0;0;0;0;0;1;0;0;0;0
14/04/2023;14:58:00;109;Sem vítima;361,000;BR-101/ES;Crescente;Tombamento;0;0;0;0;0;1;0;0;0;0;1;0;0;0;0
14/04/2023;15:37:00;114;Com vítima;203,900;BR-101/ES;Crescente;Colisão transversal;0;0;0;1;0;0;0;0;0;0;0;0;1;0;0
14/04/2023;15:46:00;116;Sem vítima;263,800;BR-101/ES;Decrescente;Colisão transversal;1;0;0;0;0;0;0;0;0;0;1;0;0;0;0
14/04/2023;18:46:00;141;Sem vítima;283,000;BR-101/ES;Decrescente;Acidentes de outra natureza;0;0;0;0;0;1;0;0;0;0;1;0;0;0;0
14/04/2023;19:15:00;147;Sem vítima;70,000;BR-101/ES;Decrescente;Colisão traseira;0;0;0;0;0;1;0;0;0;0;0;0;0;0;0
14/04/2023;20:21:00;160;Sem vítima;435,000;BR-101/ES;Decrescente;Saída de pista;1;0;0;0;0;0;0;0;0;0;1;0;0;0;0
14/04/2023;21:06:00;166;Com vítima;301,000;BR-101/ES;Crescente;Atropelamento de pedestre;0;0;0;0;0;0;0;0;0;0;0;0;1;0;0
14/04/2023;22:38:00;178;Sem vítima;124,000;BR-101/ES;Decrescente;Atropelamento de animal;1;0;0;0;0;0;0;0;0;0;1;0;0;0;0
15/04/2023;02:44:00;7;Com vítima;147,200;BR-101/ES;Decrescente;Colisão transversal;1;0;0;0;0;0;0;0;0;0;1;0;0;0;0
15/04/2023;02:51:00;8;Sem vítima;262,000;BR-101/ES;Decrescente;Colisão traseira;1;0;0;0;0;0;0;0;0;0;1;0;0;0;0
15/04/2023;04:02:00;12;Sem vítima;320,000;BR-101/ES;Crescente;Acidentes de outra natureza;0;0;0;0;0;1;0;0;0;0;1;0;0;0;0
15/04/2023;04:06:00;13;Sem vítima;344,000;BR-101/ES;Crescente;Choque;1;0;0;0;0;0;0;0;0;0;1;0;0;0;0
15/04/2023;06:58:00;24;Sem vítima;360,000;BR-101/ES;Decrescente;Colisão traseira;0;0;1;0;0;0;0;0;0;0;1;0;0;0;0
15/04/2023;13:01:00;81;Sem vítima;330,000;BR-101/ES;Crescente;Queda de moto;0;0;0;1;0;0;0;0;0;0;1;0;0;0;0
15/04/2023;13:09:00;82;Com vítima;204,000;BR-101/ES;Crescente;Colisão transversal;1;0;0;0;0;0;0;0;0;0;1;0;0;0;0
15/04/2023;15:54:00;113;Com vítima;256,600;BR-101/ES;Decrescente;Colisão transversal;0;0;0;0;0;0;0;0;0;1;1;0;0;0;0
15/04/2023;16:06:00;115;Sem vítima;286,000;BR-101/ES;Crescente;Choque;1;0;0;0;0;0;0;0;0;0;1;0;0;0;0
15/04/2023;16:26:00;118;Sem vítima;283,000;BR-101/ES;Crescente;Choque;1;0;0;0;0;0;0;0;0;0;1;0;0;0;0
15/04/2023;16:53:00;121;Sem vítima;266,000;BR-101/ES;Decrescente;Colisão traseira;1;0;0;0;0;0;0;0;0;0;1;0;0;0;0
15/04/2023;19:19:00;139;Com vítima;273,000;BR-101/ES;Decrescente;Saída de pista;0;0;0;0;1;0;0;0;0;0;0;0;1;0;0
15/04/2023;20:49:00;150;Com vítima;289,000;BR-101/ES;Crescente;Choque;1;0;0;0;0;0;0;0;0;0;0;1;0;0;0
16/04/2023;15:50:00;94;Com vítima;266,000;BR-101/ES;Decrescente;Atropelamento de pedestre;0;0;0;0;0;0;0;0;0;0;0;1;0;0;0
16/04/2023;16:58:00;102;Sem vítima;257,000;BR-101/ES;Crescente;Colisão traseira;1;0;0;0;0;0;0;0;0;0;1;0;0;0;0
16/04/2023;18:09:00;117;Com vítima;32,000;BR-101/ES;Decrescente;Colisão transversal;1;0;0;0;0;0;0;0;0;0;1;0;0;0;0
16/04/2023;22:23:00;145;Com vítima;301,500;BR-101/ES;Crescente;Colisão lateral no mesmo sentido;0;0;0;1;0;0;0;0;0;0;0;0;0;0;1
17/04/2023;12:37:00;70;Sem vítima;264,000;BR-101/ES;Decrescente;Colisão lateral no mesmo sentido;0;0;0;0;0;1;0;0;0;0;1;0;0;0;0
18/04/2023;02:41:00;6;Com vítima;269,000;BR-101/ES;Decrescente;Colisão transversal;0;0;0;1;0;0;0;0;0;0;0;0;0;0;1
18/04/2023;03:56:00;8;Com vítima;266,500;BR-101/ES;Decrescente;Colisão transversal;0;0;1;0;0;0;0;0;0;0;1;0;0;0;0
18/04/2023;05:24:00;11;Sem vítima;203,000;BR-101/ES;Decrescente;Choque;1;0;0;0;0;0;0;0;0;0;1;0;0;0;0
18/04/2023;08:14:00;27;Com vítima;414,000;BR-101/ES;Decrescente;Colisão traseira;0;0;0;1;0;0;0;0;0;0;0;0;1;0;0
18/04/2023;10:52:00;68;Sem vítima;389,000;BR-101/ES;Crescente;Colisão traseira;0;0;0;0;0;0;0;0;0;1;1;0;0;0;0
18/04/2023;11:37:00;75;Com vítima;287,000;BR-101/ES;Crescente;Colisão traseira;1;0;0;0;0;0;0;0;0;0;0;0;0;1;0
18/04/2023;12:47:00;87;Sem vítima;256,300;BR-101/ES;Decrescente;Colisão traseira;0;0;0;0;0;0;0;0;0;1;1;0;0;0;0
18/04/2023;12:47:00;88;Com vítima;121,700;BR-101/ES;Crescente;Capotamento;0;0;0;0;0;0;0;0;0;1;1;0;0;0;0
18/04/2023;16:39:00;128;Sem vítima;254,500;BR-101/ES;Crescente;Colisão traseira;1;0;0;0;0;0;0;0;0;0;1;0;0;0;0
18/04/2023;17:38:00;137;Sem vítima;297,000;BR-101/ES;Crescente;Colisão traseira;0;0;0;0;0;1;0;0;0;0;1;0;0;0;0
18/04/2023;18:19:00;145;Com vítima;267,000;BR-101/ES;Decrescente;Colisão lateral no mesmo sentido;0;0;0;1;0;0;0;0;0;0;0;0;1;0;0