data;horario;n_da_ocorrencia;tipo_de_ocorrencia;km;trecho;sentido;tipo_de_acidente;automovel;bicicleta;caminhao;moto;onibus;outros;tracao_animal;transporte_de_cargas_especiais;trator_maquinas;utilitarios;ilesos;levemente_feridos;moderadamente_feridos;gravemente_feridos;mortos
18/04/2023;18:47:00;146;Sem vítima;339,000;BR-101/ES;Decrescente;Saída de pista;1;0;0;0;0;0;0;0;0;0;1;0;0;0;0
18/04/2023;19:22:00;150;Com vítima;267,000;BR-101/ES;Crescente;Saída de pista;1;0;0;0;0;0;0;0;0;0;0;1;0;0;0
18/04/2023;22:21:00;172;Com vítima;295,000;BR-101/ES;Decrescente;Atropelamento de animal;0;0;0;0;0;0;0;0;0;0;0;0;0;0;0
19/04/2023;02:50:00;8;Sem vítima;302,000;BR-101/ES;Decrescente;Choque;0;0;0;0;0;1;0;0;0;0;1;0;0;0;0
19/04/2023;07:38:00;32;Com vítima;204,000;BR-101/ES;Crescente;Colisão traseira;0;0;1;0;0;0;0;0;0;0;1;0;0;0;0
19/04/2023;07:42:00;35;Com vítima;255,180;BR-101/ES;Crescente;Engavetamento;1;0;0;0;0;0;0;0;0;0;0;1;0;0;0
19/04/2023;12:43:00;90;Com vítima;302,900;BR-101/ES;Crescente;Colisão traseira;0;0;0;1;0;0;0;0;0;0;0;0;1;0;0
19/04/2023;14:06:00;101;Sem vítima;237,500;BR-101/ES;Crescente;Colisão traseira;1;0;0;0;0;0;0;0;0;0;1;0;0;0;0
19/04/2023;14:12:00;103;Sem vítima;297,000;BR-101/ES;Crescente;Colisão traseira;0;0;0;0;0;1;0;0;0;0;1;0;0;0;0
19/04/2023;15:03:00;112;Sem vítima;296,100;BR-101/ES;Crescente;Saída de pista;0;0;0;0;0;1;0;0;0;0;1;0;0;0;0
19/04/2023;15:04:00;113;Com vítima;368,500;BR-101/ES;Decrescente;Tombamento;0;0;0;0;0;1;0;0;0;0;0;0;1;0;0
19/04/2023;15:34:00;120;Com vítima;143,000;BR-101/ES;Decrescente;Colisão lateral no mesmo sentido;0;0;0;1;0;0;0;0;0;0;0;1;0;0;0
19/04/2023;16:33:00;131;Sem vítima;269,600;BR-101/ES;Decrescente;Acidentes de outra natureza;0;0;0;0;0;0;0;0;0;1;1;0;0;0;0
19/04/2023;18:05:00;145;Com vítima;297,000;BR-101/ES;Crescente;Colisão traseira;1;0;0;1;0;0;0;0;0;0;1;1;0;0;0
19/04/2023;20:42:00;169;Com vítima;220,000;BR-101/ES;Crescente;Colisão lateral no mesmo sentido;0;0;0;0;0;0;0;0;0;1;1;0;0;0;0
20/04/2023;01:09:00;5;Sem vítima;132,000;BR-101/ES;Crescente;Choque;0;0;1;0;0;0;0;0;0;0;0;0;0;0;0
20/04/2023;05:01:00;17;Sem vítima;262,500;BR-101/ES;Decrescente;Colisão lateral no mesmo sentido;1;0;0;0;0;0;0;0;0;0;1;0;0;0;0
20/04/2023;05:24:00;18;Com vítima;67,500;BR-101/ES;Crescente;Colisão transversal;0;0;0;0;1;0;0;0;0;0;1;0;0;0;0
20/04/2023;05:30:00;20;Sem vítima;267,000;BR-101/ES;Decrescente;Choque;1;0;0;0;0;0;0;0;0;0;1;0;0;0;0
20/04/2023;09:11:00;61;Sem vítima;283,000;BR-101/ES;Decrescente;Colisão traseira;0;0;1;0;0;0;0;0;0;0;1;0;0;0;0
20/04/2023;10:08:00;74;Com vítima;3,000;BR-101/ES;Crescente;Choque;0;0;1;0;0;0;0;0;0;0;1;0;0;0;0
20/04/2023;11:44:00;89;Sem vítima;254,000;BR-101/ES;Crescente;Colisão traseira;1;0;0;0;0;0;0;0;0;0;1;0;0;0;0
20/04/2023;15:25:00;117;Com vítima;93,000;BR-101/ES;Decrescente;Saída de pista;0;0;1;0;0;0;0;0;0;0;0;1;0;0;0
20/04/2023;17:02:00;141;Com vítima;297,000;BR-101/ES;Crescente;Engavetamento;1;0;0;0;0;0;0;0;0;0;1;0;0;0;0
20/04/2023;17:38:00;143;Com vítima;276,000;BR-101/ES;Decrescente;Colisão transversal;0;0;0;1;0;0;0;0;0;0;0;0;0;0;1
20/04/2023;17:48:00;146;Sem vítima;226,000;BR-101/ES;Crescente;Choque;0;0;1;0;0;0;0;0;0;0;1;0;0;0;0
20/04/2023;18:27:00;153;Com vítima;337,500;BR-101/ES;Crescente;Atropelamento de pedestre;0;0;0;0;0;0;0;0;0;0;1;0;0;0;0
21/04/2023;03:06:00;8;Sem vítima;328,000;BR-101/ES;Decrescente;Saída de pista;1;0;0;0;0;0;0;0;0;0;1;0;0;0;0
21/04/2023;05:12:00;12;Sem vítima;262,000;BR-101/ES;Decrescente;Colisão lateral no mesmo sentido;0;1;0;0;0;0;0;0;0;0;1;0;0;0;0
21/04/2023;06:04:00;17;Com vítima;203,000;BR-101/ES;Crescente;Colisão transversal;0;0;0;1;0;0;0;0;0;0;0;1;0;0;0
21/04/2023;11:11:00;61;Com vítima;268,400;BR-101/ES;Decrescente;Choque;0;0;1;0;0;0;0;0;0;0;1;0;0;0;0
21/04/2023;11:46:00;68;Sem vítima;213,000;BR-101/ES;Crescente;Colisão traseira;1;0;0;0;0;0;0;0;0;0;1;0;0;0;0
21/04/2023;11:51:00;69;Com vítima;343,000;BR-101/ES;Crescente;Saída de pista;1;0;0;0;0;0;0;0;0;0;0;0;1;0;0
21/04/2023;13:56:00;81;Sem vítima;941,000;BR-101/ES;Decrescente;Saída de pista;0;0;0;1;0;0;0;0;0;0;1;0;0;0;0
21/04/2023;18:45:00;122;Com vítima;265,800;BR-101/ES;Decrescente;Colisão traseira;0;0;1;0;0;0;0;0;0;0;1;0;0;0;0
21/04/2023;19:25:00;126;Sem vítima;266,000;BR-101/ES;Crescente;Colisão transversal;0;0;1;0;0;0;0;0;0;0;1;0;0;0;0
21/04/2023;19:33:00;128;Com vítima;287,000;BR-101/ES;Crescente;Capotamento;1;0;0;0;0;0;0;0;0;0;0;0;0;1;0
21/04/2023;20:18:00;130;Sem vítima;66,000;BR-101/ES;Crescente;Colisão traseira;1;0;0;0;0;0;0;0;0;0;1;0;0;0;0
22/04/2023;00:47:00;3;Com vítima;383,600;BR-101/ES;Decrescente;Tombamento;0;0;0;0;0;1;0;0;0;0;0;1;0;0;0
22/04/2023;08:41:00;29;Com vítima;383,600;BR-101/ES;Decrescente;Queda de moto;0;0;0;1;0;0;0;0;0;0;0;0;1;0;0
22/04/2023;11:56:00;52;Com vítima;200,300;BR-101/ES;Decrescente;Queda de moto;0;0;0;1;0;0;0;0;0;0;0;1;0;0;0
22/04/2023;16:10:00;71;Com vítima;181,000;BR-101/ES;Crescente;Colisão frontal;1;0;0;0;0;0;0;0;0;0;1;0;0;0;0
22/04/2023;21:16:00;94;Com vítima;343,000;BR-101/ES;Decrescente;Choque;0;0;0;1;0;0;0;0;0;0;1;0;0;0;0
22/04/2023;21:26:00;95;Sem vítima;71,000;BR-101/ES;Crescente;Colisão traseira;1;0;0;0;0;0;0;0;0;0;1;0;0;0;0
23/04/2023;06:45:00;13;Com vítima;236,700;BR-101/ES;Crescente;Choque;0;0;0;1;0;0;0;0;0;0;0;0;0;1;0
23/04/2023;07:37:00;18;Sem vítima;294,000;BR-101/ES;Crescente;Colisão lateral no mesmo sentido;1;0;0;0;0;0;0;0;0;0;1;0;0;0;0
23/04/2023;10:39:00;39;Com vítima;74,300;BR-101/ES;Crescente;Colisão traseira;0;0;0;0;0;1;0;0;0;0;1;0;0;0;0
23/04/2023;11:05:00;42;Com vítima;41,000;BR-101/ES;Decrescente;Colisão transversal;1;0;0;0;0;0;0;0;0;0;1;0;0;0;0
23/04/2023;13:04:00;58;Sem vítima;146,000;BR-101/ES;Crescente;Colisão transversal;1;0;0;0;0;0;0;0;0;0;1;0;0;0;0
23/04/2023;14:03:00;63;Sem vítima;265,800;BR-101/ES;Crescente;Colisão lateral no mesmo sentido;0;0;0;1;0;0;0;0;0;0;1;0;0;0;0
23/04/2023;15:44:00;75;Sem vítima;452,500;BR-101/ES;Decrescente;Saída de pista;1;0;0;0;0;0;0;0;0;0;1;0;0;0;0
23/04/2023;16:29:00;86;Com vítima;275,300;BR-101/ES;Decrescente;Capotamento;1;0;0;0;0;0;0;0;0;0;1;0;0;0;0
23/04/2023;17:08:00;97;Com vítima;35,800;BR-101/ES;Decrescente;Colisão lateral no mesmo sentido;0;0;0;0;0;1;0;0;0;0;1;0;0;0;0
23/04/2023;19:24:00;119;Sem vítima;247,000;BR-101/ES;Crescente;Colisão traseira;1;0;0;0;0;0;0;0;0;0;1;0;0;0;0
24/04/2023;07:21:00;30;Com vítima;71,000;BR-101/ES;Crescente;Colisão traseira;1;0;0;0;0;0;0;0;0;0;0;1;0;0;0
24/04/2023;07:43:00;33;Sem vítima;6,900;Contorno de Iconha/ES;Crescente;Choque;1;0;0;0;0;0;0;0;0;0;1;0;0;0;0
24/04/2023;07:47:00;35;Com vítima;435,000;BR-101/ES;Crescente;Saída de pista;1;0;0;0;0;0;0;0;0;0;0;0;1;0;0
24/04/2023;07:54:00;39;Sem vítima;266,000;BR-101/ES;Decrescente;Colisão lateral no mesmo sentido;1;0;0;0;0;1;0;0;0;0;1;0;0;0;0
24/04/2023;08:04:00;43;Com vítima;155,000;BR-101/ES;Decrescente;Colisão traseira;1;0;0;0;0;0;0;0;0;0;1;0;0;0;0
24/04/2023;08:50:00;57;Com vítima;295,000;BR-101/ES;Decrescente;Colisão lateral no mesmo sentido;0;0;1;0;0;0;0;0;0;0;0;0;1;0;0
24/04/2023;09:37:00;66;Sem vítima;304,360;BR-101/ES;Crescente;Colisão traseira;1;0;0;0;0;0;0;0;0;0;0;0;0;0;0
24/04/2023;09:59:00;75;Sem vítima;269,000;BR-101/ES;Crescente;Colisão traseira;0;0;0;0;0;1;0;0;0;0;1;0;0;0;0
24/04/2023;11:23:00;89;Sem vítima;285,000;BR-101/ES;Decrescente;Colisão lateral no mesmo sentido;0;0;1;0;0;0;0;0;0;0;1;0;0;0;0
24/04/2023;17:20:00;135;Sem vítima;242,000;BR-101/ES;Decrescente;Choque;0;0;0;0;0;0;0;0;0;0;1;0;0;0;0
24/04/2023;18:06:00;141;Com vítima;334,000;BR-101/ES;Decrescente;Atropelamento de animal;0;0;0;0;0;0;0;0;0;0;0;0;0;0;0
24/04/2023;18:20:00;142;Com vítima;66,000;BR-101/ES;Decrescente;Colisão transversal;0;0;0;1;0;0;0;0;0;0;0;1;0;0;0
24/04/2023;18:27:00;144;Com vítima;128,000;BR-101/ES;Decrescente;Queda de moto;0;0;0;1;0;0;0;0;0;0;0;0;1;0;0
25/04/2023;02:11:00;4;Sem vítima;352,400;BR-101/ES;Decrescente;Capotamento;1;0;0;0;0;0;0;0;0;0;1;0;0;0;0
25/04/2023;04:47:00;10;Sem vítima;389,000;BR-101/ES;Crescente;Saída de pista;1;0;0;0;0;0;0;0;0;0;1;0;0;0;0
25/04/2023;06:55:00;21;Com vítima;290,500;BR-101/ES;Decrescente;Colisão traseira;1;0;0;0;0;0;0;0;0;0;1;0;0;0;0
25/04/2023;11:21:00;75;Sem vítima;147,700;BR-101/ES;Decrescente;Colisão lateral no mesmo sentido;1;0;0;0;0;0;0;0;0;0;1;0;0;0;0
25/04/2023;14:11:00;104;Com vítima;284,500;BR-101/ES;Crescente;Tombamento;0;0;0;0;0;1;0;0;0;0;0;1;0;0;0
25/04/2023;14:27:00;106;Sem vítima;264,400;BR-101/ES;Decrescente;Colisão transversal;0;0;0;0;0;0;0;0;0;1;1;0;0;0;0
25/04/2023;15:14:00;113;Com vítima;426,226;BR-101/ES;Crescente;Saída de pista;1;0;0;0;0;0;0;0;0;0;0;1;0;0;0
25/04/2023;16:38:00;123;Sem vítima;401,000;BR-101/ES;Decrescente;Colisão traseira;0;0;1;0;0;0;0;0;0;0;1;0;0;0;0
25/04/2023;20:22:00;146;Sem vítima;110,000;BR-101/ES;Crescente;Colisão traseira;0;0;0;0;0;0;0;0;0;1;1;0;0;0;0
25/04/2023;20:29:00;148;Sem vítima;332,500;BR-101/ES;Crescente;Saída de pista;1;0;0;0;0;0;0;0;0;0;1;0;0;0;0
25/04/2023;23:19:00;159;Sem vítima;370,000;BR-101/ES;Decrescente;Tombamento;0;0;0;0;0;1;0;0;0;0;1;0;0;0;0
25/04/2023;23:33:00;161;Sem vítima;358,000;BR-101/ES;Decrescente;Choque;0;0;0;0;0;1;0;0;0;0;1;0;0;0;0
26/04/2023;14:20:00;104;Sem vítima;291,500;BR-101/ES;Decrescente;Atropelamento de ciclista;0;0;0;0;1;0;0;0;0;0;1;0;0;0;0
26/04/2023;15:35:00;123;Com vítima;254,000;BR-101/ES;Crescente;Colisão traseira;1;0;0;0;0;0;0;0;0;0;1;0;0;0;0
26/04/2023;15:48:00;126;Com vítima;140,100;BR-101/ES;Crescente;Queda de moto;0;0;0;1;0;0;0;0;0;0;0;0;1;0;0
26/04/2023;17:01:00;133;Com vítima;303,800;BR-101/ES;Crescente;Colisão traseira;0;0;1;0;0;0;0;0;0;0;1;0;0;0;0
26/04/2023;17:39:00;139;Com vítima;124,000;BR-101/ES;Decrescente;Queda de moto;0;0;0;1;0;0;0;0;0;0;0;1;0;0;0
26/04/2023;18:20:00;147;Sem vítima;148,000;BR-101/ES;Decrescente;Acidentes de outra natureza;1;0;0;0;0;0;0;0;0;0;1;0;0;0;0
27/04/2023;06:50:00;11;Sem vítima;268,700;BR-101/ES;Crescente;Colisão lateral no mesmo sentido;0;0;0;1;0;0;0;0;0;0;1;0;0;0;0
27/04/2023;09:52:00;52;Sem vítima;272,000;BR-101/ES;Crescente;Choque;0;0;0;0;0;1;0;0;0;0;1;0;0;0;0
27/04/2023;12:34:00;73;Com vítima;269,000;BR-101/ES;Crescente;Colisão lateral no mesmo sentido;0;0;0;0;0;0;0;0;0;1;1;0;0;0;0
27/04/2023;15:46:00;96;Sem vítima;53,000;BR-101/ES;Crescente;Saída de pista;0;0;0;0;0;1;0;0;0;0;1;0;0;0;0
27/04/2023;18:35:00;120;Com vítima;269,000;BR-101/ES;Decrescente;Colisão traseira;0;0;0;1;0;0;0;0;0;0;1;0;0;0;0
27/04/2023;19:13:00;124;Sem vítima;293,000;BR-101/ES;Crescente;Engavetamento;1;0;0;0;0;0;0;0;0;0;1;0;0;0;0
27/04/2023;19:35:00;126;Com vítima;73,200;BR-101/ES;Decrescente;Queda de moto;0;0;0;1;0;0;0;0;0;0;0;1;0;0;0
27/04/2023;23:33:00;151;Sem vítima;417,000;BR-101/ES;Decrescente;Engavetamento;1;0;0;0;0;0;0;0;0;0;2;0;0;0;0
28/04/2023;06:01:00;18;Com vítima;270,000;BR-101/ES;Crescente;Colisão lateral no mesmo sentido;0;0;0;1;0;0;0;0;0;0;0;0;1;0;0
28/04/2023;06:17:00;20;Com vítima;269,000;BR-101/ES;Crescente;Queda de moto;0;0;0;1;0;0;0;0;0;0;0;1;0;0;0
28/04/2023;06:47:00;24;Sem vítima;396,000;BR-101/ES;Decrescente;Colisão traseira;0;0;0;0;0;1;0;0;0;0;1;0;0;0;0
28/04/2023;09:10:00;56;Com vítima;268,000;BR-101/ES;Crescente;Atropelamento de pedestre;0;0;0;0;0;0;0;0;0;0;0;0;1;0;0
28/04/2023;09:36:00;62;Com vítima;143,000;BR-101/ES;Decrescente;Saída de pista;1;0;0;0;0;0;0;0;0;0;0;0;1;0;0
28/04/2023;10:27:00;74;Sem vítima;66,000;BR-101/ES;Crescente;Choque;0;0;0;1;0;0;0;0;0;0;1;0;0;0;0
28/04/2023;12:58:00;99;Sem vítima;322,000;BR-101/ES;Decrescente;Choque;0;0;1;0;0;0;0;0;0;0;1;0;0;0;0
28/04/2023;13:00:00;100;Sem vítima;257,000;BR-101/ES;Crescente;Colisão transversal;1;0;0;0;1;0;0;0;0;0;1;0;0;0;0
28/04/2023;13:54:00;108;Com vítima;280,000;BR-101/ES;Crescente;Saída de pista;1;0;0;0;0;0;0;0;0;0;0;0;1;0;0
28/04/2023;14:02:00;110;Sem vítima;413,000;BR-101/ES;Crescente;Colisão traseira;0;0;0;1;0;0;0;0;0;0;1;0;0;0;0
28/04/2023;15:20:00;125;Sem vítima;255,000;BR-101/ES;Decrescente;Colisão transversal;0;0;0;1;0;0;0;0;0;0;1;0;0;0;0
28/04/2023;16:54:00;147;Com vítima;262,300;BR-101/ES;Decrescente;Colisão lateral no mesmo sentido;0;0;0;1;0;0;0;0;0;0;0;0;1;0;0
28/04/2023;17:49:00;158;Sem vítima;43,000;BR-101/ES;Decrescente;Queda de moto;0;0;0;1;0;0;0;0;0;0;1;0;0;0;0
28/04/2023;17:54:00;160;Sem vítima;392,000;BR-101/ES;Decrescente;Colisão transversal;1;0;0;0;0;0;0;0;0;0;1;0;0;0;0
28/04/2023;17:59:00;162;Com vítima;147,000;BR-101/ES;Decrescente;Atropelamento de pedestre;0;0;0;0;0;0;0;0;0;0;0;1;0;0;0
28/04/2023;19:09:00;171;Sem vítima;361,000;BR-101/ES;Crescente;Saída de pista;1;0;0;0;0;0;0;0;0;0;0;0;0;0;0
28/04/2023;22:35:00;201;Sem vítima;246,000;BR-101/ES;Crescente;Colisão lateral no mesmo sentido;0;0;1;0;0;0;0;0;0;0;1;0;0;0;0
28/04/2023;23:55:00;208;Com vítima;314,600;BR-101/ES;Decrescente;Tombamento;0;0;0;0;0;1;0;0;0;0;0;1;0;0;0
29/04/2023;00:02:00;2;Com vítima;116,000;BR-101/ES;Crescente;Saída de pista;0;0;1;0;0;0;0;0;0;0;0;0;1;0;0
29/04/2023;02:46:00;9;Com vítima;186,000;BR-101/ES;Decrescente;Queda de moto;0;0;0;1;0;0;0;0;0;0;0;1;0;0;0
29/04/2023;03:57:00;12;Com vítima;187,000;BR-101/ES;Crescente;Atropelamento de animal;0;0;0;0;0;0;0;0;0;0;0;0;0;0;0
29/04/2023;12:02:00;78;Sem vítima;135,400;BR-101/ES;Crescente;Colisão lateral no mesmo sentido;0;0;0;0;0;0;0;0;1;0;1;0;0;0;0
29/04/2023;14:47:00;103;Com vítima;260,000;BR-101/ES;Crescente;Queda de moto;0;0;0;1;0;0;0;0;0;0;0;0;1;0;0
29/04/2023;16:29:00;113;Sem vítima;452,000;BR-101/ES;Decrescente;Colisão traseira;1;0;1;0;0;0;0;0;0;0;2;0;0;0;0
29/04/2023;17:13:00;119;Sem vítima;270,600;BR-101/ES;Crescente;Engavetamento;1;0;0;0;0;0;0;0;0;0;1;0;0;0;0
29/04/2023;19:19:00;138;Com vítima;148,000;BR-101/ES;Decrescente;Colisão transversal;0;0;0;1;0;0;0;0;0;0;0;0;0;1;0
30/04/2023;04:03:00;9;Sem vítima;268,000;BR-101/ES;Crescente;Colisão transversal;0;0;1;0;0;0;0;0;0;0;1;0;0;0;0
30/04/2023;06:02:00;14;Sem vítima;160,000;BR-101/ES;Decrescente;Saída de pista;1;0;0;0;0;0;0;0;0;0;1;0;0;0;0
30/04/2023;10:50:00;38;Com vítima;75,400;BR-101/ES;Decrescente;Saída de pista;0;0;0;0;0;0;0;0;0;1;1;0;0;0;0
30/04/2023;11:36:00;42;Sem vítima;3,000;Contorno de Iconha/ES;Crescente;Choque;1;0;0;0;0;0;0;0;0;0;1;0;0;0;0
30/04/2023;11:49:00;45;Com vítima;299,800;BR-101/ES;Crescente;Queda de moto;0;0;0;1;0;0;0;0;0;0;0;0;1;0;0
30/04/2023;13:15:00;57;Sem vítima;327,000;BR-101/ES;Decrescente;Colisão frontal;1;0;0;0;0;0;0;0;0;0;1;0;0;0;0
30/04/2023;15:37:00;77;Sem vítima;363,000;BR-101/ES;Crescente;Colisão frontal;1;0;0;0;0;0;0;0;0;0;1;0;0;0;0
30/04/2023;17:50:00;105;Sem vítima;209,200;BR-101/ES;Crescente;Tombamento;1;0;0;0;0;0;0;0;0;0;1;0;0;0;0
30/04/2023;18:46:00;115;Sem vítima;209,000;BR-101/ES;Crescente;Colisão lateral em sentido contrário;1;0;0;0;0;0;0;0;0;0;1;0;0;0;0
01/05/2023;01:51:00;7;Com vítima;285,000;BR-101/ES;Crescente;Atropelamento de animal;1;0;0;0;0;0;0;0;0;0;0;0;1;0;0
01/05/2023;02:47:00;10;Com vítima;145,200;BR-101/ES;Decrescente;Colisão traseira;0;0;0;1;0;0;0;0;0;0;0;0;0;0;1
01/05/2023;10:25:00;45;Sem vítima;396,000;BR-101/ES;Crescente;Colisão lateral no mesmo sentido;0;0;0;0;0;1;0;0;0;0;1;0;0;0;0
01/05/2023;10:36:00;47;Com vítima;207,900;BR-101/ES;Crescente;Colisão lateral no mesmo sentido;1;0;0;0;0;0;0;0;0;0;2;0;0;0;0
01/05/2023;15:42:00;81;Sem vítima;252,500;BR-101/ES;Crescente;Colisão traseira;1;0;0;0;0;1;0;0;0;0;1;0;0;0;0
01/05/2023;17:35:00;99;Sem vítima;227,600;BR-101/ES;Crescente;Colisão traseira;1;0;0;0;0;0;0;0;0;0;1;0;0;0;0
01/05/2023;17:42:00;101;Sem vítima;340,000;BR-101/ES;Decrescente;Choque;1;0;0;0;0;0;0;0;0;0;1;0;0;0;0
01/05/2023;23:17:00;150;Sem vítima;295,000;BR-101/ES;Crescente;Acidentes de outra natureza;1;0;0;0;0;0;0;0;0;0;0;0;0;0;0
02/05/2023;09:00:00;56;Sem vítima;269,000;BR-101/ES;Decrescente;Colisão traseira;0;0;0;0;0;1;0;0;0;0;1;0;0;0;0
02/05/2023;10:02:00;68;Sem vítima;269,000;BR-101/ES;Decrescente;Colisão traseira;0;0;0;1;0;0;0;0;0;0;1;0;0;0;0
02/05/2023;10:13:00;73;Sem vítima;268,000;BR-101/ES;Crescente;Colisão traseira;1;0;0;0;0;0;0;0;0;0;1;0;0;0;0
02/05/2023;10:24:00;77;Com vítima;391,000;BR-101/ES;Crescente;Tombamento;0;0;0;0;0;1;0;0;0;0;0;0;1;0;0
02/05/2023;14:03:00;118;Sem vítima;260,000;BR-101/ES;Decrescente;Colisão lateral no mesmo sentido;1;0;0;0;0;0;0;0;0;0;1;0;0;0;0
02/05/2023;17:17:00;159;Sem vítima;279,000;BR-101/ES;Crescente;Colisão transversal;0;0;0;0;0;1;0;0;0;0;1;0;0;0;0
02/05/2023;17:32:00;165;Com vítima;255,000;BR-101/ES;Crescente;Queda de moto;0;0;0;1;0;0;0;0;0;0;0;0;1;0;0
02/05/2023;18:27:00;170;Com vítima;151,000;BR-101/ES;Crescente;Queda de moto;0;0;0;1;0;0;0;0;0;0;0;1;0;0;0
02/05/2023;19:57:00;186;Com vítima;67,000;BR-101/ES;Decrescente;Colisão traseira;0;0;0;1;0;0;0;0;0;0;0;1;0;0;0
03/05/2023;04:51:00;11;Com vítima;119,000;BR-101/ES;Crescente;Capotamento;1;0;0;0;0;0;0;0;0;0;1;0;0;0;0
03/05/2023;10:59:00;74;Com vítima;296,800;BR-101/ES;Decrescente;Choque;0;0;0;1;0;0;0;0;0;0;0;0;1;0;0
03/05/2023;12:42:00;87;Com vítima;435,000;BR-101/ES;Crescente;Saída de pista;0;0;1;0;0;0;0;0;0;0;0;1;0;0;0
03/05/2023;12:51:00;91;Sem vítima;76,000;BR-101/ES;Decrescente;Colisão lateral no mesmo sentido;0;0;0;0;1;0;0;0;0;0;1;0;0;0;0
03/05/2023;13:34:00;95;Sem vítima;277,000;BR-101/ES;Crescente;Engavetamento;1;0;0;0;0;0;0;0;0;0;1;0;0;0;0
03/05/2023;14:16:00;100;Sem vítima;197,000;BR-101/ES;Decrescente;Saída de pista;1;0;0;0;0;0;0;0;0;0;1;0;0;0;0
03/05/2023;16:43:00;128;Com vítima;77,600;BR-101/ES;Crescente;Colisão traseira;0;0;0;1;0;0;0;0;0;0;0;1;0;0;0
03/05/2023;18:40:00;158;Com vítima;265,500;BR-101/ES;Decrescente;Colisão lateral em sentido contrário;0;0;0;0;1;0;0;0;0;0;1;0;0;0;0
03/05/2023;21:48:00;170;Sem vítima;262,000;BR-101/ES;Crescente;Colisão transversal;0;0;0;1;0;0;0;0;0;0;1;0;0;0;0
04/05/2023;06:24:00;19;Com vítima;343,400;BR-101/ES;Crescente;Queda de bicicleta;0;1;0;0;0;0;0;0;0;0;0;1;0;0;0
04/05/2023;06:51:00;23;Com vítima;303,600;BR-101/ES;Crescente;Colisão traseira;0;0;0;1;0;0;0;0;0;0;0;0;1;0;0
04/05/2023;08:28:00;50;Sem vítima;268,000;BR-101/ES;Crescente;Colisão traseira;0;0;0;0;1;0;0;0;0;0;1;0;0;0;0
04/05/2023;11:23:00;71;Sem vítima;385,800;BR-101/ES;Crescente;Saída de pista;0;0;0;0;0;1;0;0;0;0;1;0;0;0;0
04/05/2023;14:05:00;93;Com vítima;291,500;BR-101/ES;Crescente;Colisão lateral no mesmo sentido;0;0;0;0;0;1;0;0;0;0;0;0;0;0;0
04/05/2023;15:53:00;109;Com vítima;436,000;BR-101/ES;Crescente;Queda de bicicleta;0;1;0;0;0;0;0;0;0;0;0;1;0;0;0
04/05/2023;17:15:00;121;Com vítima;215,000;BR-101/ES;Crescente;Colisão traseira;1;0;0;0;0;0;0;0;0;0;0;0;1;0;0
04/05/2023;18:54:00;137;Com vítima;263,300;BR-101/ES;Decrescente;Colisão lateral no mesmo sentido;0;0;0;1;0;0;0;0;0;0;0;0;1;0;0
04/05/2023;23:00:00;157;Sem vítima;263,000;BR-101/ES;Decrescente;Choque;1;0;0;0;0;0;0;0;0;0;1;0;0;0;0
04/05/2023;23:03:00;158;Sem vítima;284,000;BR-101/ES;Crescente;Choque;1;0;0;0;0;0;0;0;0;0;1;0;0;0;0
04/05/2023;23:14:00;161;Sem vítima;140,000;BR-101/ES;Crescente;Saída de pista;1;0;0;0;0;0;0;0;0;0;1;0;0;0;0
05/05/2023;03:35:00;7;Sem vítima;263,000;BR-101/ES;Decrescente;Choque;1;0;0;0;0;0;0;0;0;0;1;0;0;0;0
05/05/2023;10:18:00;68;Sem vítima;283,000;BR-101/ES;Decrescente;Colisão lateral no mesmo sentido;0;0;0;1;0;0;0;0;0;0;1;0;0;0;0
05/05/2023;16:24:00;122;Com vítima;268,000;BR-101/ES;Crescente;Colisão traseira;0;0;0;1;0;0;0;0;0;0;0;1;0;0;0
05/05/2023;18:06:00;141;Sem vítima;288,000;BR-101/ES;Crescente;Colisão traseira;0;0;0;0;0;0;0;0;0;0;0;0;0;0;0
05/05/2023;18:47:00;149;Com vítima;296,800;BR-101/ES;Decrescente;Colisão traseira;1;0;0;0;0;0;0;0;0;0;0;0;1;0;0
05/05/2023;23:19:00;184;Com vítima;297,500;BR-101/ES;Crescente;Atropelamento de ciclista;0;0;0;0;0;1;0;0;0;0;0;0;0;0;0
06/05/2023;03:50:00;17;Sem vítima;290,000;BR-101/ES;Crescente;Choque;1;0;0;0;0;0;0;0;0;0;1;0;0;0;0
06/05/2023;06:20:00;27;Com vítima;301,000;BR-101/ES;Decrescente;Queda de moto;0;0;0;0;1;0;0;0;0;0;1;0;0;0;0
06/05/2023;10:50:00;68;Com vítima;62,700;BR-101/ES;Decrescente;Colisão traseira;0;0;0;1;0;0;0;0;0;0;0;0;1;0;0
06/05/2023;11:26:00;75;Sem vítima;287,900;BR-101/ES;Decrescente;Colisão lateral no mesmo sentido;1;0;0;0;0;0;0;0;0;0;1;0;0;0;0
06/05/2023;13:58:00;102;Com vítima;386,500;BR-101/ES;Crescente;Atropelamento de ciclista;0;1;0;0;0;0;0;0;0;0;0;0;1;0;0
06/05/2023;19:26:00;147;Sem vítima;139,000;BR-101/ES;Crescente;Colisão lateral no mesmo sentido;1;0;0;0;0;0;0;0;0;1;2;0;0;0;0