data;horario;n_da_ocorrencia;tipo_de_ocorrencia;km;trecho;sentido;tipo_de_acidente;automovel;bicicleta;caminhao;moto;onibus;outros;tracao_animal;transporte_de_cargas_especiais;trator_maquinas;utilitarios;ilesos;levemente_feridos;moderadamente_feridos;gravemente_feridos;mortos
06/05/2023;22:24:00;161;Com vítima;269,000;BR-101/ES;Decrescente;Colisão lateral em sentido contrário;1;0;0;0;0;0;0;0;0;0;1;0;0;0;0
06/05/2023;22:50:00;166;Com vítima;144,000;BR-101/ES;Decrescente;Colisão transversal;1;0;0;0;0;0;0;0;0;0;2;0;0;0;0
07/05/2023;00:43:00;4;Com vítima;340,000;BR-101/ES;Crescente;Colisão traseira;0;0;0;1;0;2;0;0;0;0;1;0;0;1;0
07/05/2023;01:58:00;8;Sem vítima;146,500;BR-101/ES;Crescente;Choque;1;0;0;0;0;0;0;0;0;0;1;0;0;0;0
07/05/2023;08:18:00;17;Sem vítima;268,500;BR-101/ES;Crescente;Colisão traseira;0;0;0;0;0;1;0;0;0;0;1;0;0;0;0
07/05/2023;12:03:00;71;Sem vítima;79,000;BR-101/ES;Crescente;Colisão traseira;1;0;0;0;0;0;0;0;0;0;3;0;0;0;0
07/05/2023;17:10:00;125;Com vítima;15,000;BR-101/ES;Crescente;Colisão traseira;0;0;1;0;0;0;0;0;0;0;1;0;0;0;0
07/05/2023;17:36:00;132;Sem vítima;289,000;BR-101/ES;Decrescente;Capotamento;1;0;0;0;0;0;0;0;0;0;1;0;0;0;0
07/05/2023;18:22:00;139;Com vítima;205,000;BR-101/ES;Crescente;Atropelamento de ciclista;0;1;0;0;0;0;0;0;0;0;0;0;1;0;0
07/05/2023;18:37:00;140;Com vítima;325,000;BR-101/ES;Decrescente;Choque;0;0;0;0;0;1;0;0;0;0;0;0;0;0;0
07/05/2023;22:25:00;166;Com vítima;272,000;BR-101/ES;Decrescente;Queda de moto;0;0;0;1;0;0;0;0;0;0;0;0;1;0;0
07/05/2023;23:58:00;178;Sem vítima;294,000;BR-101/ES;Decrescente;Choque;1;0;0;0;0;0;0;0;0;0;1;0;0;0;0
08/05/2023;00:38:00;4;Com vítima;344,000;BR-101/ES;Decrescente;Atropelamento de animal;0;0;0;0;0;0;0;0;0;0;0;0;0;0;0
08/05/2023;00:47:00;6;Com vítima;223,000;BR-101/ES;Decrescente;Colisão lateral em sentido contrário;0;0;1;0;0;0;0;0;0;0;1;0;0;0;0
08/05/2023;06:34:00;25;Com vítima;221,000;BR-101/ES;Decrescente;Queda de moto;0;0;0;1;0;0;0;0;0;0;0;0;1;0;0
08/05/2023;07:41:00;34;Sem vítima;262,200;BR-101/ES;Crescente;Colisão traseira;1;0;0;0;0;0;0;0;0;0;1;0;0;0;0
08/05/2023;09:37:00;52;Sem vítima;269,000;BR-101/ES;Decrescente;Colisão lateral no mesmo sentido;0;0;0;0;0;1;0;0;0;0;1;0;0;0;0
08/05/2023;09:54:00;56;Com vítima;285,000;BR-101/ES;Crescente;Colisão frontal;0;0;0;0;0;0;0;0;0;1;0;0;1;0;0
08/05/2023;10:03:00;58;Sem vítima;146,800;BR-101/ES;Decrescente;Engavetamento;0;0;0;1;0;0;0;0;0;0;1;0;0;0;0
08/05/2023;11:42:00;77;Com vítima;13,700;BR-101/ES;Crescente;Choque;0;0;0;1;0;0;0;0;0;0;0;0;1;0;0
08/05/2023;12:41:00;88;Sem vítima;262,500;BR-101/ES;Decrescente;Choque;0;0;0;0;0;0;0;0;0;1;1;0;0;0;0
08/05/2023;12:50:00;89;Sem vítima;319,000;BR-101/ES;Decrescente;Choque;0;0;0;0;0;0;0;0;0;1;1;0;0;0;0
08/05/2023;13:05:00;93;Com vítima;279,000;BR-101/ES;Decrescente;Choque;1;0;0;0;0;0;0;0;0;0;0;0;1;0;0
08/05/2023;15:20:00;114;Com vítima;284,000;BR-101/ES;Decrescente;Saída de pista;1;0;0;0;0;0;0;0;0;0;0;0;1;0;0
08/05/2023;15:31:00;115;Sem vítima;270,000;BR-101/ES;Crescente;Colisão traseira;0;0;0;0;0;1;0;0;0;0;0;0;0;0;0
08/05/2023;15:44:00;117;Sem vítima;267,000;BR-101/ES;Decrescente;Colisão lateral em sentido contrário;1;0;0;0;0;0;0;0;0;0;1;0;0;0;0
08/05/2023;17:42:00;131;Sem vítima;227,000;BR-101/ES;Decrescente;Colisão traseira;0;0;0;0;0;1;0;0;0;0;0;0;0;0;0
08/05/2023;18:24:00;140;Sem vítima;220,000;BR-101/ES;Crescente;Colisão traseira;0;0;0;0;0;1;0;0;0;0;0;0;0;0;0
08/05/2023;23:45:00;172;Sem vítima;360,000;BR-101/ES;Decrescente;Choque;1;0;0;0;0;0;0;0;0;0;1;0;0;0;0
09/05/2023;06:57:00;17;Com vítima;269,500;BR-101/ES;Decrescente;Queda de moto;0;0;0;0;0;1;0;0;0;0;0;0;0;0;0
09/05/2023;07:18:00;19;Sem vítima;63,300;BR-101/ES;Decrescente;Colisão lateral em sentido contrário;0;0;0;0;1;0;0;0;0;0;1;0;0;0;0
09/05/2023;13:02:00;79;Com vítima;146,300;BR-101/ES;Crescente;Colisão traseira;1;0;0;0;0;0;0;0;0;0;0;1;0;0;0
09/05/2023;13:03:00;80;Sem vítima;273,000;BR-101/ES;Decrescente;Choque;1;0;0;0;0;0;0;0;0;0;1;0;0;0;0
09/05/2023;14:04:00;88;Com vítima;148,000;BR-101/ES;Decrescente;Colisão transversal;0;0;0;0;0;0;0;0;0;1;1;0;0;0;0
09/05/2023;16:28:00;108;Sem vítima;262,000;BR-101/ES;Decrescente;Colisão transversal;1;0;0;0;0;0;0;0;0;0;1;0;0;0;0
09/05/2023;17:29:00;121;Sem vítima;72,000;BR-101/ES;Decrescente;Colisão traseira;0;0;0;0;0;0;0;0;0;1;1;0;0;0;0
09/05/2023;19:47:00;137;Sem vítima;145,000;BR-101/ES;Decrescente;Engavetamento;1;0;0;0;0;0;0;0;0;0;1;0;0;0;0
09/05/2023;20:55:00;144;Com vítima;437,000;BR-101/ES;Crescente;Choque;0;0;0;0;0;1;0;0;0;0;0;1;0;0;0
10/05/2023;00:15:00;2;Sem vítima;388,600;BR-101/ES;Decrescente;Tombamento;0;0;1;0;0;0;0;0;0;0;1;0;0;0;0
10/05/2023;06:36:00;19;Com vítima;268,000;BR-101/ES;Decrescente;Colisão traseira;0;0;0;1;0;0;0;0;0;0;0;1;0;0;0
10/05/2023;06:58:00;22;Sem vítima;253,000;BR-101/ES;Decrescente;Engavetamento;2;0;0;0;0;0;0;0;0;0;2;0;0;0;0
10/05/2023;07:04:00;24;Sem vítima;211,000;BR-101/ES;Decrescente;Colisão lateral no mesmo sentido;0;0;0;0;0;1;0;0;0;0;1;0;0;0;0
10/05/2023;09:24:00;62;Sem vítima;288,000;BR-101/ES;Crescente;Colisão traseira;0;0;1;0;0;0;0;0;0;0;1;0;0;0;0
10/05/2023;10:43:00;79;Com vítima;219,000;BR-101/ES;Decrescente;Colisão traseira;0;0;0;0;0;0;0;0;0;1;1;0;0;0;0
10/05/2023;10:49:00;82;Com vítima;267,000;BR-101/ES;Crescente;Colisão lateral no mesmo sentido;1;0;0;0;0;0;0;0;0;0;1;0;0;0;0
10/05/2023;11:04:00;85;Sem vítima;147,000;BR-101/ES;Decrescente;Colisão traseira;0;0;0;0;0;0;0;0;0;1;1;0;0;0;0
10/05/2023;13:09:00;102;Sem vítima;0,800;BR-101/ES;Crescente;Choque;0;0;0;0;0;1;0;0;0;0;1;0;0;0;0
10/05/2023;14:02:00;109;Sem vítima;233,000;BR-101/ES;Crescente;Colisão traseira;0;0;0;0;0;1;0;0;0;0;0;0;0;0;0
10/05/2023;15:55:00;127;Sem vítima;135,900;BR-101/ES;Crescente;Colisão transversal;0;0;0;0;0;0;0;0;0;1;1;0;0;0;0
10/05/2023;18:03:00;155;Com vítima;331,000;BR-101/ES;Decrescente;Atropelamento de pedestre;0;0;0;0;0;0;0;0;0;0;0;0;1;0;0
10/05/2023;20:25:00;178;Com vítima;367,000;BR-101/ES;Decrescente;Queda de moto;0;0;0;1;0;0;0;0;0;0;0;0;1;0;0
11/05/2023;10:52:00;83;Com vítima;270,000;BR-101/ES;Decrescente;Colisão lateral no mesmo sentido;1;0;0;0;0;1;0;0;0;0;2;0;0;0;0
11/05/2023;11:24:00;89;Com vítima;152,000;BR-101/ES;Crescente;Colisão lateral no mesmo sentido;0;0;0;1;0;0;0;0;0;0;0;0;1;0;0
11/05/2023;11:46:00;93;Com vítima;126,900;BR-101/ES;Crescente;Queda de moto;0;0;0;1;0;0;0;0;0;0;0;1;0;0;0
11/05/2023;15:02:00;129;Com vítima;285,100;BR-101/ES;Crescente;Colisão traseira;0;0;0;1;0;0;0;0;0;0;0;0;1;0;0
11/05/2023;21:52:00;187;Sem vítima;91,000;BR-101/ES;Crescente;Choque;1;0;0;0;0;0;0;0;0;0;1;0;0;0;0
11/05/2023;22:25:00;194;Com vítima;255,000;BR-101/ES;Crescente;Atropelamento de pedestre;0;0;0;0;0;0;0;0;0;0;0;0;0;1;0
12/05/2023;04:24:00;9;Sem vítima;270,000;BR-101/ES;Crescente;Colisão traseira;0;0;0;0;0;1;0;0;0;0;1;0;0;0;0
12/05/2023;04:56:00;12;Com vítima;100,200;BR-101/ES;Crescente;Colisão lateral em sentido contrário;0;0;0;1;0;0;0;0;0;0;0;1;0;0;0
12/05/2023;05:10:00;14;Sem vítima;266,000;BR-101/ES;Decrescente;Colisão traseira;0;0;0;0;0;1;0;0;0;0;1;0;0;0;0
12/05/2023;06:41:00;20;Com vítima;282,000;BR-101/ES;Decrescente;Queda de moto;0;0;0;1;0;0;0;0;0;0;1;0;0;0;0
12/05/2023;07:50:00;30;Sem vítima;140,000;BR-101/ES;Decrescente;Saída de pista;0;0;0;0;0;0;0;0;0;1;1;0;0;0;0
12/05/2023;07:51:00;32;Sem vítima;284,000;BR-101/ES;Decrescente;Choque;0;0;0;0;0;1;0;0;0;0;1;0;0;0;0
12/05/2023;09:34:00;62;Com vítima;212,000;BR-101/ES;Decrescente;Saída de pista;0;0;0;0;0;0;0;0;0;1;1;0;1;0;0
12/05/2023;09:48:00;65;Sem vítima;266,300;BR-101/ES;Decrescente;Colisão traseira;0;0;0;0;0;1;0;0;0;0;0;0;0;0;0
12/05/2023;14:37:00;121;Sem vítima;219,000;BR-101/ES;Crescente;Saída de pista;0;0;1;0;0;0;0;0;0;0;1;0;0;0;0
12/05/2023;14:50:00;125;Com vítima;262,000;BR-101/ES;Crescente;Colisão traseira;0;0;0;1;0;0;0;0;0;0;0;0;1;0;0
12/05/2023;16:32:00;146;Sem vítima;217,000;BR-101/ES;Crescente;Engavetamento;0;0;0;0;0;1;0;0;0;0;0;0;0;0;0
12/05/2023;17:30:00;159;Sem vítima;217,000;BR-101/ES;Decrescente;Engavetamento;0;0;0;0;0;1;0;0;0;0;0;0;0;0;0
12/05/2023;23:35:00;206;Sem vítima;293,000;BR-101/ES;Decrescente;Colisão lateral no mesmo sentido;0;0;0;0;0;1;0;0;0;0;1;0;0;0;0
13/05/2023;00:15:00;3;Com vítima;257,000;BR-101/ES;Crescente;Choque;0;0;0;1;0;0;0;0;0;0;0;1;0;0;0
13/05/2023;06:55:00;12;Sem vítima;282,000;BR-101/ES;Decrescente;Colisão traseira;0;1;0;0;0;0;0;0;0;0;1;0;0;0;0
13/05/2023;07:18:00;16;Com vítima;139,500;BR-101/ES;Crescente;Colisão transversal;0;0;0;1;0;0;0;0;0;0;0;0;1;0;0
13/05/2023;19:16:00;141;Com vítima;311,900;BR-101/ES;Decrescente;Atropelamento de ciclista;0;1;0;0;0;0;0;0;0;0;0;0;0;0;1
14/05/2023;04:45:00;16;Sem vítima;225,000;BR-101/ES;Decrescente;Saída de pista;1;0;0;0;0;0;0;0;0;0;1;0;0;0;0
14/05/2023;04:50:00;17;Sem vítima;210,000;BR-101/ES;Decrescente;Choque;1;0;0;0;0;0;0;0;0;0;1;0;0;0;0
14/05/2023;13:41:00;93;Sem vítima;398,900;BR-101/ES;Crescente;Colisão traseira;0;0;0;0;0;0;0;0;0;1;1;0;0;0;0
14/05/2023;14:53:00;102;Sem vítima;224,000;BR-101/ES;Decrescente;Engavetamento;1;0;0;0;0;0;0;0;0;0;1;0;0;0;0
14/05/2023;16:04:00;128;Sem vítima;256,000;BR-101/ES;Decrescente;Colisão transversal;0;0;0;0;0;1;0;0;0;0;0;0;0;0;0
14/05/2023;19:27:00;167;Com vítima;90,000;BR-101/ES;Crescente;Colisão lateral em sentido contrário;1;0;0;0;0;0;0;0;0;0;0;0;2;0;0
14/05/2023;22:31:00;186;Com vítima;142,000;BR-101/ES;Crescente;Colisão traseira;1;0;0;0;0;0;0;0;0;0;1;0;0;0;0
14/05/2023;22:46:00;187;Com vítima;433,500;BR-101/ES;Decrescente;Queda de moto;0;0;0;1;0;0;0;0;0;0;0;0;0;0;1
15/05/2023;12:42:00;97;Com vítima;66,500;BR-101/ES;Crescente;Colisão lateral no mesmo sentido;0;0;0;1;0;0;0;0;0;0;0;0;1;0;0
15/05/2023;15:41:00;130;Sem vítima;275,400;BR-101/ES;Decrescente;Colisão lateral no mesmo sentido;0;0;1;0;0;0;0;0;0;0;1;0;0;0;0
15/05/2023;17:31:00;149;Com vítima;125,900;BR-101/ES;Decrescente;Colisão transversal;0;0;0;1;0;0;0;0;0;0;0;0;1;0;0
15/05/2023;17:46:00;151;Com vítima;270,900;BR-101/ES;Crescente;Queda de moto;0;1;0;0;0;0;0;0;0;0;0;0;0;0;0
15/05/2023;17:47:00;152;Com vítima;179,000;BR-101/ES;Decrescente;Colisão transversal;1;0;0;1;0;0;0;0;0;0;1;0;1;0;0
15/05/2023;19:55:00;170;Com vítima;295,000;BR-101/ES;Decrescente;Colisão transversal;0;0;0;1;0;0;0;0;0;0;0;0;1;0;0
16/05/2023;07:39:00;39;Com vítima;269,000;BR-101/ES;Decrescente;Colisão lateral no mesmo sentido;1;0;0;0;0;0;0;0;0;0;1;0;0;0;0
16/05/2023;07:52:00;42;Sem vítima;340,000;BR-101/ES;Decrescente;Choque;1;0;0;0;0;0;0;0;0;0;0;0;0;0;0
16/05/2023;09:25:00;67;Sem vítima;191,200;BR-101/ES;Decrescente;Colisão traseira;1;0;0;0;0;0;0;0;0;0;1;0;0;0;0
16/05/2023;10:00:00;72;Sem vítima;260,000;BR-101/ES;Crescente;Tombamento;0;0;0;0;0;1;0;0;0;0;1;0;0;0;0
16/05/2023;12:02:00;94;Sem vítima;221,000;BR-101/ES;Crescente;Colisão traseira;2;0;0;0;0;0;0;0;0;0;2;0;0;0;0
16/05/2023;13:21:00;102;Sem vítima;268,800;BR-101/ES;Crescente;Colisão traseira;1;0;0;0;0;0;0;0;0;0;1;0;0;0;0
16/05/2023;16:35:00;137;Sem vítima;160,300;BR-101/ES;Crescente;Saída de pista;0;0;0;0;0;0;0;0;0;1;1;0;0;0;0
16/05/2023;16:41:00;139;Sem vítima;153,100;BR-101/ES;Crescente;Colisão traseira;2;0;0;0;0;0;0;0;0;0;3;0;0;0;0
16/05/2023;17:03:00;143;Com vítima;418,800;BR-101/ES;Crescente;Colisão lateral no mesmo sentido;0;0;0;0;0;1;0;0;0;0;1;0;0;0;0
16/05/2023;17:20:00;146;Com vítima;259,800;BR-101/ES;Decrescente;Colisão frontal;0;0;0;0;1;0;0;0;0;0;1;0;0;0;0
16/05/2023;20:56:00;172;Com vítima;328,000;BR-101/ES;Decrescente;Queda de moto;0;0;0;1;0;0;0;0;0;0;0;0;1;0;0
16/05/2023;22:08:00;178;Com vítima;351,700;BR-101/ES;Crescente;Colisão lateral em sentido contrário;0;0;0;0;0;1;0;0;0;0;0;0;1;0;0
17/05/2023;06:45:00;21;Com vítima;264,000;BR-101/ES;Decrescente;Colisão transversal;0;0;0;1;0;0;0;0;0;0;0;0;1;0;0
17/05/2023;08:04:00;40;Sem vítima;288,000;BR-101/ES;Crescente;Saída de pista;0;0;1;0;0;0;0;0;0;0;1;0;0;0;0
17/05/2023;11:29:00;79;Sem vítima;68,500;BR-101/ES;Crescente;Colisão transversal;0;0;0;0;0;1;0;0;0;0;1;0;0;0;0
17/05/2023;12:12:00;87;Sem vítima;264,300;BR-101/ES;Decrescente;Colisão traseira;1;0;0;0;0;0;0;0;0;0;1;0;0;0;0
17/05/2023;14:18:00;106;Com vítima;229,300;BR-101/ES;Crescente;Atropelamento de pedestre;0;0;0;0;0;0;0;0;0;0;0;0;1;0;0
17/05/2023;15:57:00;115;Sem vítima;336,000;BR-101/ES;Crescente;Colisão traseira;1;0;0;0;0;0;0;0;0;0;1;0;0;0;0
17/05/2023;16:19:00;121;Sem vítima;266,000;BR-101/ES;Crescente;Colisão traseira;1;0;0;0;0;0;0;0;0;0;1;0;0;0;0
17/05/2023;19:01:00;141;Sem vítima;201,000;BR-101/ES;Crescente;Colisão traseira;0;0;0;1;0;0;0;0;0;0;1;0;0;0;0
17/05/2023;19:58:00;152;Com vítima;229,000;BR-101/ES;Crescente;Colisão traseira;0;0;0;0;0;0;0;0;0;1;1;0;0;0;0
17/05/2023;20:22:00;156;Com vítima;294,000;BR-101/ES;Decrescente;Colisão traseira;1;0;0;0;0;0;0;0;0;0;1;0;0;0;0
18/05/2023;06:06:00;14;Com vítima;62,700;BR-101/ES;Decrescente;Colisão transversal;0;0;0;1;0;0;0;0;0;0;0;1;0;0;0
18/05/2023;06:23:00;15;Com vítima;241,050;BR-101/ES;Crescente;Colisão traseira;0;0;0;0;0;1;0;0;0;0;1;0;0;0;0
18/05/2023;07:15:00;21;Sem vítima;229,000;BR-101/ES;Crescente;Colisão lateral no mesmo sentido;1;0;0;0;0;0;0;0;0;0;1;0;0;0;0
18/05/2023;07:26:00;25;Com vítima;299,800;BR-101/ES;Decrescente;Colisão lateral no mesmo sentido;1;0;0;0;0;0;0;0;0;0;1;0;0;0;0
18/05/2023;08:17:00;44;Com vítima;234,000;BR-101/ES;Decrescente;Saída de pista;1;0;0;0;0;0;0;0;0;0;0;1;0;0;0
18/05/2023;09:01:00;52;Com vítima;291,000;BR-101/ES;Crescente;Colisão transversal;0;0;1;0;0;0;0;0;0;0;1;0;0;0;0
18/05/2023;10:21:00;68;Com vítima;148,000;BR-101/ES;Crescente;Colisão lateral no mesmo sentido;0;0;0;1;0;0;0;0;0;0;0;1;0;0;0
18/05/2023;11:40:00;91;Sem vítima;146,000;BR-101/ES;Decrescente;Colisão traseira;1;0;0;0;0;0;0;0;0;0;1;0;0;0;0
18/05/2023;12:47:00;105;Sem vítima;255,000;BR-101/ES;Decrescente;Engavetamento;1;0;0;0;0;0;0;0;0;0;1;0;0;0;0
18/05/2023;13:26:00;114;Sem vítima;294,000;BR-101/ES;Decrescente;Colisão lateral no mesmo sentido;0;0;1;0;0;0;0;0;0;0;1;0;0;0;0
18/05/2023;13:41:00;115;Sem vítima;101,600;BR-101/ES;Decrescente;Colisão traseira;1;0;0;0;0;0;0;0;0;0;1;0;0;0;0
18/05/2023;15:56:00;132;Sem vítima;270,000;BR-101/ES;Crescente;Colisão lateral no mesmo sentido;0;0;0;1;0;0;0;0;0;0;1;0;0;0;0
18/05/2023;20:06:00;169;Com vítima;160,000;BR-101/ES;Decrescente;Choque;0;0;0;1;0;0;0;0;0;0;0;1;0;0;0
19/05/2023;06:24:00;22;Com vítima;279,000;BR-101/ES;Decrescente;Queda de moto;0;0;0;0;0;1;0;0;0;0;0;0;0;0;0
19/05/2023;07:04:00;31;Com vítima;218,000;BR-101/ES;Decrescente;Queda de moto;0;0;0;1;0;0;0;0;0;0;0;0;1;0;0
19/05/2023;10:17:00;105;Com vítima;428,900;BR-101/ES;Decrescente;Engavetamento;0;0;1;0;0;0;0;0;0;0;0;0;0;0;1
19/05/2023;11:28:00;117;Sem vítima;265,700;BR-101/ES;Decrescente;Colisão traseira;1;0;0;0;0;0;0;0;0;0;1;0;0;0;0
19/05/2023;13:43:00;138;Sem vítima;126,000;BR-101/ES;Decrescente;Colisão traseira;0;0;0;0;0;1;0;0;0;0;1;0;0;0;0
19/05/2023;14:02:00;144;Com vítima;37,000;BR-101/ES;Decrescente;Queda de moto;0;0;0;1;0;0;0;0;0;0;0;0;1;0;0
19/05/2023;15:53:00;167;Com vítima;215,000;BR-101/ES;Decrescente;Colisão transversal;1;0;0;0;0;0;0;0;0;0;1;0;0;0;0
19/05/2023;16:37:00;178;Sem vítima;27,900;BR-101/ES;Crescente;Colisão lateral no mesmo sentido;1;0;0;0;0;0;0;0;0;0;1;0;0;0;0
19/05/2023;16:42:00;181;Com vítima;290,800;BR-101/ES;Decrescente;Colisão traseira;0;0;1;0;0;0;0;0;0;0;1;0;0;0;0
19/05/2023;17:49:00;190;Com vítima;297,000;BR-101/ES;Decrescente;Colisão lateral no mesmo sentido;0;0;0;0;0;1;0;0;0;0;1;0;0;0;0
19/05/2023;18:20:00;197;Sem vítima;277,000;BR-101/ES;Decrescente;Choque;0;0;0;1;0;0;0;0;0;0;1;0;0;0;0
19/05/2023;20:51:00;224;Sem vítima;264,000;BR-101/ES;Crescente;Colisão transversal;1;0;0;0;0;0;0;0;0;0;1;0;0;0;0
19/05/2023;21:21:00;227;Com vítima;271,000;BR-101/ES;Decrescente;Atropelamento de pedestre;0;0;0;0;0;0;0;0;0;0;0;0;1;0;0
20/05/2023;01:59:00;10;Com vítima;162,600;BR-101/ES;Crescente;Colisão frontal;0;0;0;0;0;1;0;0;0;0;1;0;0;0;0
20/05/2023;08:56:00;59;Com vítima;280,800;BR-101/ES;Decrescente;Choque;1;0;0;0;0;0;0;0;0;0;0;0;1;0;0
20/05/2023;09:34:00;64;Sem vítima;171,700;BR-101/ES;Crescente;Colisão traseira;0;0;1;0;0;0;0;0;0;0;1;0;0;0;0
20/05/2023;10:31:00;74;Com vítima;170,900;BR-101/ES;Decrescente;Colisão frontal;0;0;0;0;0;1;0;0;0;0;1;0;0;0;0
20/05/2023;11:12:00;86;Com vítima;132,000;BR-101/ES;Decrescente;Engavetamento;1;0;0;0;0;0;0;0;0;0;1;0;0;0;0
20/05/2023;14:48:00;125;Com vítima;172,200;BR-101/ES;Decrescente;Colisão traseira;1;0;0;0;0;0;0;0;0;0;1;0;0;0;0
20/05/2023;17:56:00;147;Sem vítima;326,000;BR-101/ES;Decrescente;Colisão lateral no mesmo sentido;1;0;0;0;0;0;0;0;0;0;1;0;0;0;0
20/05/2023;20:13:00;168;Com vítima;96,600;BR-101/ES;Decrescente;Queda de moto;0;0;0;1;0;0;0;0;0;0;0;0;1;0;0
20/05/2023;22:27:00;181;Sem vítima;270,000;BR-101/ES;Decrescente;Colisão traseira;1;0;0;0;0;0;0;0;0;0;1;0;0;0;0
21/05/2023;02:21:00;10;Sem vítima;402,000;BR-101/ES;Decrescente;Choque;1;0;0;0;0;0;0;0;0;0;1;0;0;0;0
21/05/2023;06:22:00;25;Sem vítima;189,000;BR-101/ES;Crescente;Choque;0;0;0;0;1;0;0;0;0;0;1;0;0;0;0
21/05/2023;10:00:00;60;Com vítima;230,000;BR-101/ES;Crescente;Colisão traseira;1;0;0;0;0;0;0;0;0;0;1;0;0;0;0
21/05/2023;12:49:00;83;Com vítima;66,500;BR-101/ES;Crescente;Atropelamento de pedestre;0;0;0;0;0;0;0;0;0;0;0;0;1;0;0
21/05/2023;15:37:00;110;Sem vítima;255,000;BR-101/ES;Crescente;Colisão traseira;1;0;0;0;0;0;0;0;0;0;0;0;0;0;0
21/05/2023;15:45:00;112;Sem vítima;254,800;BR-101/ES;Crescente;Engavetamento;0;0;0;0;0;1;0;0;0;0;0;0;0;0;0
21/05/2023;16:11:00;117;Sem vítima;287,000;BR-101/ES;Decrescente;Colisão lateral no mesmo sentido;1;0;0;0;0;0;0;0;0;0;1;0;0;0;0
21/05/2023;17:55:00;130;Sem vítima;253,000;BR-101/ES;Crescente;Colisão traseira;0;0;0;1;0;0;0;0;0;0;1;0;0;0;0
21/05/2023;18:10:00;139;Com vítima;448,000;BR-101/ES;Crescente;Atropelamento de animal;0;0;0;0;0;0;0;0;0;0;0;0;0;0;0
21/05/2023;18:15:00;140;Com vítima;62,500;BR-101/ES;Decrescente;Colisão lateral no mesmo sentido;0;0;1;0;0;0;0;0;0;0;1;0;0;0;0
21/05/2023;18:17:00;142;Com vítima;448,000;BR-101/ES;Crescente;Atropelamento de animal;0;0;0;0;0;0;0;0;0;0;0;0;0;0;0
21/05/2023;19:30:00;152;Sem vítima;374,000;BR-101/ES;Crescente;Atropelamento de animal;1;0;0;0;0;0;0;0;0;0;1;0;0;0;0
22/05/2023;05:21:00;12;Com vítima;263,900;BR-101/ES;Crescente;Colisão transversal;0;0;0;1;0;0;0;0;0;0;0;0;1;0;0
22/05/2023;05:25:00;13;Com vítima;197,800;BR-101/ES;Decrescente;Capotamento;0;0;0;0;0;0;0;0;0;1;0;0;1;0;0
22/05/2023;07:46:00;38;Com vítima;290,200;BR-101/ES;Decrescente;Saída de pista;0;0;0;0;0;1;0;0;0;0;0;1;0;0;0
22/05/2023;08:10:00;46;Com vítima;267,000;BR-101/ES;Crescente;Colisão lateral no mesmo sentido;0;0;0;1;0;0;0;0;0;0;0;0;1;0;0
22/05/2023;08:24:00;49;Com vítima;290,200;BR-101/ES;Decrescente;Colisão traseira;0;0;1;0;0;0;0;0;0;0;1;0;0;0;0
22/05/2023;09:22:00;64;Sem vítima;148,400;BR-101/ES;Crescente;Colisão lateral no mesmo sentido;0;0;0;0;0;0;0;0;0;1;1;0;0;0;0
22/05/2023;09:32:00;68;Sem vítima;312,400;BR-101/ES;Decrescente;Colisão lateral no mesmo sentido;1;0;0;0;0;0;0;0;0;0;1;0;0;0;0
22/05/2023;10:28:00;76;Com vítima;355,900;BR-101/ES;Crescente;Capotamento;1;0;0;0;0;0;0;0;0;0;0;0;1;0;0
22/05/2023;10:33:00;77;Sem vítima;162,100;BR-101/ES;Crescente;Colisão traseira;0;0;0;0;0;1;0;0;0;0;1;0;0;0;0
22/05/2023;10:42:00;83;Sem vítima;296,000;BR-101/ES;Decrescente;Colisão lateral no mesmo sentido;0;0;0;0;0;1;0;0;0;0;0;0;0;0;0
22/05/2023;15:55:00;133;Sem vítima;219,800;BR-101/ES;Crescente;Colisão traseira;0;0;0;0;0;1;0;0;0;0;1;0;0;0;0
22/05/2023;17:48:00;151;Com vítima;257,000;BR-101/ES;Crescente;Colisão transversal;0;0;0;1;0;0;0;0;0;0;0;1;0;0;0
23/05/2023;01:01:00;4;Com vítima;189,000;BR-101/ES;Decrescente;Atropelamento de pedestre;0;0;0;0;0;0;0;0;0;0;0;0;0;1;0
23/05/2023;07:58:00;52;Sem vítima;262,000;BR-101/ES;Crescente;Colisão traseira;1;0;0;0;0;0;0;0;0;0;1;0;0;0;0
23/05/2023;12:48:00;123;Com vítima;270,800;BR-101/ES;Crescente;Choque;1;0;0;0;0;0;0;0;0;0;0;1;0;0;0
23/05/2023;19:22:00;183;Sem vítima;302,000;BR-101/ES;Decrescente;Colisão traseira;0;0;0;0;0;1;0;0;0;0;1;0;0;0;0
23/05/2023;22:24:00;201;Sem vítima;7,200;BR-101/ES;Decrescente;Colisão traseira;1;0;0;0;0;0;0;0;0;0;1;0;0;0;0
24/05/2023;00:53:00;4;Com vítima;293,000;BR-101/ES;Crescente;Tombamento;0;0;1;0;0;0;0;0;0;0;0;0;1;0;0
24/05/2023;03:32:00;7;Sem vítima;64,000;BR-101/ES;Decrescente;Saída de pista;1;0;0;0;0;0;0;0;0;0;1;0;0;0;0