data;horario;n_da_ocorrencia;tipo_de_ocorrencia;km;trecho;sentido;tipo_de_acidente;automovel;bicicleta;caminhao;moto;onibus;outros;tracao_animal;transporte_de_cargas_especiais;trator_maquinas;utilitarios;ilesos;levemente_feridos;moderadamente_feridos;gravemente_feridos;mortos
24/05/2023;04:38:00;12;Sem vítima;287,000;BR-101/ES;Decrescente;Colisão traseira;1;0;0;0;0;0;0;0;0;0;1;0;0;0;0
24/05/2023;07:38:00;32;Com vítima;269,000;BR-101/ES;Decrescente;Colisão transversal;0;0;0;0;1;0;0;0;0;0;1;0;0;0;0
24/05/2023;07:44:00;35;Sem vítima;179,000;BR-101/ES;Crescente;Colisão traseira;0;0;0;0;0;1;0;0;0;0;0;0;0;0;0
24/05/2023;08:02:00;41;Sem vítima;270,000;BR-101/ES;Decrescente;Colisão lateral no mesmo sentido;0;0;0;0;0;1;0;0;0;0;0;0;0;0;0
24/05/2023;08:23:00;47;Sem vítima;1,200;BR-101/ES;Decrescente;Saída de pista;1;0;0;0;0;0;0;0;0;0;1;0;0;0;0
24/05/2023;09:07:00;57;Sem vítima;265,700;BR-101/ES;Decrescente;Colisão transversal;1;0;0;0;0;0;0;0;0;0;1;0;0;0;0
24/05/2023;10:56:00;74;Sem vítima;137,000;BR-101/ES;Decrescente;Saída de pista;1;0;0;0;0;0;0;0;0;0;2;0;0;0;0
24/05/2023;14:53:00;120;Sem vítima;458,800;BR-101/ES;Crescente;Saída de pista;1;0;0;0;0;0;0;0;0;0;1;0;0;0;0
25/05/2023;01:17:00;7;Sem vítima;258,000;BR-101/ES;Crescente;Choque;1;0;0;0;0;0;0;0;0;0;1;0;0;0;0
25/05/2023;06:29:00;27;Sem vítima;388,600;BR-101/ES;Decrescente;Tombamento;0;0;0;0;0;1;0;0;0;0;1;0;0;0;0
25/05/2023;07:01:00;35;Com vítima;139,300;BR-101/ES;Crescente;Queda de moto;0;0;0;1;0;0;0;0;0;0;0;1;0;0;0
25/05/2023;09:31:00;81;Sem vítima;269,600;BR-101/ES;Crescente;Colisão lateral no mesmo sentido;0;0;0;0;0;1;0;0;0;0;1;0;0;0;0
25/05/2023;14:19:00;151;Sem vítima;148,500;BR-101/ES;Crescente;Colisão traseira;0;0;0;0;0;1;0;0;0;0;1;0;0;0;0
25/05/2023;16:24:00;177;Com vítima;276,000;BR-101/ES;Crescente;Queda de moto;0;0;0;1;0;0;0;0;0;0;0;0;1;0;0
25/05/2023;17:38:00;187;Sem vítima;266,000;BR-101/ES;Crescente;Colisão traseira;0;0;0;0;1;0;0;0;0;0;1;0;0;0;0
25/05/2023;21:17:00;228;Com vítima;113,500;BR-101/ES;Decrescente;Colisão lateral em sentido contrário;1;0;1;0;0;0;0;0;0;0;1;1;0;0;0
26/05/2023;03:13:00;13;Sem vítima;269,000;BR-101/ES;Decrescente;Colisão transversal;0;0;0;0;0;1;0;0;0;0;1;0;0;0;0
26/05/2023;12:42:00;110;Com vítima;269,000;BR-101/ES;Crescente;Colisão traseira;0;0;0;1;0;0;0;0;0;0;0;0;1;0;0
26/05/2023;15:26:00;136;Sem vítima;269,600;BR-101/ES;Crescente;Colisão traseira;1;0;0;0;0;0;0;0;0;0;1;0;0;0;0
26/05/2023;18:03:00;157;Sem vítima;293,800;BR-101/ES;Crescente;Saída de pista;1;0;0;0;0;0;0;0;0;0;1;0;0;0;0
27/05/2023;07:43:00;33;Sem vítima;139,000;BR-101/ES;Crescente;Colisão transversal;1;0;0;0;0;0;0;0;0;0;1;0;0;0;0
27/05/2023;11:51:00;91;Sem vítima;224,000;BR-101/ES;Crescente;Colisão traseira;1;0;0;0;0;0;0;0;0;0;1;0;0;0;0
27/05/2023;12:46:00;100;Com vítima;223,000;BR-101/ES;Crescente;Colisão traseira;1;0;0;0;0;0;0;0;0;0;1;0;0;0;0
27/05/2023;14:47:00;117;Com vítima;195,000;BR-101/ES;Decrescente;Atropelamento de ciclista;0;1;0;0;0;0;0;0;0;0;0;0;1;0;0
27/05/2023;15:39:00;125;Sem vítima;394,000;BR-101/ES;Crescente;Choque;0;0;1;0;0;0;0;0;0;0;1;0;0;0;0
27/05/2023;16:15:00;143;Com vítima;256,400;BR-101/ES;Decrescente;Atropelamento de pedestre;0;0;0;0;0;0;0;0;0;0;0;0;1;0;0
27/05/2023;16:18:00;146;Sem vítima;202,200;BR-101/ES;Decrescente;Tombamento;0;0;1;0;0;0;0;0;0;0;1;0;0;0;0
27/05/2023;16:55:00;152;Sem vítima;144,800;BR-101/ES;Decrescente;Colisão lateral no mesmo sentido;1;0;0;0;0;0;0;0;0;0;0;0;0;0;0
27/05/2023;18:10:00;162;Com vítima;228,000;BR-101/ES;Crescente;Atropelamento de pedestre;0;0;0;0;0;0;0;0;0;0;0;1;0;0;0
27/05/2023;18:37:00;165;Com vítima;159,000;BR-101/ES;Crescente;Colisão transversal;1;0;0;0;0;0;0;0;0;0;0;1;0;0;0
27/05/2023;22:35:00;183;Com vítima;319,950;BR-101/ES;Crescente;Atropelamento de animal;0;0;0;0;0;0;0;0;0;0;0;0;0;0;0
28/05/2023;01:53:00;7;Com vítima;123,000;BR-101/ES;Crescente;Queda de moto;0;0;0;1;0;0;0;0;0;0;0;0;1;0;0
28/05/2023;07:13:00;24;Sem vítima;270,000;BR-101/ES;Decrescente;Colisão traseira;1;0;0;0;0;0;0;0;0;0;1;0;0;0;0
28/05/2023;17:42:00;125;Sem vítima;231,000;BR-101/ES;Crescente;Colisão traseira;1;0;0;0;0;0;0;0;0;0;1;0;0;0;0
28/05/2023;21:23:00;158;Sem vítima;324,000;BR-101/ES;Decrescente;Saída de pista;1;0;0;0;0;0;0;0;0;0;1;0;0;0;0
29/05/2023;07:30:00;36;Com vítima;268,800;BR-101/ES;Crescente;Atropelamento de pedestre;0;0;0;0;0;0;0;0;0;0;0;0;1;0;0
29/05/2023;08:36:00;59;Com vítima;295,100;BR-101/ES;Decrescente;Engavetamento;1;0;0;0;0;0;0;0;0;1;3;0;0;0;0
29/05/2023;11:30:00;97;Com vítima;268,100;BR-101/ES;Crescente;Atropelamento de pedestre;0;0;0;0;0;0;0;0;0;0;0;0;1;0;0
29/05/2023;12:23:00;105;Com vítima;269,900;BR-101/ES;Decrescente;Atropelamento de pedestre;0;0;0;0;0;0;0;0;0;0;0;0;1;0;0
29/05/2023;12:29:00;106;Sem vítima;338,000;BR-101/ES;Crescente;Queda de moto;0;0;0;1;0;0;0;0;0;0;1;0;0;0;0
29/05/2023;17:38:00;161;Com vítima;393,850;BR-101/ES;Decrescente;Atropelamento de pedestre;0;0;0;0;0;0;0;0;0;0;0;0;1;0;0
30/05/2023;05:56:00;21;Sem vítima;258,000;BR-101/ES;Crescente;Colisão traseira;0;0;1;0;0;0;0;0;0;0;2;0;0;0;0
30/05/2023;14:56:00;144;Sem vítima;297,000;BR-101/ES;Decrescente;Engavetamento;1;0;0;0;0;0;0;0;0;0;1;0;0;0;0
31/05/2023;07:49:00;32;Sem vítima;257,000;BR-101/ES;Decrescente;Colisão transversal;1;0;0;0;0;1;0;0;0;0;1;0;0;0;0
31/05/2023;08:30:00;41;Sem vítima;302,000;BR-101/ES;Crescente;Colisão traseira;1;0;0;0;0;0;0;0;0;0;2;0;0;0;0
31/05/2023;09:55:00;59;Com vítima;270,000;BR-101/ES;Crescente;Colisão traseira;1;0;0;0;0;0;0;0;0;0;1;0;0;0;0
31/05/2023;09:58:00;61;Sem vítima;265,000;BR-101/ES;Decrescente;Colisão traseira;0;0;0;0;0;1;0;0;0;0;0;0;0;0;0
31/05/2023;12:30:00;102;Com vítima;126,000;BR-101/ES;Crescente;Colisão transversal;0;0;0;1;0;0;0;0;0;0;0;0;1;0;0
31/05/2023;14:08:00;117;Sem vítima;253,000;BR-101/ES;Crescente;Colisão traseira;0;0;0;0;0;0;0;0;0;1;1;0;0;0;0
31/05/2023;17:15:00;151;Com vítima;70,000;BR-101/ES;Crescente;Colisão transversal;0;0;0;1;0;0;0;0;0;0;0;1;0;0;0
31/05/2023;21:10:00;186;Com vítima;183,700;BR-101/ES;Decrescente;Tombamento;0;0;0;0;0;1;0;0;0;0;0;0;1;0;0
01/06/2023;07:56:00;39;Sem vítima;293,000;BR-101/ES;Crescente;Colisão traseira;1;0;0;0;0;0;0;0;0;0;1;0;0;0;0
01/06/2023;08:28:00;46;Sem vítima;296,000;BR-101/ES;Decrescente;Colisão lateral no mesmo sentido;1;0;0;0;0;0;0;0;0;0;1;0;0;0;0
01/06/2023;09:09:00;58;Sem vítima;149,000;BR-101/ES;Decrescente;Colisão lateral no mesmo sentido;0;0;0;0;0;1;0;0;0;0;1;0;0;0;0
01/06/2023;11:38:00;83;Com vítima;298,000;BR-101/ES;Decrescente;Atropelamento de pedestre;0;0;0;0;0;0;0;0;0;0;0;1;0;0;0
01/06/2023;12:01:00;84;Com vítima;50,000;BR-101/ES;Crescente;Queda de bicicleta;0;0;0;0;0;1;0;0;0;0;0;0;0;0;0
01/06/2023;12:35:00;86;Com vítima;333,500;BR-101/ES;Decrescente;Tombamento;0;0;1;0;0;0;0;0;0;0;0;0;1;0;0
01/06/2023;13:28:00;89;Sem vítima;256,000;BR-101/ES;Decrescente;Colisão frontal;1;0;0;0;0;0;0;0;0;0;1;0;0;0;0
01/06/2023;15:25:00;109;Sem vítima;262,000;BR-101/ES;Crescente;Capotamento;1;0;0;0;0;0;0;0;0;0;1;0;0;0;0
01/06/2023;16:23:00;113;Sem vítima;270,000;BR-101/ES;Decrescente;Colisão lateral no mesmo sentido;0;0;1;0;0;0;0;0;0;0;1;0;0;0;0
01/06/2023;16:48:00;120;Sem vítima;242,000;BR-101/ES;Decrescente;Colisão traseira;1;0;0;0;0;0;0;0;0;0;2;0;0;0;0
01/06/2023;17:25:00;129;Sem vítima;308,000;BR-101/ES;Crescente;Atropelamento de ciclista;0;0;1;0;0;0;0;0;0;0;2;0;0;0;0
01/06/2023;17:34:00;132;Com vítima;293,000;BR-101/ES;Decrescente;Choque;0;0;0;1;0;0;0;0;0;0;0;0;1;0;0
01/06/2023;19:11:00;144;Sem vítima;263,000;BR-101/ES;Decrescente;Colisão traseira;1;0;0;0;0;0;0;0;0;0;0;0;0;0;0
01/06/2023;21:57:00;160;Com vítima;293,000;BR-101/ES;Crescente;Queda de moto;0;0;0;1;0;0;0;0;0;0;0;0;1;0;0
02/06/2023;04:52:00;10;Sem vítima;145,500;BR-101/ES;Crescente;Colisão lateral no mesmo sentido;0;0;0;0;0;1;0;0;0;0;0;0;0;0;0
02/06/2023;07:02:00;27;Com vítima;249,100;BR-101/ES;Decrescente;Queda de moto;0;0;0;1;0;0;0;0;0;0;0;0;1;0;0
02/06/2023;07:03:00;28;Sem vítima;267,800;BR-101/ES;Decrescente;Saída de pista;1;0;0;0;0;0;0;0;0;0;2;0;0;0;0
02/06/2023;07:11:00;31;Com vítima;275,100;BR-101/ES;Decrescente;Colisão traseira;0;0;0;0;0;1;0;0;0;0;0;0;0;0;0
02/06/2023;07:55:00;46;Com vítima;268,300;BR-101/ES;Decrescente;Atropelamento de ciclista;0;1;0;0;0;0;0;0;0;0;0;0;1;0;0
02/06/2023;08:19:00;54;Sem vítima;118,000;BR-101/ES;Decrescente;Colisão traseira;1;0;0;0;0;0;0;0;0;0;2;0;0;0;0
02/06/2023;11:51:00;86;Sem vítima;293,000;BR-101/ES;Decrescente;Engavetamento;1;0;0;0;0;0;0;0;0;0;2;0;0;0;0
02/06/2023;16:57:00;132;Com vítima;262,000;BR-101/ES;Crescente;Colisão lateral no mesmo sentido;1;0;0;1;0;0;0;0;0;0;1;1;0;0;0
02/06/2023;17:23:00;138;Sem vítima;136,000;BR-101/ES;Decrescente;Colisão transversal;1;0;0;0;0;0;0;0;0;0;2;0;0;0;0
02/06/2023;17:50:00;143;Sem vítima;286,000;BR-101/ES;Crescente;Queda de moto;0;0;0;1;0;0;0;0;0;0;1;0;0;0;0
02/06/2023;23:03:00;177;Com vítima;442,100;BR-101/ES;Crescente;Colisão traseira;0;0;0;0;0;1;0;0;0;0;1;0;0;0;0
02/06/2023;23:47:00;182;Com vítima;113,000;BR-101/ES;Decrescente;Saída de pista;1;0;0;0;0;0;0;0;0;0;0;0;1;0;0
03/06/2023;01:17:00;3;Com vítima;383,900;BR-101/ES;Crescente;Saída de pista;0;0;0;0;0;1;0;0;0;0;0;0;1;0;0
03/06/2023;04:34:00;16;Com vítima;235,800;BR-101/ES;Decrescente;Saída de pista;1;0;0;0;0;0;0;0;0;0;0;0;1;0;0
03/06/2023;05:03:00;17;Com vítima;314,200;BR-101/ES;Decrescente;Tombamento;0;0;0;0;0;1;0;0;0;0;0;0;1;0;0
03/06/2023;10:36:00;69;Sem vítima;269,000;BR-101/ES;Decrescente;Colisão lateral no mesmo sentido;1;0;0;0;0;0;0;0;0;0;1;0;0;0;0
03/06/2023;10:40:00;71;Sem vítima;147,000;BR-101/ES;Decrescente;Colisão traseira;1;0;0;0;0;0;0;0;0;0;1;0;0;0;0
03/06/2023;10:50:00;74;Sem vítima;269,000;BR-101/ES;Decrescente;Colisão lateral no mesmo sentido;0;0;0;0;0;1;0;0;0;0;1;0;0;0;0
03/06/2023;13:45:00;103;Sem vítima;270,000;BR-101/ES;Crescente;Colisão traseira;1;0;0;0;0;0;0;0;0;0;1;0;0;0;0
03/06/2023;15:11:00;120;Sem vítima;291,000;BR-101/ES;Decrescente;Colisão frontal;0;0;1;0;0;0;0;0;0;0;1;0;0;0;0
03/06/2023;15:29:00;128;Com vítima;91,000;BR-101/ES;Crescente;Queda de moto;0;0;0;1;0;0;0;0;0;0;0;0;1;0;0
03/06/2023;16:10:00;136;Com vítima;270,000;BR-101/ES;Decrescente;Colisão traseira;1;0;0;0;0;0;0;0;0;0;1;0;0;0;0
03/06/2023;18:10:00;154;Sem vítima;254,000;BR-101/ES;Crescente;Engavetamento;1;0;0;0;0;0;0;0;0;0;1;0;0;0;0
03/06/2023;18:16:00;155;Sem vítima;267,800;BR-101/ES;Crescente;Colisão lateral no mesmo sentido;1;0;0;0;0;0;0;0;0;0;1;0;0;0;0
03/06/2023;18:19:00;157;Com vítima;148,000;BR-101/ES;Decrescente;Colisão lateral no mesmo sentido;0;0;0;1;0;0;0;0;0;0;0;0;1;0;0
04/06/2023;09:18:00;40;Com vítima;8,100;BR-101/ES;Crescente;Tombamento;0;0;0;0;0;1;0;0;0;0;0;0;0;1;0
04/06/2023;11:17:00;58;Sem vítima;66,600;BR-101/ES;Crescente;Colisão traseira;1;0;0;0;0;0;0;0;0;0;2;0;0;0;0
04/06/2023;20:46:00;136;Com vítima;299,000;BR-101/ES;Crescente;Colisão traseira;1;0;0;0;0;0;0;0;0;0;1;0;0;0;0
04/06/2023;21:09:00;141;Sem vítima;296,000;BR-101/ES;Crescente;Choque;1;0;0;0;0;0;0;0;0;0;1;0;0;0;0
04/06/2023;23:28:00;152;Com vítima;944,000;BR-101/ES;Decrescente;Atropelamento de animal;0;0;0;0;0;0;0;0;0;0;0;0;0;0;0
05/06/2023;01:23:00;5;Com vítima;266,500;BR-101/ES;Decrescente;Choque;1;0;0;0;0;0;0;0;0;0;1;0;0;0;0
05/06/2023;07:29:00;29;Sem vítima;269,000;BR-101/ES;Decrescente;Colisão lateral no mesmo sentido;1;0;0;0;0;0;0;0;0;0;1;0;0;0;0
05/06/2023;09:05:00;57;Sem vítima;262,000;BR-101/ES;Crescente;Colisão traseira;1;0;0;1;0;0;0;0;0;0;2;0;0;0;0
05/06/2023;10:32:00;76;Com vítima;382,500;BR-101/ES;Decrescente;Saída de pista;0;0;1;0;0;0;0;0;0;0;0;0;0;1;0
05/06/2023;10:43:00;78;Com vítima;289,500;BR-101/ES;Decrescente;Atropelamento de pedestre;0;0;0;0;0;0;0;0;0;0;0;0;0;0;1
05/06/2023;13:04:00;98;Com vítima;146,800;BR-101/ES;Crescente;Queda de moto;0;0;1;0;0;0;0;0;0;0;1;0;0;0;0
05/06/2023;15:12:00;114;Sem vítima;253,000;BR-101/ES;Crescente;Choque;0;0;1;0;0;0;0;0;0;0;1;0;0;0;0
05/06/2023;17:25:00;135;Com vítima;158,500;BR-101/ES;Decrescente;Queda de moto;0;0;0;1;0;0;0;0;0;0;0;0;1;0;0
05/06/2023;17:36:00;137;Com vítima;149,000;BR-101/ES;Crescente;Colisão traseira;0;0;1;0;0;0;0;0;0;0;1;0;0;0;0
05/06/2023;18:27:00;145;Sem vítima;276,000;BR-101/ES;Decrescente;Colisão traseira;1;0;0;0;0;0;0;0;0;0;1;0;0;0;0
05/06/2023;22:49:00;174;Sem vítima;350,000;BR-101/ES;Crescente;Colisão lateral em sentido contrário;0;0;0;0;0;1;0;0;0;0;0;0;0;0;0
06/06/2023;06:43:00;19;Com vítima;270,000;BR-101/ES;Crescente;Queda de moto;0;0;0;1;0;0;0;0;0;0;0;0;1;0;0
06/06/2023;08:10:00;42;Sem vítima;270,000;BR-101/ES;Crescente;Choque;0;0;0;1;0;0;0;0;0;0;1;0;0;0;0
06/06/2023;08:47:00;61;Sem vítima;293,500;BR-101/ES;Crescente;Colisão traseira;0;0;0;0;0;1;0;0;0;0;0;0;0;0;0
06/06/2023;11:32:00;103;Com vítima;149,000;BR-101/ES;Crescente;Queda de moto;0;0;0;1;0;0;0;0;0;0;0;1;0;0;0
06/06/2023;16:00:00;163;Sem vítima;267,800;BR-101/ES;Decrescente;Engavetamento;2;0;0;0;0;0;0;0;0;0;2;0;0;0;0
06/06/2023;18:05:00;186;Sem vítima;286,000;BR-101/ES;Decrescente;Colisão traseira;1;0;0;0;0;0;0;0;0;0;1;0;0;0;0
06/06/2023;18:54:00;190;Com vítima;204,500;BR-101/ES;Decrescente;Colisão lateral no mesmo sentido;0;0;0;1;0;1;0;0;0;0;0;0;1;0;0
06/06/2023;22:28:00;204;Com vítima;12,000;BR-101/ES;Crescente;Atropelamento de animal;0;0;0;0;0;0;0;0;0;0;0;0;0;0;0
07/06/2023;07:35:00;40;Com vítima;65,900;BR-101/ES;Crescente;Colisão lateral no mesmo sentido;0;0;0;0;0;0;0;0;0;0;0;0;0;1;0
07/06/2023;07:36:00;41;Sem vítima;297,300;BR-101/ES;Decrescente;Engavetamento;1;0;0;0;0;0;0;0;0;0;1;0;0;0;0
07/06/2023;08:18:00;53;Com vítima;300,000;BR-101/ES;Decrescente;Queda de moto;0;0;0;1;0;0;0;0;0;0;0;0;1;0;0
07/06/2023;09:32:00;75;Sem vítima;204,800;BR-101/ES;Decrescente;Colisão transversal;0;0;0;1;0;0;0;0;0;0;1;0;0;0;0
07/06/2023;09:56:00;80;Sem vítima;242,000;BR-101/ES;Crescente;Choque;0;0;1;0;0;0;0;0;0;0;1;0;0;0;0
07/06/2023;11:54:00;107;Sem vítima;144,100;BR-101/ES;Crescente;Engavetamento;0;0;0;1;0;0;0;0;0;0;1;0;0;0;0
07/06/2023;14:40:00;138;Com vítima;267,800;BR-101/ES;Decrescente;Colisão transversal;0;0;0;1;0;0;0;0;0;0;0;1;0;0;0
07/06/2023;17:35:00;177;Com vítima;204,000;BR-101/ES;Decrescente;Colisão transversal;0;0;0;0;0;1;0;0;0;0;0;0;0;0;0
07/06/2023;17:59:00;182;Com vítima;138,000;BR-101/ES;Decrescente;Atropelamento de pedestre;0;0;0;0;0;0;0;0;0;0;0;0;0;0;1
07/06/2023;18:23:00;186;Sem vítima;204,000;BR-101/ES;Decrescente;Colisão traseira;1;0;0;0;0;0;0;0;0;0;1;0;0;0;0
07/06/2023;18:51:00;191;Sem vítima;460,500;BR-101/ES;Decrescente;Choque;1;0;0;0;0;0;0;0;0;0;1;0;0;0;0
07/06/2023;23:06:00;230;Com vítima;99,900;BR-101/ES;Crescente;Saída de pista;1;0;0;0;0;0;0;0;0;0;0;1;0;0;0
08/06/2023;01:34:00;10;Com vítima;129,000;BR-101/ES;Decrescente;Atropelamento de animal;0;0;0;0;0;0;0;0;0;0;0;0;0;0;0
08/06/2023;04:28:00;17;Sem vítima;287,000;BR-101/ES;Crescente;Choque;1;0;0;0;0;0;0;0;0;0;1;0;0;0;0
08/06/2023;09:11:00;64;Com vítima;144,500;BR-101/ES;Crescente;Colisão traseira;0;0;0;1;0;0;0;0;0;0;1;0;0;0;0
08/06/2023;11:43:00;101;Sem vítima;294,000;BR-101/ES;Decrescente;Colisão lateral no mesmo sentido;0;0;0;0;0;1;0;0;0;0;1;0;0;0;0
08/06/2023;14:22:00;128;Com vítima;282,900;BR-101/ES;Decrescente;Capotamento;1;0;0;0;0;0;0;0;0;0;0;0;0;1;0
08/06/2023;15:21:00;143;Sem vítima;398,900;BR-101/ES;Crescente;Colisão traseira;1;0;0;0;0;0;0;0;0;0;1;0;0;0;0
08/06/2023;15:47:00;149;Sem vítima;398,900;BR-101/ES;Crescente;Choque;1;0;0;0;0;0;0;0;0;0;1;0;0;0;0
08/06/2023;17:59:00;165;Sem vítima;354,300;BR-101/ES;Crescente;Colisão lateral no mesmo sentido;0;0;0;0;0;1;0;0;0;0;1;0;0;0;0
08/06/2023;18:51:00;174;Sem vítima;297,000;BR-101/ES;Decrescente;Colisão traseira;1;0;0;0;0;0;0;0;0;0;1;0;0;0;0
08/06/2023;20:05:00;185;Com vítima;271,900;BR-101/ES;Crescente;Colisão lateral no mesmo sentido;0;0;1;0;0;0;0;0;0;0;1;0;0;0;0
09/06/2023;07:11:00;26;Sem vítima;403,000;BR-101/ES;Decrescente;Queda de moto;0;0;0;1;0;0;0;0;0;0;1;0;0;0;0
09/06/2023;07:14:00;27;Com vítima;278,000;BR-101/ES;Crescente;Queda de moto;0;0;0;1;0;0;0;0;0;0;0;1;0;0;0
09/06/2023;07:47:00;37;Sem vítima;271,000;BR-101/ES;Decrescente;Colisão transversal;1;0;0;0;0;0;0;0;0;0;1;0;0;0;0
09/06/2023;09:05:00;62;Sem vítima;277,000;BR-101/ES;Decrescente;Colisão traseira;1;0;0;0;0;0;0;0;0;0;1;0;0;0;0
09/06/2023;09:29:00;66;Sem vítima;240,800;BR-101/ES;Decrescente;Queda de carga;1;0;0;0;0;0;0;0;0;0;0;0;0;0;0
09/06/2023;09:32:00;69;Sem vítima;265,000;BR-101/ES;Decrescente;Colisão lateral no mesmo sentido;0;0;1;0;0;0;0;0;0;0;1;0;0;0;0
09/06/2023;15:47:00;127;Com vítima;158,600;BR-101/ES;Crescente;Colisão frontal;1;0;0;0;0;0;0;0;0;0;0;1;0;0;0
09/06/2023;17:43:00;149;Sem vítima;221,000;BR-101/ES;Decrescente;Engavetamento;1;0;0;0;0;0;0;0;0;0;1;0;0;0;0
09/06/2023;21:54:00;188;Com vítima;2,000;BR-101/ES;Decrescente;Colisão traseira;0;0;0;0;0;1;0;0;0;0;1;0;0;0;0
09/06/2023;23:13:00;196;Com vítima;118,500;BR-101/ES;Decrescente;Queda de moto;0;0;0;1;0;0;0;0;0;0;0;1;0;0;0
10/06/2023;05:47:00;13;Sem vítima;126,000;BR-101/ES;Crescente;Colisão frontal;1;0;0;0;0;0;0;0;0;0;1;0;0;0;0
10/06/2023;13:45:00;92;Sem vítima;266,000;BR-101/ES;Decrescente;Colisão traseira;0;0;0;1;0;0;0;0;0;0;1;0;0;0;0
11/06/2023;05:47:00;15;Com vítima;44,900;BR-101/ES;Decrescente;Atropelamento de pedestre;0;0;0;0;0;0;0;0;0;0;0;0;0;0;1
11/06/2023;12:21:00;48;Com vítima;93,000;BR-101/ES;Crescente;Colisão transversal;1;0;0;0;0;0;0;0;0;0;1;0;0;0;0
11/06/2023;13:27:00;62;Sem vítima;252,600;BR-101/ES;Crescente;Engavetamento;0;0;0;0;0;0;0;0;0;1;1;0;0;0;0
11/06/2023;13:30:00;63;Sem vítima;398,900;BR-101/ES;Crescente;Colisão traseira;1;0;0;0;0;0;0;0;0;0;1;0;0;0;0
11/06/2023;14:00:00;69;Sem vítima;106,000;BR-101/ES;Crescente;Engavetamento;0;0;0;0;0;1;0;0;0;0;1;0;0;0;0
11/06/2023;14:44:00;80;Sem vítima;215,000;BR-101/ES;Decrescente;Colisão traseira;0;0;1;0;0;0;0;0;0;0;1;0;0;0;0
11/06/2023;15:50:00;100;Sem vítima;225,000;BR-101/ES;Crescente;Engavetamento;0;0;0;0;0;1;0;0;0;0;0;0;0;0;0
11/06/2023;16:23:00;114;Sem vítima;210,500;BR-101/ES;Crescente;Colisão traseira;0;0;0;0;0;1;0;0;0;0;0;0;0;0;0
11/06/2023;16:36:00;118;Sem vítima;210,000;BR-101/ES;Crescente;Colisão traseira;1;0;0;0;0;0;0;0;0;0;1;0;0;0;0
11/06/2023;16:53:00;123;Com vítima;402,200;BR-101/ES;Crescente;Colisão traseira;0;0;0;1;0;0;0;0;0;0;0;0;1;0;0
11/06/2023;17:40:00;136;Com vítima;337,000;BR-101/ES;Crescente;Queda de moto;0;0;0;1;0;0;0;0;0;0;0;1;0;0;0
11/06/2023;17:51:00;141;Com vítima;229,000;BR-101/ES;Crescente;Colisão traseira;0;0;0;1;0;0;0;0;0;0;0;0;1;0;0
11/06/2023;18:33:00;149;Sem vítima;4,600;Contorno de Iconha/ES;Decrescente;Choque;1;0;0;0;0;0;0;0;0;0;1;0;0;0;0
11/06/2023;19:02:00;156;Com vítima;141,000;BR-101/ES;Crescente;Colisão traseira;0;0;0;0;0;0;0;0;0;1;0;1;0;0;0
11/06/2023;19:03:00;157;Sem vítima;226,000;BR-101/ES;Crescente;Colisão traseira;0;0;0;1;0;0;0;0;0;0;1;0;0;0;0
12/06/2023;01:10:00;6;Com vítima;165,700;BR-101/ES;Decrescente;Queda de moto;0;0;0;1;0;0;0;0;0;0;1;0;0;0;0
12/06/2023;05:26:00;17;Com vítima;273,000;BR-101/ES;Decrescente;Atropelamento de pedestre;0;0;0;0;0;0;0;0;0;0;0;1;0;0;0
12/06/2023;07:26:00;36;Com vítima;70,000;BR-101/ES;Crescente;Queda de moto;0;0;0;1;0;0;0;0;0;0;0;0;1;0;0
12/06/2023;07:32:00;39;Sem vítima;260,000;BR-101/ES;Crescente;Colisão traseira;1;0;0;0;0;0;0;0;0;0;1;0;0;0;0
12/06/2023;07:44:00;40;Sem vítima;288,000;BR-101/ES;Decrescente;Colisão lateral em sentido contrário;1;0;0;0;0;0;0;0;0;0;1;0;0;0;0
12/06/2023;08:02:00;45;Sem vítima;204,000;BR-101/ES;Crescente;Colisão traseira;1;0;0;0;0;0;0;0;0;0;1;0;0;0;0
12/06/2023;09:06:00;64;Sem vítima;270,000;BR-101/ES;Crescente;Colisão traseira;1;0;0;0;0;0;0;0;0;0;1;0;0;0;0
12/06/2023;15:14:00;133;Com vítima;265,900;BR-101/ES;Crescente;Colisão traseira;0;0;0;1;0;0;0;0;0;0;0;0;1;0;0
12/06/2023;15:20:00;135;Sem vítima;346,000;BR-101/ES;Decrescente;Choque;1;0;0;0;0;0;0;0;0;0;1;0;0;0;0
12/06/2023;16:09:00;146;Com vítima;276,000;BR-101/ES;Decrescente;Queda de moto;0;0;0;1;0;0;0;0;0;0;0;0;1;0;0
12/06/2023;19:18:00;169;Sem vítima;434,000;BR-101/ES;Crescente;Choque;0;0;0;0;0;1;0;0;0;0;1;0;0;0;0
12/06/2023;19:22:00;171;Sem vítima;123,500;BR-101/ES;Crescente;Colisão transversal;0;0;0;0;0;1;0;0;0;0;1;0;0;0;0
13/06/2023;05:18:00;20;Sem vítima;229,000;BR-101/ES;Decrescente;Colisão lateral no mesmo sentido;0;0;0;0;0;1;0;0;0;0;1;0;0;0;0