data;horario;n_da_ocorrencia;tipo_de_ocorrencia;km;trecho;sentido;tipo_de_acidente;automovel;bicicleta;caminhao;moto;onibus;outros;tracao_animal;transporte_de_cargas_especiais;trator_maquinas;utilitarios;ilesos;levemente_feridos;moderadamente_feridos;gravemente_feridos;mortos
13/06/2023;08:31:00;32;Sem vítima;219,000;BR-101/ES;Decrescente;Colisão traseira;0;0;0;0;0;1;0;0;0;0;1;0;0;0;0
13/06/2023;08:33:00;34;Sem vítima;75,300;BR-101/ES;Crescente;Tombamento;0;0;0;0;0;1;0;0;0;0;1;0;0;0;0
13/06/2023;10:45:00;92;Com vítima;268,000;BR-101/ES;Crescente;Engavetamento;1;0;0;0;0;0;0;0;0;0;0;1;0;0;0
13/06/2023;13:23:00;122;Sem vítima;132,000;BR-101/ES;Decrescente;Queda de moto;0;0;0;1;0;0;0;0;0;0;1;0;0;0;0
13/06/2023;14:56:00;136;Sem vítima;294,200;BR-101/ES;Crescente;Colisão traseira;1;0;0;0;0;0;0;0;0;0;1;0;0;0;0
13/06/2023;15:20:00;140;Com vítima;12,400;BR-101/ES;Crescente;Colisão traseira;1;0;0;0;0;0;0;0;0;0;1;0;0;0;0
13/06/2023;18:17:00;162;Com vítima;285,000;BR-101/ES;Crescente;Colisão lateral no mesmo sentido;1;0;0;0;0;0;0;0;0;0;1;0;0;0;0
13/06/2023;18:39:00;167;Com vítima;454,000;BR-101/ES;Crescente;Saída de pista;1;0;0;0;0;0;0;0;0;0;0;1;1;0;0
13/06/2023;20:55:00;188;Com vítima;264,500;BR-101/ES;Decrescente;Colisão lateral no mesmo sentido;0;0;0;1;0;0;0;0;0;0;0;0;1;0;0
14/06/2023;05:52:00;14;Com vítima;149,000;BR-101/ES;Decrescente;Colisão transversal;0;0;0;1;0;0;0;0;0;0;0;1;0;0;0
14/06/2023;05:53:00;15;Sem vítima;276,000;BR-101/ES;Decrescente;Queda de moto;0;0;0;1;0;0;0;0;0;0;1;0;0;0;0
14/06/2023;12:46:00;104;Sem vítima;398,900;BR-101/ES;Crescente;Colisão traseira;0;0;0;0;0;1;0;0;0;0;1;0;0;0;0
14/06/2023;14:51:00;125;Sem vítima;282,000;BR-101/ES;Decrescente;Choque;1;0;0;0;0;0;0;0;0;0;1;0;0;0;0
14/06/2023;18:37:00;161;Com vítima;160,000;BR-101/ES;Decrescente;Queda de moto;0;0;0;1;0;0;0;0;0;0;0;0;1;0;0
14/06/2023;18:42:00;163;Sem vítima;146,000;BR-101/ES;Decrescente;Colisão traseira;1;0;0;0;0;0;0;0;0;0;1;0;0;0;0
14/06/2023;19:11:00;170;Com vítima;395,700;BR-101/ES;Crescente;Colisão traseira;0;0;0;1;0;0;0;0;0;0;1;0;0;0;0
14/06/2023;19:27:00;174;Sem vítima;262,000;BR-101/ES;Crescente;Colisão traseira;1;0;0;0;0;0;0;0;0;0;1;0;0;0;0
14/06/2023;21:42:00;195;Sem vítima;150,000;BR-101/ES;Decrescente;Colisão transversal;0;0;1;0;0;0;0;0;0;0;1;0;0;0;0
14/06/2023;23:07:00;208;Sem vítima;290,000;BR-101/ES;Decrescente;Colisão traseira;1;0;0;0;0;0;0;0;0;0;1;0;0;0;0
15/06/2023;01:27:00;7;Sem vítima;438,000;BR-101/ES;Crescente;Saída de pista;1;0;0;0;0;0;0;0;0;0;1;0;0;0;0
15/06/2023;06:14:00;20;Sem vítima;270,000;BR-101/ES;Crescente;Colisão traseira;1;0;0;0;0;0;0;0;0;0;1;0;0;0;0
15/06/2023;06:17:00;21;Com vítima;137,000;BR-101/ES;Crescente;Queda de moto;0;0;0;1;0;0;0;0;0;0;0;1;0;0;0
15/06/2023;08:36:00;50;Sem vítima;242,000;BR-101/ES;Crescente;Colisão lateral no mesmo sentido;1;0;0;0;0;0;0;0;0;0;1;0;0;0;0
15/06/2023;11:51:00;101;Sem vítima;292,100;BR-101/ES;Decrescente;Saída de pista;0;0;0;0;0;0;0;0;0;1;1;0;0;0;0
15/06/2023;14:02:00;119;Com vítima;248,100;BR-101/ES;Decrescente;Queda de moto;0;0;0;1;0;0;0;0;0;0;0;0;1;0;0
15/06/2023;14:39:00;133;Com vítima;266,300;BR-101/ES;Decrescente;Colisão transversal;0;0;0;1;0;0;0;0;0;0;0;0;1;0;0
15/06/2023;18:24:00;169;Sem vítima;457,000;BR-101/ES;Crescente;Colisão transversal;0;0;1;0;0;0;0;0;0;0;1;0;0;0;0
15/06/2023;21:31:00;197;Com vítima;330,000;BR-101/ES;Crescente;Atropelamento de animal;0;0;0;0;0;0;0;0;0;0;0;0;0;0;0
15/06/2023;22:36:00;205;Sem vítima;383,000;BR-101/ES;Decrescente;Colisão traseira;0;0;0;0;0;1;0;0;0;0;0;0;0;0;0
16/06/2023;00:36:00;3;Com vítima;266,600;BR-101/ES;Decrescente;Choque;1;0;0;0;0;0;0;0;0;0;0;1;0;0;0
16/06/2023;01:51:00;6;Com vítima;402,900;BR-101/ES;Crescente;Colisão frontal;0;0;0;0;0;1;0;0;0;0;0;0;0;1;0
16/06/2023;07:05:00;33;Sem vítima;281,000;BR-101/ES;Crescente;Colisão traseira;0;0;1;0;0;0;0;0;0;0;1;0;0;0;0
16/06/2023;11:27:00;93;Com vítima;269,600;BR-101/ES;Crescente;Colisão lateral no mesmo sentido;0;0;0;1;0;0;0;0;0;0;0;0;1;0;0
16/06/2023;12:09:00;98;Sem vítima;347,000;BR-101/ES;Crescente;Colisão lateral no mesmo sentido;0;0;0;0;0;1;0;0;0;0;0;0;0;0;0
16/06/2023;12:29:00;100;Sem vítima;263,000;BR-101/ES;Decrescente;Colisão traseira;0;0;0;0;0;0;0;0;0;1;1;0;0;0;0
16/06/2023;15:46:00;137;Com vítima;293,500;BR-101/ES;Decrescente;Colisão lateral no mesmo sentido;1;0;0;0;0;0;0;0;0;0;0;0;0;0;0
16/06/2023;17:29:00;162;Sem vítima;253,000;BR-101/ES;Decrescente;Acidentes de outra natureza;1;0;0;0;0;0;0;0;0;0;2;0;0;0;0
16/06/2023;19:59:00;186;Com vítima;32,000;BR-101/ES;Crescente;Colisão traseira;0;0;0;1;0;0;0;0;0;0;0;1;0;0;0
16/06/2023;22:40:00;198;Com vítima;134,000;BR-101/ES;Decrescente;Colisão frontal;1;0;0;0;0;0;0;0;0;0;0;0;1;0;0
16/06/2023;23:24:00;205;Com vítima;286,000;BR-101/ES;Decrescente;Choque;1;0;0;0;0;0;0;0;0;0;0;0;1;0;0
17/06/2023;06:50:00;17;Sem vítima;274,000;BR-101/ES;Crescente;Choque;1;0;0;0;0;0;0;0;0;0;1;0;0;0;0
17/06/2023;11:57:00;69;Com vítima;144,500;BR-101/ES;Crescente;Colisão transversal;0;0;0;1;0;0;0;0;0;0;0;0;1;0;0
17/06/2023;13:20:00;81;Sem vítima;400,000;BR-101/ES;Decrescente;Saída de pista;1;0;0;0;0;0;0;0;0;0;1;0;0;0;0
17/06/2023;14:15:00;90;Com vítima;8,200;BR-101/ES;Crescente;Tombamento;0;0;1;0;0;0;0;0;0;0;0;0;0;0;1
17/06/2023;14:55:00;95;Sem vítima;278,000;BR-101/ES;Decrescente;Colisão lateral no mesmo sentido;1;0;0;0;0;0;0;0;0;0;1;0;0;0;0
17/06/2023;16:31:00;120;Com vítima;262,000;BR-101/ES;Crescente;Colisão traseira;1;0;0;0;0;0;0;0;0;0;2;0;0;0;0
17/06/2023;17:54:00;127;Com vítima;164,000;BR-101/ES;Decrescente;Atropelamento de ciclista;0;1;0;0;0;0;0;0;0;0;0;0;1;0;0
17/06/2023;18:04:00;128;Sem vítima;263,000;BR-101/ES;Decrescente;Choque;1;0;0;0;0;0;0;0;0;0;1;0;0;0;0
17/06/2023;22:50:00;160;Com vítima;397,500;BR-101/ES;Decrescente;Queda de moto;0;0;0;1;0;0;0;0;0;0;0;1;0;0;0
18/06/2023;00:59:00;6;Sem vítima;143,000;BR-101/ES;Decrescente;Saída de pista;1;0;0;0;0;0;0;0;0;0;2;0;0;0;0
18/06/2023;01:52:00;7;Com vítima;127,000;BR-101/ES;Crescente;Colisão traseira;0;0;0;0;0;1;0;0;0;0;0;0;0;0;0
18/06/2023;05:12:00;22;Sem vítima;135,000;BR-101/ES;Crescente;Acidentes de outra natureza;0;0;0;0;0;1;0;0;0;0;1;0;0;0;0
18/06/2023;05:42:00;24;Sem vítima;259,000;BR-101/ES;Decrescente;Acidentes de outra natureza;0;0;0;0;0;0;0;0;0;1;1;0;0;0;0
18/06/2023;07:30:00;34;Sem vítima;269,000;BR-101/ES;Crescente;Colisão traseira;1;0;0;0;0;0;0;0;0;0;2;0;0;0;0
18/06/2023;10:20:00;69;Sem vítima;368,800;BR-101/ES;Crescente;Colisão lateral em sentido contrário;0;0;0;0;0;1;0;0;0;0;1;0;0;0;0
18/06/2023;14:03:00;100;Sem vítima;391,000;BR-101/ES;Crescente;Choque;1;0;0;0;0;0;0;0;0;0;2;0;0;0;0
18/06/2023;23:15:00;167;Sem vítima;263,000;BR-101/ES;Decrescente;Atropelamento de animal;0;0;0;0;0;0;0;0;0;0;0;0;0;0;0
19/06/2023;05:09:00;13;Sem vítima;1,500;BR-101/ES;Decrescente;Saída de pista;1;0;0;0;0;0;0;0;0;0;1;0;0;0;0
19/06/2023;05:51:00;22;Sem vítima;277,900;BR-101/ES;Decrescente;Engavetamento;1;0;0;0;0;0;0;0;0;0;1;0;0;0;0
19/06/2023;12:21:00;94;Com vítima;263,400;BR-101/ES;Decrescente;Colisão traseira;1;0;0;0;0;0;0;0;0;0;1;0;0;0;0
19/06/2023;13:38:00;111;Sem vítima;61,200;BR-101/ES;Crescente;Colisão traseira;1;0;0;0;0;0;0;0;0;0;1;0;0;0;0
19/06/2023;21:12:00;168;Com vítima;366,950;BR-101/ES;Crescente;Colisão frontal;1;0;0;0;0;0;0;0;0;0;0;0;0;1;0
20/06/2023;09:05:00;59;Com vítima;270,900;BR-101/ES;Decrescente;Colisão lateral no mesmo sentido;0;0;0;0;0;1;0;0;0;0;1;0;0;0;0
20/06/2023;11:53:00;100;Com vítima;329,000;BR-101/ES;Decrescente;Tombamento;0;0;1;0;0;0;0;0;0;0;0;0;0;0;0
20/06/2023;12:00:00;102;Sem vítima;413,000;BR-101/ES;Crescente;Colisão lateral no mesmo sentido;0;0;0;0;0;1;0;0;0;0;1;0;0;0;0
20/06/2023;12:23:00;106;Com vítima;268,500;BR-101/ES;Crescente;Colisão traseira;1;0;0;0;0;0;0;0;0;0;1;0;0;0;0
20/06/2023;16:10:00;145;Sem vítima;270,800;BR-101/ES;Decrescente;Colisão traseira;0;0;0;0;0;1;0;0;0;0;0;0;0;0;0
20/06/2023;19:03:00;166;Com vítima;210,000;BR-101/ES;Decrescente;Queda de moto;0;0;0;1;0;0;0;0;0;0;0;0;0;0;0
21/06/2023;07:28:00;27;Com vítima;295,500;BR-101/ES;Decrescente;Colisão traseira;0;0;0;1;0;0;0;0;0;0;0;0;0;0;0
21/06/2023;07:28:00;28;Sem vítima;83,000;BR-101/ES;Crescente;Saída de pista;1;0;0;0;0;0;0;0;0;0;0;0;0;0;0
21/06/2023;13:08:00;94;Sem vítima;258,000;BR-101/ES;Decrescente;Colisão transversal;1;0;0;0;0;0;0;0;0;0;0;0;0;0;0
21/06/2023;13:46:00;97;Com vítima;265,900;BR-101/ES;Crescente;Colisão traseira;0;0;0;0;1;0;0;0;0;0;0;0;0;0;0
21/06/2023;15:33:00;120;Com vítima;270,000;BR-101/ES;Crescente;Colisão traseira;0;0;0;1;0;0;0;0;0;0;0;0;0;0;0
21/06/2023;15:52:00;129;Sem vítima;294,000;BR-101/ES;Decrescente;Colisão traseira;0;0;1;0;0;0;0;0;0;0;0;0;0;0;0
21/06/2023;16:53:00;141;Sem vítima;270,000;BR-101/ES;Decrescente;Colisão traseira;1;0;0;0;0;0;0;0;0;0;1;0;0;0;0
21/06/2023;18:19:00;159;Sem vítima;297,000;BR-101/ES;Crescente;Colisão traseira;0;0;1;0;0;0;0;0;0;0;1;0;0;0;0
22/06/2023;05:33:00;20;Sem vítima;350,000;BR-101/ES;Decrescente;Saída de pista;0;0;0;0;0;0;0;0;0;1;2;0;0;0;0
22/06/2023;06:23:00;26;Com vítima;61,000;BR-101/ES;Crescente;Queda de moto;0;0;0;1;0;0;0;0;0;0;0;0;1;0;0
22/06/2023;09:12:00;66;Sem vítima;269,000;BR-101/ES;Crescente;Engavetamento;0;0;1;0;0;0;0;0;0;0;1;0;0;0;0
22/06/2023;09:48:00;73;Com vítima;301,000;BR-101/ES;Crescente;Queda de bicicleta;0;1;0;0;0;0;0;0;0;0;0;0;1;0;0
22/06/2023;12:13:00;99;Sem vítima;301,000;BR-101/ES;Decrescente;Colisão traseira;0;0;1;0;0;0;0;0;0;0;1;0;0;0;0
22/06/2023;13:13:00;107;Com vítima;290,000;BR-101/ES;Decrescente;Choque;0;0;1;0;0;0;0;0;0;0;0;0;1;0;0
22/06/2023;13:22:00;108;Com vítima;148,000;BR-101/ES;Decrescente;Colisão transversal;0;0;0;0;0;1;0;0;0;0;0;0;0;0;0
22/06/2023;13:40:00;113;Com vítima;262,000;BR-101/ES;Crescente;Colisão lateral no mesmo sentido;0;0;0;0;0;0;0;0;0;1;0;1;0;0;0
22/06/2023;14:10:00;123;Com vítima;245,700;BR-101/ES;Crescente;Colisão traseira;1;0;0;0;0;0;0;0;0;0;1;0;0;0;0
22/06/2023;19:05:00;172;Sem vítima;295,000;BR-101/ES;Crescente;Colisão traseira;1;0;0;0;0;0;0;0;0;0;2;0;0;0;0
22/06/2023;19:42:00;182;Com vítima;388,600;BR-101/ES;Crescente;Tombamento;0;0;0;0;0;1;0;0;0;0;0;0;2;0;0
23/06/2023;08:43:00;50;Sem vítima;290,000;BR-101/ES;Crescente;Queda de moto;0;0;0;1;0;0;0;0;0;0;2;0;0;0;0
23/06/2023;12:07:00;88;Sem vítima;265,400;BR-101/ES;Crescente;Colisão traseira;0;0;0;0;0;1;0;0;0;0;0;0;0;0;0
23/06/2023;13:12:00;106;Sem vítima;266,000;BR-101/ES;Crescente;Colisão lateral no mesmo sentido;0;0;0;0;0;1;0;0;0;0;2;0;0;0;0
23/06/2023;18:31:00;167;Com vítima;69,000;BR-101/ES;Decrescente;Queda de moto;0;0;0;1;0;0;0;0;0;0;0;2;0;0;0
23/06/2023;18:33:00;168;Sem vítima;292,000;BR-101/ES;Decrescente;Colisão lateral no mesmo sentido;0;0;0;0;0;1;0;0;0;0;0;0;0;0;0
23/06/2023;19:06:00;173;Sem vítima;281,000;BR-101/ES;Decrescente;Colisão lateral no mesmo sentido;0;0;0;0;0;1;0;0;0;0;1;0;0;0;0
23/06/2023;19:22:00;178;Com vítima;263,000;BR-101/ES;Decrescente;Atropelamento de ciclista;0;1;0;0;0;0;0;0;0;0;0;0;1;0;0
23/06/2023;20:42:00;191;Sem vítima;293,000;BR-101/ES;Decrescente;Engavetamento;1;0;0;0;0;0;0;0;0;0;1;0;0;0;0
24/06/2023;07:29:00;32;Com vítima;79,000;BR-101/ES;Decrescente;Queda de moto;0;0;0;1;0;0;0;0;0;0;0;1;0;0;0
24/06/2023;09:41:00;63;Com vítima;219,700;BR-101/ES;Crescente;Colisão lateral no mesmo sentido;1;0;0;0;0;0;0;0;0;0;1;0;0;0;0
24/06/2023;13:14:00;110;Sem vítima;229,200;BR-101/ES;Crescente;Colisão traseira;1;0;0;0;0;0;0;0;0;0;1;0;0;0;0
24/06/2023;15:30:00;128;Sem vítima;219,100;BR-101/ES;Crescente;Choque;1;0;0;0;0;0;0;0;0;0;1;0;0;0;0
24/06/2023;15:47:00;131;Com vítima;457,900;BR-101/ES;Crescente;Colisão lateral em sentido contrário;0;0;0;0;0;1;0;0;0;0;1;0;0;0;0
24/06/2023;19:37:00;157;Sem vítima;448,000;BR-101/ES;Decrescente;Colisão traseira;0;0;0;0;0;1;0;0;0;0;0;0;0;0;0
24/06/2023;19:39:00;159;Sem vítima;307,000;BR-101/ES;Decrescente;Choque;1;0;0;0;0;0;0;0;0;0;1;0;0;0;0
24/06/2023;20:17:00;165;Com vítima;222,000;BR-101/ES;Decrescente;Colisão frontal;1;0;0;0;0;0;0;0;0;0;1;0;0;0;0
24/06/2023;21:52:00;173;Sem vítima;140,000;BR-101/ES;Decrescente;Saída de pista;1;0;0;0;0;0;0;0;0;0;1;0;0;0;0
25/06/2023;01:48:00;6;Com vítima;268,000;BR-101/ES;Crescente;Queda de moto;0;0;0;1;0;0;0;0;0;0;0;0;1;0;0
25/06/2023;02:54:00;9;Sem vítima;213,000;BR-101/ES;Crescente;Saída de pista;1;0;0;0;0;0;0;0;0;0;1;0;0;0;0
25/06/2023;06:12:00;18;Sem vítima;270,000;BR-101/ES;Decrescente;Colisão lateral no mesmo sentido;0;0;0;0;0;1;0;0;0;0;1;0;0;0;0
25/06/2023;09:54:00;44;Sem vítima;332,300;BR-101/ES;Crescente;Choque;1;0;0;0;0;0;0;0;0;0;1;0;0;0;0
25/06/2023;14:24:00;85;Sem vítima;255,000;BR-101/ES;Crescente;Engavetamento;1;0;0;0;0;0;0;0;0;0;1;0;0;0;0
25/06/2023;15:34:00;96;Com vítima;253,100;BR-101/ES;Crescente;Colisão traseira;1;0;0;0;0;0;0;0;0;0;1;0;0;0;0
25/06/2023;16:56:00;106;Sem vítima;255,300;BR-101/ES;Crescente;Colisão traseira;0;0;0;0;0;1;0;0;0;0;0;0;0;0;0
25/06/2023;17:28:00;109;Com vítima;110,000;BR-101/ES;Crescente;Colisão traseira;1;0;0;0;0;0;0;0;0;0;1;0;0;0;0
25/06/2023;18:14:00;118;Sem vítima;435,000;BR-101/ES;Decrescente;Saída de pista;1;0;0;0;0;0;0;0;0;0;1;0;0;0;0
25/06/2023;19:39:00;133;Sem vítima;247,000;BR-101/ES;Crescente;Colisão traseira;1;0;0;0;0;0;0;0;0;0;1;0;0;0;0
25/06/2023;21:45:00;153;Com vítima;222,600;BR-101/ES;Crescente;Atropelamento de pedestre;0;0;0;0;0;0;0;0;0;0;0;0;0;0;1
26/06/2023;02:33:00;9;Sem vítima;137,000;BR-101/ES;Crescente;Queda de moto;0;0;0;1;0;0;0;0;0;0;1;0;0;0;0
26/06/2023;04:27:00;18;Sem vítima;323,000;BR-101/ES;Decrescente;Atropelamento de animal;0;0;0;0;0;0;0;0;0;0;0;0;0;0;0
26/06/2023;04:55:00;19;Sem vítima;159,950;BR-101/ES;Crescente;Colisão transversal;0;0;0;0;0;1;0;0;0;0;0;0;0;0;0
26/06/2023;07:14:00;34;Com vítima;269,000;BR-101/ES;Crescente;Colisão traseira;0;0;0;1;0;0;0;0;0;0;0;1;0;0;0
26/06/2023;07:41:00;36;Sem vítima;396,000;BR-101/ES;Crescente;Colisão traseira;1;0;0;0;0;0;0;0;0;0;1;0;0;0;0
26/06/2023;08:22:00;65;Sem vítima;270,000;BR-101/ES;Decrescente;Engavetamento;1;0;0;0;0;0;0;0;0;0;1;0;0;0;0
26/06/2023;08:27:00;67;Com vítima;255,045;BR-101/ES;Decrescente;Colisão lateral no mesmo sentido;0;0;1;0;0;0;0;0;0;0;0;1;0;0;0
26/06/2023;09:38:00;87;Sem vítima;66,500;BR-101/ES;Crescente;Colisão traseira;1;0;0;0;0;0;0;0;0;0;1;0;0;0;0
26/06/2023;11:07:00;107;Sem vítima;296,000;BR-101/ES;Crescente;Colisão frontal;0;0;0;1;0;0;0;0;0;0;1;0;0;0;0
26/06/2023;14:00:00;135;Sem vítima;268,000;BR-101/ES;Crescente;Queda de moto;0;0;0;1;0;0;0;0;0;0;1;0;0;0;0
27/06/2023;05:22:00;10;Com vítima;204,800;BR-101/ES;Decrescente;Colisão transversal;0;0;0;1;0;0;0;0;0;0;0;0;1;0;0
27/06/2023;07:32:00;32;Com vítima;295,500;BR-101/ES;Crescente;Colisão traseira;0;0;0;0;0;0;0;0;0;1;1;0;0;0;0
27/06/2023;14:09:00;113;Sem vítima;265,450;BR-101/ES;Crescente;Colisão transversal;1;0;0;0;0;0;0;0;0;0;1;0;0;0;0
27/06/2023;14:14:00;114;Com vítima;265,500;BR-101/ES;Crescente;Colisão traseira;0;0;0;1;0;0;0;0;0;0;0;1;0;0;0
27/06/2023;15:54:00;137;Sem vítima;270,000;BR-101/ES;Crescente;Choque;0;0;0;0;0;1;0;0;0;0;0;0;0;0;0
27/06/2023;17:16:00;150;Sem vítima;102,000;BR-101/ES;Crescente;Colisão traseira;0;0;1;0;0;0;0;0;0;0;1;0;0;0;0
27/06/2023;17:41:00;157;Com vítima;399,000;BR-101/ES;Decrescente;Colisão traseira;0;0;0;1;0;0;0;0;0;0;0;0;1;0;0
27/06/2023;18:42:00;164;Com vítima;302,000;BR-101/ES;Crescente;Atropelamento de ciclista;0;1;0;0;0;0;0;0;0;0;0;0;1;0;0
27/06/2023;18:50:00;166;Com vítima;300,000;BR-101/ES;Decrescente;Colisão lateral no mesmo sentido;0;0;0;1;0;0;0;0;0;0;0;0;1;0;0
27/06/2023;19:31:00;169;Com vítima;324,500;BR-101/ES;Crescente;Atropelamento de pedestre;0;0;0;0;0;0;0;0;0;0;0;1;0;0;0
27/06/2023;21:36:00;181;Sem vítima;100,000;BR-101/ES;Decrescente;Colisão traseira;1;0;0;0;0;0;0;0;0;0;1;0;0;0;0
28/06/2023;03:57:00;11;Com vítima;142,900;BR-101/ES;Crescente;Atropelamento de animal;0;0;0;0;0;0;0;0;0;0;0;0;0;0;0
28/06/2023;06:12:00;18;Com vítima;294,700;BR-101/ES;Decrescente;Colisão traseira;0;0;0;0;0;1;0;0;0;0;0;0;0;0;0
28/06/2023;08:13:00;45;Sem vítima;411,000;BR-101/ES;Crescente;Colisão traseira;1;0;0;0;0;0;0;0;0;0;1;0;0;0;0
28/06/2023;10:32:00;84;Com vítima;457,700;BR-101/ES;Crescente;Tombamento;0;0;0;0;0;1;0;0;0;0;0;1;0;0;0
28/06/2023;12:29:00;99;Com vítima;268,000;BR-101/ES;Crescente;Engavetamento;0;0;0;0;0;1;0;0;0;0;1;0;0;0;0
28/06/2023;15:34:00;123;Com vítima;146,000;BR-101/ES;Decrescente;Queda de moto;0;0;0;0;0;1;0;0;0;0;0;0;0;0;0
28/06/2023;18:52:00;160;Com vítima;457,900;BR-101/ES;Crescente;Colisão transversal;0;0;0;0;0;1;0;0;0;0;0;0;0;1;0
28/06/2023;19:01:00;162;Sem vítima;457,000;BR-101/ES;Crescente;Colisão traseira;0;0;0;0;0;1;0;0;0;0;0;0;0;0;0
28/06/2023;19:46:00;174;Com vítima;271,000;BR-101/ES;Crescente;Atropelamento de ciclista;0;1;0;0;0;0;0;0;0;0;0;0;0;1;0
28/06/2023;21:44:00;184;Com vítima;308,000;BR-101/ES;Crescente;Atropelamento de pedestre;0;0;0;0;0;0;0;0;0;0;0;0;0;0;1
29/06/2023;07:26:00;36;Sem vítima;149,000;BR-101/ES;Crescente;Colisão traseira;1;0;0;0;0;0;0;0;0;0;1;0;0;0;0
29/06/2023;13:46:00;129;Com vítima;349,000;BR-101/ES;Crescente;Colisão lateral em sentido contrário;0;0;0;0;0;1;0;0;0;0;1;0;0;0;0
29/06/2023;14:49:00;148;Sem vítima;265,000;BR-101/ES;Crescente;Engavetamento;0;0;1;0;0;0;0;0;0;0;1;0;0;0;0
29/06/2023;15:40:00;156;Sem vítima;125,000;BR-101/ES;Decrescente;Colisão traseira;0;0;1;0;0;0;0;0;0;0;1;0;0;0;0
29/06/2023;18:48:00;186;Com vítima;281,000;BR-101/ES;Crescente;Queda de bicicleta;0;1;0;0;0;0;0;0;0;0;0;1;0;0;0
30/06/2023;11:07:00;89;Sem vítima;140,000;BR-101/ES;Decrescente;Colisão traseira;1;0;0;0;0;0;0;0;0;0;1;0;0;0;0
30/06/2023;11:15:00;91;Sem vítima;269,000;BR-101/ES;Crescente;Engavetamento;1;0;0;0;0;0;0;0;0;0;1;0;0;0;0
30/06/2023;12:00:00;100;Com vítima;292,500;BR-101/ES;Crescente;Engavetamento;1;0;0;0;0;0;0;0;0;0;1;0;0;0;0
30/06/2023;13:15:00;108;Com vítima;386,000;BR-101/ES;Crescente;Colisão lateral em sentido contrário;0;0;0;0;0;1;0;0;0;0;0;1;0;0;0
30/06/2023;15:02:00;132;Sem vítima;431,500;BR-101/ES;Crescente;Colisão traseira;0;0;0;0;0;1;0;0;0;0;0;0;0;0;0
30/06/2023;18:55:00;187;Com vítima;268,000;BR-101/ES;Crescente;Colisão traseira;1;0;0;0;0;0;0;0;0;0;1;0;0;0;0
30/06/2023;19:31:00;193;Sem vítima;355,000;BR-101/ES;Decrescente;Colisão traseira;1;0;0;0;0;0;0;0;0;0;1;0;0;0;0
30/06/2023;21:14:00;207;Sem vítima;273,000;BR-101/ES;Decrescente;Choque;1;0;0;0;0;0;0;0;0;0;1;0;0;0;0
30/06/2023;22:45:00;218;Com vítima;285,000;BR-101/ES;Crescente;Saída de pista;1;0;0;0;0;0;0;0;0;0;0;1;0;0;0
01/07/2023;03:34:00;14;Sem vítima;388,000;BR-101/ES;Crescente;Capotamento;1;0;0;0;0;0;0;0;0;0;1;0;0;0;0
01/07/2023;04:08:00;16;Com vítima;447,900;BR-101/ES;Decrescente;Queda de moto;0;0;0;1;0;0;0;0;0;0;0;0;0;1;0
01/07/2023;08:06:00;48;Com vítima;258,000;BR-101/ES;Decrescente;Colisão traseira;0;0;1;0;0;0;0;0;0;0;0;0;0;0;0
01/07/2023;09:38:00;75;Com vítima;149,000;BR-101/ES;Decrescente;Colisão traseira;0;0;1;0;0;0;0;0;0;0;1;0;0;0;0
01/07/2023;15:19:00;138;Sem vítima;350,000;BR-101/ES;Crescente;Saída de pista;1;0;0;0;0;0;0;0;0;0;1;0;0;0;0
01/07/2023;15:32:00;141;Com vítima;249,000;BR-101/ES;Decrescente;Queda de moto;0;0;0;1;0;0;0;0;0;0;0;0;1;0;0
01/07/2023;15:38:00;143;Sem vítima;149,000;BR-101/ES;Decrescente;Engavetamento;0;0;1;0;0;0;0;0;0;0;1;0;0;0;0
01/07/2023;17:11:00;160;Sem vítima;406,000;BR-101/ES;Crescente;Atropelamento de animal;0;0;0;0;0;0;0;0;0;0;0;0;0;0;0
01/07/2023;17:58:00;165;Sem vítima;265,000;BR-101/ES;Decrescente;Colisão lateral no mesmo sentido;1;0;0;0;0;0;0;0;0;0;1;0;0;0;0
01/07/2023;18:41:00;168;Com vítima;124,500;BR-101/ES;Decrescente;Atropelamento de pedestre;1;0;0;0;0;0;0;0;0;0;1;0;0;0;0
01/07/2023;21:47:00;183;Sem vítima;387,600;BR-101/ES;Decrescente;Saída de pista;0;0;0;0;0;1;0;0;0;0;1;0;0;0;0
02/07/2023;02:10:00;2;Sem vítima;442,000;BR-101/ES;Crescente;Colisão frontal;1;0;0;0;0;0;0;0;0;0;1;0;0;0;0
02/07/2023;03:57:00;11;Com vítima;297,000;BR-101/ES;Crescente;Saída de pista;1;0;0;0;0;0;0;0;0;0;0;0;1;0;0
02/07/2023;13:06:00;80;Com vítima;145,000;BR-101/ES;Decrescente;Colisão transversal;0;1;0;0;0;0;0;0;0;0;0;0;1;0;0
02/07/2023;13:29:00;85;Sem vítima;262,100;BR-101/ES;Crescente;Engavetamento;0;0;0;0;0;1;0;0;0;0;0;0;0;0;0
02/07/2023;13:43:00;87;Com vítima;266,800;BR-101/ES;Crescente;Colisão transversal;0;0;0;0;0;1;0;0;0;0;0;0;0;0;0