data;horario;n_da_ocorrencia;tipo_de_ocorrencia;km;trecho;sentido;tipo_de_acidente;automovel;bicicleta;caminhao;moto;onibus;outros;tracao_animal;transporte_de_cargas_especiais;trator_maquinas;utilitarios;ilesos;levemente_feridos;moderadamente_feridos;gravemente_feridos;mortos
02/07/2023;15:41:00;114;Sem vítima;255,180;BR-101/ES;Crescente;Colisão traseira;1;0;0;0;0;0;0;0;0;0;1;0;0;0;0
02/07/2023;17:37:00;130;Com vítima;209,000;BR-101/ES;Crescente;Colisão traseira;1;0;0;0;0;0;0;0;0;0;1;0;0;0;0
03/07/2023;08:19:00;57;Com vítima;291,300;BR-101/ES;Decrescente;Colisão lateral no mesmo sentido;1;0;0;0;0;0;0;0;0;0;1;0;0;0;0
03/07/2023;08:37:00;61;Com vítima;291,000;BR-101/ES;Decrescente;Colisão traseira;1;0;0;0;0;0;0;0;0;0;1;0;0;0;0
03/07/2023;09:06:00;70;Sem vítima;297,300;BR-101/ES;Crescente;Colisão traseira;0;0;0;0;0;0;0;0;0;1;1;0;0;0;0
03/07/2023;11:06:00;104;Sem vítima;291,000;BR-101/ES;Crescente;Colisão traseira;0;0;1;0;0;0;0;0;0;0;1;0;0;0;0
03/07/2023;15:47:00;146;Sem vítima;172,000;BR-101/ES;Decrescente;Colisão traseira;0;0;0;0;0;1;0;0;0;0;1;0;0;0;0
03/07/2023;16:50:00;153;Sem vítima;67,300;BR-101/ES;Crescente;Colisão transversal;0;0;0;1;0;0;0;0;0;0;1;0;0;0;0
03/07/2023;17:25:00;164;Sem vítima;277,000;BR-101/ES;Decrescente;Choque;1;0;0;0;0;0;0;0;0;0;1;0;0;0;0
03/07/2023;18:00:00;167;Com vítima;232,000;BR-101/ES;Decrescente;Colisão lateral em sentido contrário;0;0;0;0;0;0;0;0;0;1;1;0;0;0;0
03/07/2023;20:11:00;189;Com vítima;292,000;BR-101/ES;Crescente;Colisão lateral em sentido contrário;0;0;0;1;0;0;0;0;0;0;0;0;1;0;0
04/07/2023;06:46:00;10;Sem vítima;187,350;BR-101/ES;Decrescente;Colisão transversal;0;0;0;0;0;1;0;0;0;0;0;0;0;0;0
04/07/2023;11:57:00;84;Sem vítima;3,000;Contorno de Iconha/ES;Crescente;Choque;1;0;0;0;0;0;0;0;0;0;1;0;0;0;0
04/07/2023;12:47:00;91;Sem vítima;297,000;BR-101/ES;Crescente;Colisão lateral no mesmo sentido;1;0;0;0;0;0;0;0;0;0;1;0;0;0;0
04/07/2023;17:25:00;152;Com vítima;141,000;BR-101/ES;Crescente;Colisão traseira;0;0;0;1;0;0;0;0;0;0;0;1;0;0;0
05/07/2023;05:19:00;9;Sem vítima;321,000;BR-101/ES;Crescente;Colisão traseira;0;0;0;0;0;1;0;0;0;0;0;0;0;0;0
05/07/2023;06:26:00;16;Sem vítima;338,100;BR-101/ES;Crescente;Colisão lateral no mesmo sentido;0;0;1;0;0;0;0;0;0;0;0;0;0;0;0
05/07/2023;07:34:00;30;Sem vítima;130,000;BR-101/ES;Crescente;Colisão lateral no mesmo sentido;1;0;0;0;0;0;0;0;0;0;1;0;0;0;0
05/07/2023;07:36:00;32;Sem vítima;235,000;BR-101/ES;Decrescente;Choque;0;0;1;0;0;0;0;0;0;0;1;0;0;0;0
05/07/2023;08:52:00;56;Sem vítima;5,000;BR-101/ES;Decrescente;Saída de pista;1;0;0;0;0;0;0;0;0;0;1;0;0;0;0
05/07/2023;17:17:00;140;Com vítima;150,000;BR-101/ES;Decrescente;Queda de bicicleta;0;1;0;0;0;0;0;0;0;0;0;0;1;0;0
05/07/2023;17:20:00;142;Com vítima;260,000;BR-101/ES;Decrescente;Colisão traseira;0;0;0;1;0;0;0;0;0;0;0;1;0;0;0
05/07/2023;17:31:00;144;Sem vítima;295,000;BR-101/ES;Decrescente;Colisão traseira;0;0;0;0;0;1;0;0;0;0;0;0;0;0;0
05/07/2023;18:30:00;148;Com vítima;204,700;BR-101/ES;Crescente;Colisão transversal;0;0;0;1;0;0;0;0;0;0;0;0;1;0;0
06/07/2023;04:53:00;10;Com vítima;427,900;BR-101/ES;Decrescente;Saída de pista;0;0;1;0;0;0;0;0;0;0;1;0;0;0;0
06/07/2023;15:23:00;128;Sem vítima;203,650;BR-101/ES;Decrescente;Colisão transversal;0;0;1;0;0;0;0;0;0;0;1;0;0;0;0
07/07/2023;00:14:00;2;Sem vítima;85,000;BR-101/ES;Crescente;Colisão traseira;0;0;0;0;0;1;0;0;0;0;1;0;0;0;0
07/07/2023;02:29:00;10;Sem vítima;35,000;BR-101/ES;Decrescente;Atropelamento de animal;0;0;0;0;0;0;0;0;0;0;0;0;0;0;0
07/07/2023;06:12:00;24;Sem vítima;283,000;BR-101/ES;Crescente;Colisão traseira;1;0;0;0;0;0;0;0;0;0;2;0;0;0;0
07/07/2023;09:09:00;60;Sem vítima;26,900;BR-101/ES;Decrescente;Saída de pista;1;0;0;0;0;0;0;0;0;0;1;0;0;0;0
07/07/2023;09:35:00;64;Com vítima;299,000;BR-101/ES;Decrescente;Choque;0;0;0;0;0;0;0;0;0;0;0;1;0;0;0
07/07/2023;11:15:00;87;Com vítima;294,000;BR-101/ES;Decrescente;Colisão traseira;0;0;0;1;0;0;0;0;0;0;0;0;1;0;0
07/07/2023;19:28:00;186;Com vítima;244,000;BR-101/ES;Crescente;Capotamento;1;0;0;0;0;0;0;0;0;0;0;1;0;0;0
07/07/2023;19:33:00;187;Com vítima;231,000;BR-101/ES;Crescente;Atropelamento de pedestre;0;0;0;0;0;0;0;0;0;0;1;0;0;0;0
07/07/2023;19:35:00;188;Sem vítima;356,800;BR-101/ES;Decrescente;Engavetamento;0;0;0;0;0;1;0;0;0;0;1;0;0;0;0
07/07/2023;19:39:00;190;Sem vítima;258,000;BR-101/ES;Decrescente;Choque;1;0;0;0;0;0;0;0;0;0;1;0;0;0;0
08/07/2023;00:11:00;1;Com vítima;129,000;BR-101/ES;Crescente;Queda de moto;0;0;0;1;0;0;0;0;0;0;0;1;0;0;0
08/07/2023;07:06:00;36;Com vítima;265,000;BR-101/ES;Decrescente;Atropelamento de animal;0;0;0;0;0;0;0;0;0;0;0;0;0;0;0
08/07/2023;07:59:00;44;Sem vítima;278,000;BR-101/ES;Crescente;Saída de pista;1;0;0;0;0;0;0;0;0;0;1;0;0;0;0
08/07/2023;10:36:00;80;Com vítima;306,700;BR-101/ES;Crescente;Colisão lateral no mesmo sentido;0;0;1;0;0;0;0;0;0;0;1;0;0;0;0
08/07/2023;10:51:00;85;Sem vítima;260,000;BR-101/ES;Decrescente;Colisão traseira;1;0;0;0;0;0;0;0;0;0;1;0;0;0;0
08/07/2023;19:03:00;180;Sem vítima;210,000;BR-101/ES;Decrescente;Choque;1;0;0;0;0;0;0;0;0;0;1;0;0;0;0
08/07/2023;22:07:00;201;Sem vítima;262,000;BR-101/ES;Decrescente;Colisão lateral no mesmo sentido;0;0;0;0;0;1;0;0;0;0;0;0;0;0;0
09/07/2023;03:18:00;11;Sem vítima;150,000;BR-101/ES;Decrescente;Saída de pista;1;0;0;0;0;0;0;0;0;0;1;0;0;0;0
09/07/2023;06:17:00;28;Com vítima;44,800;BR-101/ES;Crescente;Tombamento;0;0;0;0;0;1;0;0;0;0;0;1;0;0;0
09/07/2023;12:13:00;79;Com vítima;259,900;BR-101/ES;Decrescente;Queda de moto;0;0;0;1;0;0;0;0;0;0;0;0;1;0;0
09/07/2023;18:04:00;130;Com vítima;0,100;Contorno de Iconha/ES;Crescente;Colisão frontal;1;0;0;0;0;0;0;0;0;0;1;0;0;0;0
10/07/2023;06:11:00;24;Com vítima;215,100;BR-101/ES;Decrescente;Tombamento;0;0;0;0;0;1;0;0;0;0;0;0;1;0;0
10/07/2023;08:28:00;41;Sem vítima;169,000;BR-101/ES;Decrescente;Colisão lateral em sentido contrário;0;0;1;0;0;0;0;0;0;0;1;0;0;0;0
10/07/2023;15:55:00;118;Sem vítima;268,600;BR-101/ES;Decrescente;Colisão traseira;1;0;0;0;0;0;0;0;0;0;1;0;0;0;0
10/07/2023;16:19:00;123;Com vítima;270,600;BR-101/ES;Crescente;Queda de moto;0;0;0;1;0;0;0;0;0;0;0;0;1;0;0
10/07/2023;18:23:00;143;Sem vítima;325,000;BR-101/ES;Crescente;Colisão lateral no mesmo sentido;1;0;0;0;0;0;0;0;0;0;1;0;0;0;0
11/07/2023;07:48:00;27;Com vítima;270,000;BR-101/ES;Crescente;Atropelamento de pedestre;0;0;0;0;0;1;0;0;0;0;0;0;0;0;0
11/07/2023;10:01:00;55;Sem vítima;108,000;BR-101/ES;Crescente;Engavetamento;0;0;0;0;0;1;0;0;0;0;1;0;0;0;0
11/07/2023;12:04:00;88;Com vítima;27,200;BR-101/ES;Crescente;Colisão transversal;0;0;0;1;0;0;0;0;0;0;0;1;0;0;0
11/07/2023;17:28:00;155;Sem vítima;339,000;BR-101/ES;Crescente;Choque;0;0;0;0;0;0;0;0;0;1;0;0;0;0;0
11/07/2023;17:45:00;158;Com vítima;85,000;BR-101/ES;Decrescente;Queda de moto;0;0;0;1;0;0;0;0;0;0;0;0;1;0;0
11/07/2023;20:29:00;184;Com vítima;214,000;BR-101/ES;Crescente;Colisão transversal;1;0;0;0;0;0;0;0;0;0;1;0;0;0;0
11/07/2023;22:31:00;197;Com vítima;263,800;BR-101/ES;Decrescente;Atropelamento de ciclista;1;1;0;0;0;0;0;0;0;0;0;0;1;0;1
11/07/2023;23:49:00;201;Com vítima;151,500;BR-101/ES;Decrescente;Colisão transversal;0;0;0;0;0;1;0;0;0;0;0;0;0;0;0
12/07/2023;00:23:00;2;Sem vítima;245,000;BR-101/ES;Crescente;Saída de pista;0;0;0;0;0;0;0;0;0;1;1;0;0;0;0
12/07/2023;09:46:00;67;Com vítima;151,500;BR-101/ES;Decrescente;Colisão transversal;1;0;0;0;0;0;0;0;0;0;0;0;1;0;0
12/07/2023;15:16:00;120;Sem vítima;258,000;BR-101/ES;Crescente;Colisão lateral no mesmo sentido;0;0;0;0;0;1;0;0;0;0;0;0;0;0;0
12/07/2023;17:58:00;156;Sem vítima;268,000;BR-101/ES;Decrescente;Colisão traseira;1;0;0;0;0;0;0;0;0;0;1;0;0;0;0
12/07/2023;19:06:00;164;Com vítima;68,400;BR-101/ES;Decrescente;Colisão traseira;0;0;0;1;0;0;0;0;0;0;0;1;0;0;0
12/07/2023;20:35:00;173;Sem vítima;129,000;BR-101/ES;Decrescente;Choque;1;0;0;0;0;0;0;0;0;0;1;0;0;0;0
13/07/2023;06:11:00;19;Sem vítima;264,000;BR-101/ES;Crescente;Engavetamento;1;0;0;0;0;0;0;0;0;0;1;0;0;0;0
13/07/2023;07:01:00;24;Com vítima;270,200;BR-101/ES;Decrescente;Colisão lateral no mesmo sentido;0;0;0;0;0;1;0;0;0;0;0;0;0;0;0
13/07/2023;09:39:00;56;Sem vítima;398,900;BR-101/ES;Crescente;Colisão traseira;1;0;0;0;0;0;0;0;0;0;2;0;0;0;0
13/07/2023;14:01:00;108;Sem vítima;5,800;Contorno de Iconha/ES;Decrescente;Choque;0;0;1;0;0;0;0;0;0;0;2;0;0;0;0
13/07/2023;14:31:00;115;Com vítima;6,800;Contorno de Iconha/ES;Decrescente;Tombamento;0;0;0;0;0;1;0;0;0;0;0;1;0;0;0
13/07/2023;17:51:00;148;Sem vítima;70,000;BR-101/ES;Crescente;Colisão transversal;1;0;0;0;0;0;0;0;0;0;1;0;0;0;0
13/07/2023;20:00:00;170;Sem vítima;3,000;Contorno de Iconha/ES;Crescente;Choque;1;0;0;0;0;0;0;0;0;0;1;0;0;0;0
13/07/2023;21:00:00;183;Sem vítima;270,000;BR-101/ES;Decrescente;Colisão lateral no mesmo sentido;1;0;0;0;0;0;0;0;0;0;1;0;0;0;0
13/07/2023;21:40:00;187;Com vítima;328,000;BR-101/ES;Crescente;Atropelamento de animal;0;0;0;0;0;0;0;0;0;0;0;0;0;0;0
13/07/2023;21:50:00;190;Sem vítima;270,000;BR-101/ES;Decrescente;Colisão lateral no mesmo sentido;0;0;0;0;0;1;0;0;0;0;1;0;0;0;0
13/07/2023;23:42:00;200;Sem vítima;265,000;BR-101/ES;Crescente;Choque;1;0;0;0;0;0;0;0;0;0;1;0;0;0;0
14/07/2023;06:52:00;23;Com vítima;20,100;BR-101/ES;Crescente;Colisão transversal;0;0;0;1;0;0;0;0;0;0;0;0;1;0;0
14/07/2023;07:10:00;30;Sem vítima;292,000;BR-101/ES;Decrescente;Queda de moto;0;0;0;1;0;0;0;0;0;0;0;0;0;0;0
14/07/2023;11:10:00;83;Sem vítima;297,000;BR-101/ES;Decrescente;Colisão lateral no mesmo sentido;0;0;0;0;0;1;0;0;0;0;0;0;0;0;0
14/07/2023;12:36:00;96;Sem vítima;150,700;BR-101/ES;Crescente;Colisão lateral no mesmo sentido;1;0;0;0;0;0;0;0;0;0;1;0;0;0;0
14/07/2023;15:13:00;136;Com vítima;322,000;BR-101/ES;Decrescente;Capotamento;1;0;0;0;0;0;0;0;0;0;0;2;0;0;0
14/07/2023;17:05:00;163;Com vítima;272,350;BR-101/ES;Decrescente;Colisão transversal;1;0;0;0;0;0;0;0;0;0;0;2;0;0;0
14/07/2023;18:32:00;180;Com vítima;292,000;BR-101/ES;Decrescente;Colisão lateral no mesmo sentido;0;0;0;1;0;0;0;0;0;0;0;2;0;0;0
14/07/2023;18:48:00;182;Sem vítima;145,000;BR-101/ES;Decrescente;Colisão traseira;1;0;0;0;0;0;0;0;0;0;2;0;0;0;0
14/07/2023;19:43:00;194;Sem vítima;288,000;BR-101/ES;Decrescente;Colisão transversal;1;0;0;0;0;0;0;0;0;0;2;0;0;0;0
14/07/2023;20:18:00;200;Com vítima;70,000;BR-101/ES;Crescente;Colisão transversal;0;0;0;1;0;0;0;0;0;0;0;2;0;0;0
14/07/2023;23:39:00;229;Sem vítima;145,000;BR-101/ES;Crescente;Colisão traseira;0;0;0;0;0;1;0;0;0;0;0;0;0;0;0
15/07/2023;00:11:00;3;Com vítima;293,000;BR-101/ES;Crescente;Queda de moto;0;0;0;1;0;0;0;0;0;0;0;0;2;0;0
15/07/2023;07:35:00;31;Com vítima;272,200;BR-101/ES;Decrescente;Colisão lateral no mesmo sentido;1;0;0;0;0;0;0;0;0;0;0;0;2;0;0
15/07/2023;07:46:00;33;Sem vítima;113,000;BR-101/ES;Decrescente;Acidentes de outra natureza;1;0;0;0;0;0;0;0;0;0;2;0;0;0;0
15/07/2023;11:02:00;70;Sem vítima;441,150;BR-101/ES;Decrescente;Colisão traseira;1;0;0;0;0;0;0;0;0;0;2;0;0;0;0
15/07/2023;13:09:00;89;Com vítima;288,800;BR-101/ES;Crescente;Colisão transversal;1;0;0;0;0;0;0;0;0;0;2;0;0;0;0
15/07/2023;13:42:00;95;Sem vítima;70,200;BR-101/ES;Crescente;Colisão traseira;0;0;0;0;0;1;0;0;0;0;0;0;0;0;0
15/07/2023;18:34:00;133;Com vítima;942,000;BR-101/ES;Decrescente;Atropelamento de ciclista;1;0;0;0;0;0;0;0;0;0;1;0;0;0;0
15/07/2023;18:44:00;135;Sem vítima;458,500;BR-101/ES;Crescente;Colisão traseira;0;0;1;0;0;0;0;0;0;0;1;0;0;0;0
15/07/2023;18:47:00;136;Sem vítima;370,000;BR-101/ES;Crescente;Colisão traseira;1;0;0;0;0;0;0;0;0;0;2;0;0;0;0
15/07/2023;21:30:00;153;Com vítima;208,000;BR-101/ES;Crescente;Capotamento;1;0;0;0;0;0;0;0;0;0;0;0;1;0;0
16/07/2023;09:59:00;40;Sem vítima;252,000;BR-101/ES;Decrescente;Colisão traseira;1;0;0;0;0;0;0;0;0;0;1;0;0;0;0
16/07/2023;10:13:00;45;Sem vítima;264,000;BR-101/ES;Decrescente;Colisão traseira;0;0;0;0;0;1;0;0;0;0;0;0;0;0;0
16/07/2023;11:43:00;60;Sem vítima;346,000;BR-101/ES;Crescente;Colisão traseira;0;0;0;0;0;1;0;0;0;0;1;0;0;0;0
16/07/2023;18:02:00;115;Sem vítima;247,000;BR-101/ES;Crescente;Saída de pista;1;0;0;0;0;0;0;0;0;0;0;0;0;0;0
16/07/2023;19:19:00;129;Sem vítima;174,000;BR-101/ES;Decrescente;Saída de pista;1;0;0;0;0;0;0;0;0;0;1;0;0;0;0
16/07/2023;19:21:00;130;Com vítima;270,000;BR-101/ES;Crescente;Colisão lateral no mesmo sentido;1;0;0;0;0;0;0;0;0;0;1;0;0;0;0
16/07/2023;20:45:00;149;Com vítima;219,500;BR-101/ES;Decrescente;Atropelamento de pedestre;0;0;0;0;0;0;0;0;0;0;0;0;0;0;1
17/07/2023;04:45:00;12;Sem vítima;41,000;BR-101/ES;Decrescente;Colisão frontal;0;0;0;0;0;1;0;0;0;0;0;0;0;0;0
17/07/2023;07:21:00;29;Com vítima;270,000;BR-101/ES;Decrescente;Colisão lateral no mesmo sentido;1;0;0;0;0;0;0;0;0;0;1;0;0;0;0
17/07/2023;08:08:00;45;Com vítima;257,300;BR-101/ES;Decrescente;Colisão transversal;1;0;0;0;0;0;0;0;0;0;1;0;0;0;0
17/07/2023;08:12:00;46;Sem vítima;237,000;BR-101/ES;Decrescente;Colisão lateral em sentido contrário;1;0;0;0;0;0;0;0;0;0;1;0;0;0;0
17/07/2023;10:18:00;65;Sem vítima;233,800;BR-101/ES;Decrescente;Colisão traseira;1;0;0;0;0;0;0;0;0;0;1;0;0;0;0
17/07/2023;12:53:00;89;Sem vítima;249,900;BR-101/ES;Crescente;Saída de pista;0;0;0;0;0;1;0;0;0;0;1;0;0;0;0
17/07/2023;13:19:00;93;Sem vítima;355,000;BR-101/ES;Crescente;Colisão traseira;1;0;0;0;0;0;0;0;0;0;1;0;0;0;0
17/07/2023;14:42:00;107;Sem vítima;242,100;BR-101/ES;Crescente;Colisão traseira;1;0;0;0;0;0;0;0;0;0;1;0;0;0;0
17/07/2023;16:15:00;119;Com vítima;383,200;BR-101/ES;Decrescente;Colisão lateral em sentido contrário;0;0;0;0;0;1;0;0;0;0;0;0;1;0;0
18/07/2023;06:21:00;28;Com vítima;173,000;BR-101/ES;Decrescente;Colisão lateral em sentido contrário;1;0;0;0;0;0;0;0;0;0;0;0;0;1;0
18/07/2023;06:52:00;31;Sem vítima;144,000;BR-101/ES;Crescente;Carreta deu L;0;0;0;0;0;1;0;0;0;0;2;0;0;0;0
18/07/2023;12:44:00;105;Com vítima;367,600;BR-101/ES;Crescente;Colisão frontal;1;0;0;0;0;0;0;0;0;0;0;0;1;0;0
18/07/2023;17:46:00;158;Com vítima;141,000;BR-101/ES;Crescente;Colisão traseira;0;0;0;1;0;0;0;0;0;0;0;2;0;0;0
18/07/2023;19:14:00;172;Com vítima;191,600;BR-101/ES;Crescente;Choque;0;0;1;0;0;0;0;0;0;0;2;0;0;0;0
18/07/2023;21:16:00;194;Com vítima;249,000;BR-101/ES;Crescente;Queda de moto;0;0;0;1;0;0;0;0;0;0;0;0;2;0;0
19/07/2023;00:10:00;2;Com vítima;251,100;BR-101/ES;Decrescente;Colisão lateral em sentido contrário;0;0;0;0;0;1;0;0;0;0;0;1;0;0;0
19/07/2023;16:48:00;125;Com vítima;219,500;BR-101/ES;Crescente;Colisão traseira;0;0;0;0;0;1;0;0;0;0;1;0;0;0;0
19/07/2023;17:22:00;133;Com vítima;291,000;BR-101/ES;Crescente;Queda de moto;0;0;0;1;0;0;0;0;0;0;0;0;1;0;0
20/07/2023;01:17:00;2;Com vítima;349,000;BR-101/ES;Crescente;Atropelamento de pedestre;0;0;0;0;0;0;0;0;0;0;0;1;0;0;0
20/07/2023;09:14:00;46;Sem vítima;441,100;BR-101/ES;Decrescente;Saída de pista;0;0;1;0;0;0;0;0;0;0;1;0;0;0;0
20/07/2023;09:32:00;51;Com vítima;256,000;BR-101/ES;Crescente;Colisão traseira;1;0;0;0;0;0;0;0;0;0;2;0;0;0;0
20/07/2023;10:46:00;66;Sem vítima;451,000;BR-101/ES;Decrescente;Saída de pista;1;0;0;0;0;0;0;0;0;0;2;0;0;0;0
20/07/2023;12:15:00;80;Sem vítima;431,100;BR-101/ES;Crescente;Carreta deu L;0;0;0;0;0;1;0;0;0;0;2;0;0;0;0
20/07/2023;13:37:00;100;Sem vítima;277,000;BR-101/ES;Crescente;Colisão traseira;0;0;0;0;0;1;0;0;0;0;0;0;0;0;0
20/07/2023;19:21:00;153;Com vítima;127,000;BR-101/ES;Crescente;Colisão lateral no mesmo sentido;0;0;0;0;1;0;0;0;0;0;0;1;0;0;0
20/07/2023;19:25:00;155;Sem vítima;265,000;BR-101/ES;Decrescente;Colisão traseira;0;0;0;0;0;1;0;0;0;0;2;0;0;0;0
20/07/2023;19:41:00;160;Sem vítima;259,000;BR-101/ES;Decrescente;Choque;1;0;0;0;0;0;0;0;0;0;2;0;0;0;0
21/07/2023;03:42:00;5;Sem vítima;235,650;BR-101/ES;Crescente;Choque;0;0;0;0;0;1;0;0;0;0;1;0;0;0;0
21/07/2023;06:29:00;16;Sem vítima;385,700;BR-101/ES;Decrescente;Colisão lateral em sentido contrário;0;0;0;0;0;0;0;0;0;0;0;0;0;0;0
21/07/2023;06:57:00;19;Com vítima;245,500;BR-101/ES;Crescente;Choque;0;0;0;0;0;0;0;0;0;0;0;0;0;0;0
21/07/2023;07:46:00;27;Sem vítima;455,000;BR-101/ES;Decrescente;Saída de pista;0;0;0;0;0;0;0;0;0;0;0;0;0;0;0
21/07/2023;08:20:00;39;Sem vítima;161,000;BR-101/ES;Crescente;Colisão traseira;0;0;0;0;0;0;0;0;0;0;0;0;0;0;0
21/07/2023;08:45:00;47;Sem vítima;353,500;BR-101/ES;Decrescente;Engavetamento;0;0;0;0;0;0;0;0;0;0;0;0;0;0;0
21/07/2023;10:14:00;66;Com vítima;270,300;BR-101/ES;Decrescente;Colisão lateral no mesmo sentido;0;0;0;0;0;0;0;0;0;0;0;0;0;0;0
21/07/2023;10:38:00;72;Com vítima;267,900;BR-101/ES;Crescente;Colisão transversal;0;0;0;0;0;0;0;0;0;0;0;0;0;0;0
21/07/2023;11:16:00;77;Sem vítima;193,000;BR-101/ES;Decrescente;Colisão traseira;0;0;0;0;0;0;0;0;0;0;0;0;0;0;0
21/07/2023;11:42:00;85;Sem vítima;68,000;BR-101/ES;Decrescente;Colisão traseira;0;0;0;0;0;0;0;0;0;0;0;0;0;0;0
21/07/2023;12:40:00;93;Sem vítima;274,000;BR-101/ES;Crescente;Saída de pista;0;0;0;0;0;0;0;0;0;0;0;0;0;0;0
21/07/2023;13:52:00;110;Sem vítima;253,200;BR-101/ES;Crescente;Engavetamento;0;0;0;0;0;0;0;0;0;0;0;0;0;0;0
21/07/2023;16:38:00;147;Sem vítima;457,000;BR-101/ES;Decrescente;Colisão transversal;0;0;0;0;0;0;0;0;0;0;0;0;0;0;0
21/07/2023;18:41:00;180;Sem vítima;442,800;BR-101/ES;Decrescente;Saída de pista;1;0;0;0;0;0;0;0;0;0;1;0;0;0;0
21/07/2023;19:04:00;182;Com vítima;212,000;BR-101/ES;Crescente;Colisão transversal;1;0;0;0;0;0;0;0;0;0;0;1;0;0;0
21/07/2023;20:59:00;195;Sem vítima;263,000;BR-101/ES;Decrescente;Colisão traseira;1;0;0;0;0;0;0;0;0;0;1;0;0;0;0
21/07/2023;21:14:00;197;Com vítima;409,000;BR-101/ES;Crescente;Colisão lateral em sentido contrário;1;0;0;0;0;0;0;0;0;0;0;0;0;1;0
22/07/2023;05:00:00;14;Com vítima;226,000;BR-101/ES;Decrescente;Colisão lateral no mesmo sentido;0;0;1;0;0;0;0;0;0;0;1;0;0;0;0
22/07/2023;06:17:00;23;Sem vítima;431,040;BR-101/ES;Decrescente;Saída de pista;1;0;0;0;0;0;0;0;0;0;1;0;0;0;0
22/07/2023;09:10:00;57;Sem vítima;268,000;BR-101/ES;Crescente;Colisão traseira;1;0;0;0;0;0;0;0;0;0;1;0;0;0;0
22/07/2023;10:15:00;69;Sem vítima;85,800;BR-101/ES;Decrescente;Colisão traseira;0;0;0;1;0;0;0;0;0;0;1;0;0;0;0
22/07/2023;13:00:00;97;Com vítima;238,000;BR-101/ES;Decrescente;Colisão transversal;0;0;0;1;0;0;0;0;0;0;0;1;0;0;0
22/07/2023;18:18:00;136;Com vítima;279,000;BR-101/ES;Decrescente;Colisão traseira;0;0;0;0;0;0;0;0;1;0;1;0;0;0;0
22/07/2023;19:13:00;140;Com vítima;268,000;BR-101/ES;Decrescente;Colisão traseira;1;0;0;0;0;0;0;0;0;0;0;0;1;0;0
22/07/2023;19:18:00;142;Sem vítima;31,000;BR-101/ES;Decrescente;Choque;1;0;0;0;0;0;0;0;0;0;1;0;0;0;0
22/07/2023;22:17:00;163;Sem vítima;265,000;BR-101/ES;Crescente;Colisão lateral no mesmo sentido;0;0;0;0;0;1;0;0;0;0;0;0;0;0;0
22/07/2023;23:16:00;174;Com vítima;301,700;BR-101/ES;Crescente;Queda de moto;0;0;0;1;0;0;0;0;0;0;0;0;0;0;1
23/07/2023;02:50:00;12;Sem vítima;50,000;BR-101/ES;Crescente;Saída de pista;0;0;0;0;0;0;0;0;0;1;2;0;0;0;0
23/07/2023;07:21:00;21;Com vítima;144,089;BR-101/ES;Decrescente;Colisão traseira;0;0;0;1;0;0;0;0;0;0;0;0;1;0;0
23/07/2023;09:07:00;27;Sem vítima;368,600;BR-101/ES;Decrescente;Choque;1;0;0;0;0;0;0;0;0;0;1;0;0;0;0
23/07/2023;09:19:00;31;Sem vítima;258,300;BR-101/ES;Decrescente;Saída de pista;1;0;0;0;0;0;0;0;0;0;1;0;0;0;0
23/07/2023;09:58:00;35;Sem vítima;258,300;BR-101/ES;Crescente;Saída de pista;1;0;0;0;0;0;0;0;0;0;1;0;0;0;0
23/07/2023;10:42:00;41;Sem vítima;187,200;BR-101/ES;Decrescente;Saída de pista;1;0;0;0;0;0;0;0;0;0;1;0;0;0;0
23/07/2023;12:04:00;48;Sem vítima;285,800;BR-101/ES;Crescente;Choque;1;0;0;0;0;0;0;0;0;0;2;0;0;0;0
23/07/2023;12:09:00;49;Com vítima;297,000;BR-101/ES;Crescente;Queda de moto;0;0;0;1;0;0;0;0;0;0;0;1;0;0;0
23/07/2023;13:36:00;59;Sem vítima;300,200;BR-101/ES;Decrescente;Saída de pista;1;0;0;0;0;0;0;0;0;0;1;0;0;0;0
23/07/2023;13:54:00;61;Com vítima;258,200;BR-101/ES;Decrescente;Colisão transversal;1;0;0;0;0;0;0;0;0;0;1;0;0;0;0
23/07/2023;13:56:00;63;Com vítima;190,000;BR-101/ES;Crescente;Colisão transversal;1;0;0;0;0;0;0;0;0;0;1;0;0;0;0
23/07/2023;16:22:00;94;Sem vítima;240,000;BR-101/ES;Crescente;Engavetamento;0;0;0;0;0;1;0;0;0;0;0;0;0;0;0
23/07/2023;16:32:00;97;Com vítima;1,000;Contorno de Iconha/ES;Crescente;Choque;1;0;0;0;0;0;0;0;0;0;0;1;0;0;0
23/07/2023;17:47:00;104;Sem vítima;270,000;BR-101/ES;Decrescente;Colisão transversal;1;0;0;0;0;0;0;0;0;0;1;0;0;0;0
23/07/2023;18:14:00;110;Sem vítima;320,800;BR-101/ES;Crescente;Colisão traseira;1;0;0;0;0;0;0;0;0;0;1;0;0;0;0
23/07/2023;18:18:00;111;Sem vítima;71,000;BR-101/ES;Crescente;Colisão lateral no mesmo sentido;1;0;0;0;0;0;0;0;0;0;1;0;0;0;0