data;horario;n_da_ocorrencia;tipo_de_ocorrencia;km;trecho;sentido;tipo_de_acidente;automovel;bicicleta;caminhao;moto;onibus;outros;tracao_animal;transporte_de_cargas_especiais;trator_maquinas;utilitarios;ilesos;levemente_feridos;moderadamente_feridos;gravemente_feridos;mortos
12/08/2023;07:50:00;37;Com vítima;72,000;BR-101/ES;Crescente;Colisão lateral em sentido contrário;1;0;0;0;0;0;0;0;0;0;1;0;0;0;0
12/08/2023;09:21:00;58;Com vítima;447,400;BR-101/ES;Crescente;Colisão lateral no mesmo sentido;0;0;1;0;0;0;0;0;0;0;1;0;0;0;0
12/08/2023;09:27:00;59;Com vítima;381,500;BR-101/ES;Decrescente;Queda de moto;0;0;0;1;0;0;0;0;0;0;0;0;1;0;0
12/08/2023;09:34:00;61;Sem vítima;213,000;BR-101/ES;Decrescente;Colisão traseira;1;0;0;0;0;0;0;0;0;0;1;0;0;0;0
12/08/2023;18:33:00;173;Com vítima;291,000;BR-101/ES;Crescente;Atropelamento de animal;0;0;0;1;0;0;0;0;0;0;0;0;1;0;0
12/08/2023;19:49:00;179;Sem vítima;210,000;BR-101/ES;Decrescente;Choque;1;0;0;0;0;0;0;0;0;0;1;0;0;0;0
13/08/2023;00:43:00;3;Sem vítima;940,000;BR-101/ES;Decrescente;Colisão traseira;1;0;0;0;0;0;0;0;0;0;1;0;0;0;0
13/08/2023;10:08:00;44;Com vítima;27,800;BR-101/ES;Decrescente;Saída de pista;0;0;0;0;0;0;0;0;0;1;0;0;0;1;0
13/08/2023;12:31:00;58;Sem vítima;297,000;BR-101/ES;Crescente;Queda de moto;0;0;0;1;0;0;0;0;0;0;1;0;0;0;0
13/08/2023;14:06:00;69;Sem vítima;197,000;BR-101/ES;Decrescente;Saída de pista;1;0;0;0;0;0;0;0;0;0;1;0;0;0;0
13/08/2023;15:41:00;84;Sem vítima;251,400;BR-101/ES;Crescente;Engavetamento;0;0;0;0;0;1;0;0;0;0;0;0;0;0;0
13/08/2023;16:25:00;92;Sem vítima;220,400;BR-101/ES;Crescente;Colisão traseira;1;0;0;0;0;0;0;0;0;0;1;0;0;0;0
13/08/2023;17:22:00;101;Sem vítima;203,000;BR-101/ES;Decrescente;Saída de pista;1;0;0;0;0;0;0;0;0;0;1;0;0;0;0
13/08/2023;18:58:00;118;Com vítima;94,500;BR-101/ES;Crescente;Colisão traseira;0;0;0;0;0;0;0;0;0;0;0;0;0;0;0
13/08/2023;22:38:00;136;Com vítima;264,000;BR-101/ES;Decrescente;Queda de moto;0;0;0;0;0;0;0;0;0;0;0;0;0;0;0
14/08/2023;01:22:00;7;Com vítima;296,400;BR-101/ES;Decrescente;Colisão frontal;0;0;0;0;0;0;0;0;0;0;0;0;0;0;0
14/08/2023;06:44:00;22;Sem vítima;38,000;BR-101/ES;Crescente;Colisão transversal;0;0;0;0;0;0;0;0;0;0;0;0;0;0;0
14/08/2023;08:55:00;52;Sem vítima;98,300;BR-101/ES;Decrescente;Colisão transversal;0;0;0;0;0;0;0;0;0;0;0;0;0;0;0
14/08/2023;09:04:00;53;Com vítima;268,000;BR-101/ES;Decrescente;Colisão lateral no mesmo sentido;0;0;0;0;0;0;0;0;0;0;0;0;0;0;0
14/08/2023;13:47:00;92;Sem vítima;119,000;BR-101/ES;Decrescente;Colisão traseira;0;0;0;0;0;0;0;0;0;0;0;0;0;0;0
14/08/2023;14:28:00;96;Com vítima;127,000;BR-101/ES;Decrescente;Colisão traseira;0;0;0;0;0;0;0;0;0;0;0;0;0;0;0
14/08/2023;16:39:00;127;Sem vítima;424,000;BR-101/ES;Crescente;Colisão lateral no mesmo sentido;1;0;0;0;0;0;0;0;0;0;1;0;0;0;0
14/08/2023;17:18:00;132;Sem vítima;304,000;BR-101/ES;Decrescente;Colisão lateral no mesmo sentido;0;0;0;0;0;1;0;0;0;0;1;0;0;0;0
15/08/2023;05:20:00;12;Sem vítima;255,000;BR-101/ES;Crescente;Colisão lateral no mesmo sentido;0;0;0;0;0;1;0;0;0;0;1;0;0;0;0
15/08/2023;05:44:00;14;Sem vítima;222,500;BR-101/ES;Crescente;Choque;0;0;1;0;0;0;0;0;0;0;1;0;0;0;0
15/08/2023;07:55:00;41;Sem vítima;270,400;BR-101/ES;Decrescente;Colisão traseira;0;0;0;0;0;1;0;0;0;0;1;0;0;0;0
15/08/2023;09:38:00;68;Sem vítima;85,800;BR-101/ES;Decrescente;Colisão traseira;1;0;0;0;0;0;0;0;0;0;0;0;0;0;0
15/08/2023;12:34:00;96;Sem vítima;270,250;BR-101/ES;Crescente;Colisão transversal;0;0;1;0;0;0;0;0;0;0;1;0;0;0;0
15/08/2023;14:17:00;111;Com vítima;282,000;BR-101/ES;Crescente;Queda de moto;0;0;0;1;0;0;0;0;0;0;0;0;1;0;0
15/08/2023;14:47:00;114;Sem vítima;280,750;BR-101/ES;Crescente;Saída de pista;0;0;1;0;0;0;0;0;0;0;1;0;0;0;0
15/08/2023;20:11:00;151;Sem vítima;458,000;BR-101/ES;Crescente;Colisão lateral no mesmo sentido;0;0;0;0;0;1;0;0;0;0;2;0;0;0;0
16/08/2023;00:02:00;1;Sem vítima;258,000;BR-101/ES;Crescente;Atropelamento de animal;0;0;0;0;0;0;0;0;0;1;2;0;0;0;0
16/08/2023;06:43:00;22;Sem vítima;267,700;BR-101/ES;Crescente;Colisão traseira;1;0;0;0;0;0;0;0;0;0;2;0;0;0;0
16/08/2023;07:20:00;26;Sem vítima;251,200;BR-101/ES;Decrescente;Saída de pista;1;0;0;0;0;0;0;0;0;0;2;0;0;0;0
16/08/2023;07:56:00;40;Com vítima;267,500;BR-101/ES;Crescente;Atropelamento de pedestre;0;0;0;1;0;0;0;0;0;0;0;1;2;0;0
16/08/2023;08:51:00;46;Sem vítima;272,000;BR-101/ES;Decrescente;Engavetamento;1;0;0;0;0;0;0;0;0;0;2;0;0;0;0
16/08/2023;08:58:00;49;Sem vítima;278,000;BR-101/ES;Decrescente;Queda de moto;0;0;0;1;0;0;0;0;0;0;2;0;0;0;0
16/08/2023;11:11:00;78;Com vítima;239,850;BR-101/ES;Crescente;Choque;0;0;1;0;0;0;0;0;0;0;0;0;0;0;1
16/08/2023;12:07:00;85;Com vítima;272,500;BR-101/ES;Decrescente;Choque;0;0;0;1;0;0;0;0;0;0;0;0;2;0;0
16/08/2023;14:00:00;102;Com vítima;67,300;BR-101/ES;Crescente;Colisão lateral no mesmo sentido;1;0;0;0;0;1;0;0;0;0;0;2;0;0;0
16/08/2023;14:04:00;103;Sem vítima;15,500;BR-101/ES;Decrescente;Colisão transversal;1;0;1;0;0;0;0;0;0;0;4;0;0;0;0
16/08/2023;14:54:00;113;Sem vítima;264,250;BR-101/ES;Crescente;Colisão lateral no mesmo sentido;0;0;0;0;0;1;0;0;0;0;2;0;0;0;0
16/08/2023;19:07:00;147;Com vítima;146,700;BR-101/ES;Crescente;Colisão transversal;0;0;0;1;0;0;0;0;0;0;0;0;0;0;0
16/08/2023;20:07:00;151;Sem vítima;174,600;BR-101/ES;Decrescente;Saída de pista;1;0;0;0;0;0;0;0;0;0;0;0;0;0;0
17/08/2023;07:21:00;13;Sem vítima;107,000;BR-101/ES;Crescente;Colisão traseira;0;0;0;0;0;1;0;0;0;0;0;0;0;0;0
17/08/2023;07:22:00;15;Com vítima;294,000;BR-101/ES;Crescente;Choque;0;0;0;0;1;0;0;0;0;0;0;0;0;0;0
17/08/2023;11:36:00;71;Sem vítima;114,000;BR-101/ES;Decrescente;Colisão lateral em sentido contrário;0;0;2;0;0;0;0;0;0;1;0;0;0;0;0
17/08/2023;12:21:00;78;Sem vítima;152,000;BR-101/ES;Crescente;Choque;0;0;0;0;0;1;0;0;0;0;0;0;0;0;0
17/08/2023;15:19:00;96;Sem vítima;219,800;BR-101/ES;Crescente;Colisão traseira;0;0;0;0;0;1;0;0;0;0;1;0;0;0;0
17/08/2023;18:10:00;125;Com vítima;209,000;BR-101/ES;Decrescente;Colisão traseira;0;0;0;0;0;0;0;0;0;0;0;0;0;0;0
18/08/2023;07:00:00;31;Com vítima;396,000;BR-101/ES;Crescente;Colisão transversal;0;0;0;2;0;0;0;0;0;0;0;2;0;0;0
18/08/2023;07:22:00;40;Sem vítima;263,000;BR-101/ES;Crescente;Colisão lateral no mesmo sentido;1;0;0;0;0;0;0;0;0;0;1;0;0;0;0
18/08/2023;11:09:00;97;Sem vítima;150,000;BR-101/ES;Crescente;Engavetamento;0;0;0;1;0;0;0;0;0;0;1;0;0;0;0
18/08/2023;11:17:00;99;Com vítima;149,000;BR-101/ES;Decrescente;Colisão transversal;1;0;0;0;0;0;0;0;0;0;1;0;0;0;0
18/08/2023;11:50:00;105;Sem vítima;17,000;BR-101/ES;Crescente;Colisão traseira;0;0;1;0;0;0;0;0;0;1;2;0;0;0;0
18/08/2023;14:50:00;137;Com vítima;299,000;BR-101/ES;Crescente;Choque;0;0;0;1;0;0;0;0;0;0;0;0;1;0;0
18/08/2023;16:41:00;155;Sem vítima;398,900;BR-101/ES;Decrescente;Colisão traseira;0;0;0;0;0;1;0;0;0;0;1;0;0;0;0
18/08/2023;19:26:00;185;Com vítima;16,000;BR-101/ES;Decrescente;Atropelamento de ciclista;0;0;0;0;0;0;0;0;0;0;0;0;0;0;0
19/08/2023;18:51:00;158;Sem vítima;263,000;BR-101/ES;Crescente;Choque;0;0;0;0;0;0;0;0;0;0;0;0;0;0;0
20/08/2023;03:39:00;10;Com vítima;288,000;BR-101/ES;Decrescente;Colisão lateral no mesmo sentido;0;0;0;0;0;0;0;0;0;0;0;0;0;0;0
20/08/2023;19:49:00;147;Com vítima;358,000;BR-101/ES;Crescente;Atropelamento de ciclista;0;0;0;0;0;0;0;0;0;0;0;0;0;0;0
21/08/2023;11:18:00;102;Sem vítima;303,000;BR-101/ES;Crescente;Choque;0;0;0;0;0;0;0;0;0;0;0;0;0;0;0
21/08/2023;14:05:00;126;Sem vítima;146,000;BR-101/ES;Decrescente;Engavetamento;0;0;0;0;0;0;0;0;0;0;0;0;0;0;0
21/08/2023;15:09:00;137;Com vítima;251,800;BR-101/ES;Decrescente;Colisão traseira;0;0;0;0;0;0;0;0;0;0;0;0;0;0;0
21/08/2023;15:33:00;141;Com vítima;232,000;BR-101/ES;Crescente;Colisão lateral em sentido contrário;0;0;0;0;0;1;0;0;0;0;1;0;0;0;0
21/08/2023;15:56:00;146;Com vítima;272,000;BR-101/ES;Crescente;Queda de moto;0;0;0;1;0;0;0;0;0;0;0;0;1;0;0
21/08/2023;18:08:00;167;Com vítima;146,500;BR-101/ES;Decrescente;Colisão lateral no mesmo sentido;0;0;0;0;0;0;0;0;0;0;0;0;0;0;0
21/08/2023;18:50:00;174;Sem vítima;117,000;BR-101/ES;Decrescente;Colisão traseira;0;0;0;0;0;0;0;0;0;0;0;0;0;0;0
21/08/2023;19:16:00;178;Sem vítima;269,000;BR-101/ES;Crescente;Colisão traseira;0;0;0;0;0;0;0;0;0;0;0;0;0;0;0
22/08/2023;10:30:00;90;Com vítima;304,400;BR-101/ES;Crescente;Colisão traseira;0;0;0;0;0;0;0;0;0;0;0;0;0;0;0
22/08/2023;14:47:00;142;Sem vítima;238,500;BR-101/ES;Crescente;Colisão traseira;0;0;0;0;0;0;0;0;0;0;0;0;0;0;0
22/08/2023;18:33:00;212;Sem vítima;281,000;BR-101/ES;Decrescente;Choque;0;0;0;0;0;0;0;0;0;0;0;0;0;0;0
22/08/2023;22:02:00;239;Sem vítima;101,700;BR-101/ES;Crescente;Saída de pista;0;0;1;0;0;0;0;0;0;0;1;0;0;0;0
22/08/2023;22:27:00;244;Com vítima;270,000;BR-101/ES;Crescente;Atropelamento de pedestre;0;0;0;0;0;0;0;0;0;0;0;0;0;0;0
23/08/2023;08:12:00;23;Sem vítima;432,000;BR-101/ES;Crescente;Colisão lateral no mesmo sentido;0;0;0;0;0;0;0;0;0;0;0;0;0;0;0
23/08/2023;08:54:00;49;Sem vítima;287,000;BR-101/ES;Decrescente;Colisão lateral no mesmo sentido;0;0;0;0;0;0;0;0;0;0;0;0;0;0;0
23/08/2023;12:39:00;105;Sem vítima;214,000;BR-101/ES;Crescente;Colisão traseira;0;0;0;0;0;0;0;0;0;0;0;0;0;0;0
23/08/2023;15:06:00;140;Sem vítima;269,900;BR-101/ES;Crescente;Colisão traseira;0;0;0;0;0;0;0;0;0;0;0;0;0;0;0
23/08/2023;22:19:00;230;Com vítima;186,000;BR-101/ES;Decrescente;Colisão frontal;0;0;0;0;0;1;0;0;0;0;0;0;0;0;0
24/08/2023;04:59:00;10;Com vítima;366,400;BR-101/ES;Crescente;Choque;0;0;0;0;0;1;0;0;0;0;0;0;0;1;0
24/08/2023;07:50:00;32;Com vítima;370,200;BR-101/ES;Crescente;Colisão transversal;0;0;0;1;0;0;0;0;0;0;0;0;1;0;0
24/08/2023;08:01:00;37;Sem vítima;283,000;BR-101/ES;Crescente;Colisão traseira;0;0;0;1;0;0;0;0;0;0;1;0;0;0;0
24/08/2023;08:03:00;38;Sem vítima;269,600;BR-101/ES;Crescente;Colisão traseira;0;0;0;0;0;1;0;0;0;0;0;0;0;0;0
24/08/2023;10:28:00;72;Sem vítima;258,600;BR-101/ES;Decrescente;Colisão lateral no mesmo sentido;1;0;0;0;0;0;0;0;0;0;0;0;0;0;0
24/08/2023;16:37:00;147;Com vítima;3,000;Contorno de Iconha/ES;Crescente;Colisão traseira;1;0;0;0;0;0;0;0;0;0;0;0;1;0;0
24/08/2023;17:05:00;154;Com vítima;288,000;BR-101/ES;Crescente;Tombamento;0;0;0;0;0;1;0;0;0;0;0;1;0;0;0
24/08/2023;23:23:00;213;Com vítima;266,300;BR-101/ES;Decrescente;Atropelamento de pedestre;0;0;0;0;0;0;0;0;0;0;0;0;0;0;1
25/08/2023;04:53:00;27;Sem vítima;209,500;BR-101/ES;Decrescente;Colisão traseira;0;0;0;0;0;1;0;0;0;0;0;0;0;0;0
25/08/2023;06:58:00;36;Sem vítima;293,000;BR-101/ES;Decrescente;Colisão lateral no mesmo sentido;0;0;0;0;0;1;0;0;0;0;1;0;0;0;0
25/08/2023;15:07:00;135;Sem vítima;254,000;BR-101/ES;Crescente;Engavetamento;1;0;0;0;0;0;0;0;0;0;1;0;0;0;0
25/08/2023;16:01:00;151;Sem vítima;99,000;BR-101/ES;Crescente;Saída de pista;1;0;0;0;0;0;0;0;0;0;1;0;0;0;0
25/08/2023;17:36:00;176;Com vítima;277,000;BR-101/ES;Crescente;Colisão transversal;0;0;0;0;0;1;0;0;0;0;0;0;0;0;0
25/08/2023;19:57:00;195;Sem vítima;85,000;BR-101/ES;Decrescente;Colisão lateral no mesmo sentido;1;0;0;0;0;0;0;0;0;0;1;0;0;0;0
25/08/2023;20:40:00;204;Sem vítima;322,000;BR-101/ES;Crescente;Colisão lateral no mesmo sentido;0;0;1;0;0;0;0;0;0;0;1;0;0;0;0
26/08/2023;03:25:00;15;Sem vítima;285,000;BR-101/ES;Decrescente;Carreta deu L;0;0;0;0;0;1;0;0;0;0;1;0;0;0;0
26/08/2023;07:16:00;30;Sem vítima;452,000;BR-101/ES;Decrescente;Choque;1;0;0;0;0;0;0;0;0;0;1;0;0;0;0
26/08/2023;07:46:00;36;Sem vítima;264,500;BR-101/ES;Decrescente;Choque;0;0;0;0;0;1;0;0;0;0;0;0;0;0;0
26/08/2023;12:40:00;86;Sem vítima;359,000;BR-101/ES;Crescente;Choque;1;0;0;0;0;0;0;0;0;0;1;0;0;0;0
26/08/2023;12:47:00;88;Com vítima;140,900;BR-101/ES;Decrescente;Saída de pista;0;0;0;0;0;1;0;0;0;0;0;0;1;0;0
26/08/2023;13:27:00;90;Com vítima;343,300;BR-101/ES;Decrescente;Choque;1;0;0;0;0;0;0;0;0;0;0;1;0;0;0
26/08/2023;14:41:00;98;Sem vítima;429,000;BR-101/ES;Crescente;Saída de pista;1;0;0;0;0;0;0;0;0;0;1;0;0;0;0
26/08/2023;14:47:00;99;Com vítima;268,800;BR-101/ES;Decrescente;Atropelamento de pedestre;0;0;0;0;0;0;0;0;0;0;0;1;0;0;0
26/08/2023;14:51:00;100;Com vítima;156,800;BR-101/ES;Crescente;Queda de moto;0;0;0;1;0;0;0;0;0;0;0;0;1;0;0
26/08/2023;19:27:00;144;Com vítima;25,000;BR-101/ES;Decrescente;Queda de moto;0;0;0;1;0;0;0;0;0;0;0;0;1;0;0
26/08/2023;19:45:00;147;Sem vítima;262,000;BR-101/ES;Crescente;Engavetamento;1;0;0;0;0;0;0;0;0;0;1;0;0;0;0
27/08/2023;01:06:00;7;Com vítima;145,000;BR-101/ES;Crescente;Colisão traseira;1;0;0;0;0;0;0;0;0;0;1;0;0;0;0
27/08/2023;07:34:00;31;Sem vítima;282,500;BR-101/ES;Decrescente;Saída de pista;1;0;0;0;0;0;0;0;0;0;1;0;0;0;0
27/08/2023;12:19:00;62;Sem vítima;94,200;BR-101/ES;Crescente;Colisão transversal;0;0;1;0;0;0;0;0;0;0;1;0;0;0;0
27/08/2023;13:40:00;74;Sem vítima;323,000;BR-101/ES;Crescente;Colisão lateral no mesmo sentido;0;0;1;0;0;0;0;0;0;0;1;0;0;0;0
27/08/2023;13:52:00;77;Sem vítima;349,500;BR-101/ES;Crescente;Saída de pista;1;0;0;0;0;0;0;0;0;0;1;0;0;0;0
27/08/2023;14:58:00;86;Com vítima;362,050;BR-101/ES;Crescente;Capotamento;1;0;0;0;0;0;0;0;0;0;0;0;1;0;0
27/08/2023;22:44:00;141;Sem vítima;253,000;BR-101/ES;Crescente;Saída de pista;1;0;0;0;0;0;0;0;0;0;1;0;0;0;0
28/08/2023;03:04:00;4;Sem vítima;435,000;BR-101/ES;Crescente;Saída de pista;0;0;1;0;0;0;0;0;0;0;0;0;0;0;0
28/08/2023;04:03:00;7;Com vítima;285,900;BR-101/ES;Crescente;Choque;1;0;0;0;0;0;0;0;0;0;0;0;1;0;0
28/08/2023;06:23:00;11;Sem vítima;286,000;BR-101/ES;Decrescente;Saída de pista;1;0;0;0;0;0;0;0;0;0;1;0;0;0;0
28/08/2023;08:12:00;34;Sem vítima;460,000;BR-101/ES;Crescente;Saída de pista;1;0;0;0;0;0;0;0;0;0;1;0;0;0;0
28/08/2023;11:15:00;78;Sem vítima;315,000;BR-101/ES;Decrescente;Choque;1;0;0;0;0;0;0;0;0;0;1;0;0;0;0
28/08/2023;12:53:00;94;Com vítima;182,800;BR-101/ES;Decrescente;Colisão lateral em sentido contrário;1;0;0;0;0;0;0;0;0;0;0;1;0;0;0
28/08/2023;12:59:00;97;Sem vítima;294,000;BR-101/ES;Crescente;Choque;0;0;1;0;0;0;0;0;0;0;1;0;0;0;0
28/08/2023;13:13:00;99;Sem vítima;315,000;BR-101/ES;Crescente;Choque;1;0;0;0;0;0;0;0;0;0;1;0;0;0;0
28/08/2023;14:59:00;116;Sem vítima;216,900;BR-101/ES;Decrescente;Choque;1;0;0;0;0;0;0;0;0;0;1;0;0;0;0
28/08/2023;15:27:00;124;Sem vítima;290,000;BR-101/ES;Decrescente;Colisão frontal;0;0;0;0;0;1;0;0;0;0;1;0;0;0;0
28/08/2023;15:58:00;127;Com vítima;216,900;BR-101/ES;Decrescente;Engavetamento;0;0;0;0;0;1;0;0;0;0;1;0;0;0;0
28/08/2023;17:33:00;146;Sem vítima;264,000;BR-101/ES;Decrescente;Colisão lateral no mesmo sentido;0;0;1;0;0;0;0;0;0;0;1;0;0;0;0
28/08/2023;21:03:00;166;Sem vítima;146,000;BR-101/ES;Decrescente;Colisão traseira;0;0;1;0;0;0;0;0;0;0;1;0;0;0;0
29/08/2023;04:52:00;17;Sem vítima;203,500;BR-101/ES;Crescente;Colisão traseira;0;0;0;0;0;1;0;0;0;0;1;0;0;0;0
29/08/2023;07:13:00;30;Sem vítima;304,000;BR-101/ES;Decrescente;Choque;1;0;0;0;0;0;0;0;0;0;1;0;0;0;0
29/08/2023;10:10:00;63;Com vítima;294,000;BR-101/ES;Decrescente;Queda de moto;0;0;0;1;0;0;0;0;0;0;0;0;0;0;0
29/08/2023;11:01:00;73;Sem vítima;144,000;BR-101/ES;Decrescente;Colisão transversal;1;0;0;0;0;0;0;0;0;0;1;0;0;0;0
29/08/2023;11:43:00;83;Sem vítima;298,000;BR-101/ES;Decrescente;Colisão traseira;1;0;0;0;0;0;0;0;0;1;2;0;0;0;0
29/08/2023;13:38:00;101;Sem vítima;149,300;BR-101/ES;Decrescente;Colisão frontal;0;0;0;0;0;0;0;0;0;1;1;0;0;0;0
29/08/2023;19:25:00;165;Com vítima;346,900;BR-101/ES;Decrescente;Colisão transversal;1;0;0;0;0;0;0;0;0;0;0;0;0;0;0
30/08/2023;07:35:00;24;Com vítima;265,900;BR-101/ES;Decrescente;Atropelamento de pedestre;0;0;0;0;0;0;0;0;0;0;0;0;1;0;0
30/08/2023;09:13:00;51;Com vítima;269,900;BR-101/ES;Crescente;Colisão lateral no mesmo sentido;0;0;0;1;0;0;0;0;0;0;0;0;0;0;0
30/08/2023;10:05:00;62;Sem vítima;142,200;BR-101/ES;Crescente;Colisão traseira;1;0;0;0;0;0;0;0;0;0;0;0;0;0;0
30/08/2023;12:40:00;86;Sem vítima;320,000;BR-101/ES;Crescente;Colisão lateral no mesmo sentido;1;0;0;0;0;0;0;0;0;0;0;0;0;0;0
30/08/2023;13:58:00;98;Sem vítima;328,950;BR-101/ES;Crescente;Tombamento;0;0;1;0;0;0;0;0;0;0;0;0;0;0;0
30/08/2023;15:53:00;119;Com vítima;270,600;BR-101/ES;Crescente;Colisão traseira;0;0;0;0;0;1;0;0;0;0;1;0;0;0;0
30/08/2023;17:29:00;133;Sem vítima;270,000;BR-101/ES;Crescente;Colisão traseira;0;0;0;0;0;1;0;0;0;0;0;0;0;0;0
30/08/2023;19:41:00;162;Sem vítima;263,000;BR-101/ES;Decrescente;Choque;0;0;1;0;0;0;0;0;0;0;1;0;0;0;0
31/08/2023;05:17:00;18;Sem vítima;255,000;BR-101/ES;Decrescente;Colisão traseira;0;0;0;0;0;0;0;0;0;1;1;0;0;0;0
31/08/2023;07:39:00;37;Com vítima;270,700;BR-101/ES;Decrescente;Colisão lateral no mesmo sentido;1;0;0;0;0;0;0;0;0;0;1;0;0;0;0
31/08/2023;09:53:00;75;Com vítima;305,900;BR-101/ES;Decrescente;Choque;1;0;0;0;0;0;0;0;0;0;0;1;0;0;0
31/08/2023;10:50:00;85;Sem vítima;139,500;BR-101/ES;Decrescente;Colisão transversal;0;0;0;0;1;0;0;0;0;0;1;0;0;0;0
31/08/2023;11:33:00;92;Com vítima;300,700;BR-101/ES;Crescente;Saída de pista;1;0;0;0;0;0;0;0;0;0;0;0;0;0;0
31/08/2023;11:38:00;93;Com vítima;270,000;BR-101/ES;Decrescente;Colisão lateral no mesmo sentido;0;0;0;1;0;0;0;0;0;0;0;1;0;0;0
31/08/2023;12:44:00;104;Sem vítima;146,500;BR-101/ES;Crescente;Colisão traseira;0;0;0;0;0;1;0;0;0;0;1;0;0;0;0
31/08/2023;16:55:00;151;Sem vítima;282,000;BR-101/ES;Crescente;Colisão traseira;0;0;1;0;0;0;0;0;0;0;1;0;0;0;0
31/08/2023;17:13:00;155;Com vítima;276,000;BR-101/ES;Crescente;Queda de moto;0;0;0;1;0;0;0;0;0;0;0;1;0;0;0
31/08/2023;17:50:00;160;Sem vítima;409,900;BR-101/ES;Decrescente;Atropelamento de animal;0;0;0;0;0;0;0;0;0;0;0;0;0;0;0
31/08/2023;19:25:00;182;Sem vítima;198,900;BR-101/ES;Decrescente;Choque;1;0;0;0;0;0;0;0;0;0;1;0;0;0;0
31/08/2023;19:46:00;185;Com vítima;270,000;BR-101/ES;Crescente;Colisão lateral no mesmo sentido;0;0;0;1;0;0;0;0;0;0;0;1;0;0;0
31/08/2023;20:41:00;198;Com vítima;409,500;BR-101/ES;Crescente;Colisão frontal;1;0;0;0;0;0;0;0;0;0;0;0;0;0;1
31/08/2023;21:07:00;201;Com vítima;261,000;BR-101/ES;Decrescente;Colisão lateral no mesmo sentido;0;0;0;1;0;0;0;0;0;0;0;0;1;0;0
31/08/2023;22:56:00;211;Com vítima;269,500;BR-101/ES;Decrescente;Atropelamento de pedestre;0;0;0;0;0;0;0;0;0;0;0;0;0;1;0
31/08/2023;23:21:00;212;Com vítima;270,000;BR-101/ES;Crescente;Choque;0;0;0;1;0;0;0;0;0;0;0;1;0;0;0
01/09/2023;13:52:00;119;Com vítima;292,000;BR-101/ES;Decrescente;Queda de moto;0;0;0;1;0;0;0;0;0;0;0;0;1;0;0
01/09/2023;14:14:00;124;Com vítima;280,900;BR-101/ES;Crescente;Colisão lateral no mesmo sentido;0;0;0;0;0;0;0;0;0;1;0;0;0;0;0
01/09/2023;15:52:00;147;Com vítima;450,500;BR-101/ES;Decrescente;Colisão transversal;1;0;0;0;0;0;0;0;0;0;0;0;0;0;0
01/09/2023;18:21:00;176;Sem vítima;251,000;BR-101/ES;Decrescente;Colisão transversal;1;0;0;0;0;0;0;0;0;0;0;0;0;0;0
01/09/2023;20:31:00;198;Sem vítima;256,500;BR-101/ES;Decrescente;Colisão lateral no mesmo sentido;0;0;0;0;0;1;0;0;0;0;0;0;0;0;0
01/09/2023;22:19:00;215;Sem vítima;443,900;BR-101/ES;Crescente;Saída de pista;0;0;1;0;0;0;0;0;0;0;0;0;0;0;0
02/09/2023;01:40:00;11;Com vítima;4,500;BR-101/ES;Crescente;Choque;1;0;0;0;0;0;0;0;0;0;0;0;0;0;0
02/09/2023;04:03:00;19;Com vítima;34,800;BR-101/ES;Decrescente;Atropelamento de pedestre;0;0;0;0;0;0;0;0;0;0;0;1;0;0;0
02/09/2023;05:13:00;23;Sem vítima;266,000;BR-101/ES;Decrescente;Colisão transversal;0;0;0;0;0;1;0;0;0;0;0;0;0;0;0
02/09/2023;05:17:00;24;Com vítima;141,000;BR-101/ES;Decrescente;Choque;0;0;0;1;0;0;0;0;0;0;0;0;0;0;0
02/09/2023;06:54:00;29;Sem vítima;279,500;BR-101/ES;Decrescente;Colisão lateral no mesmo sentido;1;0;0;0;0;0;0;0;0;0;0;0;0;0;0
02/09/2023;06:56:00;30;Sem vítima;281,900;BR-101/ES;Decrescente;Colisão lateral no mesmo sentido;0;0;0;0;0;1;0;0;0;0;0;0;0;0;0
02/09/2023;07:13:00;37;Sem vítima;281,700;BR-101/ES;Decrescente;Colisão traseira;0;0;1;0;0;0;0;0;0;0;0;0;0;0;0
02/09/2023;07:19:00;40;Sem vítima;209,000;BR-101/ES;Decrescente;Engavetamento;1;0;0;0;0;0;0;0;0;0;0;0;0;0;0
02/09/2023;13:47:00;113;Com vítima;273,300;BR-101/ES;Crescente;Choque;1;0;0;0;0;0;0;0;0;0;0;0;0;0;0
02/09/2023;15:52:00;134;Com vítima;245,500;BR-101/ES;Crescente;Saída de pista;1;0;0;0;0;0;0;0;0;0;0;0;0;0;0
02/09/2023;17:00:00;147;Sem vítima;398,900;BR-101/ES;Crescente;Colisão traseira;0;0;0;0;0;2;0;0;0;0;0;0;0;0;0
02/09/2023;22:58:00;187;Sem vítima;34,600;BR-101/ES;Decrescente;Colisão lateral no mesmo sentido;0;0;0;0;0;1;0;0;0;0;0;0;0;0;0
03/09/2023;01:40:00;8;Com vítima;71,400;BR-101/ES;Crescente;Colisão frontal;0;0;1;0;0;0;0;0;0;0;1;0;0;0;0
03/09/2023;16:35:00;118;Sem vítima;253,600;BR-101/ES;Crescente;Engavetamento;1;0;0;0;0;0;0;0;0;0;1;0;0;0;0