data;horario;n_da_ocorrencia;tipo_de_ocorrencia;km;trecho;sentido;tipo_de_acidente;automovel;bicicleta;caminhao;moto;onibus;outros;tracao_animal;transporte_de_cargas_especiais;trator_maquinas;utilitarios;ilesos;levemente_feridos;moderadamente_feridos;gravemente_feridos;mortos
03/09/2023;17:20:00;127;Com vítima;144,500;BR-101/ES;Crescente;Colisão traseira;0;0;0;1;0;0;0;0;0;0;0;0;0;0;0
03/09/2023;19:16:00;141;Com vítima;258,000;BR-101/ES;Crescente;Queda de moto;2;0;0;0;0;0;0;0;0;0;1;0;1;0;0
03/09/2023;19:51:00;150;Sem vítima;303,000;BR-101/ES;Decrescente;Colisão lateral no mesmo sentido;1;0;0;0;0;0;0;0;0;0;1;0;0;0;0
03/09/2023;23:16:00;174;Sem vítima;267,000;BR-101/ES;Decrescente;Colisão traseira;1;0;0;0;0;0;0;0;0;0;1;0;0;0;0
03/09/2023;23:54:00;180;Sem vítima;387,800;BR-101/ES;Decrescente;Saída de pista;1;0;0;0;0;0;0;0;0;0;1;0;0;0;0
04/09/2023;05:31:00;19;Com vítima;255,000;BR-101/ES;Crescente;Atropelamento de pedestre;0;0;0;0;0;0;0;0;0;0;1;0;0;0;0
04/09/2023;07:22:00;46;Sem vítima;297,800;BR-101/ES;Decrescente;Colisão lateral no mesmo sentido;0;0;1;0;0;0;0;0;0;0;1;0;0;0;0
04/09/2023;09:34:00;93;Sem vítima;161,000;BR-101/ES;Crescente;Colisão transversal;1;0;0;0;0;0;0;0;0;0;1;0;0;0;0
04/09/2023;13:43:00;139;Sem vítima;121,600;BR-101/ES;Crescente;Queda de moto;0;0;0;1;0;0;0;0;0;0;1;0;0;0;0
04/09/2023;16:18:00;179;Sem vítima;227,000;BR-101/ES;Crescente;Saída de pista;1;0;0;0;0;0;0;0;0;0;0;0;0;0;0
04/09/2023;17:29:00;196;Com vítima;275,000;BR-101/ES;Crescente;Atropelamento de ciclista;0;1;0;0;0;0;0;0;0;0;0;0;0;1;0
04/09/2023;17:56:00;201;Com vítima;274,000;BR-101/ES;Crescente;Colisão lateral no mesmo sentido;0;0;0;1;0;0;0;0;0;0;0;0;1;0;0
04/09/2023;18:17:00;203;Sem vítima;266,000;BR-101/ES;Decrescente;Engavetamento;1;0;0;0;0;0;0;0;0;0;1;0;0;0;0
05/09/2023;08:22:00;54;Com vítima;268,000;BR-101/ES;Crescente;Colisão traseira;0;0;0;1;0;0;0;0;0;0;0;0;1;0;0
05/09/2023;08:53:00;59;Sem vítima;257,300;BR-101/ES;Crescente;Choque;1;0;0;0;0;0;0;0;0;0;1;0;0;0;0
05/09/2023;09:04:00;62;Com vítima;26,000;BR-101/ES;Decrescente;Queda de moto;0;0;0;1;0;0;0;0;0;0;0;1;0;0;0
05/09/2023;10:12:00;73;Sem vítima;292,000;BR-101/ES;Decrescente;Colisão traseira;0;0;0;0;0;1;0;0;0;0;0;0;0;0;0
05/09/2023;10:16:00;74;Com vítima;264,000;BR-101/ES;Decrescente;Colisão traseira;0;0;0;0;0;1;0;0;0;0;0;0;0;0;0
05/09/2023;13:16:00;108;Sem vítima;272,000;BR-101/ES;Decrescente;Colisão transversal;0;0;0;0;0;1;0;0;0;1;0;0;0;0;0
05/09/2023;13:52:00;114;Sem vítima;255,200;BR-101/ES;Crescente;Colisão traseira;0;0;1;0;0;0;0;0;0;0;1;0;0;0;0
05/09/2023;17:29:00;141;Sem vítima;170,000;BR-101/ES;Crescente;Colisão lateral no mesmo sentido;0;0;0;1;0;0;0;0;0;0;1;0;0;0;0
05/09/2023;20:51:00;180;Sem vítima;285,000;BR-101/ES;Crescente;Acidentes de outra natureza;0;0;0;0;0;1;0;0;0;0;0;0;0;0;0
05/09/2023;22:02:00;190;Sem vítima;70,500;BR-101/ES;Crescente;Acidentes de outra natureza;0;0;0;0;0;1;0;0;0;0;1;0;0;0;0
05/09/2023;22:21:00;193;Com vítima;289,000;BR-101/ES;Decrescente;Queda de moto;0;0;0;1;0;0;0;0;0;0;0;0;1;0;0
06/09/2023;06:41:00;26;Sem vítima;265,000;BR-101/ES;Crescente;Colisão traseira;0;0;0;0;0;1;0;0;0;0;0;0;0;0;0
06/09/2023;07:48:00;61;Sem vítima;266,000;BR-101/ES;Crescente;Queda de moto;0;0;0;1;0;0;0;0;0;0;1;0;0;0;0
06/09/2023;08:27:00;75;Com vítima;268,000;BR-101/ES;Crescente;Colisão lateral no mesmo sentido;0;0;0;1;0;0;0;0;0;0;0;0;1;0;0
06/09/2023;09:19:00;106;Com vítima;207,850;BR-101/ES;Decrescente;Colisão transversal;0;0;0;0;0;1;0;0;0;0;1;0;0;0;0
06/09/2023;09:22:00;108;Sem vítima;315,000;BR-101/ES;Decrescente;Acidentes de outra natureza;0;0;1;0;0;0;0;0;0;0;1;0;0;0;0
06/09/2023;10:44:00;129;Sem vítima;293,000;BR-101/ES;Decrescente;Colisão traseira;1;0;0;0;0;0;0;0;0;0;1;0;0;0;0
06/09/2023;11:33:00;145;Com vítima;145,000;BR-101/ES;Decrescente;Colisão traseira;0;0;0;1;0;0;0;0;0;0;0;0;1;0;0
06/09/2023;11:55:00;147;Com vítima;267,000;BR-101/ES;Crescente;Colisão traseira;1;0;0;0;0;0;0;0;0;0;1;0;0;0;0
06/09/2023;13:21:00;157;Sem vítima;65,000;BR-101/ES;Decrescente;Colisão lateral no mesmo sentido;0;0;0;1;0;0;0;0;0;0;1;0;0;0;0
06/09/2023;15:00:00;187;Com vítima;226,700;BR-101/ES;Crescente;Colisão frontal;0;0;0;0;0;0;0;0;0;2;2;0;0;0;0
06/09/2023;17:39:00;213;Sem vítima;276,000;BR-101/ES;Crescente;Queda de moto;0;0;0;1;0;0;0;0;0;0;1;0;0;0;0
06/09/2023;17:52:00;218;Com vítima;146,001;BR-101/ES;Decrescente;Colisão traseira;0;0;0;1;0;0;0;0;0;0;0;1;0;0;0
06/09/2023;18:04:00;222;Sem vítima;237,000;BR-101/ES;Decrescente;Colisão traseira;0;0;0;1;0;0;0;0;0;0;1;0;0;0;0
06/09/2023;18:23:00;226;Sem vítima;438,500;BR-101/ES;Crescente;Colisão traseira;2;0;0;0;0;0;0;0;0;0;2;0;0;0;0
06/09/2023;20:26:00;253;Sem vítima;166,000;BR-101/ES;Decrescente;Colisão traseira;1;0;0;0;0;0;0;0;0;0;1;0;0;0;0
06/09/2023;20:31:00;255;Sem vítima;281,000;BR-101/ES;Decrescente;Colisão lateral no mesmo sentido;0;0;0;0;0;1;0;0;0;0;0;0;0;0;0
06/09/2023;22:41:00;285;Com vítima;258,200;BR-101/ES;Decrescente;Colisão lateral no mesmo sentido;1;0;0;0;0;1;0;0;0;0;0;1;0;0;0
07/09/2023;00:11:00;1;Sem vítima;352,000;BR-101/ES;Crescente;Saída de pista;1;0;0;0;0;0;0;0;0;0;1;0;0;0;0
07/09/2023;05:42:00;27;Sem vítima;298,000;BR-101/ES;Decrescente;Saída de pista;1;0;0;0;0;0;0;0;0;0;1;0;0;0;0
07/09/2023;07:14:00;41;Sem vítima;459,000;BR-101/ES;Crescente;Saída de pista;1;0;0;0;0;0;0;0;0;0;1;0;0;0;0
07/09/2023;11:39:00;97;Sem vítima;246,700;BR-101/ES;Decrescente;Choque;0;0;1;0;0;0;0;0;0;0;1;0;0;0;0
07/09/2023;11:56:00;104;Sem vítima;393,900;BR-101/ES;Decrescente;Engavetamento;1;0;0;0;0;0;0;0;0;0;1;0;0;0;0
07/09/2023;12:54:00;110;Com vítima;940,000;BR-101/ES;Decrescente;Saída de pista;1;0;0;0;0;0;0;0;0;0;1;0;0;0;0
07/09/2023;14:32:00;127;Com vítima;237,000;BR-101/ES;Decrescente;Saída de pista;1;0;0;0;0;0;0;0;0;0;0;1;0;0;0
07/09/2023;14:34:00;128;Sem vítima;290,000;BR-101/ES;Decrescente;Choque;1;0;0;0;0;0;0;0;0;0;1;0;0;0;0
07/09/2023;15:49:00;137;Sem vítima;279,000;BR-101/ES;Decrescente;Choque;1;0;0;0;0;0;0;0;0;0;1;0;0;0;0
07/09/2023;19:10:00;165;Com vítima;297,000;BR-101/ES;Crescente;Colisão traseira;1;0;0;0;0;0;0;0;0;0;1;0;0;0;0
07/09/2023;21:46:00;181;Com vítima;453,700;BR-101/ES;Decrescente;Saída de pista;0;0;1;0;0;0;0;0;0;0;0;0;1;0;0
08/09/2023;09:53:00;85;Com vítima;265,700;BR-101/ES;Crescente;Atropelamento de pedestre;0;0;0;0;1;0;0;0;0;0;1;0;0;1;0
08/09/2023;12:10:00;117;Sem vítima;390,000;BR-101/ES;Crescente;Colisão traseira;0;0;0;0;0;2;0;0;0;0;2;0;0;0;0
08/09/2023;15:14:00;148;Sem vítima;295,000;BR-101/ES;Decrescente;Queda de moto;0;0;0;1;0;0;0;0;0;0;1;0;0;0;0
08/09/2023;19:56:00;185;Com vítima;295,000;BR-101/ES;Crescente;Queda de moto;0;0;0;1;0;0;0;0;0;0;0;1;0;0;0
08/09/2023;21:22:00;197;Com vítima;151,000;BR-101/ES;Decrescente;Atropelamento de pedestre;0;0;0;0;0;0;0;0;0;0;0;0;0;0;1
09/09/2023;06:14:00;22;Com vítima;269,400;BR-101/ES;Crescente;Queda de moto;0;0;0;1;0;0;0;0;0;0;0;1;0;0;0
09/09/2023;07:33:00;29;Com vítima;290,500;BR-101/ES;Decrescente;Colisão transversal;1;0;0;0;0;0;0;0;0;0;1;0;0;0;0
09/09/2023;10:29:00;63;Com vítima;227,500;BR-101/ES;Decrescente;Colisão traseira;0;0;0;1;0;0;0;0;0;0;0;0;1;0;0
09/09/2023;15:36:00;118;Sem vítima;110,200;BR-101/ES;Crescente;Engavetamento;1;0;0;0;0;0;0;0;0;0;1;0;0;0;0
09/09/2023;20:13:00;163;Sem vítima;60,500;BR-101/ES;Decrescente;Colisão traseira;1;0;0;0;0;1;0;0;0;0;0;0;0;0;0
09/09/2023;21:24:00;171;Com vítima;126,300;BR-101/ES;Decrescente;Colisão frontal;0;0;1;0;0;0;0;0;0;0;1;0;0;0;0
09/09/2023;22:35:00;176;Com vítima;38,500;BR-101/ES;Crescente;Queda de bicicleta;0;1;0;0;0;0;0;0;0;0;0;1;0;0;0
10/09/2023;00:07:00;1;Sem vítima;226,900;BR-101/ES;Decrescente;Queda de moto;0;0;0;1;0;0;0;0;0;0;0;0;0;0;0
10/09/2023;03:24:00;10;Sem vítima;69,000;BR-101/ES;Crescente;Atropelamento de animal;0;0;0;0;0;0;0;0;0;0;0;0;0;0;0
10/09/2023;06:37:00;22;Com vítima;147,000;BR-101/ES;Crescente;Colisão transversal;1;0;0;0;0;0;0;0;0;0;0;1;0;0;0
10/09/2023;14:52:00;111;Sem vítima;147,000;BR-101/ES;Crescente;Colisão lateral no mesmo sentido;0;0;0;0;0;0;0;0;0;1;1;0;0;0;0
10/09/2023;16:01:00;131;Com vítima;447,000;BR-101/ES;Crescente;Queda de moto;0;0;0;1;0;0;0;0;0;0;0;1;0;0;0
10/09/2023;16:42:00;140;Com vítima;171,200;BR-101/ES;Crescente;Queda de bicicleta;0;1;0;0;0;0;0;0;0;0;0;1;0;0;0
10/09/2023;16:58:00;144;Com vítima;340,300;BR-101/ES;Decrescente;Choque;0;0;0;1;0;0;0;0;0;0;0;1;0;0;0
10/09/2023;17:06:00;146;Sem vítima;247,000;BR-101/ES;Decrescente;Colisão transversal;1;0;0;0;0;0;0;0;0;0;0;0;0;0;0
10/09/2023;17:41:00;159;Sem vítima;267,000;BR-101/ES;Crescente;Colisão traseira;2;0;0;0;0;0;0;0;0;0;0;0;0;0;0
10/09/2023;17:55:00;165;Com vítima;140,000;BR-101/ES;Crescente;Colisão lateral no mesmo sentido;0;0;0;1;0;0;0;0;0;0;0;0;1;0;0
10/09/2023;19:11:00;184;Sem vítima;301,000;BR-101/ES;Decrescente;Atropelamento de animal;1;0;0;0;0;0;1;0;0;0;0;0;0;0;0
10/09/2023;19:44:00;195;Sem vítima;241,000;BR-101/ES;Decrescente;Choque;1;0;0;0;0;0;0;0;0;0;0;0;0;0;0
10/09/2023;19:56:00;197;Sem vítima;12,000;BR-101/ES;Decrescente;Saída de pista;1;0;0;0;0;0;0;0;0;0;1;0;0;0;0
10/09/2023;23:07:00;219;Sem vítima;165,000;BR-101/ES;Crescente;Atropelamento de animal;1;0;0;0;0;0;0;0;0;0;1;0;0;0;0
11/09/2023;06:16:00;28;Sem vítima;264,000;BR-101/ES;Crescente;Engavetamento;1;0;0;0;0;0;0;0;0;0;1;0;0;0;0
11/09/2023;07:33:00;44;Sem vítima;264,000;BR-101/ES;Crescente;Colisão traseira;1;0;0;0;0;0;0;0;0;0;1;0;0;0;0
11/09/2023;09:48:00;100;Sem vítima;222,000;BR-101/ES;Decrescente;Colisão traseira;1;0;0;0;0;0;0;0;0;0;1;0;0;0;0
11/09/2023;11:43:00;125;Sem vítima;130,000;BR-101/ES;Crescente;Colisão lateral no mesmo sentido;1;0;0;0;0;1;0;0;0;0;2;0;0;0;0
11/09/2023;15:43:00;170;Sem vítima;255,000;BR-101/ES;Decrescente;Colisão traseira;1;0;0;0;0;0;0;0;0;0;1;0;0;0;0
11/09/2023;17:38:00;196;Sem vítima;292,000;BR-101/ES;Crescente;Colisão lateral no mesmo sentido;1;0;0;0;0;0;0;0;0;0;1;0;0;0;0
11/09/2023;18:13:00;203;Com vítima;308,000;BR-101/ES;Decrescente;Atropelamento de animal;0;0;0;0;0;0;0;0;0;0;0;0;0;0;0
11/09/2023;19:04:00;213;Com vítima;154,000;BR-101/ES;Crescente;Queda de moto;0;0;0;1;0;0;0;0;0;0;0;1;0;0;0
11/09/2023;22:52:00;251;Com vítima;7,000;Contorno de Iconha/ES;Crescente;Tombamento;0;0;0;0;0;1;0;0;0;0;0;0;1;0;0
12/09/2023;01:50:00;8;Sem vítima;329,000;BR-101/ES;Crescente;Atropelamento de animal;0;0;0;0;0;1;0;0;0;0;1;0;0;0;0
12/09/2023;09:30:00;62;Sem vítima;281,000;BR-101/ES;Decrescente;Acidentes de outra natureza;0;0;1;0;0;0;0;0;0;0;1;0;0;0;0
12/09/2023;10:02:00;73;Com vítima;259,000;BR-101/ES;Decrescente;Colisão transversal;0;0;0;1;0;0;0;0;0;0;0;0;0;1;0
12/09/2023;10:23:00;77;Sem vítima;253,000;BR-101/ES;Crescente;Tombamento;0;0;1;0;0;0;0;0;0;0;1;0;0;0;0
12/09/2023;11:49:00;87;Com vítima;226,000;BR-101/ES;Crescente;Colisão lateral no mesmo sentido;0;0;0;1;0;1;0;0;0;0;0;0;0;0;0
12/09/2023;13:23:00;103;Sem vítima;242,000;BR-101/ES;Decrescente;Colisão lateral no mesmo sentido;1;0;1;0;0;0;0;0;0;0;0;0;0;0;0
12/09/2023;13:44:00;108;Sem vítima;61,000;BR-101/ES;Crescente;Colisão traseira;2;0;0;0;0;0;0;0;0;0;0;0;0;0;0
12/09/2023;18:37:00;167;Com vítima;299,000;BR-101/ES;Crescente;Colisão lateral no mesmo sentido;0;0;0;1;0;0;0;0;0;0;0;0;0;1;0
13/09/2023;05:00:00;9;Com vítima;153,000;BR-101/ES;Decrescente;Colisão traseira;1;0;0;0;0;0;0;0;0;0;0;0;0;0;0
13/09/2023;09:22:00;75;Sem vítima;146,000;BR-101/ES;Decrescente;Colisão traseira;0;0;0;0;0;0;0;0;0;1;0;0;0;0;0
13/09/2023;10:08:00;98;Sem vítima;213,000;BR-101/ES;Decrescente;Colisão transversal;0;0;1;0;0;0;0;0;0;1;0;0;0;0;0
13/09/2023;14:17:00;160;Sem vítima;269,500;BR-101/ES;Crescente;Engavetamento;2;0;0;0;0;0;0;0;0;0;0;0;0;0;0
13/09/2023;16:52:00;203;Com vítima;213,000;BR-101/ES;Decrescente;Queda de moto;0;0;0;1;0;0;0;0;0;0;0;0;1;0;0
13/09/2023;18:42:00;226;Sem vítima;264,800;BR-101/ES;Crescente;Colisão lateral no mesmo sentido;0;0;0;1;0;0;0;0;0;0;0;0;0;0;0
14/09/2023;07:05:00;39;Com vítima;283,000;BR-101/ES;Decrescente;Queda de moto;0;0;0;1;0;0;0;0;0;0;0;0;1;0;0
14/09/2023;07:35:00;47;Sem vítima;295,000;BR-101/ES;Decrescente;Colisão lateral no mesmo sentido;1;0;0;0;0;0;0;0;0;0;1;0;0;0;0
14/09/2023;08:26:00;70;Sem vítima;255,000;BR-101/ES;Crescente;Engavetamento;0;0;0;0;0;1;0;0;0;0;0;0;0;0;0
14/09/2023;13:33:00;139;Sem vítima;285,000;BR-101/ES;Crescente;Colisão traseira;0;0;1;0;0;0;0;0;0;0;1;0;0;0;0
14/09/2023;19:31:00;210;Sem vítima;266,000;BR-101/ES;Crescente;Colisão traseira;0;0;0;0;0;1;0;0;0;0;0;0;0;0;0
15/09/2023;04:07:00;25;Sem vítima;411,800;BR-101/ES;Crescente;Saída de pista;0;0;1;0;0;0;0;0;0;0;1;0;0;0;0
15/09/2023;05:10:00;29;Com vítima;262,000;BR-101/ES;Crescente;Engavetamento;0;0;0;0;0;0;0;0;0;1;0;0;1;0;0
15/09/2023;05:36:00;31;Sem vítima;320,800;BR-101/ES;Decrescente;Colisão traseira;0;0;1;0;0;0;0;0;0;0;1;0;0;0;0
15/09/2023;07:21:00;41;Sem vítima;457,000;BR-101/ES;Decrescente;Colisão transversal;0;0;0;0;0;1;0;0;0;0;0;0;0;0;0
15/09/2023;10:50:00;113;Sem vítima;356,900;BR-101/ES;Crescente;Saída de pista;1;0;0;0;0;0;0;0;0;0;0;0;0;0;0
15/09/2023;11:48:00;122;Com vítima;257,000;BR-101/ES;Decrescente;Colisão transversal;0;0;0;1;0;0;0;0;0;0;0;0;0;1;0
15/09/2023;13:34:00;140;Sem vítima;267,000;BR-101/ES;Decrescente;Colisão transversal;1;0;0;0;0;0;0;0;0;0;1;0;0;0;0
15/09/2023;13:44:00;144;Sem vítima;255,000;BR-101/ES;Crescente;Colisão transversal;0;0;1;0;0;0;0;0;0;0;1;0;0;0;0
15/09/2023;14:51:00;151;Sem vítima;392,500;BR-101/ES;Crescente;Colisão traseira;0;0;1;0;0;0;0;0;0;0;1;0;0;0;0
15/09/2023;17:08:00;183;Sem vítima;386,000;BR-101/ES;Decrescente;Saída de pista;0;0;1;0;0;0;0;0;0;0;1;0;0;0;0
15/09/2023;18:33:00;207;Com vítima;268,000;BR-101/ES;Decrescente;Atropelamento de pedestre;0;0;0;0;0;0;0;0;0;0;0;0;1;0;0
15/09/2023;20:22:00;220;Sem vítima;343,000;BR-101/ES;Decrescente;Colisão frontal;0;0;1;0;0;0;0;0;0;0;1;0;0;0;0
15/09/2023;23:14:00;235;Sem vítima;304,000;BR-101/ES;Crescente;Colisão lateral no mesmo sentido;0;0;1;0;0;0;0;0;0;0;1;0;0;0;0
16/09/2023;00:10:00;1;Sem vítima;301,000;BR-101/ES;Decrescente;Queda de moto;0;0;0;1;0;0;0;0;0;0;1;0;0;0;0
16/09/2023;05:37:00;28;Sem vítima;253,000;BR-101/ES;Crescente;Colisão lateral em sentido contrário;0;0;0;0;0;0;0;0;0;1;1;0;0;0;0
16/09/2023;08:11:00;61;Sem vítima;86,000;BR-101/ES;Crescente;Colisão traseira;0;0;0;0;0;1;0;0;0;0;1;0;0;0;0
16/09/2023;08:20:00;64;Sem vítima;230,800;BR-101/ES;Decrescente;Colisão transversal;1;0;0;0;0;0;0;0;0;0;1;0;0;0;0
16/09/2023;09:33:00;89;Sem vítima;325,900;BR-101/ES;Crescente;Colisão traseira;1;0;0;0;0;0;0;0;0;0;1;0;0;0;0
16/09/2023;12:32:00;136;Com vítima;93,500;BR-101/ES;Decrescente;Colisão lateral no mesmo sentido;0;0;0;1;0;0;0;0;0;0;0;1;0;0;0
16/09/2023;15:48:00;182;Sem vítima;31,056;BR-101/ES;Decrescente;Colisão lateral no mesmo sentido;0;0;0;0;0;1;0;0;0;0;0;0;0;0;0
16/09/2023;19:47:00;221;Com vítima;4,000;Contorno de Iconha/ES;Crescente;Queda de moto;0;0;0;1;0;0;0;0;0;0;0;0;0;1;0
16/09/2023;20:05:00;224;Sem vítima;269,000;BR-101/ES;Crescente;Colisão lateral no mesmo sentido;1;0;0;0;0;0;0;0;0;0;1;0;0;0;0
16/09/2023;20:16:00;227;Com vítima;160,000;BR-101/ES;Crescente;Colisão lateral em sentido contrário;0;0;0;0;0;1;0;0;0;0;0;0;0;0;0
17/09/2023;04:03:00;20;Com vítima;259,000;BR-101/ES;Crescente;Queda de moto;0;0;0;0;0;0;0;0;0;0;1;0;0;0;0
17/09/2023;12:19:00;109;Sem vítima;279,000;BR-101/ES;Crescente;Acidentes de outra natureza;0;0;0;0;0;1;0;0;0;0;1;0;0;0;0
17/09/2023;12:43:00;111;Com vítima;272,000;BR-101/ES;Decrescente;Colisão traseira;1;0;0;0;0;0;0;0;0;0;1;0;0;0;0
17/09/2023;13:33:00;113;Com vítima;385,000;BR-101/ES;Decrescente;Queda de moto;0;0;0;1;0;0;0;0;0;0;0;1;0;0;0
17/09/2023;14:43:00;127;Sem vítima;283,000;BR-101/ES;Crescente;Choque;0;0;0;0;0;0;0;0;0;1;1;0;0;0;0
17/09/2023;15:51:00;137;Com vítima;357,000;BR-101/ES;Crescente;Saída de pista;0;0;0;1;0;0;0;0;0;0;0;0;1;0;0
17/09/2023;17:55:00;170;Com vítima;345,000;BR-101/ES;Crescente;Capotamento;1;0;0;0;0;0;0;0;0;0;0;1;0;0;0
17/09/2023;18:47:00;187;Sem vítima;297,000;BR-101/ES;Decrescente;Colisão lateral no mesmo sentido;1;0;0;0;0;0;0;0;0;0;1;0;0;0;0
17/09/2023;18:56:00;189;Sem vítima;293,000;BR-101/ES;Crescente;Capotamento;1;0;0;0;0;0;0;0;0;0;1;0;0;0;0
18/09/2023;00:23:00;6;Com vítima;265,000;BR-101/ES;Crescente;Atropelamento de animal;0;0;0;0;0;0;0;0;0;0;0;0;0;0;0
18/09/2023;07:16:00;51;Com vítima;269,200;BR-101/ES;Crescente;Colisão transversal;0;0;0;1;0;0;0;0;0;0;0;0;1;0;0
18/09/2023;11:11:00;142;Com vítima;255,400;BR-101/ES;Crescente;Colisão transversal;1;0;0;0;0;1;0;0;0;0;1;0;1;0;0
18/09/2023;13:19:00;170;Sem vítima;250,000;BR-101/ES;Decrescente;Choque;1;0;0;0;0;0;0;0;0;0;1;0;0;0;0
18/09/2023;16:21:00;228;Com vítima;414,000;BR-101/ES;Crescente;Atropelamento de pedestre;0;0;0;0;0;0;0;0;0;0;0;2;0;0;0
18/09/2023;17:08:00;250;Com vítima;285,800;BR-101/ES;Decrescente;Colisão traseira;0;0;0;0;0;1;0;0;0;0;1;0;0;0;0
18/09/2023;18:25:00;277;Com vítima;288,500;BR-101/ES;Crescente;Colisão transversal;0;0;0;1;0;0;0;0;0;0;0;0;1;0;0
19/09/2023;06:54:00;34;Com vítima;457,500;BR-101/ES;Decrescente;Colisão transversal;0;0;0;0;0;0;0;0;0;1;1;0;0;0;0
19/09/2023;06:59:00;38;Com vítima;285,300;BR-101/ES;Crescente;Colisão traseira;0;0;0;1;0;0;0;0;0;0;0;1;0;0;0
19/09/2023;07:18:00;45;Com vítima;268,500;BR-101/ES;Crescente;Colisão transversal;0;0;0;1;0;0;0;0;0;0;1;0;0;0;0
19/09/2023;08:33:00;68;Com vítima;285,000;BR-101/ES;Decrescente;Queda de moto;0;0;0;1;0;0;0;0;0;0;0;1;1;0;0
19/09/2023;08:44:00;73;Sem vítima;388,500;BR-101/ES;Crescente;Tombamento;0;0;0;0;0;1;0;0;0;0;2;0;0;0;0
19/09/2023;10:35:00;99;Sem vítima;302,200;BR-101/ES;Crescente;Colisão lateral no mesmo sentido;0;0;0;0;0;1;0;0;0;0;1;0;0;0;0
19/09/2023;11:55:00;124;Com vítima;386,000;BR-101/ES;Decrescente;Colisão traseira;1;0;0;0;0;0;0;0;0;0;1;0;0;0;0
19/09/2023;17:21:00;203;Sem vítima;253,000;BR-101/ES;Crescente;Colisão traseira;0;0;0;0;0;0;0;0;0;1;1;0;0;0;0
19/09/2023;18:30:00;212;Sem vítima;26,000;BR-101/ES;Decrescente;Atropelamento de pedestre;0;0;0;0;0;0;0;0;0;0;0;0;0;0;0
19/09/2023;18:48:00;215;Com vítima;387,000;BR-101/ES;Crescente;Saída de pista;1;0;0;0;0;0;0;0;0;0;0;0;2;0;0
20/09/2023;07:15:00;43;Sem vítima;288,000;BR-101/ES;Crescente;Colisão transversal;0;0;1;0;0;0;0;0;0;0;2;0;0;0;0
20/09/2023;07:37:00;59;Sem vítima;171,700;BR-101/ES;Crescente;Colisão traseira;0;0;1;0;0;0;0;0;0;0;2;0;0;0;0
20/09/2023;11:49:00;120;Sem vítima;171,700;BR-101/ES;Decrescente;Acidentes de outra natureza;0;0;0;0;0;0;0;0;0;1;2;0;0;0;0
20/09/2023;16:10:00;164;Com vítima;145,000;BR-101/ES;Decrescente;Atropelamento de ciclista;0;0;0;1;0;0;0;0;0;0;0;2;0;0;0
20/09/2023;17:22:00;178;Sem vítima;268,000;BR-101/ES;Decrescente;Colisão frontal;0;0;0;1;0;0;0;0;0;0;2;0;0;0;0
20/09/2023;18:37:00;186;Sem vítima;212,000;BR-101/ES;Crescente;Colisão traseira;1;0;1;0;0;0;0;0;0;0;2;0;0;0;0
20/09/2023;20:29:00;203;Sem vítima;47,000;BR-101/ES;Crescente;Choque;2;0;0;0;0;0;0;0;0;0;2;0;0;0;0
21/09/2023;00:49:00;4;Sem vítima;421,000;BR-101/ES;Decrescente;Saída de pista;1;0;0;0;0;0;0;0;0;0;1;0;0;0;0
21/09/2023;05:24:00;19;Sem vítima;71,200;BR-101/ES;Decrescente;Tombamento;0;0;1;0;0;0;0;0;0;0;1;0;0;0;0
21/09/2023;05:45:00;22;Sem vítima;67,800;BR-101/ES;Decrescente;Saída de pista;0;0;1;0;0;0;0;0;0;0;1;0;0;0;0
21/09/2023;06:52:00;34;Sem vítima;221,000;BR-101/ES;Crescente;Colisão traseira;0;0;0;0;0;1;0;0;0;0;0;0;0;0;0
21/09/2023;06:55:00;35;Com vítima;67,200;BR-101/ES;Crescente;Colisão traseira;0;0;0;0;0;1;0;0;0;0;0;0;0;0;0
21/09/2023;07:02:00;38;Com vítima;212,000;BR-101/ES;Crescente;Colisão traseira;0;0;0;0;0;1;0;0;0;0;0;0;0;0;0
21/09/2023;08:05:00;62;Sem vítima;85,800;BR-101/ES;Decrescente;Engavetamento;0;0;0;0;0;1;0;0;0;0;1;0;0;0;0
21/09/2023;08:30:00;75;Sem vítima;294,000;BR-101/ES;Decrescente;Colisão traseira;0;0;0;0;0;1;0;0;0;0;0;0;0;0;0
21/09/2023;09:48:00;116;Sem vítima;269,000;BR-101/ES;Crescente;Colisão traseira;0;0;0;0;0;1;0;0;0;0;0;0;0;0;0
21/09/2023;12:10:00;163;Com vítima;242,000;BR-101/ES;Crescente;Queda de moto;0;0;0;1;0;0;0;0;0;0;0;1;0;0;0
21/09/2023;13:14:00;184;Sem vítima;209,000;BR-101/ES;Decrescente;Saída de pista;1;0;0;0;0;0;0;0;0;0;1;0;0;0;0
21/09/2023;16:15:00;254;Sem vítima;263,000;BR-101/ES;Decrescente;Colisão traseira;0;0;0;0;0;0;0;0;0;1;1;0;0;0;0
21/09/2023;18:08:00;303;Sem vítima;213,100;BR-101/ES;Crescente;Colisão traseira;1;0;0;0;0;0;0;0;0;0;1;0;0;0;0